"taxon","ELEMENT_GLOBAL_ID","indicator"
"Pallavicinia lyellii\W|Pallavicinia lyellii$",900047,1
"Pallavicinia lyellii\W|Pallavicinia lyellii$",684249,1
"Hygroamblystegium tenax\W|Hygroamblystegium tenax$",1349448,1
"Leucobryum glaucum\W|Leucobryum glaucum$",684217,1
"Sphagnum pulchrum\W|Sphagnum pulchrum$",689070,1
"Sphagnum pulchrum\W|Sphagnum pulchrum$",736389,1
"Pallavicinia\W|Pallavicinia$",900047,1
"Pallavicinia\W|Pallavicinia$",684249,1
"Sphagnum capillifolium\W|Sphagnum capillifolium$",1225173,1
"Sphagnum cuspidatum\W|Sphagnum cuspidatum$",684312,1
"Sphagnum cuspidatum\W|Sphagnum cuspidatum$",688244,1
"Sphagnum cuspidatum\W|Sphagnum cuspidatum$",688003,1
"Tortella tortuosa\W|Tortella tortuosa$",687152,1
"Rubus\W|Rubus$",1302634,1
"Rubus\W|Rubus$",860743,1
"Rubus\W|Rubus$",860793,1
"Rubus\W|Rubus$",899501,1
"Rubus\W|Rubus$",899666,1
"Rubus\W|Rubus$",899781,1
"Rubus\W|Rubus$",899043,1
"Rubus\W|Rubus$",899446,1
"Rubus\W|Rubus$",899990,1
"Rubus\W|Rubus$",899792,1
"Rubus\W|Rubus$",941915,1
"Rubus\W|Rubus$",926708,1
"Rubus\W|Rubus$",899211,1
"Rubus\W|Rubus$",887533,1
"Rubus\W|Rubus$",1277644,1
"Rubus\W|Rubus$",684967,1
"Rubus\W|Rubus$",942422,1
"Rubus\W|Rubus$",942429,1
"Rubus\W|Rubus$",942462,1
"Rubus\W|Rubus$",979465,1
"Rubus\W|Rubus$",979439,1
"Rubus\W|Rubus$",685657,1
"Rubus\W|Rubus$",688045,1
"Rubus\W|Rubus$",1222811,1
"Rubus\W|Rubus$",685789,1
"Rubus\W|Rubus$",689236,1
"Rubus\W|Rubus$",979410,1
"Rubus\W|Rubus$",942433,1
"Rubus\W|Rubus$",942477,1
"Rubus\W|Rubus$",689915,1
"Rubus\W|Rubus$",685612,1
"Rubus\W|Rubus$",688627,1
"Rubus\W|Rubus$",689197,1
"Rubus\W|Rubus$",688778,1
"Rubus\W|Rubus$",689559,1
"Rubus\W|Rubus$",685241,1
"Rubus\W|Rubus$",686105,1
"Rubus\W|Rubus$",689424,1
"Rubus\W|Rubus$",685594,1
"Rubus\W|Rubus$",685234,1
"Rubus\W|Rubus$",687301,1
"Rubus\W|Rubus$",684125,1
"Rubus\W|Rubus$",684733,1
"Rubus\W|Rubus$",686458,1
"Rubus\W|Rubus$",1277638,1
"Rubus\W|Rubus$",799314,1
"Rubus\W|Rubus$",1277576,1
"Rubus\W|Rubus$",979445,1
"Rubus\W|Rubus$",684456,1
"Rubus\W|Rubus$",683703,1
"Rubus\W|Rubus$",688690,1
"Rubus\W|Rubus$",687337,1
"Rubus\W|Rubus$",689746,1
"Rubus\W|Rubus$",690057,1
"Rubus\W|Rubus$",684971,1
"Rubus\W|Rubus$",684452,1
"Rubus\W|Rubus$",684232,1
"Rubus\W|Rubus$",688874,1
"Rubus\W|Rubus$",686922,1
"Rubus\W|Rubus$",687137,1
"Rubus\W|Rubus$",688210,1
"Rubus\W|Rubus$",684335,1
"Rubus\W|Rubus$",684376,1
"Rubus\W|Rubus$",688775,1
"Rubus\W|Rubus$",793432,1
"Rubus\W|Rubus$",689744,1
"Rubus\W|Rubus$",683651,1
"Rubus\W|Rubus$",686873,1
"Rubus\W|Rubus$",1277620,1
"Rubus\W|Rubus$",684659,1
"Rubus\W|Rubus$",689442,1
"Rubus\W|Rubus$",688107,1
"Rubus\W|Rubus$",1277533,1
"Rubus\W|Rubus$",1277559,1
"Thuidium delicatulum\W|Thuidium delicatulum$",806705,1
"Polytrichum commune\W|Polytrichum commune$",686420,1
"Hygroamblystegium\W|Hygroamblystegium$",1349448,1
"Philonotis fontana\W|Philonotis fontana$",1225193,1
"Philonotis fontana\W|Philonotis fontana$",1252934,1
"Sphagnum warnstorfii\W|Sphagnum warnstorfii$",684727,1
"Bazzania trilobata\W|Bazzania trilobata$",685028,1
"Bazzania trilobata\W|Bazzania trilobata$",800149,1
"Niphotrichum canescens\W|Niphotrichum canescens$",1222841,1
"Niphotrichum canescens\W|Niphotrichum canescens$",1222803,1
"Niphotrichum canescens\W|Niphotrichum canescens$",1222787,1
"Niphotrichum canescens\W|Niphotrichum canescens$",1222773,1
"Hylocomium splendens\W|Hylocomium splendens$",684253,1
"Hylocomium splendens\W|Hylocomium splendens$",683834,1
"Hylocomium splendens\W|Hylocomium splendens$",787600,1
"Hylocomium splendens\W|Hylocomium splendens$",777940,1
"Climacium\W|Climacium$",685094,1
"Climacium\W|Climacium$",687225,1
"Climacium\W|Climacium$",684674,1
"Bazzania\W|Bazzania$",685028,1
"Bazzania\W|Bazzania$",800149,1
"Sphagnum subsecundum\W|Sphagnum subsecundum$",683960,1
"Polytrichum strictum\W|Polytrichum strictum$",800167,1
"Pleurozium schreberi\W|Pleurozium schreberi$",687791,1
"Pleurozium schreberi\W|Pleurozium schreberi$",688759,1
"Pleurozium schreberi\W|Pleurozium schreberi$",686798,1
"Pleurozium schreberi\W|Pleurozium schreberi$",687548,1
"Pleurozium schreberi\W|Pleurozium schreberi$",688915,1
"Rhytidiadelphus loreus\W|Rhytidiadelphus loreus$",899662,1
"Fontinalis antipyretica\W|Fontinalis antipyretica$",899216,1
"Fontinalis antipyretica\W|Fontinalis antipyretica$",686663,1
"Odontoschisma\W|Odontoschisma$",689070,1
"Leucobryum\W|Leucobryum$",684217,1
"Racomitrium\W|Racomitrium$",860642,1
"Racomitrium\W|Racomitrium$",849179,1
"Racomitrium\W|Racomitrium$",860807,1
"Racomitrium\W|Racomitrium$",860751,1
"Racomitrium\W|Racomitrium$",899839,1
"Racomitrium\W|Racomitrium$",979517,1
"Racomitrium\W|Racomitrium$",685627,1
"Racomitrium\W|Racomitrium$",685473,1
"Racomitrium\W|Racomitrium$",683562,1
"Conocephalum\W|Conocephalum$",683093,1
"Conocephalum\W|Conocephalum$",686196,1
"Fontinalis\W|Fontinalis$",899216,1
"Fontinalis\W|Fontinalis$",686663,1
"Sphagnum\W|Sphagnum$",1299043,1
"Sphagnum\W|Sphagnum$",836882,1
"Sphagnum\W|Sphagnum$",856688,1
"Sphagnum\W|Sphagnum$",899410,1
"Sphagnum\W|Sphagnum$",1041077,1
"Sphagnum\W|Sphagnum$",1041080,1
"Sphagnum\W|Sphagnum$",898972,1
"Sphagnum\W|Sphagnum$",899513,1
"Sphagnum\W|Sphagnum$",1225183,1
"Sphagnum\W|Sphagnum$",1225181,1
"Sphagnum\W|Sphagnum$",1225173,1
"Sphagnum\W|Sphagnum$",1041621,1
"Sphagnum\W|Sphagnum$",899571,1
"Sphagnum\W|Sphagnum$",1159155,1
"Sphagnum\W|Sphagnum$",899606,1
"Sphagnum\W|Sphagnum$",899888,1
"Sphagnum\W|Sphagnum$",899574,1
"Sphagnum\W|Sphagnum$",684249,1
"Sphagnum\W|Sphagnum$",684312,1
"Sphagnum\W|Sphagnum$",856875,1
"Sphagnum\W|Sphagnum$",684012,1
"Sphagnum\W|Sphagnum$",687571,1
"Sphagnum\W|Sphagnum$",868660,1
"Sphagnum\W|Sphagnum$",689926,1
"Sphagnum\W|Sphagnum$",688078,1
"Sphagnum\W|Sphagnum$",689714,1
"Sphagnum\W|Sphagnum$",688121,1
"Sphagnum\W|Sphagnum$",686555,1
"Sphagnum\W|Sphagnum$",687810,1
"Sphagnum\W|Sphagnum$",687359,1
"Sphagnum\W|Sphagnum$",688103,1
"Sphagnum\W|Sphagnum$",1302668,1
"Sphagnum\W|Sphagnum$",801805,1
"Sphagnum\W|Sphagnum$",689336,1
"Sphagnum\W|Sphagnum$",688403,1
"Sphagnum\W|Sphagnum$",688628,1
"Sphagnum\W|Sphagnum$",687248,1
"Sphagnum\W|Sphagnum$",1302670,1
"Sphagnum\W|Sphagnum$",683188,1
"Sphagnum\W|Sphagnum$",685116,1
"Sphagnum\W|Sphagnum$",800146,1
"Sphagnum\W|Sphagnum$",800143,1
"Sphagnum\W|Sphagnum$",800140,1
"Sphagnum\W|Sphagnum$",800184,1
"Sphagnum\W|Sphagnum$",800149,1
"Sphagnum\W|Sphagnum$",689094,1
"Sphagnum\W|Sphagnum$",690042,1
"Sphagnum\W|Sphagnum$",683077,1
"Sphagnum\W|Sphagnum$",892950,1
"Sphagnum\W|Sphagnum$",686420,1
"Sphagnum\W|Sphagnum$",856872,1
"Sphagnum\W|Sphagnum$",688244,1
"Sphagnum\W|Sphagnum$",688003,1
"Sphagnum\W|Sphagnum$",684360,1
"Sphagnum\W|Sphagnum$",902943,1
"Sphagnum\W|Sphagnum$",952647,1
"Sphagnum\W|Sphagnum$",686220,1
"Sphagnum\W|Sphagnum$",684727,1
"Sphagnum\W|Sphagnum$",683900,1
"Sphagnum\W|Sphagnum$",685203,1
"Sphagnum\W|Sphagnum$",684492,1
"Sphagnum\W|Sphagnum$",685565,1
"Sphagnum\W|Sphagnum$",685667,1
"Sphagnum\W|Sphagnum$",683960,1
"Sphagnum\W|Sphagnum$",684587,1
"Sphagnum\W|Sphagnum$",1176987,1
"Sphagnum\W|Sphagnum$",1252912,1
"Sphagnum\W|Sphagnum$",1252914,1
"Sphagnum\W|Sphagnum$",686837,1
"Sphagnum\W|Sphagnum$",689213,1
"Sphagnum\W|Sphagnum$",686908,1
"Sphagnum\W|Sphagnum$",689319,1
"Sphagnum\W|Sphagnum$",683752,1
"Sphagnum\W|Sphagnum$",686113,1
"Sphagnum\W|Sphagnum$",684699,1
"Sphagnum\W|Sphagnum$",688851,1
"Sphagnum\W|Sphagnum$",683905,1
"Sphagnum\W|Sphagnum$",687157,1
"Sphagnum\W|Sphagnum$",687156,1
"Sphagnum\W|Sphagnum$",685906,1
"Sphagnum\W|Sphagnum$",688232,1
"Sphagnum\W|Sphagnum$",688625,1
"Sphagnum\W|Sphagnum$",688908,1
"Sphagnum\W|Sphagnum$",683415,1
"Sphagnum\W|Sphagnum$",685289,1
"Sphagnum\W|Sphagnum$",683092,1
"Sphagnum\W|Sphagnum$",688620,1
"Sphagnum\W|Sphagnum$",688913,1
"Sphagnum\W|Sphagnum$",800167,1
"Sphagnum\W|Sphagnum$",684415,1
"Sphagnum\W|Sphagnum$",1131907,1
"Sphagnum\W|Sphagnum$",684085,1
"Sphagnum\W|Sphagnum$",1349438,1
"Sphagnum\W|Sphagnum$",688846,1
"Sphagnum\W|Sphagnum$",689030,1
"Sphagnum\W|Sphagnum$",893482,1
"Sphagnum\W|Sphagnum$",684612,1
"Sphagnum\W|Sphagnum$",686351,1
"Sphagnum\W|Sphagnum$",689070,1
"Sphagnum\W|Sphagnum$",689513,1
"Sphagnum\W|Sphagnum$",685030,1
"Sphagnum\W|Sphagnum$",721939,1
"Sphagnum\W|Sphagnum$",731252,1
"Sphagnum\W|Sphagnum$",1349446,1
"Sphagnum\W|Sphagnum$",688617,1
"Sphagnum\W|Sphagnum$",689442,1
"Sphagnum\W|Sphagnum$",685148,1
"Sphagnum\W|Sphagnum$",687799,1
"Sphagnum\W|Sphagnum$",686925,1
"Sphagnum\W|Sphagnum$",686898,1
"Sphagnum\W|Sphagnum$",688107,1
"Sphagnum\W|Sphagnum$",687008,1
"Sphagnum\W|Sphagnum$",731316,1
"Sphagnum\W|Sphagnum$",684554,1
"Sphagnum\W|Sphagnum$",688816,1
"Sphagnum\W|Sphagnum$",686403,1
"Sphagnum\W|Sphagnum$",917080,1
"Sphagnum\W|Sphagnum$",736389,1
"Sphagnum\W|Sphagnum$",893479,1
"Eurhynchium\W|Eurhynchium$",899578,1
"Racomitrium lanuginosum\W|Racomitrium lanuginosum$",860642,1
"Racomitrium lanuginosum\W|Racomitrium lanuginosum$",860751,1
"Racomitrium lanuginosum\W|Racomitrium lanuginosum$",685473,1
"Polytrichum piliferum\W|Polytrichum piliferum$",728583,1
"Pleurozium\W|Pleurozium$",687791,1
"Pleurozium\W|Pleurozium$",688759,1
"Pleurozium\W|Pleurozium$",686798,1
"Pleurozium\W|Pleurozium$",687548,1
"Pleurozium\W|Pleurozium$",688915,1
"Drepanocladus\W|Drepanocladus$",689327,1
"Sphagnum rubellum\W|Sphagnum rubellum$",899574,1
"Sphagnum rubellum\W|Sphagnum rubellum$",685030,1
"Sphagnum rubellum\W|Sphagnum rubellum$",731316,1
"Sphagnum lescurii\W|Sphagnum lescurii$",687810,1
"Dumortiera hirsuta\W|Dumortiera hirsuta$",689906,1
"Dumortiera hirsuta\W|Dumortiera hirsuta$",684788,1
"Plagiochila\W|Plagiochila$",686958,1
"Campylium\W|Campylium$",683904,1
"Campylium\W|Campylium$",687547,1
"Plagiomnium ciliare\W|Plagiomnium ciliare$",800161,1
"Climacium americanum\W|Climacium americanum$",685094,1
"Climacium americanum\W|Climacium americanum$",687225,1
"Climacium americanum\W|Climacium americanum$",684674,1
"Campylium stellatum\W|Campylium stellatum$",683904,1
"Campylium stellatum\W|Campylium stellatum$",687547,1
"Philonotis\W|Philonotis$",1225193,1
"Philonotis\W|Philonotis$",1252934,1
"Niphotrichum\W|Niphotrichum$",1222841,1
"Niphotrichum\W|Niphotrichum$",1222803,1
"Niphotrichum\W|Niphotrichum$",1222787,1
"Niphotrichum\W|Niphotrichum$",1222773,1
"\W|$",1298927,1
"\W|$",1298928,1
"\W|$",1298929,1
"\W|$",1298930,1
"\W|$",1298931,1
"\W|$",1298932,1
"\W|$",1298933,1
"\W|$",1298934,1
"\W|$",1298935,1
"\W|$",1298936,1
"\W|$",1298937,1
"\W|$",1298938,1
"\W|$",1298939,1
"\W|$",1298940,1
"\W|$",1298942,1
"\W|$",1298943,1
"\W|$",1298945,1
"\W|$",1333041,1
"\W|$",1298944,1
"\W|$",1298946,1
"\W|$",1298947,1
"\W|$",1298948,1
"\W|$",1333042,1
"\W|$",1298949,1
"\W|$",1298950,1
"\W|$",1298951,1
"\W|$",1298952,1
"\W|$",1298953,1
"\W|$",1298954,1
"\W|$",1298955,1
"\W|$",1298956,1
"\W|$",1298957,1
"\W|$",1298958,1
"\W|$",1298959,1
"\W|$",1298960,1
"\W|$",1298961,1
"\W|$",1298962,1
"\W|$",1298963,1
"\W|$",1298964,1
"\W|$",1298965,1
"\W|$",1298966,1
"\W|$",1298967,1
"\W|$",1298968,1
"\W|$",1298969,1
"\W|$",1298971,1
"\W|$",1298972,1
"\W|$",1298974,1
"\W|$",1298979,1
"\W|$",1298981,1
"\W|$",1298977,1
"\W|$",1298978,1
"\W|$",1298982,1
"\W|$",1298976,1
"\W|$",1298983,1
"\W|$",1298984,1
"\W|$",1298985,1
"\W|$",1298987,1
"\W|$",1298986,1
"\W|$",1298988,1
"\W|$",1298989,1
"\W|$",1298990,1
"\W|$",1298991,1
"\W|$",1298992,1
"\W|$",1298995,1
"\W|$",1298996,1
"\W|$",1298997,1
"\W|$",1298998,1
"\W|$",1298999,1
"\W|$",1299000,1
"\W|$",1299001,1
"\W|$",1299002,1
"\W|$",1299003,1
"\W|$",1299004,1
"\W|$",1299005,1
"\W|$",1299006,1
"\W|$",1299007,1
"\W|$",1299008,1
"\W|$",1299009,1
"\W|$",1299010,1
"\W|$",1299011,1
"\W|$",1299012,1
"\W|$",1299013,1
"\W|$",1299014,1
"\W|$",1299015,1
"\W|$",1299016,1
"\W|$",1299017,1
"\W|$",1299018,1
"\W|$",1299019,1
"\W|$",1299020,1
"\W|$",1299021,1
"\W|$",1299022,1
"\W|$",1299023,1
"\W|$",884648,1
"\W|$",860336,1
"\W|$",884676,1
"\W|$",860314,1
"\W|$",860335,1
"\W|$",860278,1
"\W|$",860388,1
"\W|$",1284875,1
"\W|$",860348,1
"\W|$",860284,1
"\W|$",1284877,1
"\W|$",1299028,1
"\W|$",860343,1
"\W|$",1299027,1
"\W|$",1299029,1
"\W|$",1299026,1
"\W|$",860385,1
"\W|$",860342,1
"\W|$",860309,1
"\W|$",860286,1
"\W|$",957919,1
"\W|$",860313,1
"\W|$",1285402,1
"\W|$",1285404,1
"\W|$",1285406,1
"\W|$",860346,1
"\W|$",860386,1
"\W|$",1299032,1
"\W|$",1299030,1
"\W|$",860409,1
"\W|$",860340,1
"\W|$",1041988,1
"\W|$",860326,1
"\W|$",1289145,1
"\W|$",1289144,1
"\W|$",1322173,1
"\W|$",860275,1
"\W|$",860355,1
"\W|$",860370,1
"\W|$",860315,1
"\W|$",860310,1
"\W|$",860391,1
"\W|$",884011,1
"\W|$",884043,1
"\W|$",884014,1
"\W|$",884027,1
"\W|$",884055,1
"\W|$",884096,1
"\W|$",884030,1
"\W|$",884035,1
"\W|$",884040,1
"\W|$",883988,1
"\W|$",884102,1
"\W|$",883997,1
"\W|$",884106,1
"\W|$",884110,1
"\W|$",884113,1
"\W|$",884003,1
"\W|$",884007,1
"\W|$",865349,1
"\W|$",884077,1
"\W|$",865352,1
"\W|$",884089,1
"\W|$",884099,1
"\W|$",884046,1
"\W|$",884049,1
"\W|$",884052,1
"\W|$",860397,1
"\W|$",860353,1
"\W|$",860317,1
"\W|$",860318,1
"\W|$",860360,1
"\W|$",872780,1
"\W|$",860279,1
"\W|$",872765,1
"\W|$",885032,1
"\W|$",933574,1
"\W|$",933578,1
"\W|$",860387,1
"\W|$",860350,1
"\W|$",893245,1
"\W|$",860280,1
"\W|$",860365,1
"\W|$",860331,1
"\W|$",1299033,1
"\W|$",933582,1
"\W|$",860324,1
"\W|$",1361911,1
"\W|$",1361910,1
"\W|$",860362,1
"\W|$",860357,1
"\W|$",860392,1
"\W|$",1302624,1
"\W|$",860380,1
"\W|$",860384,1
"\W|$",860312,1
"\W|$",860325,1
"\W|$",860294,1
"\W|$",861675,1
"\W|$",860344,1
"\W|$",860327,1
"\W|$",885014,1
"\W|$",1302626,1
"\W|$",860408,1
"\W|$",860301,1
"\W|$",860321,1
"\W|$",860413,1
"\W|$",860545,1
"\W|$",860412,1
"\W|$",860517,1
"\W|$",860634,1
"\W|$",884677,1
"\W|$",860434,1
"\W|$",860701,1
"\W|$",860675,1
"\W|$",860613,1
"\W|$",838402,1
"\W|$",860667,1
"\W|$",881415,1
"\W|$",860703,1
"\W|$",860446,1
"\W|$",838416,1
"\W|$",932050,1
"\W|$",838405,1
"\W|$",1279618,1
"\W|$",860449,1
"\W|$",838433,1
"\W|$",838440,1
"\W|$",835942,1
"\W|$",881401,1
"\W|$",931837,1
"\W|$",877316,1
"\W|$",1151265,1
"\W|$",931836,1
"\W|$",838459,1
"\W|$",1207720,1
"\W|$",838549,1
"\W|$",1207718,1
"\W|$",1279620,1
"\W|$",838498,1
"\W|$",1284769,1
"\W|$",1284771,1
"\W|$",1132392,1
"\W|$",835948,1
"\W|$",1085042,1
"\W|$",1085069,1
"\W|$",838618,1
"\W|$",877289,1
"\W|$",877291,1
"\W|$",932906,1
"\W|$",835947,1
"\W|$",860518,1
"\W|$",835949,1
"\W|$",838600,1
"\W|$",872650,1
"\W|$",860496,1
"\W|$",860664,1
"\W|$",884847,1
"\W|$",884843,1
"\W|$",881429,1
"\W|$",860558,1
"\W|$",860639,1
"\W|$",860632,1
"\W|$",860593,1
"\W|$",1161738,1
"\W|$",1161737,1
"\W|$",860637,1
"\W|$",835950,1
"\W|$",835951,1
"\W|$",860546,1
"\W|$",860411,1
"\W|$",836040,1
"\W|$",860467,1
"\W|$",877355,1
"\W|$",1285408,1
"\W|$",1279614,1
"\W|$",1302634,1
"\W|$",877354,1
"\W|$",877358,1
"\W|$",860489,1
"\W|$",1285582,1
"\W|$",1285584,1
"\W|$",860511,1
"\W|$",860595,1
"\W|$",866455,1
"\W|$",860688,1
"\W|$",838450,1
"\W|$",860481,1
"\W|$",1167512,1
"\W|$",860480,1
"\W|$",860626,1
"\W|$",860672,1
"\W|$",872643,1
"\W|$",1270111,1
"\W|$",1270115,1
"\W|$",860501,1
"\W|$",860694,1
"\W|$",932947,1
"\W|$",1041991,1
"\W|$",860452,1
"\W|$",860590,1
"\W|$",860636,1
"\W|$",860463,1
"\W|$",860416,1
"\W|$",873846,1
"\W|$",860552,1
"\W|$",860504,1
"\W|$",860499,1
"\W|$",860585,1
"\W|$",860641,1
"\W|$",860456,1
"\W|$",879242,1
"\W|$",860559,1
"\W|$",860574,1
"\W|$",860690,1
"\W|$",860541,1
"\W|$",860619,1
"\W|$",860477,1
"\W|$",860668,1
"\W|$",860507,1
"\W|$",860685,1
"\W|$",860479,1
"\W|$",884012,1
"\W|$",884044,1
"\W|$",884017,1
"\W|$",884015,1
"\W|$",884023,1
"\W|$",884019,1
"\W|$",884021,1
"\W|$",884025,1
"\W|$",884028,1
"\W|$",884056,1
"\W|$",884097,1
"\W|$",884034,1
"\W|$",884031,1
"\W|$",884033,1
"\W|$",884036,1
"\W|$",884038,1
"\W|$",884039,1
"\W|$",884041,1
"\W|$",902978,1
"\W|$",902980,1
"\W|$",884103,1
"\W|$",884105,1
"\W|$",883998,1
"\W|$",884000,1
"\W|$",884107,1
"\W|$",884109,1
"\W|$",884111,1
"\W|$",884114,1
"\W|$",884004,1
"\W|$",884008,1
"\W|$",884068,1
"\W|$",884062,1
"\W|$",884059,1
"\W|$",884065,1
"\W|$",884081,1
"\W|$",884078,1
"\W|$",884086,1
"\W|$",884084,1
"\W|$",884093,1
"\W|$",884090,1
"\W|$",884100,1
"\W|$",884047,1
"\W|$",884050,1
"\W|$",884053,1
"\W|$",884751,1
"\W|$",884750,1
"\W|$",860573,1
"\W|$",860556,1
"\W|$",860550,1
"\W|$",838855,1
"\W|$",838797,1
"\W|$",838784,1
"\W|$",838755,1
"\W|$",838850,1
"\W|$",860510,1
"\W|$",838650,1
"\W|$",877319,1
"\W|$",877320,1
"\W|$",860485,1
"\W|$",860588,1
"\W|$",860591,1
"\W|$",860514,1
"\W|$",860466,1
"\W|$",860512,1
"\W|$",860509,1
"\W|$",860564,1
"\W|$",885033,1
"\W|$",949970,1
"\W|$",860521,1
"\W|$",860693,1
"\W|$",860627,1
"\W|$",860526,1
"\W|$",907585,1
"\W|$",907588,1
"\W|$",860542,1
"\W|$",860473,1
"\W|$",860430,1
"\W|$",932976,1
"\W|$",1344228,1
"\W|$",860581,1
"\W|$",860697,1
"\W|$",1041701,1
"\W|$",860623,1
"\W|$",1041690,1
"\W|$",893248,1
"\W|$",860475,1
"\W|$",860469,1
"\W|$",860569,1
"\W|$",860710,1
"\W|$",1299043,1
"\W|$",907535,1
"\W|$",860683,1
"\W|$",860642,1
"\W|$",860651,1
"\W|$",1299044,1
"\W|$",1361913,1
"\W|$",1361912,1
"\W|$",860582,1
"\W|$",949982,1
"\W|$",860604,1
"\W|$",860576,1
"\W|$",894262,1
"\W|$",860442,1
"\W|$",860679,1
"\W|$",1302630,1
"\W|$",1302628,1
"\W|$",838396,1
"\W|$",860427,1
"\W|$",860447,1
"\W|$",885064,1
"\W|$",860714,1
"\W|$",860696,1
"\W|$",860578,1
"\W|$",860600,1
"\W|$",860652,1
"\W|$",860460,1
"\W|$",860669,1
"\W|$",885015,1
"\W|$",1302636,1
"\W|$",1302632,1
"\W|$",860663,1
"\W|$",860492,1
"\W|$",877807,1
"\W|$",860656,1
"\W|$",860432,1
"\W|$",860418,1
"\W|$",860450,1
"\W|$",860439,1
"\W|$",860786,1
"\W|$",860738,1
"\W|$",963745,1
"\W|$",860741,1
"\W|$",860732,1
"\W|$",861555,1
"\W|$",1161740,1
"\W|$",1161748,1
"\W|$",860748,1
"\W|$",1161742,1
"\W|$",1161743,1
"\W|$",860884,1
"\W|$",860796,1
"\W|$",860753,1
"\W|$",860850,1
"\W|$",860735,1
"\W|$",963747,1
"\W|$",860780,1
"\W|$",867659,1
"\W|$",861557,1
"\W|$",1161752,1
"\W|$",867660,1
"\W|$",833194,1
"\W|$",860885,1
"\W|$",889966,1
"\W|$",860820,1
"\W|$",860827,1
"\W|$",881423,1
"\W|$",860727,1
"\W|$",860766,1
"\W|$",860815,1
"\W|$",833201,1
"\W|$",833285,1
"\W|$",933357,1
"\W|$",933350,1
"\W|$",1151271,1
"\W|$",933367,1
"\W|$",833197,1
"\W|$",833196,1
"\W|$",857602,1
"\W|$",837011,1
"\W|$",833282,1
"\W|$",1233782,1
"\W|$",833202,1
"\W|$",1284773,1
"\W|$",833274,1
"\W|$",833272,1
"\W|$",833206,1
"\W|$",837771,1
"\W|$",833205,1
"\W|$",833208,1
"\W|$",833207,1
"\W|$",833203,1
"\W|$",833204,1
"\W|$",881403,1
"\W|$",833283,1
"\W|$",884494,1
"\W|$",931839,1
"\W|$",833267,1
"\W|$",1151269,1
"\W|$",877314,1
"\W|$",1151267,1
"\W|$",833268,1
"\W|$",1151275,1
"\W|$",833287,1
"\W|$",1302644,1
"\W|$",1302642,1
"\W|$",833284,1
"\W|$",1285523,1
"\W|$",1285521,1
"\W|$",1159107,1
"\W|$",1159113,1
"\W|$",833233,1
"\W|$",1159087,1
"\W|$",833286,1
"\W|$",877335,1
"\W|$",1202417,1
"\W|$",1159111,1
"\W|$",872683,1
"\W|$",884822,1
"\W|$",1159115,1
"\W|$",1159089,1
"\W|$",1285412,1
"\W|$",1285410,1
"\W|$",1285414,1
"\W|$",1285416,1
"\W|$",833273,1
"\W|$",833275,1
"\W|$",833209,1
"\W|$",833210,1
"\W|$",1179990,1
"\W|$",856641,1
"\W|$",849207,1
"\W|$",849192,1
"\W|$",849198,1
"\W|$",1132407,1
"\W|$",1132405,1
"\W|$",833256,1
"\W|$",833261,1
"\W|$",833262,1
"\W|$",887161,1
"\W|$",833258,1
"\W|$",887156,1
"\W|$",1085061,1
"\W|$",1085055,1
"\W|$",833247,1
"\W|$",833248,1
"\W|$",1225711,1
"\W|$",833251,1
"\W|$",833252,1
"\W|$",836537,1
"\W|$",836528,1
"\W|$",1225588,1
"\W|$",1225590,1
"\W|$",836554,1
"\W|$",836672,1
"\W|$",836562,1
"\W|$",836655,1
"\W|$",836647,1
"\W|$",835742,1
"\W|$",836566,1
"\W|$",836663,1
"\W|$",836637,1
"\W|$",933219,1
"\W|$",833212,1
"\W|$",833213,1
"\W|$",833214,1
"\W|$",833254,1
"\W|$",934075,1
"\W|$",886897,1
"\W|$",833264,1
"\W|$",1041490,1
"\W|$",1041496,1
"\W|$",835750,1
"\W|$",835765,1
"\W|$",835780,1
"\W|$",835793,1
"\W|$",1225592,1
"\W|$",835811,1
"\W|$",899895,1
"\W|$",868578,1
"\W|$",860809,1
"\W|$",860848,1
"\W|$",1344238,1
"\W|$",860867,1
"\W|$",860785,1
"\W|$",860800,1
"\W|$",860832,1
"\W|$",881435,1
"\W|$",860875,1
"\W|$",860801,1
"\W|$",860858,1
"\W|$",860776,1
"\W|$",860787,1
"\W|$",860816,1
"\W|$",1161747,1
"\W|$",1161741,1
"\W|$",1161745,1
"\W|$",1161746,1
"\W|$",833234,1
"\W|$",833237,1
"\W|$",833235,1
"\W|$",907357,1
"\W|$",833239,1
"\W|$",877395,1
"\W|$",892730,1
"\W|$",848782,1
"\W|$",856658,1
"\W|$",833223,1
"\W|$",833222,1
"\W|$",837334,1
"\W|$",836018,1
"\W|$",836015,1
"\W|$",836005,1
"\W|$",931844,1
"\W|$",877423,1
"\W|$",877352,1
"\W|$",877347,1
"\W|$",1279622,1
"\W|$",877425,1
"\W|$",849329,1
"\W|$",835969,1
"\W|$",835984,1
"\W|$",1281866,1
"\W|$",1302489,1
"\W|$",1302487,1
"\W|$",1302485,1
"\W|$",1302483,1
"\W|$",1302491,1
"\W|$",1345194,1
"\W|$",1345193,1
"\W|$",839432,1
"\W|$",931842,1
"\W|$",833221,1
"\W|$",836936,1
"\W|$",836926,1
"\W|$",836901,1
"\W|$",837856,1
"\W|$",836955,1
"\W|$",836914,1
"\W|$",836944,1
"\W|$",837646,1
"\W|$",836893,1
"\W|$",860743,1
"\W|$",860806,1
"\W|$",866456,1
"\W|$",874156,1
"\W|$",1281868,1
"\W|$",857421,1
"\W|$",857017,1
"\W|$",849293,1
"\W|$",857357,1
"\W|$",836597,1
"\W|$",836605,1
"\W|$",1352331,1
"\W|$",856954,1
"\W|$",856963,1
"\W|$",856981,1
"\W|$",856995,1
"\W|$",1127112,1
"\W|$",1127110,1
"\W|$",857182,1
"\W|$",856717,1
"\W|$",881410,1
"\W|$",881407,1
"\W|$",1302640,1
"\W|$",1041594,1
"\W|$",860754,1
"\W|$",1041597,1
"\W|$",1344239,1
"\W|$",860829,1
"\W|$",860839,1
"\W|$",860878,1
"\W|$",860808,1
"\W|$",959134,1
"\W|$",1256088,1
"\W|$",1256086,1
"\W|$",858134,1
"\W|$",959108,1
"\W|$",959042,1
"\W|$",857191,1
"\W|$",856728,1
"\W|$",849126,1
"\W|$",849149,1
"\W|$",849141,1
"\W|$",958946,1
"\W|$",1344235,1
"\W|$",837244,1
"\W|$",835924,1
"\W|$",837581,1
"\W|$",837419,1
"\W|$",895818,1
"\W|$",849358,1
"\W|$",837824,1
"\W|$",837832,1
"\W|$",837809,1
"\W|$",837794,1
"\W|$",835909,1
"\W|$",835900,1
"\W|$",835887,1
"\W|$",857406,1
"\W|$",860755,1
"\W|$",837258,1
"\W|$",837265,1
"\W|$",837711,1
"\W|$",837757,1
"\W|$",837238,1
"\W|$",837231,1
"\W|$",837727,1
"\W|$",837750,1
"\W|$",837743,1
"\W|$",837734,1
"\W|$",1270934,1
"\W|$",833231,1
"\W|$",833228,1
"\W|$",856731,1
"\W|$",857662,1
"\W|$",879239,1
"\W|$",856737,1
"\W|$",881398,1
"\W|$",953927,1
"\W|$",1042101,1
"\W|$",1042018,1
"\W|$",1344241,1
"\W|$",1344244,1
"\W|$",1344252,1
"\W|$",1041615,1
"\W|$",1041901,1
"\W|$",1159091,1
"\W|$",857571,1
"\W|$",857556,1
"\W|$",849164,1
"\W|$",849179,1
"\W|$",857338,1
"\W|$",857345,1
"\W|$",1344234,1
"\W|$",1267571,1
"\W|$",1344249,1
"\W|$",860740,1
"\W|$",885532,1
"\W|$",907563,1
"\W|$",860804,1
"\W|$",860793,1
"\W|$",860870,1
"\W|$",860807,1
"\W|$",860792,1
"\W|$",860860,1
"\W|$",884013,1
"\W|$",884045,1
"\W|$",884018,1
"\W|$",884016,1
"\W|$",884024,1
"\W|$",884020,1
"\W|$",884022,1
"\W|$",884026,1
"\W|$",884029,1
"\W|$",884057,1
"\W|$",884098,1
"\W|$",884032,1
"\W|$",884037,1
"\W|$",884042,1
"\W|$",881418,1
"\W|$",902979,1
"\W|$",902981,1
"\W|$",902982,1
"\W|$",902985,1
"\W|$",884104,1
"\W|$",883999,1
"\W|$",884001,1
"\W|$",884002,1
"\W|$",884108,1
"\W|$",884112,1
"\W|$",884115,1
"\W|$",884005,1
"\W|$",884006,1
"\W|$",884009,1
"\W|$",884010,1
"\W|$",884070,1
"\W|$",884069,1
"\W|$",884064,1
"\W|$",884063,1
"\W|$",884061,1
"\W|$",884060,1
"\W|$",884067,1
"\W|$",884066,1
"\W|$",884087,1
"\W|$",884083,1
"\W|$",980036,1
"\W|$",884079,1
"\W|$",884080,1
"\W|$",865354,1
"\W|$",884088,1
"\W|$",884082,1
"\W|$",884085,1
"\W|$",884094,1
"\W|$",884095,1
"\W|$",884091,1
"\W|$",884092,1
"\W|$",884101,1
"\W|$",884048,1
"\W|$",884051,1
"\W|$",884054,1
"\W|$",860773,1
"\W|$",833074,1
"\W|$",860726,1
"\W|$",860812,1
"\W|$",1161749,1
"\W|$",860856,1
"\W|$",833243,1
"\W|$",836976,1
"\W|$",836994,1
"\W|$",836963,1
"\W|$",836760,1
"\W|$",833241,1
"\W|$",887421,1
"\W|$",833240,1
"\W|$",1279624,1
"\W|$",907532,1
"\W|$",848739,1
"\W|$",889361,1
"\W|$",877688,1
"\W|$",877317,1
"\W|$",877321,1
"\W|$",833244,1
"\W|$",1090947,1
"\W|$",1159105,1
"\W|$",1302648,1
"\W|$",1302646,1
"\W|$",877318,1
"\W|$",836789,1
"\W|$",836772,1
"\W|$",856756,1
"\W|$",857627,1
"\W|$",837251,1
"\W|$",1225584,1
"\W|$",1225582,1
"\W|$",1225586,1
"\W|$",848769,1
"\W|$",849252,1
"\W|$",849242,1
"\W|$",932908,1
"\W|$",860750,1
"\W|$",948589,1
"\W|$",860882,1
"\W|$",948696,1
"\W|$",1041506,1
"\W|$",1041519,1
"\W|$",849282,1
"\W|$",1041514,1
"\W|$",1041526,1
"\W|$",860863,1
"\W|$",848779,1
"\W|$",949976,1
"\W|$",837149,1
"\W|$",902938,1
"\W|$",887169,1
"\W|$",837138,1
"\W|$",1159099,1
"\W|$",1159117,1
"\W|$",1159095,1
"\W|$",1159097,1
"\W|$",837180,1
"\W|$",858623,1
"\W|$",894450,1
"\W|$",1093866,1
"\W|$",1093904,1
"\W|$",836882,1
"\W|$",946825,1
"\W|$",836875,1
"\W|$",835853,1
"\W|$",1279626,1
"\W|$",887296,1
"\W|$",1279628,1
"\W|$",887297,1
"\W|$",1159085,1
"\W|$",1352332,1
"\W|$",849336,1
"\W|$",1352333,1
"\W|$",857077,1
"\W|$",849347,1
"\W|$",857091,1
"\W|$",849120,1
"\W|$",857323,1
"\W|$",848817,1
"\W|$",1344253,1
"\W|$",1344243,1
"\W|$",1344246,1
"\W|$",1344245,1
"\W|$",857252,1
"\W|$",848810,1
"\W|$",848805,1
"\W|$",848795,1
"\W|$",857208,1
"\W|$",1344242,1
"\W|$",857235,1
"\W|$",857274,1
"\W|$",857258,1
"\W|$",857292,1
"\W|$",857308,1
"\W|$",860744,1
"\W|$",1041719,1
"\W|$",1041730,1
"\W|$",1344237,1
"\W|$",860783,1
"\W|$",860745,1
"\W|$",959740,1
"\W|$",1344248,1
"\W|$",860813,1
"\W|$",860729,1
"\W|$",860772,1
"\W|$",860764,1
"\W|$",860818,1
"\W|$",1283074,1
"\W|$",894453,1
"\W|$",848861,1
"\W|$",848848,1
"\W|$",856676,1
"\W|$",849275,1
"\W|$",860841,1
"\W|$",1179665,1
"\W|$",856688,1
"\W|$",1176969,1
"\W|$",833224,1
"\W|$",860751,1
"\W|$",856669,1
"\W|$",835830,1
"\W|$",948499,1
"\W|$",1352334,1
"\W|$",860767,1
"\W|$",948485,1
"\W|$",856702,1
"\W|$",860749,1
"\W|$",949990,1
"\W|$",1159109,1
"\W|$",1353056,1
"\W|$",1353055,1
"\W|$",877402,1
"\W|$",849107,1
"\W|$",894266,1
"\W|$",1271335,1
"\W|$",859820,1
"\W|$",860825,1
"\W|$",889709,1
"\W|$",858054,1
"\W|$",931850,1
"\W|$",837087,1
"\W|$",1267581,1
"\W|$",1267579,1
"\W|$",860730,1
"\W|$",860784,1
"\W|$",860826,1
"\W|$",1281864,1
"\W|$",1281870,1
"\W|$",848835,1
"\W|$",858291,1
"\W|$",860836,1
"\W|$",860757,1
"\W|$",1159101,1
"\W|$",857688,1
"\W|$",849080,1
"\W|$",837022,1
"\W|$",860725,1
"\W|$",837113,1
"\W|$",857621,1
"\W|$",837100,1
"\W|$",836508,1
"\W|$",877394,1
"\W|$",877393,1
"\W|$",877397,1
"\W|$",856661,1
"\W|$",1344236,1
"\W|$",857654,1
"\W|$",874149,1
"\W|$",1041616,1
"\W|$",860789,1
"\W|$",860862,1
"\W|$",861559,1
"\W|$",1161744,1
"\W|$",860760,1
"\W|$",1162842,1
"\W|$",860774,1
"\W|$",1268561,1
"\W|$",1268559,1
"\W|$",1285872,1
"\W|$",1268583,1
"\W|$",1268563,1
"\W|$",1285860,1
"\W|$",1285862,1
"\W|$",960957,1
"\W|$",889962,1
"\W|$",889970,1
"\W|$",1279650,1
"\W|$",1285856,1
"\W|$",1285858,1
"\W|$",963081,1
"\W|$",963078,1
"\W|$",963084,1
"\W|$",1279640,1
"\W|$",1279644,1
"\W|$",899360,1
"\W|$",1233816,1
"\W|$",1233784,1
"\W|$",1233810,1
"\W|$",1233818,1
"\W|$",1233804,1
"\W|$",1233808,1
"\W|$",899359,1
"\W|$",898987,1
"\W|$",899316,1
"\W|$",898955,1
"\W|$",898956,1
"\W|$",1151277,1
"\W|$",898986,1
"\W|$",899314,1
"\W|$",899248,1
"\W|$",902171,1
"\W|$",902174,1
"\W|$",902167,1
"\W|$",902168,1
"\W|$",899253,1
"\W|$",899251,1
"\W|$",899252,1
"\W|$",899249,1
"\W|$",899250,1
"\W|$",899285,1
"\W|$",899286,1
"\W|$",926624,1
"\W|$",899429,1
"\W|$",899430,1
"\W|$",899398,1
"\W|$",899396,1
"\W|$",1151281,1
"\W|$",899417,1
"\W|$",1151289,1
"\W|$",899418,1
"\W|$",899394,1
"\W|$",899400,1
"\W|$",1233800,1
"\W|$",899254,1
"\W|$",899255,1
"\W|$",898989,1
"\W|$",1233802,1
"\W|$",1284775,1
"\W|$",899011,1
"\W|$",932445,1
"\W|$",899356,1
"\W|$",899355,1
"\W|$",899357,1
"\W|$",1270990,1
"\W|$",1270988,1
"\W|$",1270940,1
"\W|$",899018,1
"\W|$",899259,1
"\W|$",899258,1
"\W|$",899257,1
"\W|$",899256,1
"\W|$",899240,1
"\W|$",899241,1
"\W|$",1270938,1
"\W|$",1270962,1
"\W|$",899239,1
"\W|$",899238,1
"\W|$",933703,1
"\W|$",1271341,1
"\W|$",898985,1
"\W|$",899470,1
"\W|$",899473,1
"\W|$",899472,1
"\W|$",899475,1
"\W|$",899471,1
"\W|$",933700,1
"\W|$",1239375,1
"\W|$",899478,1
"\W|$",899476,1
"\W|$",1239377,1
"\W|$",1277471,1
"\W|$",1277501,1
"\W|$",907149,1
"\W|$",959512,1
"\W|$",1277491,1
"\W|$",898960,1
"\W|$",1239381,1
"\W|$",899453,1
"\W|$",842023,1
"\W|$",899389,1
"\W|$",841935,1
"\W|$",899428,1
"\W|$",899425,1
"\W|$",933706,1
"\W|$",842026,1
"\W|$",899427,1
"\W|$",1285420,1
"\W|$",899426,1
"\W|$",899384,1
"\W|$",898973,1
"\W|$",1132354,1
"\W|$",1132350,1
"\W|$",870290,1
"\W|$",899245,1
"\W|$",899393,1
"\W|$",879104,1
"\W|$",898966,1
"\W|$",1151283,1
"\W|$",1151285,1
"\W|$",1132352,1
"\W|$",1159147,1
"\W|$",1151287,1
"\W|$",1159149,1
"\W|$",1132348,1
"\W|$",899435,1
"\W|$",1089379,1
"\W|$",899436,1
"\W|$",899237,1
"\W|$",870256,1
"\W|$",899236,1
"\W|$",899965,1
"\W|$",899235,1
"\W|$",878731,1
"\W|$",841994,1
"\W|$",899444,1
"\W|$",1159143,1
"\W|$",899025,1
"\W|$",1159145,1
"\W|$",841993,1
"\W|$",1132346,1
"\W|$",899243,1
"\W|$",950065,1
"\W|$",899350,1
"\W|$",842025,1
"\W|$",1242963,1
"\W|$",1242961,1
"\W|$",899448,1
"\W|$",1242959,1
"\W|$",899380,1
"\W|$",899004,1
"\W|$",899144,1
"\W|$",1150939,1
"\W|$",1150935,1
"\W|$",1150947,1
"\W|$",1150943,1
"\W|$",1150951,1
"\W|$",899391,1
"\W|$",899896,1
"\W|$",899897,1
"\W|$",899362,1
"\W|$",933729,1
"\W|$",899361,1
"\W|$",899146,1
"\W|$",1146918,1
"\W|$",899420,1
"\W|$",899890,1
"\W|$",899891,1
"\W|$",899892,1
"\W|$",934719,1
"\W|$",899889,1
"\W|$",1150937,1
"\W|$",1150933,1
"\W|$",898964,1
"\W|$",898965,1
"\W|$",1150953,1
"\W|$",1150955,1
"\W|$",1232155,1
"\W|$",1150945,1
"\W|$",1150941,1
"\W|$",899421,1
"\W|$",1150949,1
"\W|$",899438,1
"\W|$",1150931,1
"\W|$",1256090,1
"\W|$",1233790,1
"\W|$",1315775,1
"\W|$",1233814,1
"\W|$",1233786,1
"\W|$",1233806,1
"\W|$",1377512,1
"\W|$",1242965,1
"\W|$",1233788,1
"\W|$",899414,1
"\W|$",1233792,1
"\W|$",873192,1
"\W|$",899020,1
"\W|$",879076,1
"\W|$",899397,1
"\W|$",1233794,1
"\W|$",1233796,1
"\W|$",943359,1
"\W|$",899353,1
"\W|$",899351,1
"\W|$",899352,1
"\W|$",899354,1
"\W|$",899338,1
"\W|$",1284789,1
"\W|$",899336,1
"\W|$",899337,1
"\W|$",898994,1
"\W|$",1268509,1
"\W|$",1132398,1
"\W|$",899342,1
"\W|$",899340,1
"\W|$",899341,1
"\W|$",899005,1
"\W|$",899372,1
"\W|$",899335,1
"\W|$",899147,1
"\W|$",899373,1
"\W|$",899374,1
"\W|$",1315491,1
"\W|$",1269126,1
"\W|$",1309261,1
"\W|$",899191,1
"\W|$",1349437,1
"\W|$",1132396,1
"\W|$",898961,1
"\W|$",899527,1
"\W|$",899502,1
"\W|$",899503,1
"\W|$",899501,1
"\W|$",899510,1
"\W|$",899511,1
"\W|$",899667,1
"\W|$",899664,1
"\W|$",899666,1
"\W|$",899662,1
"\W|$",899663,1
"\W|$",899668,1
"\W|$",898992,1
"\W|$",899509,1
"\W|$",899660,1
"\W|$",899661,1
"\W|$",899659,1
"\W|$",899669,1
"\W|$",899631,1
"\W|$",899629,1
"\W|$",899630,1
"\W|$",858280,1
"\W|$",866494,1
"\W|$",899622,1
"\W|$",899621,1
"\W|$",899628,1
"\W|$",1225594,1
"\W|$",1085089,1
"\W|$",899620,1
"\W|$",1085078,1
"\W|$",899633,1
"\W|$",899632,1
"\W|$",899635,1
"\W|$",899634,1
"\W|$",1344273,1
"\W|$",1270960,1
"\W|$",1270980,1
"\W|$",1270978,1
"\W|$",1270984,1
"\W|$",1270982,1
"\W|$",1270974,1
"\W|$",1270976,1
"\W|$",899495,1
"\W|$",1270968,1
"\W|$",1270972,1
"\W|$",1270966,1
"\W|$",899543,1
"\W|$",1270970,1
"\W|$",898999,1
"\W|$",857475,1
"\W|$",899486,1
"\W|$",898976,1
"\W|$",899670,1
"\W|$",899671,1
"\W|$",899641,1
"\W|$",899640,1
"\W|$",899585,1
"\W|$",899586,1
"\W|$",899519,1
"\W|$",899516,1
"\W|$",899682,1
"\W|$",899681,1
"\W|$",1225598,1
"\W|$",1225596,1
"\W|$",1283078,1
"\W|$",899587,1
"\W|$",899588,1
"\W|$",899549,1
"\W|$",899550,1
"\W|$",899547,1
"\W|$",899768,1
"\W|$",899665,1
"\W|$",1238779,1
"\W|$",1238789,1
"\W|$",899451,1
"\W|$",899452,1
"\W|$",899481,1
"\W|$",898962,1
"\W|$",898967,1
"\W|$",899724,1
"\W|$",899729,1
"\W|$",899726,1
"\W|$",1239389,1
"\W|$",1239379,1
"\W|$",898969,1
"\W|$",899728,1
"\W|$",899725,1
"\W|$",1225600,1
"\W|$",899727,1
"\W|$",935195,1
"\W|$",1239387,1
"\W|$",1239403,1
"\W|$",899678,1
"\W|$",1239383,1
"\W|$",1239385,1
"\W|$",898998,1
"\W|$",899679,1
"\W|$",899778,1
"\W|$",899781,1
"\W|$",899779,1
"\W|$",899775,1
"\W|$",1041501,1
"\W|$",899777,1
"\W|$",899672,1
"\W|$",899674,1
"\W|$",899673,1
"\W|$",898990,1
"\W|$",899675,1
"\W|$",899702,1
"\W|$",899701,1
"\W|$",899699,1
"\W|$",899700,1
"\W|$",899703,1
"\W|$",898991,1
"\W|$",1278511,1
"\W|$",902782,1
"\W|$",1278509,1
"\W|$",899491,1
"\W|$",1278493,1
"\W|$",1278495,1
"\W|$",1278499,1
"\W|$",1278497,1
"\W|$",1278501,1
"\W|$",902500,1
"\W|$",1278503,1
"\W|$",866482,1
"\W|$",857460,1
"\W|$",899006,1
"\W|$",899492,1
"\W|$",1170324,1
"\W|$",1041072,1
"\W|$",1041067,1
"\W|$",1041062,1
"\W|$",1041057,1
"\W|$",1041052,1
"\W|$",1041047,1
"\W|$",1041041,1
"\W|$",1040919,1
"\W|$",1041555,1
"\W|$",1041581,1
"\W|$",1041586,1
"\W|$",1041543,1
"\W|$",1041552,1
"\W|$",1041546,1
"\W|$",1279632,1
"\W|$",1279630,1
"\W|$",1268549,1
"\W|$",1268565,1
"\W|$",1268547,1
"\W|$",1268545,1
"\W|$",1285866,1
"\W|$",1285864,1
"\W|$",1285870,1
"\W|$",1285868,1
"\W|$",1268575,1
"\W|$",1268579,1
"\W|$",1268577,1
"\W|$",899919,1
"\W|$",1277487,1
"\W|$",1277499,1
"\W|$",899917,1
"\W|$",899916,1
"\W|$",899915,1
"\W|$",899920,1
"\W|$",899918,1
"\W|$",899912,1
"\W|$",1285622,1
"\W|$",899002,1
"\W|$",899914,1
"\W|$",899223,1
"\W|$",899913,1
"\W|$",1239393,1
"\W|$",899911,1
"\W|$",1285614,1
"\W|$",899910,1
"\W|$",899909,1
"\W|$",1285620,1
"\W|$",899907,1
"\W|$",964103,1
"\W|$",899584,1
"\W|$",907401,1
"\W|$",907404,1
"\W|$",899938,1
"\W|$",899937,1
"\W|$",907407,1
"\W|$",899934,1
"\W|$",899933,1
"\W|$",899935,1
"\W|$",899031,1
"\W|$",899014,1
"\W|$",905003,1
"\W|$",905005,1
"\W|$",943287,1
"\W|$",964087,1
"\W|$",943208,1
"\W|$",941843,1
"\W|$",964081,1
"\W|$",899222,1
"\W|$",1271337,1
"\W|$",899921,1
"\W|$",958426,1
"\W|$",1277493,1
"\W|$",899922,1
"\W|$",899924,1
"\W|$",1239397,1
"\W|$",899842,1
"\W|$",1239395,1
"\W|$",1270942,1
"\W|$",899019,1
"\W|$",899843,1
"\W|$",900023,1
"\W|$",898997,1
"\W|$",900022,1
"\W|$",857458,1
"\W|$",899968,1
"\W|$",899969,1
"\W|$",899970,1
"\W|$",932832,1
"\W|$",899967,1
"\W|$",899027,1
"\W|$",899246,1
"\W|$",899017,1
"\W|$",899741,1
"\W|$",899148,1
"\W|$",899594,1
"\W|$",878975,1
"\W|$",899593,1
"\W|$",1171251,1
"\W|$",899591,1
"\W|$",899592,1
"\W|$",931856,1
"\W|$",899157,1
"\W|$",899015,1
"\W|$",899192,1
"\W|$",899043,1
"\W|$",900011,1
"\W|$",900013,1
"\W|$",900012,1
"\W|$",905014,1
"\W|$",1281872,1
"\W|$",905016,1
"\W|$",1281890,1
"\W|$",905022,1
"\W|$",899184,1
"\W|$",1279646,1
"\W|$",899597,1
"\W|$",1268477,1
"\W|$",899137,1
"\W|$",1242955,1
"\W|$",1242957,1
"\W|$",1268479,1
"\W|$",1281892,1
"\W|$",900109,1
"\W|$",1284781,1
"\W|$",900111,1
"\W|$",1302509,1
"\W|$",1302507,1
"\W|$",1302495,1
"\W|$",1302493,1
"\W|$",1279654,1
"\W|$",1279652,1
"\W|$",1279648,1
"\W|$",1302505,1
"\W|$",1302511,1
"\W|$",1302503,1
"\W|$",1302499,1
"\W|$",1302497,1
"\W|$",1302501,1
"\W|$",899445,1
"\W|$",1302656,1
"\W|$",899446,1
"\W|$",1302654,1
"\W|$",952013,1
"\W|$",899082,1
"\W|$",899957,1
"\W|$",899985,1
"\W|$",899986,1
"\W|$",899485,1
"\W|$",899959,1
"\W|$",899156,1
"\W|$",931854,1
"\W|$",899964,1
"\W|$",899233,1
"\W|$",899234,1
"\W|$",1361914,1
"\W|$",1270986,1
"\W|$",1270958,1
"\W|$",1270956,1
"\W|$",1270954,1
"\W|$",1270952,1
"\W|$",899782,1
"\W|$",899783,1
"\W|$",900014,1
"\W|$",1222763,1
"\W|$",899987,1
"\W|$",905187,1
"\W|$",900026,1
"\W|$",900015,1
"\W|$",900019,1
"\W|$",1222761,1
"\W|$",900021,1
"\W|$",900020,1
"\W|$",900004,1
"\W|$",900005,1
"\W|$",905184,1
"\W|$",900036,1
"\W|$",900037,1
"\W|$",900039,1
"\W|$",900040,1
"\W|$",900038,1
"\W|$",1110204,1
"\W|$",900017,1
"\W|$",900016,1
"\W|$",899111,1
"\W|$",900001,1
"\W|$",899488,1
"\W|$",899107,1
"\W|$",932917,1
"\W|$",899096,1
"\W|$",900002,1
"\W|$",900000,1
"\W|$",943181,1
"\W|$",899999,1
"\W|$",969555,1
"\W|$",1238777,1
"\W|$",1238791,1
"\W|$",950174,1
"\W|$",899989,1
"\W|$",899988,1
"\W|$",899990,1
"\W|$",899991,1
"\W|$",899993,1
"\W|$",899992,1
"\W|$",899997,1
"\W|$",899998,1
"\W|$",899378,1
"\W|$",948191,1
"\W|$",899923,1
"\W|$",899087,1
"\W|$",1238793,1
"\W|$",874101,1
"\W|$",1281898,1
"\W|$",1281894,1
"\W|$",900096,1
"\W|$",900097,1
"\W|$",900107,1
"\W|$",948753,1
"\W|$",900108,1
"\W|$",900098,1
"\W|$",900069,1
"\W|$",900070,1
"\W|$",1284785,1
"\W|$",1284791,1
"\W|$",899432,1
"\W|$",931882,1
"\W|$",1284795,1
"\W|$",1268513,1
"\W|$",1284793,1
"\W|$",932556,1
"\W|$",899371,1
"\W|$",1275212,1
"\W|$",1284779,1
"\W|$",1117391,1
"\W|$",900091,1
"\W|$",900090,1
"\W|$",900093,1
"\W|$",1127120,1
"\W|$",900080,1
"\W|$",900082,1
"\W|$",1302459,1
"\W|$",1275198,1
"\W|$",900085,1
"\W|$",899648,1
"\W|$",899644,1
"\W|$",1275204,1
"\W|$",1127114,1
"\W|$",1127118,1
"\W|$",900083,1
"\W|$",1275206,1
"\W|$",900094,1
"\W|$",899083,1
"\W|$",899026,1
"\W|$",931877,1
"\W|$",899086,1
"\W|$",1309263,1
"\W|$",899151,1
"\W|$",1352336,1
"\W|$",1352335,1
"\W|$",900051,1
"\W|$",900052,1
"\W|$",900053,1
"\W|$",959859,1
"\W|$",959855,1
"\W|$",900003,1
"\W|$",1313658,1
"\W|$",1013684,1
"\W|$",1302652,1
"\W|$",1044244,1
"\W|$",1044238,1
"\W|$",1044241,1
"\W|$",1044247,1
"\W|$",1044250,1
"\W|$",1044253,1
"\W|$",1041369,1
"\W|$",1041472,1
"\W|$",1041383,1
"\W|$",1041477,1
"\W|$",1041359,1
"\W|$",1041825,1
"\W|$",1041364,1
"\W|$",1041831,1
"\W|$",1041386,1
"\W|$",1013677,1
"\W|$",1041103,1
"\W|$",1041353,1
"\W|$",1041338,1
"\W|$",1041589,1
"\W|$",900047,1
"\W|$",1268465,1
"\W|$",1268551,1
"\W|$",899966,1
"\W|$",878628,1
"\W|$",878639,1
"\W|$",900045,1
"\W|$",1268483,1
"\W|$",900042,1
"\W|$",959812,1
"\W|$",900043,1
"\W|$",899013,1
"\W|$",900048,1
"\W|$",959802,1
"\W|$",900049,1
"\W|$",959781,1
"\W|$",878657,1
"\W|$",900046,1
"\W|$",1233812,1
"\W|$",1089409,1
"\W|$",959807,1
"\W|$",959770,1
"\W|$",900058,1
"\W|$",900057,1
"\W|$",900032,1
"\W|$",900033,1
"\W|$",900031,1
"\W|$",899835,1
"\W|$",902166,1
"\W|$",899834,1
"\W|$",899836,1
"\W|$",899837,1
"\W|$",899792,1
"\W|$",899793,1
"\W|$",899794,1
"\W|$",934875,1
"\W|$",899839,1
"\W|$",899841,1
"\W|$",899840,1
"\W|$",1268485,1
"\W|$",899831,1
"\W|$",934859,1
"\W|$",1044302,1
"\W|$",1044299,1
"\W|$",1044295,1
"\W|$",1344268,1
"\W|$",1344275,1
"\W|$",899830,1
"\W|$",941912,1
"\W|$",899269,1
"\W|$",941884,1
"\W|$",899264,1
"\W|$",941888,1
"\W|$",971941,1
"\W|$",899275,1
"\W|$",943195,1
"\W|$",898996,1
"\W|$",899197,1
"\W|$",941891,1
"\W|$",899270,1
"\W|$",899029,1
"\W|$",899273,1
"\W|$",899272,1
"\W|$",899306,1
"\W|$",899344,1
"\W|$",899217,1
"\W|$",899208,1
"\W|$",899325,1
"\W|$",899033,1
"\W|$",899219,1
"\W|$",899097,1
"\W|$",899106,1
"\W|$",899100,1
"\W|$",899104,1
"\W|$",900027,1
"\W|$",958434,1
"\W|$",900028,1
"\W|$",899030,1
"\W|$",899319,1
"\W|$",899320,1
"\W|$",899321,1
"\W|$",899199,1
"\W|$",899063,1
"\W|$",899327,1
"\W|$",899326,1
"\W|$",899218,1
"\W|$",935193,1
"\W|$",900062,1
"\W|$",899390,1
"\W|$",899154,1
"\W|$",899153,1
"\W|$",899081,1
"\W|$",899343,1
"\W|$",899200,1
"\W|$",899345,1
"\W|$",932970,1
"\W|$",899347,1
"\W|$",899206,1
"\W|$",899346,1
"\W|$",899322,1
"\W|$",899318,1
"\W|$",1239401,1
"\W|$",1270948,1
"\W|$",1275202,1
"\W|$",899308,1
"\W|$",1239399,1
"\W|$",899307,1
"\W|$",899149,1
"\W|$",1270950,1
"\W|$",899324,1
"\W|$",899072,1
"\W|$",1278507,1
"\W|$",899332,1
"\W|$",1278505,1
"\W|$",899080,1
"\W|$",899073,1
"\W|$",899075,1
"\W|$",899076,1
"\W|$",899036,1
"\W|$",899037,1
"\W|$",899305,1
"\W|$",899299,1
"\W|$",899296,1
"\W|$",1362520,1
"\W|$",900101,1
"\W|$",1268557,1
"\W|$",900104,1
"\W|$",900103,1
"\W|$",900102,1
"\W|$",935020,1
"\W|$",899377,1
"\W|$",899173,1
"\W|$",899379,1
"\W|$",899381,1
"\W|$",899315,1
"\W|$",899317,1
"\W|$",1268517,1
"\W|$",899294,1
"\W|$",899263,1
"\W|$",899293,1
"\W|$",899291,1
"\W|$",899290,1
"\W|$",899289,1
"\W|$",899313,1
"\W|$",899276,1
"\W|$",899277,1
"\W|$",899278,1
"\W|$",899261,1
"\W|$",899262,1
"\W|$",899282,1
"\W|$",899284,1
"\W|$",899283,1
"\W|$",899328,1
"\W|$",899329,1
"\W|$",899366,1
"\W|$",899367,1
"\W|$",899369,1
"\W|$",899368,1
"\W|$",899310,1
"\W|$",899311,1
"\W|$",899330,1
"\W|$",1270964,1
"\W|$",899403,1
"\W|$",899271,1
"\W|$",958429,1
"\W|$",899292,1
"\W|$",899401,1
"\W|$",899402,1
"\W|$",899406,1
"\W|$",1269136,1
"\W|$",899407,1
"\W|$",899582,1
"\W|$",964078,1
"\W|$",934838,1
"\W|$",964084,1
"\W|$",899583,1
"\W|$",899936,1
"\W|$",902362,1
"\W|$",900075,1
"\W|$",1270946,1
"\W|$",1270944,1
"\W|$",1269134,1
"\W|$",1269132,1
"\W|$",1269130,1
"\W|$",1269128,1
"\W|$",899268,1
"\W|$",900077,1
"\W|$",900078,1
"\W|$",899295,1
"\W|$",943964,1
"\W|$",899382,1
"\W|$",943954,1
"\W|$",941929,1
"\W|$",943935,1
"\W|$",943938,1
"\W|$",899383,1
"\W|$",899386,1
"\W|$",943974,1
"\W|$",899118,1
"\W|$",943948,1
"\W|$",943929,1
"\W|$",943943,1
"\W|$",898977,1
"\W|$",943191,1
"\W|$",932968,1
"\W|$",951318,1
"\W|$",899225,1
"\W|$",899260,1
"\W|$",899287,1
"\W|$",899288,1
"\W|$",1042125,1
"\W|$",1042115,1
"\W|$",1042120,1
"\W|$",1042050,1
"\W|$",1042060,1
"\W|$",1042080,1
"\W|$",1042090,1
"\W|$",1042070,1
"\W|$",1344546,1
"\W|$",1344272,1
"\W|$",1344278,1
"\W|$",1344264,1
"\W|$",1042153,1
"\W|$",1042167,1
"\W|$",1042190,1
"\W|$",1042143,1
"\W|$",1041617,1
"\W|$",1041618,1
"\W|$",1041954,1
"\W|$",1042030,1
"\W|$",1042040,1
"\W|$",1041965,1
"\W|$",899409,1
"\W|$",899108,1
"\W|$",899078,1
"\W|$",899410,1
"\W|$",899484,1
"\W|$",900054,1
"\W|$",899411,1
"\W|$",900055,1
"\W|$",899077,1
"\W|$",899698,1
"\W|$",899303,1
"\W|$",899302,1
"\W|$",899300,1
"\W|$",899301,1
"\W|$",899280,1
"\W|$",899489,1
"\W|$",899297,1
"\W|$",899279,1
"\W|$",899487,1
"\W|$",904997,1
"\W|$",900073,1
"\W|$",900072,1
"\W|$",899838,1
"\W|$",899833,1
"\W|$",899832,1
"\W|$",1363473,1
"\W|$",899455,1
"\W|$",899456,1
"\W|$",899158,1
"\W|$",899109,1
"\W|$",899460,1
"\W|$",899461,1
"\W|$",899462,1
"\W|$",1110207,1
"\W|$",899459,1
"\W|$",899457,1
"\W|$",899458,1
"\W|$",1041837,1
"\W|$",1041849,1
"\W|$",1041843,1
"\W|$",1041855,1
"\W|$",1041867,1
"\W|$",1041873,1
"\W|$",1041861,1
"\W|$",1041891,1
"\W|$",1041885,1
"\W|$",1041879,1
"\W|$",1268541,1
"\W|$",1268543,1
"\W|$",1268539,1
"\W|$",1268535,1
"\W|$",1268537,1
"\W|$",1285876,1
"\W|$",1268527,1
"\W|$",1268525,1
"\W|$",1268581,1
"\W|$",939235,1
"\W|$",939237,1
"\W|$",942816,1
"\W|$",939234,1
"\W|$",939236,1
"\W|$",939239,1
"\W|$",939241,1
"\W|$",939240,1
"\W|$",939238,1
"\W|$",939247,1
"\W|$",939251,1
"\W|$",939248,1
"\W|$",939252,1
"\W|$",939244,1
"\W|$",939246,1
"\W|$",939249,1
"\W|$",939242,1
"\W|$",939243,1
"\W|$",939250,1
"\W|$",939245,1
"\W|$",980037,1
"\W|$",969621,1
"\W|$",1268495,1
"\W|$",1268463,1
"\W|$",1268493,1
"\W|$",1268567,1
"\W|$",1268553,1
"\W|$",905730,1
"\W|$",1279636,1
"\W|$",899464,1
"\W|$",898980,1
"\W|$",899694,1
"\W|$",899693,1
"\W|$",946354,1
"\W|$",899566,1
"\W|$",898971,1
"\W|$",898988,1
"\W|$",1171239,1
"\W|$",898958,1
"\W|$",899001,1
"\W|$",899474,1
"\W|$",1268555,1
"\W|$",870954,1
"\W|$",899539,1
"\W|$",899524,1
"\W|$",899695,1
"\W|$",950182,1
"\W|$",871069,1
"\W|$",899021,1
"\W|$",1151279,1
"\W|$",899683,1
"\W|$",899684,1
"\W|$",899685,1
"\W|$",899686,1
"\W|$",899689,1
"\W|$",899691,1
"\W|$",1171243,1
"\W|$",1171241,1
"\W|$",899692,1
"\W|$",899757,1
"\W|$",899759,1
"\W|$",899545,1
"\W|$",899761,1
"\W|$",899687,1
"\W|$",1279634,1
"\W|$",899653,1
"\W|$",898981,1
"\W|$",899009,1
"\W|$",1281880,1
"\W|$",1279658,1
"\W|$",899650,1
"\W|$",899731,1
"\W|$",899732,1
"\W|$",1284787,1
"\W|$",899733,1
"\W|$",899467,1
"\W|$",899469,1
"\W|$",899468,1
"\W|$",1302650,1
"\W|$",1302658,1
"\W|$",899749,1
"\W|$",1159123,1
"\W|$",899763,1
"\W|$",899750,1
"\W|$",899751,1
"\W|$",899752,1
"\W|$",899753,1
"\W|$",899754,1
"\W|$",899532,1
"\W|$",899760,1
"\W|$",1159121,1
"\W|$",899765,1
"\W|$",899764,1
"\W|$",899187,1
"\W|$",899552,1
"\W|$",1171245,1
"\W|$",899553,1
"\W|$",899554,1
"\W|$",899483,1
"\W|$",899482,1
"\W|$",1159173,1
"\W|$",899540,1
"\W|$",1159137,1
"\W|$",1159129,1
"\W|$",842028,1
"\W|$",1159131,1
"\W|$",1159127,1
"\W|$",1159125,1
"\W|$",899932,1
"\W|$",1146928,1
"\W|$",899767,1
"\W|$",899766,1
"\W|$",1159157,1
"\W|$",1159161,1
"\W|$",1159151,1
"\W|$",1159153,1
"\W|$",899542,1
"\W|$",899541,1
"\W|$",934751,1
"\W|$",1268489,1
"\W|$",1268519,1
"\W|$",1269124,1
"\W|$",907223,1
"\W|$",899894,1
"\W|$",1284797,1
"\W|$",1284777,1
"\W|$",899893,1
"\W|$",1284783,1
"\W|$",899050,1
"\W|$",899052,1
"\W|$",899047,1
"\W|$",899853,1
"\W|$",899855,1
"\W|$",898995,1
"\W|$",899802,1
"\W|$",1271343,1
"\W|$",899003,1
"\W|$",899804,1
"\W|$",899848,1
"\W|$",899854,1
"\W|$",899008,1
"\W|$",899627,1
"\W|$",1239391,1
"\W|$",941918,1
"\W|$",958447,1
"\W|$",941915,1
"\W|$",948194,1
"\W|$",899032,1
"\W|$",899814,1
"\W|$",899809,1
"\W|$",941848,1
"\W|$",1315494,1
"\W|$",899813,1
"\W|$",899849,1
"\W|$",899811,1
"\W|$",899812,1
"\W|$",1225219,1
"\W|$",899827,1
"\W|$",899810,1
"\W|$",1225217,1
"\W|$",899828,1
"\W|$",1268703,1
"\W|$",898978,1
"\W|$",898979,1
"\W|$",1041077,1
"\W|$",1041080,1
"\W|$",898972,1
"\W|$",1041088,1
"\W|$",1041083,1
"\W|$",1041093,1
"\W|$",1041098,1
"\W|$",1041044,1
"\W|$",899881,1
"\W|$",899880,1
"\W|$",899939,1
"\W|$",899829,1
"\W|$",1225215,1
"\W|$",899798,1
"\W|$",1225211,1
"\W|$",899800,1
"\W|$",899805,1
"\W|$",899807,1
"\W|$",1041531,1
"\W|$",899818,1
"\W|$",899799,1
"\W|$",899796,1
"\W|$",1041534,1
"\W|$",899776,1
"\W|$",1268521,1
"\W|$",1268491,1
"\W|$",1268501,1
"\W|$",899120,1
"\W|$",1268505,1
"\W|$",899531,1
"\W|$",899528,1
"\W|$",899739,1
"\W|$",899525,1
"\W|$",899707,1
"\W|$",899121,1
"\W|$",1281888,1
"\W|$",899131,1
"\W|$",899708,1
"\W|$",899710,1
"\W|$",899711,1
"\W|$",899709,1
"\W|$",1268471,1
"\W|$",1268473,1
"\W|$",899022,1
"\W|$",1284799,1
"\W|$",899565,1
"\W|$",899499,1
"\W|$",1268469,1
"\W|$",899517,1
"\W|$",871088,1
"\W|$",899512,1
"\W|$",899122,1
"\W|$",899124,1
"\W|$",899518,1
"\W|$",899132,1
"\W|$",1146914,1
"\W|$",899521,1
"\W|$",899125,1
"\W|$",900067,1
"\W|$",1268467,1
"\W|$",1281886,1
"\W|$",1281882,1
"\W|$",1281896,1
"\W|$",1093938,1
"\W|$",899637,1
"\W|$",1159185,1
"\W|$",871156,1
"\W|$",900068,1
"\W|$",1159183,1
"\W|$",900115,1
"\W|$",899721,1
"\W|$",899716,1
"\W|$",871240,1
"\W|$",899136,1
"\W|$",899596,1
"\W|$",899598,1
"\W|$",1285418,1
"\W|$",1146912,1
"\W|$",900122,1
"\W|$",926862,1
"\W|$",899617,1
"\W|$",1094025,1
"\W|$",899712,1
"\W|$",899737,1
"\W|$",1171247,1
"\W|$",899722,1
"\W|$",1171249,1
"\W|$",1251777,1
"\W|$",1093954,1
"\W|$",1146916,1
"\W|$",926768,1
"\W|$",899505,1
"\W|$",899506,1
"\W|$",1268475,1
"\W|$",899507,1
"\W|$",899508,1
"\W|$",899175,1
"\W|$",899515,1
"\W|$",899513,1
"\W|$",899514,1
"\W|$",1176973,1
"\W|$",899162,1
"\W|$",899497,1
"\W|$",899498,1
"\W|$",899046,1
"\W|$",1176981,1
"\W|$",878915,1
"\W|$",938463,1
"\W|$",899529,1
"\W|$",899704,1
"\W|$",899049,1
"\W|$",899748,1
"\W|$",899182,1
"\W|$",899705,1
"\W|$",899905,1
"\W|$",881483,1
"\W|$",899904,1
"\W|$",899846,1
"\W|$",878775,1
"\W|$",878797,1
"\W|$",1292372,1
"\W|$",899847,1
"\W|$",899878,1
"\W|$",899879,1
"\W|$",1176971,1
"\W|$",1283080,1
"\W|$",1352338,1
"\W|$",1283082,1
"\W|$",1352340,1
"\W|$",899717,1
"\W|$",899092,1
"\W|$",899655,1
"\W|$",1268515,1
"\W|$",899116,1
"\W|$",899607,1
"\W|$",1275208,1
"\W|$",1275214,1
"\W|$",1352337,1
"\W|$",1283084,1
"\W|$",1352341,1
"\W|$",932491,1
"\W|$",899649,1
"\W|$",899537,1
"\W|$",899534,1
"\W|$",899536,1
"\W|$",899533,1
"\W|$",899230,1
"\W|$",899535,1
"\W|$",935251,1
"\W|$",899229,1
"\W|$",899123,1
"\W|$",899134,1
"\W|$",899188,1
"\W|$",926708,1
"\W|$",899193,1
"\W|$",899220,1
"\W|$",899925,1
"\W|$",899044,1
"\W|$",899064,1
"\W|$",899926,1
"\W|$",899927,1
"\W|$",899928,1
"\W|$",899048,1
"\W|$",899929,1
"\W|$",941922,1
"\W|$",899942,1
"\W|$",899946,1
"\W|$",899947,1
"\W|$",943223,1
"\W|$",943205,1
"\W|$",943240,1
"\W|$",943202,1
"\W|$",943243,1
"\W|$",943199,1
"\W|$",1285618,1
"\W|$",943214,1
"\W|$",943217,1
"\W|$",943220,1
"\W|$",1238783,1
"\W|$",899215,1
"\W|$",899902,1
"\W|$",899903,1
"\W|$",899952,1
"\W|$",1277481,1
"\W|$",1277503,1
"\W|$",1277489,1
"\W|$",1225187,1
"\W|$",964573,1
"\W|$",1225201,1
"\W|$",1225185,1
"\W|$",1277485,1
"\W|$",1225189,1
"\W|$",1285616,1
"\W|$",1238785,1
"\W|$",1225221,1
"\W|$",1277497,1
"\W|$",899211,1
"\W|$",1225197,1
"\W|$",899079,1
"\W|$",1344233,1
"\W|$",1283086,1
"\W|$",899824,1
"\W|$",900024,1
"\W|$",900025,1
"\W|$",899851,1
"\W|$",899852,1
"\W|$",899054,1
"\W|$",1225205,1
"\W|$",1225207,1
"\W|$",1225209,1
"\W|$",1225203,1
"\W|$",899164,1
"\W|$",899130,1
"\W|$",899884,1
"\W|$",899110,1
"\W|$",899883,1
"\W|$",1225193,1
"\W|$",1225199,1
"\W|$",1225191,1
"\W|$",1283076,1
"\W|$",899825,1
"\W|$",899053,1
"\W|$",899821,1
"\W|$",1225169,1
"\W|$",899826,1
"\W|$",899055,1
"\W|$",899205,1
"\W|$",899822,1
"\W|$",1277495,1
"\W|$",903281,1
"\W|$",899901,1
"\W|$",899898,1
"\W|$",899899,1
"\W|$",899900,1
"\W|$",899190,1
"\W|$",1041761,1
"\W|$",899875,1
"\W|$",1041792,1
"\W|$",1041777,1
"\W|$",1041757,1
"\W|$",899876,1
"\W|$",1041742,1
"\W|$",1041747,1
"\W|$",899877,1
"\W|$",1268705,1
"\W|$",1041374,1
"\W|$",1041379,1
"\W|$",1041348,1
"\W|$",1041343,1
"\W|$",1344240,1
"\W|$",1044259,1
"\W|$",1044262,1
"\W|$",1044265,1
"\W|$",1044268,1
"\W|$",1232163,1
"\W|$",1044271,1
"\W|$",1044274,1
"\W|$",1044280,1
"\W|$",1044277,1
"\W|$",1044283,1
"\W|$",1268533,1
"\W|$",1268531,1
"\W|$",899115,1
"\W|$",899117,1
"\W|$",900121,1
"\W|$",899956,1
"\W|$",900119,1
"\W|$",899135,1
"\W|$",973010,1
"\W|$",943176,1
"\W|$",899113,1
"\W|$",899981,1
"\W|$",899112,1
"\W|$",899114,1
"\W|$",899035,1
"\W|$",899298,1
"\W|$",899194,1
"\W|$",899034,1
"\W|$",944004,1
"\W|$",866470,1
"\W|$",899930,1
"\W|$",899931,1
"\W|$",1225183,1
"\W|$",1239373,1
"\W|$",1225177,1
"\W|$",1225181,1
"\W|$",899816,1
"\W|$",1225175,1
"\W|$",1225173,1
"\W|$",1041643,1
"\W|$",1041632,1
"\W|$",1041621,1
"\W|$",899571,1
"\W|$",1344269,1
"\W|$",1344270,1
"\W|$",1159155,1
"\W|$",1146926,1
"\W|$",1146924,1
"\W|$",899606,1
"\W|$",899888,1
"\W|$",899574,1
"\W|$",899059,1
"\W|$",899560,1
"\W|$",1238781,1
"\W|$",1159139,1
"\W|$",1159169,1
"\W|$",899530,1
"\W|$",899023,1
"\W|$",899564,1
"\W|$",898957,1
"\W|$",899067,1
"\W|$",1268571,1
"\W|$",1268573,1
"\W|$",1225195,1
"\W|$",899657,1
"\W|$",1225171,1
"\W|$",899756,1
"\W|$",1159133,1
"\W|$",934599,1
"\W|$",899618,1
"\W|$",1041676,1
"\W|$",1041654,1
"\W|$",1041665,1
"\W|$",1041687,1
"\W|$",1146910,1
"\W|$",1146920,1
"\W|$",1202419,1
"\W|$",1146922,1
"\W|$",1315492,1
"\W|$",899559,1
"\W|$",1315493,1
"\W|$",899166,1
"\W|$",1281878,1
"\W|$",1159181,1
"\W|$",1159179,1
"\W|$",899720,1
"\W|$",934901,1
"\W|$",899625,1
"\W|$",900114,1
"\W|$",899171,1
"\W|$",900116,1
"\W|$",900118,1
"\W|$",900117,1
"\W|$",899738,1
"\W|$",899167,1
"\W|$",899195,1
"\W|$",899973,1
"\W|$",899974,1
"\W|$",899975,1
"\W|$",899216,1
"\W|$",899944,1
"\W|$",1277479,1
"\W|$",899169,1
"\W|$",899170,1
"\W|$",899976,1
"\W|$",899172,1
"\W|$",899977,1
"\W|$",899978,1
"\W|$",899971,1
"\W|$",899979,1
"\W|$",899980,1
"\W|$",1279136,1
"\W|$",899972,1
"\W|$",1042195,1
"\W|$",1042214,1
"\W|$",1013712,1
"\W|$",1271339,1
"\W|$",959470,1
"\W|$",899168,1
"\W|$",959597,1
"\W|$",900059,1
"\W|$",931848,1
"\W|$",955170,1
"\W|$",899746,1
"\W|$",899747,1
"\W|$",899771,1
"\W|$",899145,1
"\W|$",898959,1
"\W|$",898993,1
"\W|$",899312,1
"\W|$",1268950,1
"\W|$",1268948,1
"\W|$",1285854,1
"\W|$",1269138,1
"\W|$",1281874,1
"\W|$",1281876,1
"\W|$",1176975,1
"\W|$",1281902,1
"\W|$",1281884,1
"\W|$",1159165,1
"\W|$",1159177,1
"\W|$",1251779,1
"\W|$",1159167,1
"\W|$",1176977,1
"\W|$",1159159,1
"\W|$",1238787,1
"\W|$",1271530,1
"\W|$",1271528,1
"\W|$",943237,1
"\W|$",899953,1
"\W|$",1232165,1
"\W|$",1041807,1
"\W|$",1041815,1
"\W|$",1232167,1
"\W|$",1268503,1
"\W|$",1232183,1
"\W|$",1041811,1
"\W|$",1268529,1
"\W|$",900009,1
"\W|$",1269120,1
"\W|$",934804,1
"\W|$",934811,1
"\W|$",1044286,1
"\W|$",1268944,1
"\W|$",1268499,1
"\W|$",1268946,1
"\W|$",1268497,1
"\W|$",1269140,1
"\W|$",1279638,1
"\W|$",899740,1
"\W|$",899742,1
"\W|$",899085,1
"\W|$",1281900,1
"\W|$",899745,1
"\W|$",899084,1
"\W|$",899984,1
"\W|$",1159141,1
"\W|$",899069,1
"\W|$",899040,1
"\W|$",1085027,1
"\W|$",1159135,1
"\W|$",899735,1
"\W|$",899179,1
"\W|$",899697,1
"\W|$",899579,1
"\W|$",1277477,1
"\W|$",1277475,1
"\W|$",1277473,1
"\W|$",932963,1
"\W|$",1277469,1
"\W|$",874122,1
"\W|$",1041487,1
"\W|$",1344274,1
"\W|$",899578,1
"\W|$",899791,1
"\W|$",874085,1
"\W|$",874094,1
"\W|$",905001,1
"\W|$",1041620,1
"\W|$",1041619,1
"\W|$",1232161,1
"\W|$",1044256,1
"\W|$",1268569,1
"\W|$",1268523,1
"\W|$",684754,1
"\W|$",685236,1
"\W|$",687958,1
"\W|$",684869,1
"\W|$",868472,1
"\W|$",689131,1
"\W|$",687027,1
"\W|$",687495,1
"\W|$",686714,1
"\W|$",687024,1
"\W|$",686929,1
"\W|$",687463,1
"\W|$",684055,1
"\W|$",683825,1
"\W|$",687530,1
"\W|$",683597,1
"\W|$",887476,1
"\W|$",887479,1
"\W|$",685633,1
"\W|$",868474,1
"\W|$",683531,1
"\W|$",686092,1
"\W|$",685502,1
"\W|$",685503,1
"\W|$",688702,1
"\W|$",687506,1
"\W|$",687296,1
"\W|$",868484,1
"\W|$",887482,1
"\W|$",868481,1
"\W|$",688616,1
"\W|$",868483,1
"\W|$",687960,1
"\W|$",887527,1
"\W|$",686713,1
"\W|$",688718,1
"\W|$",684543,1
"\W|$",887533,1
"\W|$",887524,1
"\W|$",887485,1
"\W|$",688516,1
"\W|$",686038,1
"\W|$",686463,1
"\W|$",868487,1
"\W|$",868490,1
"\W|$",887530,1
"\W|$",687719,1
"\W|$",887536,1
"\W|$",688309,1
"\W|$",868488,1
"\W|$",868486,1
"\W|$",868489,1
"\W|$",868492,1
"\W|$",868491,1
"\W|$",868485,1
"\W|$",868493,1
"\W|$",868495,1
"\W|$",688090,1
"\W|$",689594,1
"\W|$",686829,1
"\W|$",685361,1
"\W|$",684918,1
"\W|$",685717,1
"\W|$",685907,1
"\W|$",686930,1
"\W|$",685327,1
"\W|$",690071,1
"\W|$",684472,1
"\W|$",684329,1
"\W|$",690051,1
"\W|$",685193,1
"\W|$",687330,1
"\W|$",685003,1
"\W|$",683479,1
"\W|$",685121,1
"\W|$",687859,1
"\W|$",687309,1
"\W|$",686568,1
"\W|$",689029,1
"\W|$",686557,1
"\W|$",686062,1
"\W|$",683924,1
"\W|$",684769,1
"\W|$",685757,1
"\W|$",686822,1
"\W|$",868463,1
"\W|$",687494,1
"\W|$",689160,1
"\W|$",685704,1
"\W|$",685553,1
"\W|$",868464,1
"\W|$",868470,1
"\W|$",868465,1
"\W|$",687718,1
"\W|$",689692,1
"\W|$",684906,1
"\W|$",868466,1
"\W|$",868467,1
"\W|$",689137,1
"\W|$",683966,1
"\W|$",868468,1
"\W|$",868469,1
"\W|$",687888,1
"\W|$",688927,1
"\W|$",838082,1
"\W|$",838094,1
"\W|$",689685,1
"\W|$",838088,1
"\W|$",868471,1
"\W|$",688053,1
"\W|$",689588,1
"\W|$",683549,1
"\W|$",689753,1
"\W|$",688744,1
"\W|$",689589,1
"\W|$",688154,1
"\W|$",689482,1
"\W|$",683102,1
"\W|$",687942,1
"\W|$",689630,1
"\W|$",687508,1
"\W|$",684324,1
"\W|$",688163,1
"\W|$",689036,1
"\W|$",688681,1
"\W|$",687505,1
"\W|$",688666,1
"\W|$",683233,1
"\W|$",689571,1
"\W|$",732869,1
"\W|$",685774,1
"\W|$",687507,1
"\W|$",721881,1
"\W|$",788077,1
"\W|$",721877,1
"\W|$",688985,1
"\W|$",687981,1
"\W|$",683682,1
"\W|$",688279,1
"\W|$",685944,1
"\W|$",688444,1
"\W|$",684280,1
"\W|$",820772,1
"\W|$",732630,1
"\W|$",684856,1
"\W|$",687554,1
"\W|$",689650,1
"\W|$",684485,1
"\W|$",689973,1
"\W|$",684546,1
"\W|$",686085,1
"\W|$",684541,1
"\W|$",685263,1
"\W|$",687633,1
"\W|$",688065,1
"\W|$",687997,1
"\W|$",685135,1
"\W|$",821455,1
"\W|$",689838,1
"\W|$",685533,1
"\W|$",687063,1
"\W|$",686741,1
"\W|$",768370,1
"\W|$",684117,1
"\W|$",688156,1
"\W|$",687979,1
"\W|$",685470,1
"\W|$",687576,1
"\W|$",686285,1
"\W|$",689498,1
"\W|$",685842,1
"\W|$",686269,1
"\W|$",684105,1
"\W|$",856884,1
"\W|$",859615,1
"\W|$",684375,1
"\W|$",684381,1
"\W|$",689777,1
"\W|$",687074,1
"\W|$",685498,1
"\W|$",686284,1
"\W|$",732636,1
"\W|$",687020,1
"\W|$",684469,1
"\W|$",821785,1
"\W|$",687755,1
"\W|$",685884,1
"\W|$",685542,1
"\W|$",689042,1
"\W|$",688325,1
"\W|$",683680,1
"\W|$",688350,1
"\W|$",683681,1
"\W|$",720774,1
"\W|$",720781,1
"\W|$",687982,1
"\W|$",685138,1
"\W|$",683907,1
"\W|$",687182,1
"\W|$",689216,1
"\W|$",689857,1
"\W|$",689165,1
"\W|$",685429,1
"\W|$",689582,1
"\W|$",687040,1
"\W|$",685601,1
"\W|$",856878,1
"\W|$",689075,1
"\W|$",687515,1
"\W|$",686482,1
"\W|$",683553,1
"\W|$",688019,1
"\W|$",686035,1
"\W|$",684192,1
"\W|$",687615,1
"\W|$",688494,1
"\W|$",687382,1
"\W|$",687536,1
"\W|$",683637,1
"\W|$",685092,1
"\W|$",689477,1
"\W|$",690000,1
"\W|$",932249,1
"\W|$",932247,1
"\W|$",688222,1
"\W|$",932251,1
"\W|$",687165,1
"\W|$",932248,1
"\W|$",932250,1
"\W|$",684287,1
"\W|$",686414,1
"\W|$",683754,1
"\W|$",932236,1
"\W|$",687535,1
"\W|$",683143,1
"\W|$",688575,1
"\W|$",688578,1
"\W|$",932252,1
"\W|$",686413,1
"\W|$",689367,1
"\W|$",685300,1
"\W|$",685967,1
"\W|$",687753,1
"\W|$",932237,1
"\W|$",684185,1
"\W|$",689621,1
"\W|$",932243,1
"\W|$",687194,1
"\W|$",685026,1
"\W|$",685027,1
"\W|$",688011,1
"\W|$",689687,1
"\W|$",683711,1
"\W|$",689842,1
"\W|$",689843,1
"\W|$",684047,1
"\W|$",689074,1
"\W|$",688120,1
"\W|$",689900,1
"\W|$",732726,1
"\W|$",685275,1
"\W|$",685441,1
"\W|$",689254,1
"\W|$",686815,1
"\W|$",686586,1
"\W|$",817159,1
"\W|$",684921,1
"\W|$",688272,1
"\W|$",683890,1
"\W|$",732722,1
"\W|$",688221,1
"\W|$",683169,1
"\W|$",686767,1
"\W|$",687267,1
"\W|$",684542,1
"\W|$",684626,1
"\W|$",685091,1
"\W|$",684627,1
"\W|$",689458,1
"\W|$",684980,1
"\W|$",687268,1
"\W|$",683815,1
"\W|$",685509,1
"\W|$",684289,1
"\W|$",688597,1
"\W|$",686504,1
"\W|$",685372,1
"\W|$",683910,1
"\W|$",856869,1
"\W|$",688726,1
"\W|$",686074,1
"\W|$",687060,1
"\W|$",689827,1
"\W|$",688772,1
"\W|$",685276,1
"\W|$",687094,1
"\W|$",686342,1
"\W|$",687545,1
"\W|$",689676,1
"\W|$",685700,1
"\W|$",683713,1
"\W|$",684787,1
"\W|$",688406,1
"\W|$",689648,1
"\W|$",687061,1
"\W|$",684562,1
"\W|$",687780,1
"\W|$",690066,1
"\W|$",687831,1
"\W|$",689337,1
"\W|$",685530,1
"\W|$",688443,1
"\W|$",688760,1
"\W|$",688245,1
"\W|$",688936,1
"\W|$",688845,1
"\W|$",732730,1
"\W|$",684152,1
"\W|$",688924,1
"\W|$",686094,1
"\W|$",688937,1
"\W|$",687302,1
"\W|$",684382,1
"\W|$",688223,1
"\W|$",687904,1
"\W|$",687752,1
"\W|$",687891,1
"\W|$",684030,1
"\W|$",732797,1
"\W|$",833108,1
"\W|$",685002,1
"\W|$",689119,1
"\W|$",683119,1
"\W|$",686870,1
"\W|$",684630,1
"\W|$",684944,1
"\W|$",683449,1
"\W|$",687226,1
"\W|$",861494,1
"\W|$",689459,1
"\W|$",687694,1
"\W|$",689504,1
"\W|$",686766,1
"\W|$",861491,1
"\W|$",720934,1
"\W|$",685442,1
"\W|$",798678,1
"\W|$",687818,1
"\W|$",687462,1
"\W|$",688220,1
"\W|$",683183,1
"\W|$",803040,1
"\W|$",688599,1
"\W|$",684421,1
"\W|$",688475,1
"\W|$",683335,1
"\W|$",758559,1
"\W|$",738472,1
"\W|$",858830,1
"\W|$",689466,1
"\W|$",683567,1
"\W|$",685990,1
"\W|$",685712,1
"\W|$",687110,1
"\W|$",684134,1
"\W|$",964073,1
"\W|$",686515,1
"\W|$",685930,1
"\W|$",689521,1
"\W|$",686817,1
"\W|$",1151293,1
"\W|$",683611,1
"\W|$",685029,1
"\W|$",856786,1
"\W|$",684529,1
"\W|$",720826,1
"\W|$",720833,1
"\W|$",720842,1
"\W|$",720797,1
"\W|$",685264,1
"\W|$",683271,1
"\W|$",814348,1
"\W|$",686106,1
"\W|$",688689,1
"\W|$",683390,1
"\W|$",684592,1
"\W|$",688995,1
"\W|$",688114,1
"\W|$",684566,1
"\W|$",687717,1
"\W|$",721871,1
"\W|$",721865,1
"\W|$",683601,1
"\W|$",683246,1
"\W|$",687247,1
"\W|$",688926,1
"\W|$",684143,1
"\W|$",688747,1
"\W|$",687166,1
"\W|$",687597,1
"\W|$",688089,1
"\W|$",687817,1
"\W|$",685975,1
"\W|$",683346,1
"\W|$",686000,1
"\W|$",689716,1
"\W|$",685613,1
"\W|$",683229,1
"\W|$",687526,1
"\W|$",684319,1
"\W|$",684269,1
"\W|$",683530,1
"\W|$",687343,1
"\W|$",1284843,1
"\W|$",685401,1
"\W|$",683835,1
"\W|$",686865,1
"\W|$",683528,1
"\W|$",686270,1
"\W|$",1284865,1
"\W|$",1284863,1
"\W|$",1284861,1
"\W|$",1284837,1
"\W|$",1281920,1
"\W|$",1281922,1
"\W|$",1284839,1
"\W|$",1284835,1
"\W|$",687280,1
"\W|$",686730,1
"\W|$",688157,1
"\W|$",685084,1
"\W|$",856881,1
"\W|$",689974,1
"\W|$",688371,1
"\W|$",687311,1
"\W|$",689320,1
"\W|$",685887,1
"\W|$",690075,1
"\W|$",687796,1
"\W|$",688976,1
"\W|$",687081,1
"\W|$",684591,1
"\W|$",685054,1
"\W|$",688730,1
"\W|$",684218,1
"\W|$",686708,1
"\W|$",688788,1
"\W|$",688789,1
"\W|$",687978,1
"\W|$",685164,1
"\W|$",768245,1
"\W|$",683306,1
"\W|$",684284,1
"\W|$",684698,1
"\W|$",1271016,1
"\W|$",1270992,1
"\W|$",685459,1
"\W|$",686591,1
"\W|$",686276,1
"\W|$",687874,1
"\W|$",689520,1
"\W|$",684419,1
"\W|$",683251,1
"\W|$",1271030,1
"\W|$",1271028,1
"\W|$",683469,1
"\W|$",686677,1
"\W|$",1270994,1
"\W|$",1271014,1
"\W|$",1271032,1
"\W|$",683470,1
"\W|$",684363,1
"\W|$",1271020,1
"\W|$",1271018,1
"\W|$",688059,1
"\W|$",683719,1
"\W|$",687078,1
"\W|$",683471,1
"\W|$",688361,1
"\W|$",685875,1
"\W|$",688466,1
"\W|$",684900,1
"\W|$",688852,1
"\W|$",827851,1
"\W|$",827848,1
"\W|$",684361,1
"\W|$",686397,1
"\W|$",689078,1
"\W|$",687849,1
"\W|$",686396,1
"\W|$",820824,1
"\W|$",687289,1
"\W|$",688362,1
"\W|$",688168,1
"\W|$",685983,1
"\W|$",683968,1
"\W|$",687064,1
"\W|$",684182,1
"\W|$",684660,1
"\W|$",685038,1
"\W|$",688112,1
"\W|$",685216,1
"\W|$",684459,1
"\W|$",684173,1
"\W|$",686999,1
"\W|$",689939,1
"\W|$",688440,1
"\W|$",685748,1
"\W|$",687785,1
"\W|$",689547,1
"\W|$",687222,1
"\W|$",687065,1
"\W|$",683801,1
"\W|$",685914,1
"\W|$",685010,1
"\W|$",689010,1
"\W|$",689377,1
"\W|$",686781,1
"\W|$",1271006,1
"\W|$",1271004,1
"\W|$",1271002,1
"\W|$",1271010,1
"\W|$",1271008,1
"\W|$",683509,1
"\W|$",687221,1
"\W|$",689680,1
"\W|$",689391,1
"\W|$",684186,1
"\W|$",683370,1
"\W|$",689011,1
"\W|$",1271000,1
"\W|$",683069,1
"\W|$",688344,1
"\W|$",688153,1
"\W|$",686560,1
"\W|$",684482,1
"\W|$",683222,1
"\W|$",688075,1
"\W|$",685597,1
"\W|$",688547,1
"\W|$",1277766,1
"\W|$",799291,1
"\W|$",1277592,1
"\W|$",1277644,1
"\W|$",1277582,1
"\W|$",1277646,1
"\W|$",1277596,1
"\W|$",1277628,1
"\W|$",969567,1
"\W|$",788740,1
"\W|$",788737,1
"\W|$",788695,1
"\W|$",788698,1
"\W|$",788701,1
"\W|$",788704,1
"\W|$",788707,1
"\W|$",969570,1
"\W|$",788724,1
"\W|$",788727,1
"\W|$",788692,1
"\W|$",788758,1
"\W|$",686263,1
"\W|$",1277527,1
"\W|$",688174,1
"\W|$",684189,1
"\W|$",688872,1
"\W|$",685549,1
"\W|$",686472,1
"\W|$",688100,1
"\W|$",687341,1
"\W|$",972098,1
"\W|$",1277531,1
"\W|$",1277529,1
"\W|$",686842,1
"\W|$",688555,1
"\W|$",1277517,1
"\W|$",689681,1
"\W|$",683512,1
"\W|$",1277561,1
"\W|$",684212,1
"\W|$",799308,1
"\W|$",688478,1
"\W|$",1277632,1
"\W|$",684778,1
"\W|$",689760,1
"\W|$",687767,1
"\W|$",799311,1
"\W|$",688341,1
"\W|$",684528,1
"\W|$",1277525,1
"\W|$",788746,1
"\W|$",788743,1
"\W|$",687425,1
"\W|$",969552,1
"\W|$",685516,1
"\W|$",689641,1
"\W|$",1277537,1
"\W|$",688981,1
"\W|$",689174,1
"\W|$",1277523,1
"\W|$",1277521,1
"\W|$",688328,1
"\W|$",1277698,1
"\W|$",689212,1
"\W|$",687348,1
"\W|$",686300,1
"\W|$",686489,1
"\W|$",1277808,1
"\W|$",969561,1
"\W|$",1277762,1
"\W|$",1277746,1
"\W|$",684301,1
"\W|$",969564,1
"\W|$",1277598,1
"\W|$",1277610,1
"\W|$",1277608,1
"\W|$",685189,1
"\W|$",684156,1
"\W|$",684412,1
"\W|$",689724,1
"\W|$",685489,1
"\W|$",686218,1
"\W|$",689494,1
"\W|$",685400,1
"\W|$",689399,1
"\W|$",686513,1
"\W|$",689702,1
"\W|$",686859,1
"\W|$",685991,1
"\W|$",683841,1
"\W|$",687966,1
"\W|$",685243,1
"\W|$",687922,1
"\W|$",687951,1
"\W|$",684667,1
"\W|$",685727,1
"\W|$",758564,1
"\W|$",684949,1
"\W|$",686779,1
"\W|$",683622,1
"\W|$",689251,1
"\W|$",683736,1
"\W|$",687751,1
"\W|$",797769,1
"\W|$",686615,1
"\W|$",687321,1
"\W|$",688921,1
"\W|$",683191,1
"\W|$",689764,1
"\W|$",683709,1
"\W|$",688204,1
"\W|$",683359,1
"\W|$",686534,1
"\W|$",687323,1
"\W|$",802102,1
"\W|$",689569,1
"\W|$",686483,1
"\W|$",686312,1
"\W|$",685451,1
"\W|$",685320,1
"\W|$",933817,1
"\W|$",933859,1
"\W|$",684133,1
"\W|$",689218,1
"\W|$",755371,1
"\W|$",802115,1
"\W|$",795478,1
"\W|$",685669,1
"\W|$",684116,1
"\W|$",685446,1
"\W|$",687715,1
"\W|$",685747,1
"\W|$",684081,1
"\W|$",1159195,1
"\W|$",1159199,1
"\W|$",933845,1
"\W|$",1159197,1
"\W|$",1225019,1
"\W|$",689502,1
"\W|$",689384,1
"\W|$",685314,1
"\W|$",688339,1
"\W|$",689294,1
"\W|$",686716,1
"\W|$",933911,1
"\W|$",686189,1
"\W|$",683932,1
"\W|$",686552,1
"\W|$",1256094,1
"\W|$",689404,1
"\W|$",686333,1
"\W|$",686756,1
"\W|$",689579,1
"\W|$",688457,1
"\W|$",688573,1
"\W|$",685943,1
"\W|$",683342,1
"\W|$",685190,1
"\W|$",740220,1
"\W|$",683394,1
"\W|$",683502,1
"\W|$",689283,1
"\W|$",688029,1
"\W|$",686545,1
"\W|$",688748,1
"\W|$",685853,1
"\W|$",689368,1
"\W|$",688299,1
"\W|$",689639,1
"\W|$",684257,1
"\W|$",686512,1
"\W|$",686440,1
"\W|$",684808,1
"\W|$",690048,1
"\W|$",687868,1
"\W|$",688277,1
"\W|$",683316,1
"\W|$",836330,1
"\W|$",683889,1
"\W|$",689836,1
"\W|$",687229,1
"\W|$",809423,1
"\W|$",686528,1
"\W|$",683871,1
"\W|$",689678,1
"\W|$",689416,1
"\W|$",687787,1
"\W|$",686840,1
"\W|$",690009,1
"\W|$",685025,1
"\W|$",685177,1
"\W|$",687661,1
"\W|$",685180,1
"\W|$",684270,1
"\W|$",689027,1
"\W|$",687624,1
"\W|$",684865,1
"\W|$",687798,1
"\W|$",686044,1
"\W|$",1349444,1
"\W|$",688348,1
"\W|$",836338,1
"\W|$",688822,1
"\W|$",684629,1
"\W|$",688719,1
"\W|$",683196,1
"\W|$",943698,1
"\W|$",686117,1
"\W|$",689602,1
"\W|$",687172,1
"\W|$",684046,1
"\W|$",685244,1
"\W|$",685836,1
"\W|$",688827,1
"\W|$",685156,1
"\W|$",687805,1
"\W|$",687197,1
"\W|$",688054,1
"\W|$",686973,1
"\W|$",688757,1
"\W|$",688949,1
"\W|$",685150,1
"\W|$",686866,1
"\W|$",687627,1
"\W|$",683798,1
"\W|$",684730,1
"\W|$",952808,1
"\W|$",687537,1
"\W|$",686982,1
"\W|$",686116,1
"\W|$",684700,1
"\W|$",728821,1
"\W|$",683617,1
"\W|$",686143,1
"\W|$",686934,1
"\W|$",685271,1
"\W|$",687189,1
"\W|$",933791,1
"\W|$",791646,1
"\W|$",683149,1
"\W|$",787687,1
"\W|$",787680,1
"\W|$",787691,1
"\W|$",905858,1
"\W|$",684859,1
"\W|$",688955,1
"\W|$",686132,1
"\W|$",688606,1
"\W|$",689237,1
"\W|$",689771,1
"\W|$",688918,1
"\W|$",686629,1
"\W|$",683249,1
"\W|$",687809,1
"\W|$",683786,1
"\W|$",688334,1
"\W|$",684706,1
"\W|$",1159205,1
"\W|$",688642,1
"\W|$",684493,1
"\W|$",685169,1
"\W|$",688027,1
"\W|$",686267,1
"\W|$",1159189,1
"\W|$",685340,1
"\W|$",689734,1
"\W|$",688765,1
"\W|$",686389,1
"\W|$",683433,1
"\W|$",687760,1
"\W|$",685335,1
"\W|$",689830,1
"\W|$",787718,1
"\W|$",683856,1
"\W|$",689256,1
"\W|$",684643,1
"\W|$",684064,1
"\W|$",683465,1
"\W|$",687104,1
"\W|$",684261,1
"\W|$",683167,1
"\W|$",950081,1
"\W|$",688343,1
"\W|$",686217,1
"\W|$",689535,1
"\W|$",689988,1
"\W|$",950084,1
"\W|$",688963,1
"\W|$",689865,1
"\W|$",686569,1
"\W|$",686127,1
"\W|$",689528,1
"\W|$",683533,1
"\W|$",685733,1
"\W|$",684099,1
"\W|$",685147,1
"\W|$",689321,1
"\W|$",684506,1
"\W|$",683683,1
"\W|$",689277,1
"\W|$",687025,1
"\W|$",688077,1
"\W|$",689488,1
"\W|$",950061,1
"\W|$",807522,1
"\W|$",683939,1
"\W|$",688129,1
"\W|$",686109,1
"\W|$",790988,1
"\W|$",683435,1
"\W|$",689304,1
"\W|$",688944,1
"\W|$",683319,1
"\W|$",802079,1
"\W|$",683322,1
"\W|$",688806,1
"\W|$",683341,1
"\W|$",685222,1
"\W|$",688570,1
"\W|$",684599,1
"\W|$",684635,1
"\W|$",687931,1
"\W|$",688551,1
"\W|$",685445,1
"\W|$",687746,1
"\W|$",687210,1
"\W|$",1242977,1
"\W|$",1242975,1
"\W|$",683569,1
"\W|$",1242979,1
"\W|$",687965,1
"\W|$",684146,1
"\W|$",689444,1
"\W|$",685933,1
"\W|$",828509,1
"\W|$",686305,1
"\W|$",686525,1
"\W|$",688965,1
"\W|$",1242969,1
"\W|$",1242971,1
"\W|$",1242973,1
"\W|$",685059,1
"\W|$",686553,1
"\W|$",684806,1
"\W|$",689942,1
"\W|$",684248,1
"\W|$",1315499,1
"\W|$",688205,1
"\W|$",683064,1
"\W|$",684876,1
"\W|$",688319,1
"\W|$",689586,1
"\W|$",1315498,1
"\W|$",683568,1
"\W|$",685894,1
"\W|$",688684,1
"\W|$",687178,1
"\W|$",688275,1
"\W|$",687681,1
"\W|$",688522,1
"\W|$",688095,1
"\W|$",689188,1
"\W|$",688533,1
"\W|$",684266,1
"\W|$",689924,1
"\W|$",687556,1
"\W|$",892922,1
"\W|$",689739,1
"\W|$",686013,1
"\W|$",686932,1
"\W|$",690022,1
"\W|$",690025,1
"\W|$",684967,1
"\W|$",890136,1
"\W|$",890146,1
"\W|$",683095,1
"\W|$",687144,1
"\W|$",687179,1
"\W|$",685555,1
"\W|$",687455,1
"\W|$",687680,1
"\W|$",687791,1
"\W|$",683694,1
"\W|$",892978,1
"\W|$",688376,1
"\W|$",831153,1
"\W|$",683898,1
"\W|$",683742,1
"\W|$",686787,1
"\W|$",828510,1
"\W|$",687168,1
"\W|$",688432,1
"\W|$",683554,1
"\W|$",687188,1
"\W|$",683418,1
"\W|$",687513,1
"\W|$",689622,1
"\W|$",688759,1
"\W|$",686798,1
"\W|$",686561,1
"\W|$",685185,1
"\W|$",685740,1
"\W|$",892953,1
"\W|$",683348,1
"\W|$",686707,1
"\W|$",684873,1
"\W|$",688375,1
"\W|$",683710,1
"\W|$",684756,1
"\W|$",684258,1
"\W|$",686355,1
"\W|$",683517,1
"\W|$",685818,1
"\W|$",684082,1
"\W|$",933897,1
"\W|$",1256092,1
"\W|$",687447,1
"\W|$",684253,1
"\W|$",689430,1
"\W|$",683834,1
"\W|$",685035,1
"\W|$",687776,1
"\W|$",683985,1
"\W|$",686886,1
"\W|$",689733,1
"\W|$",685028,1
"\W|$",686464,1
"\W|$",683349,1
"\W|$",1259890,1
"\W|$",689885,1
"\W|$",1176999,1
"\W|$",687548,1
"\W|$",689577,1
"\W|$",684832,1
"\W|$",685368,1
"\W|$",687398,1
"\W|$",686890,1
"\W|$",933803,1
"\W|$",684684,1
"\W|$",933831,1
"\W|$",685903,1
"\W|$",933878,1
"\W|$",686765,1
"\W|$",933779,1
"\W|$",1150959,1
"\W|$",683437,1
"\W|$",688259,1
"\W|$",683584,1
"\W|$",686595,1
"\W|$",688119,1
"\W|$",689532,1
"\W|$",689354,1
"\W|$",1349439,1
"\W|$",686533,1
"\W|$",817806,1
"\W|$",686212,1
"\W|$",687711,1
"\W|$",683810,1
"\W|$",685137,1
"\W|$",689799,1
"\W|$",689425,1
"\W|$",689784,1
"\W|$",1233822,1
"\W|$",688261,1
"\W|$",685179,1
"\W|$",688187,1
"\W|$",685183,1
"\W|$",687045,1
"\W|$",684130,1
"\W|$",683060,1
"\W|$",689963,1
"\W|$",1377513,1
"\W|$",683972,1
"\W|$",688446,1
"\W|$",1233826,1
"\W|$",687829,1
"\W|$",828605,1
"\W|$",685460,1
"\W|$",687510,1
"\W|$",685557,1
"\W|$",685462,1
"\W|$",685726,1
"\W|$",686516,1
"\W|$",688110,1
"\W|$",687521,1
"\W|$",686572,1
"\W|$",686441,1
"\W|$",684406,1
"\W|$",689852,1
"\W|$",684621,1
"\W|$",688482,1
"\W|$",687174,1
"\W|$",1233824,1
"\W|$",731082,1
"\W|$",685725,1
"\W|$",687167,1
"\W|$",689862,1
"\W|$",689214,1
"\W|$",689454,1
"\W|$",687902,1
"\W|$",687004,1
"\W|$",907201,1
"\W|$",688138,1
"\W|$",1349451,1
"\W|$",688183,1
"\W|$",688844,1
"\W|$",683778,1
"\W|$",814098,1
"\W|$",687012,1
"\W|$",1151291,1
"\W|$",686374,1
"\W|$",684540,1
"\W|$",689549,1
"\W|$",688480,1
"\W|$",689157,1
"\W|$",689138,1
"\W|$",687737,1
"\W|$",689328,1
"\W|$",683906,1
"\W|$",685635,1
"\W|$",688186,1
"\W|$",903099,1
"\W|$",903081,1
"\W|$",903078,1
"\W|$",903075,1
"\W|$",878264,1
"\W|$",684530,1
"\W|$",885239,1
"\W|$",1150957,1
"\W|$",754608,1
"\W|$",795062,1
"\W|$",685756,1
"\W|$",683735,1
"\W|$",687566,1
"\W|$",683214,1
"\W|$",685878,1
"\W|$",687784,1
"\W|$",685089,1
"\W|$",685403,1
"\W|$",683227,1
"\W|$",688308,1
"\W|$",687422,1
"\W|$",688932,1
"\W|$",690031,1
"\W|$",686061,1
"\W|$",856597,1
"\W|$",683740,1
"\W|$",840021,1
"\W|$",685904,1
"\W|$",689175,1
"\W|$",683781,1
"\W|$",684489,1
"\W|$",684349,1
"\W|$",688189,1
"\W|$",684348,1
"\W|$",684610,1
"\W|$",689790,1
"\W|$",684159,1
"\W|$",741448,1
"\W|$",789532,1
"\W|$",689723,1
"\W|$",861435,1
"\W|$",1349443,1
"\W|$",689879,1
"\W|$",688581,1
"\W|$",687375,1
"\W|$",685681,1
"\W|$",688063,1
"\W|$",686674,1
"\W|$",683274,1
"\W|$",686304,1
"\W|$",801776,1
"\W|$",801773,1
"\W|$",802194,1
"\W|$",689880,1
"\W|$",1284831,1
"\W|$",689432,1
"\W|$",1284823,1
"\W|$",801767,1
"\W|$",801770,1
"\W|$",685469,1
"\W|$",683917,1
"\W|$",683447,1
"\W|$",1284825,1
"\W|$",1284813,1
"\W|$",801783,1
"\W|$",685079,1
"\W|$",1284807,1
"\W|$",1284805,1
"\W|$",688420,1
"\W|$",685855,1
"\W|$",688922,1
"\W|$",683084,1
"\W|$",689917,1
"\W|$",801786,1
"\W|$",801779,1
"\W|$",686580,1
"\W|$",1284821,1
"\W|$",689881,1
"\W|$",689778,1
"\W|$",687870,1
"\W|$",686942,1
"\W|$",689876,1
"\W|$",688113,1
"\W|$",686656,1
"\W|$",687579,1
"\W|$",689322,1
"\W|$",686352,1
"\W|$",685298,1
"\W|$",689584,1
"\W|$",687938,1
"\W|$",684974,1
"\W|$",685491,1
"\W|$",686941,1
"\W|$",684240,1
"\W|$",1315507,1
"\W|$",684331,1
"\W|$",687266,1
"\W|$",1315497,1
"\W|$",1309287,1
"\W|$",1309285,1
"\W|$",801747,1
"\W|$",1361915,1
"\W|$",1349440,1
"\W|$",1132400,1
"\W|$",1284803,1
"\W|$",687481,1
"\W|$",689805,1
"\W|$",683385,1
"\W|$",689308,1
"\W|$",688445,1
"\W|$",684197,1
"\W|$",690080,1
"\W|$",1277513,1
"\W|$",1277505,1
"\W|$",1277509,1
"\W|$",1277519,1
"\W|$",1277515,1
"\W|$",1277511,1
"\W|$",688496,1
"\W|$",683893,1
"\W|$",1277507,1
"\W|$",1222815,1
"\W|$",685226,1
"\W|$",787981,1
"\W|$",1222857,1
"\W|$",687612,1
"\W|$",979398,1
"\W|$",979564,1
"\W|$",942423,1
"\W|$",942450,1
"\W|$",979506,1
"\W|$",942452,1
"\W|$",979433,1
"\W|$",942456,1
"\W|$",942455,1
"\W|$",942454,1
"\W|$",979509,1
"\W|$",942470,1
"\W|$",685835,1
"\W|$",1222853,1
"\W|$",1222879,1
"\W|$",689671,1
"\W|$",787986,1
"\W|$",787997,1
"\W|$",942469,1
"\W|$",942467,1
"\W|$",942468,1
"\W|$",942465,1
"\W|$",942466,1
"\W|$",685373,1
"\W|$",685374,1
"\W|$",686306,1
"\W|$",686308,1
"\W|$",1222825,1
"\W|$",979517,1
"\W|$",942449,1
"\W|$",942447,1
"\W|$",688527,1
"\W|$",690034,1
"\W|$",685730,1
"\W|$",1222813,1
"\W|$",942445,1
"\W|$",979545,1
"\W|$",942446,1
"\W|$",1315496,1
"\W|$",683519,1
"\W|$",685170,1
"\W|$",683557,1
"\W|$",684035,1
"\W|$",979529,1
"\W|$",942422,1
"\W|$",942420,1
"\W|$",942421,1
"\W|$",942451,1
"\W|$",942453,1
"\W|$",684757,1
"\W|$",942765,1
"\W|$",979536,1
"\W|$",687684,1
"\W|$",979451,1
"\W|$",942472,1
"\W|$",942471,1
"\W|$",942780,1
"\W|$",688521,1
"\W|$",979448,1
"\W|$",942459,1
"\W|$",942770,1
"\W|$",942775,1
"\W|$",942427,1
"\W|$",942426,1
"\W|$",942425,1
"\W|$",1222775,1
"\W|$",942429,1
"\W|$",686246,1
"\W|$",942458,1
"\W|$",979481,1
"\W|$",942464,1
"\W|$",687702,1
"\W|$",942461,1
"\W|$",942460,1
"\W|$",942463,1
"\W|$",942473,1
"\W|$",688227,1
"\W|$",942457,1
"\W|$",942430,1
"\W|$",942424,1
"\W|$",688736,1
"\W|$",686043,1
"\W|$",942428,1
"\W|$",686399,1
"\W|$",689202,1
"\W|$",684578,1
"\W|$",684308,1
"\W|$",683983,1
"\W|$",788005,1
"\W|$",787600,1
"\W|$",942431,1
"\W|$",942462,1
"\W|$",687574,1
"\W|$",687346,1
"\W|$",686330,1
"\W|$",685584,1
"\W|$",683421,1
"\W|$",979465,1
"\W|$",942439,1
"\W|$",942437,1
"\W|$",942438,1
"\W|$",942440,1
"\W|$",979454,1
"\W|$",1222833,1
"\W|$",777931,1
"\W|$",942443,1
"\W|$",979461,1
"\W|$",942444,1
"\W|$",791945,1
"\W|$",979436,1
"\W|$",979439,1
"\W|$",787973,1
"\W|$",777940,1
"\W|$",687857,1
"\W|$",686548,1
"\W|$",683350,1
"\W|$",684572,1
"\W|$",685220,1
"\W|$",689002,1
"\W|$",687675,1
"\W|$",683098,1
"\W|$",683461,1
"\W|$",683245,1
"\W|$",683894,1
"\W|$",683510,1
"\W|$",684849,1
"\W|$",687648,1
"\W|$",687647,1
"\W|$",683147,1
"\W|$",684924,1
"\W|$",688357,1
"\W|$",686734,1
"\W|$",685657,1
"\W|$",684079,1
"\W|$",686971,1
"\W|$",686625,1
"\W|$",686607,1
"\W|$",687828,1
"\W|$",688231,1
"\W|$",689626,1
"\W|$",684955,1
"\W|$",685009,1
"\W|$",689043,1
"\W|$",685454,1
"\W|$",685453,1
"\W|$",684661,1
"\W|$",688335,1
"\W|$",758356,1
"\W|$",757450,1
"\W|$",758221,1
"\W|$",769193,1
"\W|$",769194,1
"\W|$",685736,1
"\W|$",959241,1
"\W|$",690047,1
"\W|$",769221,1
"\W|$",769203,1
"\W|$",769206,1
"\W|$",794977,1
"\W|$",758193,1
"\W|$",769218,1
"\W|$",758260,1
"\W|$",687812,1
"\W|$",769227,1
"\W|$",794980,1
"\W|$",758360,1
"\W|$",757454,1
"\W|$",859980,1
"\W|$",959267,1
"\W|$",758208,1
"\W|$",685061,1
"\W|$",685188,1
"\W|$",959258,1
"\W|$",685062,1
"\W|$",687220,1
"\W|$",959276,1
"\W|$",794983,1
"\W|$",686619,1
"\W|$",959307,1
"\W|$",769179,1
"\W|$",769197,1
"\W|$",959310,1
"\W|$",769209,1
"\W|$",769215,1
"\W|$",769224,1
"\W|$",769200,1
"\W|$",785431,1
"\W|$",758472,1
"\W|$",689068,1
"\W|$",688499,1
"\W|$",841821,1
"\W|$",688255,1
"\W|$",687673,1
"\W|$",690097,1
"\W|$",841492,1
"\W|$",841495,1
"\W|$",857866,1
"\W|$",685228,1
"\W|$",688982,1
"\W|$",684442,1
"\W|$",685448,1
"\W|$",686177,1
"\W|$",857863,1
"\W|$",688645,1
"\W|$",687048,1
"\W|$",683663,1
"\W|$",687771,1
"\W|$",857869,1
"\W|$",688256,1
"\W|$",857872,1
"\W|$",857875,1
"\W|$",689656,1
"\W|$",841827,1
"\W|$",685808,1
"\W|$",683300,1
"\W|$",684441,1
"\W|$",683193,1
"\W|$",687126,1
"\W|$",683163,1
"\W|$",683472,1
"\W|$",972014,1
"\W|$",971754,1
"\W|$",971757,1
"\W|$",684679,1
"\W|$",688332,1
"\W|$",687844,1
"\W|$",683360,1
"\W|$",687344,1
"\W|$",688659,1
"\W|$",687446,1
"\W|$",689204,1
"\W|$",688191,1
"\W|$",689402,1
"\W|$",689403,1
"\W|$",683238,1
"\W|$",688439,1
"\W|$",685984,1
"\W|$",687766,1
"\W|$",685464,1
"\W|$",683862,1
"\W|$",686444,1
"\W|$",685383,1
"\W|$",683248,1
"\W|$",684927,1
"\W|$",684006,1
"\W|$",686655,1
"\W|$",686360,1
"\W|$",684723,1
"\W|$",683942,1
"\W|$",688649,1
"\W|$",947950,1
"\W|$",815326,1
"\W|$",688142,1
"\W|$",687419,1
"\W|$",688266,1
"\W|$",683490,1
"\W|$",688734,1
"\W|$",815381,1
"\W|$",688392,1
"\W|$",688393,1
"\W|$",689745,1
"\W|$",687850,1
"\W|$",689077,1
"\W|$",688467,1
"\W|$",684488,1
"\W|$",820828,1
"\W|$",687360,1
"\W|$",791964,1
"\W|$",769162,1
"\W|$",686405,1
"\W|$",683155,1
"\W|$",688904,1
"\W|$",686259,1
"\W|$",688820,1
"\W|$",794090,1
"\W|$",758133,1
"\W|$",964298,1
"\W|$",964291,1
"\W|$",685412,1
"\W|$",683945,1
"\W|$",769165,1
"\W|$",785427,1
"\W|$",785372,1
"\W|$",687527,1
"\W|$",684811,1
"\W|$",769170,1
"\W|$",686022,1
"\W|$",948172,1
"\W|$",788085,1
"\W|$",687917,1
"\W|$",687865,1
"\W|$",947974,1
"\W|$",947977,1
"\W|$",972821,1
"\W|$",683870,1
"\W|$",686382,1
"\W|$",688977,1
"\W|$",686383,1
"\W|$",948167,1
"\W|$",947926,1
"\W|$",948169,1
"\W|$",685440,1
"\W|$",971692,1
"\W|$",948175,1
"\W|$",689211,1
"\W|$",685876,1
"\W|$",684901,1
"\W|$",688853,1
"\W|$",688854,1
"\W|$",686763,1
"\W|$",687223,1
"\W|$",689694,1
"\W|$",683387,1
"\W|$",689400,1
"\W|$",685618,1
"\W|$",683969,1
"\W|$",689875,1
"\W|$",820821,1
"\W|$",820818,1
"\W|$",684368,1
"\W|$",684195,1
"\W|$",684970,1
"\W|$",689673,1
"\W|$",686404,1
"\W|$",684526,1
"\W|$",959249,1
"\W|$",959283,1
"\W|$",684309,1
"\W|$",785187,1
"\W|$",684558,1
"\W|$",838354,1
"\W|$",686575,1
"\W|$",687328,1
"\W|$",689227,1
"\W|$",689309,1
"\W|$",689956,1
"\W|$",685856,1
"\W|$",687200,1
"\W|$",684208,1
"\W|$",684327,1
"\W|$",684014,1
"\W|$",688643,1
"\W|$",1238803,1
"\W|$",685379,1
"\W|$",685248,1
"\W|$",686461,1
"\W|$",689529,1
"\W|$",815581,1
"\W|$",687758,1
"\W|$",689159,1
"\W|$",785208,1
"\W|$",814710,1
"\W|$",683162,1
"\W|$",687898,1
"\W|$",684496,1
"\W|$",686737,1
"\W|$",1271034,1
"\W|$",687071,1
"\W|$",689426,1
"\W|$",687511,1
"\W|$",814863,1
"\W|$",684819,1
"\W|$",688067,1
"\W|$",815363,1
"\W|$",684858,1
"\W|$",685268,1
"\W|$",785226,1
"\W|$",684393,1
"\W|$",688021,1
"\W|$",683716,1
"\W|$",686371,1
"\W|$",684460,1
"\W|$",814866,1
"\W|$",814869,1
"\W|$",685297,1
"\W|$",684711,1
"\W|$",685857,1
"\W|$",1271012,1
"\W|$",683707,1
"\W|$",689037,1
"\W|$",686921,1
"\W|$",690077,1
"\W|$",684903,1
"\W|$",685674,1
"\W|$",687098,1
"\W|$",683829,1
"\W|$",684604,1
"\W|$",688569,1
"\W|$",1283102,1
"\W|$",1283106,1
"\W|$",1271036,1
"\W|$",684988,1
"\W|$",688228,1
"\W|$",688307,1
"\W|$",689457,1
"\W|$",683312,1
"\W|$",683658,1
"\W|$",685686,1
"\W|$",686041,1
"\W|$",685103,1
"\W|$",686319,1
"\W|$",1238799,1
"\W|$",686581,1
"\W|$",684092,1
"\W|$",689001,1
"\W|$",857878,1
"\W|$",688092,1
"\W|$",689280,1
"\W|$",683460,1
"\W|$",784066,1
"\W|$",688988,1
"\W|$",959215,1
"\W|$",959226,1
"\W|$",857881,1
"\W|$",689172,1
"\W|$",1283118,1
"\W|$",685078,1
"\W|$",835326,1
"\W|$",685127,1
"\W|$",815414,1
"\W|$",835329,1
"\W|$",686633,1
"\W|$",769233,1
"\W|$",683610,1
"\W|$",686981,1
"\W|$",686379,1
"\W|$",685518,1
"\W|$",839133,1
"\W|$",683793,1
"\W|$",687015,1
"\W|$",686847,1
"\W|$",687274,1
"\W|$",685965,1
"\W|$",687528,1
"\W|$",686298,1
"\W|$",683264,1
"\W|$",1283088,1
"\W|$",820837,1
"\W|$",685034,1
"\W|$",689604,1
"\W|$",683846,1
"\W|$",689727,1
"\W|$",1283094,1
"\W|$",820834,1
"\W|$",684187,1
"\W|$",686686,1
"\W|$",820840,1
"\W|$",684122,1
"\W|$",684123,1
"\W|$",684510,1
"\W|$",684942,1
"\W|$",685793,1
"\W|$",684320,1
"\W|$",834649,1
"\W|$",687867,1
"\W|$",858288,1
"\W|$",769230,1
"\W|$",686103,1
"\W|$",687552,1
"\W|$",688931,1
"\W|$",684651,1
"\W|$",684271,1
"\W|$",684860,1
"\W|$",683583,1
"\W|$",688202,1
"\W|$",687716,1
"\W|$",683833,1
"\W|$",688774,1
"\W|$",686621,1
"\W|$",689651,1
"\W|$",1238795,1
"\W|$",686503,1
"\W|$",688448,1
"\W|$",730778,1
"\W|$",688670,1
"\W|$",730915,1
"\W|$",730907,1
"\W|$",686620,1
"\W|$",730900,1
"\W|$",730923,1
"\W|$",686078,1
"\W|$",683258,1
"\W|$",730931,1
"\W|$",685778,1
"\W|$",686783,1
"\W|$",728649,1
"\W|$",728642,1
"\W|$",728663,1
"\W|$",728657,1
"\W|$",732581,1
"\W|$",688429,1
"\W|$",688045,1
"\W|$",687307,1
"\W|$",683916,1
"\W|$",688817,1
"\W|$",685134,1
"\W|$",683297,1
"\W|$",684211,1
"\W|$",683935,1
"\W|$",683943,1
"\W|$",688750,1
"\W|$",687287,1
"\W|$",689440,1
"\W|$",689653,1
"\W|$",686644,1
"\W|$",687325,1
"\W|$",683070,1
"\W|$",683744,1
"\W|$",689112,1
"\W|$",683320,1
"\W|$",683996,1
"\W|$",684995,1
"\W|$",689652,1
"\W|$",683145,1
"\W|$",687824,1
"\W|$",1222823,1
"\W|$",1222811,1
"\W|$",1222809,1
"\W|$",1222863,1
"\W|$",1222859,1
"\W|$",1222827,1
"\W|$",685023,1
"\W|$",687581,1
"\W|$",979430,1
"\W|$",687116,1
"\W|$",689964,1
"\W|$",685359,1
"\W|$",684590,1
"\W|$",683759,1
"\W|$",688877,1
"\W|$",1283108,1
"\W|$",1238801,1
"\W|$",684497,1
"\W|$",689246,1
"\W|$",688247,1
"\W|$",688567,1
"\W|$",688568,1
"\W|$",685913,1
"\W|$",684842,1
"\W|$",684191,1
"\W|$",684313,1
"\W|$",685908,1
"\W|$",683235,1
"\W|$",685390,1
"\W|$",683980,1
"\W|$",685819,1
"\W|$",685358,1
"\W|$",1283104,1
"\W|$",684394,1
"\W|$",684989,1
"\W|$",687980,1
"\W|$",689038,1
"\W|$",689035,1
"\W|$",683717,1
"\W|$",684505,1
"\W|$",686197,1
"\W|$",1222847,1
"\W|$",1222845,1
"\W|$",683330,1
"\W|$",1222861,1
"\W|$",683787,1
"\W|$",1222849,1
"\W|$",688414,1
"\W|$",687474,1
"\W|$",1238797,1
"\W|$",687009,1
"\W|$",683276,1
"\W|$",688962,1
"\W|$",686748,1
"\W|$",689369,1
"\W|$",688785,1
"\W|$",687498,1
"\W|$",686391,1
"\W|$",959235,1
"\W|$",687499,1
"\W|$",683636,1
"\W|$",685481,1
"\W|$",683477,1
"\W|$",732561,1
"\W|$",686825,1
"\W|$",684207,1
"\W|$",683660,1
"\W|$",686747,1
"\W|$",685719,1
"\W|$",959222,1
"\W|$",684736,1
"\W|$",1283100,1
"\W|$",689096,1
"\W|$",685651,1
"\W|$",686824,1
"\W|$",685480,1
"\W|$",688843,1
"\W|$",684286,1
"\W|$",685909,1
"\W|$",687620,1
"\W|$",684939,1
"\W|$",686468,1
"\W|$",1283096,1
"\W|$",685766,1
"\W|$",684120,1
"\W|$",690090,1
"\W|$",690033,1
"\W|$",686202,1
"\W|$",685332,1
"\W|$",685334,1
"\W|$",688173,1
"\W|$",684396,1
"\W|$",689311,1
"\W|$",689265,1
"\W|$",688333,1
"\W|$",687497,1
"\W|$",683635,1
"\W|$",688842,1
"\W|$",683417,1
"\W|$",688358,1
"\W|$",685315,1
"\W|$",688653,1
"\W|$",684645,1
"\W|$",948179,1
"\W|$",688363,1
"\W|$",684938,1
"\W|$",947980,1
"\W|$",688752,1
"\W|$",803027,1
"\W|$",947986,1
"\W|$",687326,1
"\W|$",685015,1
"\W|$",685042,1
"\W|$",686673,1
"\W|$",979503,1
"\W|$",683080,1
"\W|$",688899,1
"\W|$",979500,1
"\W|$",982698,1
"\W|$",979404,1
"\W|$",979407,1
"\W|$",687119,1
"\W|$",979427,1
"\W|$",689819,1
"\W|$",979541,1
"\W|$",685510,1
"\W|$",687475,1
"\W|$",687683,1
"\W|$",687866,1
"\W|$",685090,1
"\W|$",684904,1
"\W|$",688194,1
"\W|$",979478,1
"\W|$",688064,1
"\W|$",684633,1
"\W|$",686505,1
"\W|$",688683,1
"\W|$",684242,1
"\W|$",689762,1
"\W|$",686349,1
"\W|$",686597,1
"\W|$",688310,1
"\W|$",689012,1
"\W|$",689013,1
"\W|$",686303,1
"\W|$",683302,1
"\W|$",688184,1
"\W|$",686492,1
"\W|$",689097,1
"\W|$",686362,1
"\W|$",686311,1
"\W|$",685338,1
"\W|$",686627,1
"\W|$",689932,1
"\W|$",1277618,1
"\W|$",689662,1
"\W|$",687031,1
"\W|$",1277616,1
"\W|$",688097,1
"\W|$",684176,1
"\W|$",683378,1
"\W|$",689592,1
"\W|$",1277674,1
"\W|$",1277650,1
"\W|$",1277740,1
"\W|$",1277713,1
"\W|$",1277711,1
"\W|$",686398,1
"\W|$",687674,1
"\W|$",1277590,1
"\W|$",1277588,1
"\W|$",684973,1
"\W|$",1277586,1
"\W|$",684367,1
"\W|$",683088,1
"\W|$",686024,1
"\W|$",684663,1
"\W|$",688695,1
"\W|$",686821,1
"\W|$",686948,1
"\W|$",689023,1
"\W|$",683273,1
"\W|$",683466,1
"\W|$",686935,1
"\W|$",684837,1
"\W|$",685645,1
"\W|$",688935,1
"\W|$",1277594,1
"\W|$",1277612,1
"\W|$",1277578,1
"\W|$",689193,1
"\W|$",686631,1
"\W|$",683210,1
"\W|$",686452,1
"\W|$",689443,1
"\W|$",686075,1
"\W|$",686726,1
"\W|$",688993,1
"\W|$",688992,1
"\W|$",683217,1
"\W|$",687436,1
"\W|$",684070,1
"\W|$",687217,1
"\W|$",688150,1
"\W|$",686498,1
"\W|$",687435,1
"\W|$",689619,1
"\W|$",1110291,1
"\W|$",683484,1
"\W|$",685141,1
"\W|$",685140,1
"\W|$",689794,1
"\W|$",684228,1
"\W|$",688080,1
"\W|$",684032,1
"\W|$",979395,1
"\W|$",685014,1
"\W|$",979392,1
"\W|$",685823,1
"\W|$",688225,1
"\W|$",688506,1
"\W|$",685106,1
"\W|$",689467,1
"\W|$",688911,1
"\W|$",685687,1
"\W|$",685789,1
"\W|$",690079,1
"\W|$",683409,1
"\W|$",683079,1
"\W|$",689358,1
"\W|$",688428,1
"\W|$",686632,1
"\W|$",686147,1
"\W|$",686608,1
"\W|$",686148,1
"\W|$",686702,1
"\W|$",687218,1
"\W|$",683641,1
"\W|$",683624,1
"\W|$",685434,1
"\W|$",685620,1
"\W|$",683625,1
"\W|$",688881,1
"\W|$",685619,1
"\W|$",685902,1
"\W|$",687143,1
"\W|$",687848,1
"\W|$",688028,1
"\W|$",688124,1
"\W|$",686604,1
"\W|$",687377,1
"\W|$",684426,1
"\W|$",685622,1
"\W|$",684940,1
"\W|$",688215,1
"\W|$",686054,1
"\W|$",685396,1
"\W|$",685136,1
"\W|$",689543,1
"\W|$",687563,1
"\W|$",683982,1
"\W|$",687016,1
"\W|$",687934,1
"\W|$",685253,1
"\W|$",685648,1
"\W|$",688346,1
"\W|$",683120,1
"\W|$",683395,1
"\W|$",684573,1
"\W|$",683981,1
"\W|$",686064,1
"\W|$",689658,1
"\W|$",685682,1
"\W|$",685517,1
"\W|$",688415,1
"\W|$",685227,1
"\W|$",683874,1
"\W|$",686679,1
"\W|$",683457,1
"\W|$",688829,1
"\W|$",690067,1
"\W|$",687043,1
"\W|$",688753,1
"\W|$",685430,1
"\W|$",684816,1
"\W|$",688950,1
"\W|$",686883,1
"\W|$",687836,1
"\W|$",688352,1
"\W|$",688351,1
"\W|$",1110294,1
"\W|$",687183,1
"\W|$",689945,1
"\W|$",689501,1
"\W|$",687258,1
"\W|$",685590,1
"\W|$",688002,1
"\W|$",685087,1
"\W|$",683921,1
"\W|$",683979,1
"\W|$",688035,1
"\W|$",683230,1
"\W|$",689350,1
"\W|$",684338,1
"\W|$",684341,1
"\W|$",687441,1
"\W|$",687538,1
"\W|$",688619,1
"\W|$",686938,1
"\W|$",683520,1
"\W|$",686879,1
"\W|$",688832,1
"\W|$",688458,1
"\W|$",683588,1
"\W|$",687333,1
"\W|$",689949,1
"\W|$",684831,1
"\W|$",683838,1
"\W|$",687486,1
"\W|$",688594,1
"\W|$",688595,1
"\W|$",1110299,1
"\W|$",684104,1
"\W|$",684342,1
"\W|$",683702,1
"\W|$",1110302,1
"\W|$",684203,1
"\W|$",685422,1
"\W|$",688257,1
"\W|$",688258,1
"\W|$",1222821,1
"\W|$",689132,1
"\W|$",979423,1
"\W|$",942435,1
"\W|$",979413,1
"\W|$",689236,1
"\W|$",942436,1
"\W|$",979558,1
"\W|$",979549,1
"\W|$",685936,1
"\W|$",979442,1
"\W|$",1222869,1
"\W|$",979420,1
"\W|$",689276,1
"\W|$",686097,1
"\W|$",979410,1
"\W|$",979417,1
"\W|$",1222801,1
"\W|$",1222777,1
"\W|$",683129,1
"\W|$",942476,1
"\W|$",942475,1
"\W|$",942474,1
"\W|$",942434,1
"\W|$",979388,1
"\W|$",942432,1
"\W|$",942433,1
"\W|$",689463,1
"\W|$",688751,1
"\W|$",687480,1
"\W|$",689087,1
"\W|$",942477,1
"\W|$",685566,1
"\W|$",942478,1
"\W|$",685591,1
"\W|$",683936,1
"\W|$",685782,1
"\W|$",686793,1
"\W|$",687967,1
"\W|$",689770,1
"\W|$",1227875,1
"\W|$",686949,1
"\W|$",730817,1
"\W|$",730946,1
"\W|$",689154,1
"\W|$",684337,1
"\W|$",689997,1
"\W|$",730833,1
"\W|$",730825,1
"\W|$",730852,1
"\W|$",730859,1
"\W|$",730842,1
"\W|$",686742,1
"\W|$",731813,1
"\W|$",685296,1
"\W|$",731791,1
"\W|$",684495,1
"\W|$",731800,1
"\W|$",731807,1
"\W|$",730866,1
"\W|$",684139,1
"\W|$",689555,1
"\W|$",684069,1
"\W|$",688378,1
"\W|$",690095,1
"\W|$",686522,1
"\W|$",686076,1
"\W|$",685569,1
"\W|$",758060,1
"\W|$",688407,1
"\W|$",688427,1
"\W|$",731884,1
"\W|$",730800,1
"\W|$",731820,1
"\W|$",687418,1
"\W|$",684802,1
"\W|$",685655,1
"\W|$",688006,1
"\W|$",689837,1
"\W|$",689686,1
"\W|$",689915,1
"\W|$",685783,1
"\W|$",688015,1
"\W|$",683934,1
"\W|$",687471,1
"\W|$",686951,1
"\W|$",689946,1
"\W|$",684703,1
"\W|$",683327,1
"\W|$",688177,1
"\W|$",730812,1
"\W|$",687288,1
"\W|$",982694,1
"\W|$",688430,1
"\W|$",689268,1
"\W|$",688209,1
"\W|$",685996,1
"\W|$",683755,1
"\W|$",686243,1
"\W|$",688879,1
"\W|$",684138,1
"\W|$",689554,1
"\W|$",683146,1
"\W|$",688007,1
"\W|$",686096,1
"\W|$",685912,1
"\W|$",731786,1
"\W|$",683687,1
"\W|$",686950,1
"\W|$",688999,1
"\W|$",683891,1
"\W|$",683441,1
"\W|$",689317,1
"\W|$",683473,1
"\W|$",683448,1
"\W|$",685132,1
"\W|$",689533,1
"\W|$",684569,1
"\W|$",731879,1
"\W|$",687572,1
"\W|$",687835,1
"\W|$",688449,1
"\W|$",689890,1
"\W|$",683723,1
"\W|$",686296,1
"\W|$",689427,1
"\W|$",683226,1
"\W|$",685938,1
"\W|$",685940,1
"\W|$",686223,1
"\W|$",687543,1
"\W|$",690012,1
"\W|$",688583,1
"\W|$",688405,1
"\W|$",683585,1
"\W|$",684325,1
"\W|$",688543,1
"\W|$",686353,1
"\W|$",686952,1
"\W|$",686484,1
"\W|$",686740,1
"\W|$",689609,1
"\W|$",687697,1
"\W|$",684650,1
"\W|$",684389,1
"\W|$",687489,1
"\W|$",685294,1
"\W|$",683633,1
"\W|$",685606,1
"\W|$",687962,1
"\W|$",686806,1
"\W|$",735316,1
"\W|$",685743,1
"\W|$",690046,1
"\W|$",688486,1
"\W|$",688387,1
"\W|$",683796,1
"\W|$",688213,1
"\W|$",731481,1
"\W|$",685877,1
"\W|$",686596,1
"\W|$",685794,1
"\W|$",688195,1
"\W|$",686896,1
"\W|$",684881,1
"\W|$",686618,1
"\W|$",688487,1
"\W|$",685354,1
"\W|$",735319,1
"\W|$",687977,1
"\W|$",1283098,1
"\W|$",731362,1
"\W|$",731473,1
"\W|$",731357,1
"\W|$",685969,1
"\W|$",731424,1
"\W|$",732459,1
"\W|$",687466,1
"\W|$",689207,1
"\W|$",687132,1
"\W|$",731466,1
"\W|$",685688,1
"\W|$",731454,1
"\W|$",735323,1
"\W|$",687713,1
"\W|$",689927,1
"\W|$",731039,1
"\W|$",686550,1
"\W|$",686639,1
"\W|$",687251,1
"\W|$",688537,1
"\W|$",689780,1
"\W|$",683751,1
"\W|$",689568,1
"\W|$",684029,1
"\W|$",686317,1
"\W|$",686318,1
"\W|$",684087,1
"\W|$",688042,1
"\W|$",790680,1
"\W|$",684356,1
"\W|$",683895,1
"\W|$",686163,1
"\W|$",684357,1
"\W|$",689484,1
"\W|$",685993,1
"\W|$",689815,1
"\W|$",684172,1
"\W|$",689510,1
"\W|$",689004,1
"\W|$",683750,1
"\W|$",731502,1
"\W|$",684854,1
"\W|$",686139,1
"\W|$",688104,1
"\W|$",689199,1
"\W|$",735313,1
"\W|$",685612,1
"\W|$",689816,1
"\W|$",686603,1
"\W|$",686162,1
"\W|$",689360,1
"\W|$",683284,1
"\W|$",689855,1
"\W|$",684241,1
"\W|$",686164,1
"\W|$",688969,1
"\W|$",689613,1
"\W|$",687598,1
"\W|$",686354,1
"\W|$",835320,1
"\W|$",839150,1
"\W|$",835317,1
"\W|$",689306,1
"\W|$",685181,1
"\W|$",785411,1
"\W|$",683840,1
"\W|$",689492,1
"\W|$",687046,1
"\W|$",689493,1
"\W|$",689066,1
"\W|$",687509,1
"\W|$",948321,1
"\W|$",686599,1
"\W|$",688041,1
"\W|$",689782,1
"\W|$",857754,1
"\W|$",857758,1
"\W|$",1239407,1
"\W|$",684649,1
"\W|$",684310,1
"\W|$",1239405,1
"\W|$",834643,1
"\W|$",686574,1
"\W|$",684525,1
"\W|$",687449,1
"\W|$",685016,1
"\W|$",683404,1
"\W|$",803030,1
"\W|$",688483,1
"\W|$",687698,1
"\W|$",689951,1
"\W|$",728669,1
"\W|$",684797,1
"\W|$",685004,1
"\W|$",688360,1
"\W|$",735986,1
"\W|$",686486,1
"\W|$",732554,1
"\W|$",979533,1
"\W|$",730873,1
"\W|$",730879,1
"\W|$",730893,1
"\W|$",730886,1
"\W|$",688910,1
"\W|$",688238,1
"\W|$",687334,1
"\W|$",687811,1
"\W|$",979471,1
"\W|$",687234,1
"\W|$",685556,1
"\W|$",684073,1
"\W|$",688072,1
"\W|$",688915,1
"\W|$",742092,1
"\W|$",683144,1
"\W|$",684402,1
"\W|$",683397,1
"\W|$",687478,1
"\W|$",687770,1
"\W|$",688672,1
"\W|$",688489,1
"\W|$",685266,1
"\W|$",684548,1
"\W|$",684847,1
"\W|$",685949,1
"\W|$",838097,1
"\W|$",684466,1
"\W|$",687428,1
"\W|$",683605,1
"\W|$",687889,1
"\W|$",689033,1
"\W|$",683578,1
"\W|$",688302,1
"\W|$",686772,1
"\W|$",868497,1
"\W|$",858754,1
"\W|$",858762,1
"\W|$",858746,1
"\W|$",858789,1
"\W|$",858764,1
"\W|$",887494,1
"\W|$",868669,1
"\W|$",838054,1
"\W|$",838057,1
"\W|$",688604,1
"\W|$",683523,1
"\W|$",868499,1
"\W|$",868500,1
"\W|$",868501,1
"\W|$",868502,1
"\W|$",838070,1
"\W|$",868498,1
"\W|$",868503,1
"\W|$",838073,1
"\W|$",838076,1
"\W|$",838079,1
"\W|$",888625,1
"\W|$",689062,1
"\W|$",887547,1
"\W|$",688994,1
"\W|$",868513,1
"\W|$",683315,1
"\W|$",684598,1
"\W|$",868511,1
"\W|$",887500,1
"\W|$",868510,1
"\W|$",868514,1
"\W|$",868515,1
"\W|$",868512,1
"\W|$",685326,1
"\W|$",969489,1
"\W|$",690044,1
"\W|$",789792,1
"\W|$",789798,1
"\W|$",789795,1
"\W|$",969494,1
"\W|$",789784,1
"\W|$",686156,1
"\W|$",1277666,1
"\W|$",1277692,1
"\W|$",1277670,1
"\W|$",1277664,1
"\W|$",1277709,1
"\W|$",1277707,1
"\W|$",789815,1
"\W|$",686406,1
"\W|$",688818,1
"\W|$",688141,1
"\W|$",689898,1
"\W|$",789802,1
"\W|$",789823,1
"\W|$",789789,1
"\W|$",789934,1
"\W|$",789931,1
"\W|$",789945,1
"\W|$",789948,1
"\W|$",683424,1
"\W|$",789951,1
"\W|$",683425,1
"\W|$",789956,1
"\W|$",789942,1
"\W|$",685979,1
"\W|$",789937,1
"\W|$",686539,1
"\W|$",789826,1
"\W|$",789855,1
"\W|$",789858,1
"\W|$",789852,1
"\W|$",789960,1
"\W|$",789963,1
"\W|$",789966,1
"\W|$",789957,1
"\W|$",1277642,1
"\W|$",790530,1
"\W|$",790533,1
"\W|$",790536,1
"\W|$",790527,1
"\W|$",684623,1
"\W|$",790051,1
"\W|$",790048,1
"\W|$",969546,1
"\W|$",790138,1
"\W|$",799320,1
"\W|$",799323,1
"\W|$",790201,1
"\W|$",688106,1
"\W|$",799326,1
"\W|$",969582,1
"\W|$",789829,1
"\W|$",790210,1
"\W|$",790205,1
"\W|$",689344,1
"\W|$",1277774,1
"\W|$",1277776,1
"\W|$",689462,1
"\W|$",684447,1
"\W|$",789810,1
"\W|$",1277780,1
"\W|$",684236,1
"\W|$",1277778,1
"\W|$",1285628,1
"\W|$",1285630,1
"\W|$",684237,1
"\W|$",1277782,1
"\W|$",683959,1
"\W|$",688868,1
"\W|$",969499,1
"\W|$",1277630,1
"\W|$",688819,1
"\W|$",790147,1
"\W|$",790150,1
"\W|$",790153,1
"\W|$",790154,1
"\W|$",790144,1
"\W|$",790216,1
"\W|$",790220,1
"\W|$",790213,1
"\W|$",969576,1
"\W|$",969579,1
"\W|$",969573,1
"\W|$",969585,1
"\W|$",790195,1
"\W|$",969558,1
"\W|$",790135,1
"\W|$",790132,1
"\W|$",788786,1
"\W|$",1277758,1
"\W|$",799317,1
"\W|$",969549,1
"\W|$",685888,1
"\W|$",790141,1
"\W|$",969507,1
"\W|$",789871,1
"\W|$",969504,1
"\W|$",789867,1
"\W|$",789897,1
"\W|$",789879,1
"\W|$",969510,1
"\W|$",789923,1
"\W|$",789920,1
"\W|$",969513,1
"\W|$",789864,1
"\W|$",964193,1
"\W|$",789861,1
"\W|$",790224,1
"\W|$",687728,1
"\W|$",790236,1
"\W|$",790240,1
"\W|$",790230,1
"\W|$",790063,1
"\W|$",969540,1
"\W|$",790069,1
"\W|$",790072,1
"\W|$",790075,1
"\W|$",790060,1
"\W|$",790076,1
"\W|$",790227,1
"\W|$",790233,1
"\W|$",789900,1
"\W|$",790129,1
"\W|$",684830,1
"\W|$",799342,1
"\W|$",688627,1
"\W|$",686915,1
"\W|$",688479,1
"\W|$",688870,1
"\W|$",687056,1
"\W|$",689197,1
"\W|$",683117,1
"\W|$",687932,1
"\W|$",685786,1
"\W|$",964196,1
"\W|$",685428,1
"\W|$",684746,1
"\W|$",685575,1
"\W|$",688869,1
"\W|$",688860,1
"\W|$",964199,1
"\W|$",685197,1
"\W|$",1277636,1
"\W|$",686016,1
"\W|$",688778,1
"\W|$",684475,1
"\W|$",685670,1
"\W|$",790243,1
"\W|$",790246,1
"\W|$",971970,1
"\W|$",1277792,1
"\W|$",1277738,1
"\W|$",1277794,1
"\W|$",1277822,1
"\W|$",1277828,1
"\W|$",1277824,1
"\W|$",1277826,1
"\W|$",1277820,1
"\W|$",1277818,1
"\W|$",1277830,1
"\W|$",969528,1
"\W|$",788783,1
"\W|$",1277652,1
"\W|$",1277656,1
"\W|$",1277654,1
"\W|$",686108,1
"\W|$",683792,1
"\W|$",964254,1
"\W|$",683783,1
"\W|$",969591,1
"\W|$",1277660,1
"\W|$",1277658,1
"\W|$",1277715,1
"\W|$",684875,1
"\W|$",964245,1
"\W|$",788764,1
"\W|$",686598,1
"\W|$",686754,1
"\W|$",788777,1
"\W|$",684563,1
"\W|$",788774,1
"\W|$",969522,1
"\W|$",1277770,1
"\W|$",1277772,1
"\W|$",788768,1
"\W|$",788771,1
"\W|$",788767,1
"\W|$",1277796,1
"\W|$",1277798,1
"\W|$",685479,1
"\W|$",1277720,1
"\W|$",1277672,1
"\W|$",1277768,1
"\W|$",1277764,1
"\W|$",1277742,1
"\W|$",685500,1
"\W|$",972267,1
"\W|$",684843,1
"\W|$",685157,1
"\W|$",685513,1
"\W|$",840633,1
"\W|$",972101,1
"\W|$",686849,1
"\W|$",686446,1
"\W|$",683555,1
"\W|$",972041,1
"\W|$",689455,1
"\W|$",840630,1
"\W|$",686250,1
"\W|$",686450,1
"\W|$",686647,1
"\W|$",687529,1
"\W|$",687986,1
"\W|$",1271022,1
"\W|$",1271026,1
"\W|$",1271024,1
"\W|$",685785,1
"\W|$",741480,1
"\W|$",683575,1
"\W|$",685124,1
"\W|$",683708,1
"\W|$",689711,1
"\W|$",1110224,1
"\W|$",684297,1
"\W|$",857540,1
"\W|$",684965,1
"\W|$",689274,1
"\W|$",684742,1
"\W|$",1110228,1
"\W|$",685638,1
"\W|$",683234,1
"\W|$",687795,1
"\W|$",687894,1
"\W|$",688312,1
"\W|$",1110233,1
"\W|$",687968,1
"\W|$",687969,1
"\W|$",683730,1
"\W|$",857887,1
"\W|$",1110245,1
"\W|$",686653,1
"\W|$",685063,1
"\W|$",689607,1
"\W|$",687192,1
"\W|$",683948,1
"\W|$",687937,1
"\W|$",686007,1
"\W|$",689187,1
"\W|$",683912,1
"\W|$",688836,1
"\W|$",688714,1
"\W|$",689124,1
"\W|$",686193,1
"\W|$",686240,1
"\W|$",687757,1
"\W|$",683175,1
"\W|$",684985,1
"\W|$",687342,1
"\W|$",686107,1
"\W|$",685342,1
"\W|$",689104,1
"\W|$",685102,1
"\W|$",688790,1
"\W|$",689788,1
"\W|$",787677,1
"\W|$",683371,1
"\W|$",689545,1
"\W|$",684450,1
"\W|$",689960,1
"\W|$",689765,1
"\W|$",688917,1
"\W|$",683773,1
"\W|$",683963,1
"\W|$",683173,1
"\W|$",689092,1
"\W|$",687856,1
"\W|$",685100,1
"\W|$",686261,1
"\W|$",689065,1
"\W|$",683560,1
"\W|$",806705,1
"\W|$",861497,1
"\W|$",866829,1
"\W|$",687946,1
"\W|$",686593,1
"\W|$",687357,1
"\W|$",684358,1
"\W|$",685174,1
"\W|$",787699,1
"\W|$",787695,1
"\W|$",689667,1
"\W|$",684362,1
"\W|$",683581,1
"\W|$",687365,1
"\W|$",685616,1
"\W|$",686894,1
"\W|$",686904,1
"\W|$",860009,1
"\W|$",684945,1
"\W|$",688651,1
"\W|$",684517,1
"\W|$",685604,1
"\W|$",684112,1
"\W|$",685202,1
"\W|$",688424,1
"\W|$",686977,1
"\W|$",689787,1
"\W|$",685394,1
"\W|$",836335,1
"\W|$",686877,1
"\W|$",685780,1
"\W|$",686543,1
"\W|$",687414,1
"\W|$",684436,1
"\W|$",683914,1
"\W|$",683389,1
"\W|$",689559,1
"\W|$",685241,1
"\W|$",686105,1
"\W|$",685204,1
"\W|$",684209,1
"\W|$",688864,1
"\W|$",689688,1
"\W|$",859797,1
"\W|$",687355,1
"\W|$",686150,1
"\W|$",684984,1
"\W|$",684620,1
"\W|$",689832,1
"\W|$",683093,1
"\W|$",685695,1
"\W|$",683695,1
"\W|$",686157,1
"\W|$",689006,1
"\W|$",686200,1
"\W|$",687696,1
"\W|$",689523,1
"\W|$",683220,1
"\W|$",684024,1
"\W|$",684098,1
"\W|$",688579,1
"\W|$",687316,1
"\W|$",689461,1
"\W|$",684296,1
"\W|$",1281904,1
"\W|$",1281906,1
"\W|$",683747,1
"\W|$",684371,1
"\W|$",688608,1
"\W|$",686965,1
"\W|$",683758,1
"\W|$",685233,1
"\W|$",687744,1
"\W|$",686780,1
"\W|$",687590,1
"\W|$",686600,1
"\W|$",686832,1
"\W|$",685076,1
"\W|$",686957,1
"\W|$",684565,1
"\W|$",686384,1
"\W|$",686507,1
"\W|$",688400,1
"\W|$",686645,1
"\W|$",683728,1
"\W|$",687705,1
"\W|$",688460,1
"\W|$",687281,1
"\W|$",686975,1
"\W|$",1281908,1
"\W|$",689359,1
"\W|$",686770,1
"\W|$",689631,1
"\W|$",874287,1
"\W|$",684636,1
"\W|$",685077,1
"\W|$",946476,1
"\W|$",731002,1
"\W|$",686293,1
"\W|$",730941,1
"\W|$",688370,1
"\W|$",688462,1
"\W|$",686823,1
"\W|$",689691,1
"\W|$",684907,1
"\W|$",689931,1
"\W|$",685868,1
"\W|$",689625,1
"\W|$",1284867,1
"\W|$",1284869,1
"\W|$",687147,1
"\W|$",684458,1
"\W|$",687596,1
"\W|$",685834,1
"\W|$",686570,1
"\W|$",689941,1
"\W|$",688660,1
"\W|$",685133,1
"\W|$",1302519,1
"\W|$",687666,1
"\W|$",1302515,1
"\W|$",1090280,1
"\W|$",1302521,1
"\W|$",686517,1
"\W|$",685206,1
"\W|$",685749,1
"\W|$",1349452,1
"\W|$",1302513,1
"\W|$",1302539,1
"\W|$",687290,1
"\W|$",1302517,1
"\W|$",685336,1
"\W|$",685697,1
"\W|$",689158,1
"\W|$",684753,1
"\W|$",1302523,1
"\W|$",685886,1
"\W|$",685257,1
"\W|$",685999,1
"\W|$",686209,1
"\W|$",687493,1
"\W|$",686214,1
"\W|$",688454,1
"\W|$",688971,1
"\W|$",1302525,1
"\W|$",688301,1
"\W|$",689263,1
"\W|$",684285,1
"\W|$",1302527,1
"\W|$",814166,1
"\W|$",688763,1
"\W|$",686431,1
"\W|$",685425,1
"\W|$",1302533,1
"\W|$",1302531,1
"\W|$",1302529,1
"\W|$",1302535,1
"\W|$",689241,1
"\W|$",684166,1
"\W|$",1281910,1
"\W|$",687023,1
"\W|$",1302537,1
"\W|$",687227,1
"\W|$",683323,1
"\W|$",689007,1
"\W|$",687139,1
"\W|$",688894,1
"\W|$",686996,1
"\W|$",688304,1
"\W|$",688158,1
"\W|$",685351,1
"\W|$",857230,1
"\W|$",687246,1
"\W|$",768253,1
"\W|$",688108,1
"\W|$",686265,1
"\W|$",688248,1
"\W|$",685676,1
"\W|$",683332,1
"\W|$",684127,1
"\W|$",687105,1
"\W|$",685237,1
"\W|$",689424,1
"\W|$",952549,1
"\W|$",1302660,1
"\W|$",1302666,1
"\W|$",828511,1
"\W|$",1375152,1
"\W|$",686567,1
"\W|$",688171,1
"\W|$",684725,1
"\W|$",903090,1
"\W|$",688652,1
"\W|$",684544,1
"\W|$",1375143,1
"\W|$",816015,1
"\W|$",903084,1
"\W|$",791002,1
"\W|$",791624,1
"\W|$",885236,1
"\W|$",903093,1
"\W|$",903096,1
"\W|$",685594,1
"\W|$",684245,1
"\W|$",684364,1
"\W|$",686768,1
"\W|$",686899,1
"\W|$",683548,1
"\W|$",689835,1
"\W|$",686125,1
"\W|$",1349453,1
"\W|$",686623,1
"\W|$",683176,1
"\W|$",685488,1
"\W|$",1159201,1
"\W|$",685731,1
"\W|$",834051,1
"\W|$",685487,1
"\W|$",683177,1
"\W|$",690045,1
"\W|$",685201,1
"\W|$",685175,1
"\W|$",683806,1
"\W|$",685724,1
"\W|$",686394,1
"\W|$",687152,1
"\W|$",687434,1
"\W|$",689376,1
"\W|$",685813,1
"\W|$",684476,1
"\W|$",821383,1
"\W|$",835311,1
"\W|$",770576,1
"\W|$",794078,1
"\W|$",684890,1
"\W|$",821393,1
"\W|$",821425,1
"\W|$",785230,1
"\W|$",684979,1
"\W|$",821379,1
"\W|$",685870,1
"\W|$",684697,1
"\W|$",801954,1
"\W|$",688451,1
"\W|$",686417,1
"\W|$",685512,1
"\W|$",758367,1
"\W|$",683334,1
"\W|$",758477,1
"\W|$",684766,1
"\W|$",684767,1
"\W|$",685113,1
"\W|$",795006,1
"\W|$",801950,1
"\W|$",758371,1
"\W|$",689005,1
"\W|$",689150,1
"\W|$",687869,1
"\W|$",769467,1
"\W|$",688821,1
"\W|$",835323,1
"\W|$",688395,1
"\W|$",686361,1
"\W|$",770487,1
"\W|$",793426,1
"\W|$",684724,1
"\W|$",684295,1
"\W|$",841789,1
"\W|$",857768,1
"\W|$",770507,1
"\W|$",801947,1
"\W|$",793429,1
"\W|$",689646,1
"\W|$",785168,1
"\W|$",684170,1
"\W|$",683967,1
"\W|$",688394,1
"\W|$",687729,1
"\W|$",683619,1
"\W|$",685408,1
"\W|$",688710,1
"\W|$",688588,1
"\W|$",689537,1
"\W|$",684416,1
"\W|$",687987,1
"\W|$",1270996,1
"\W|$",821390,1
"\W|$",1270998,1
"\W|$",688600,1
"\W|$",838902,1
"\W|$",838905,1
"\W|$",838908,1
"\W|$",687443,1
"\W|$",684966,1
"\W|$",686509,1
"\W|$",728681,1
"\W|$",683491,1
"\W|$",1222791,1
"\W|$",1222807,1
"\W|$",684183,1
"\W|$",1222817,1
"\W|$",683411,1
"\W|$",689809,1
"\W|$",947983,1
"\W|$",684316,1
"\W|$",948011,1
"\W|$",683655,1
"\W|$",728727,1
"\W|$",685324,1
"\W|$",688318,1
"\W|$",686587,1
"\W|$",684561,1
"\W|$",857839,1
"\W|$",689095,1
"\W|$",684004,1
"\W|$",686654,1
"\W|$",857860,1
"\W|$",1222865,1
"\W|$",728688,1
"\W|$",728713,1
"\W|$",685234,1
"\W|$",1222855,1
"\W|$",1222875,1
"\W|$",1222843,1
"\W|$",728706,1
"\W|$",728799,1
"\W|$",688285,1
"\W|$",728637,1
"\W|$",728730,1
"\W|$",1222837,1
"\W|$",1222835,1
"\W|$",1222831,1
"\W|$",1222829,1
"\W|$",815323,1
"\W|$",683190,1
"\W|$",827935,1
"\W|$",770515,1
"\W|$",835308,1
"\W|$",686095,1
"\W|$",684827,1
"\W|$",687955,1
"\W|$",685544,1
"\W|$",687390,1
"\W|$",821428,1
"\W|$",687158,1
"\W|$",687725,1
"\W|$",683559,1
"\W|$",689184,1
"\W|$",687592,1
"\W|$",686376,1
"\W|$",683480,1
"\W|$",688463,1
"\W|$",686111,1
"\W|$",683986,1
"\W|$",821386,1
"\W|$",688145,1
"\W|$",684688,1
"\W|$",683772,1
"\W|$",728762,1
"\W|$",728767,1
"\W|$",947959,1
"\W|$",684114,1
"\W|$",730731,1
"\W|$",730746,1
"\W|$",730738,1
"\W|$",683984,1
"\W|$",687939,1
"\W|$",728853,1
"\W|$",689047,1
"\W|$",685051,1
"\W|$",686451,1
"\W|$",686449,1
"\W|$",687765,1
"\W|$",688658,1
"\W|$",959321,1
"\W|$",959327,1
"\W|$",683644,1
"\W|$",689082,1
"\W|$",686800,1
"\W|$",688226,1
"\W|$",683090,1
"\W|$",685626,1
"\W|$",1222841,1
"\W|$",686562,1
"\W|$",687353,1
"\W|$",685402,1
"\W|$",948020,1
"\W|$",685050,1
"\W|$",689081,1
"\W|$",687607,1
"\W|$",948014,1
"\W|$",685585,1
"\W|$",683381,1
"\W|$",686456,1
"\W|$",1110111,1
"\W|$",1110167,1
"\W|$",1110170,1
"\W|$",688087,1
"\W|$",947900,1
"\W|$",728846,1
"\W|$",728857,1
"\W|$",684824,1
"\W|$",683263,1
"\W|$",689049,1
"\W|$",686880,1
"\W|$",683990,1
"\W|$",683814,1
"\W|$",688947,1
"\W|$",685640,1
"\W|$",690085,1
"\W|$",685985,1
"\W|$",684712,1
"\W|$",684930,1
"\W|$",688296,1
"\W|$",687437,1
"\W|$",685449,1
"\W|$",688552,1
"\W|$",684637,1
"\W|$",686728,1
"\W|$",684714,1
"\W|$",684521,1
"\W|$",769591,1
"\W|$",683769,1
"\W|$",769597,1
"\W|$",689122,1
"\W|$",685554,1
"\W|$",686983,1
"\W|$",683164,1
"\W|$",688777,1
"\W|$",686401,1
"\W|$",686393,1
"\W|$",687209,1
"\W|$",686746,1
"\W|$",690098,1
"\W|$",685019,1
"\W|$",1222789,1
"\W|$",686913,1
"\W|$",1222819,1
"\W|$",687954,1
"\W|$",684177,1
"\W|$",684616,1
"\W|$",683590,1
"\W|$",686159,1
"\W|$",686423,1
"\W|$",689003,1
"\W|$",687003,1
"\W|$",685097,1
"\W|$",687701,1
"\W|$",683373,1
"\W|$",686367,1
"\W|$",687086,1
"\W|$",866509,1
"\W|$",684247,1
"\W|$",688265,1
"\W|$",686390,1
"\W|$",687369,1
"\W|$",948005,1
"\W|$",686976,1
"\W|$",684625,1
"\W|$",729669,1
"\W|$",732589,1
"\W|$",730768,1
"\W|$",689143,1
"\W|$",684975,1
"\W|$",683307,1
"\W|$",728610,1
"\W|$",969517,1
"\W|$",1277682,1
"\W|$",1277686,1
"\W|$",1277684,1
"\W|$",684654,1
"\W|$",684435,1
"\W|$",684653,1
"\W|$",685627,1
"\W|$",1222795,1
"\W|$",1222805,1
"\W|$",1222803,1
"\W|$",687118,1
"\W|$",1222787,1
"\W|$",688320,1
"\W|$",683212,1
"\W|$",1277832,1
"\W|$",1277804,1
"\W|$",1277806,1
"\W|$",1277802,1
"\W|$",1277800,1
"\W|$",686559,1
"\W|$",947906,1
"\W|$",684068,1
"\W|$",730719,1
"\W|$",948182,1
"\W|$",1277786,1
"\W|$",1277760,1
"\W|$",1277634,1
"\W|$",1277622,1
"\W|$",1277624,1
"\W|$",801799,1
"\W|$",684567,1
"\W|$",685221,1
"\W|$",689921,1
"\W|$",684000,1
"\W|$",689422,1
"\W|$",689420,1
"\W|$",685508,1
"\W|$",689452,1
"\W|$",684694,1
"\W|$",689977,1
"\W|$",683280,1
"\W|$",685496,1
"\W|$",684888,1
"\W|$",684613,1
"\W|$",684671,1
"\W|$",683927,1
"\W|$",687723,1
"\W|$",687838,1
"\W|$",683863,1
"\W|$",684115,1
"\W|$",687565,1
"\W|$",684993,1
"\W|$",683073,1
"\W|$",684874,1
"\W|$",685966,1
"\W|$",688071,1
"\W|$",689101,1
"\W|$",685284,1
"\W|$",685281,1
"\W|$",686388,1
"\W|$",685173,1
"\W|$",686291,1
"\W|$",684155,1
"\W|$",685095,1
"\W|$",683202,1
"\W|$",683851,1
"\W|$",688165,1
"\W|$",688914,1
"\W|$",689091,1
"\W|$",684611,1
"\W|$",1284815,1
"\W|$",687929,1
"\W|$",687159,1
"\W|$",685535,1
"\W|$",857716,1
"\W|$",788014,1
"\W|$",1284849,1
"\W|$",687017,1
"\W|$",684557,1
"\W|$",1284817,1
"\W|$",683078,1
"\W|$",683476,1
"\W|$",1284829,1
"\W|$",683574,1
"\W|$",683256,1
"\W|$",1275218,1
"\W|$",1275220,1
"\W|$",683208,1
"\W|$",688043,1
"\W|$",801802,1
"\W|$",685867,1
"\W|$",689167,1
"\W|$",684774,1
"\W|$",685680,1
"\W|$",1127124,1
"\W|$",788032,1
"\W|$",685105,1
"\W|$",688637,1
"\W|$",689140,1
"\W|$",689162,1
"\W|$",686706,1
"\W|$",687035,1
"\W|$",684021,1
"\W|$",788035,1
"\W|$",688263,1
"\W|$",1309281,1
"\W|$",688997,1
"\W|$",684739,1
"\W|$",793063,1
"\W|$",689464,1
"\W|$",689201,1
"\W|$",688946,1
"\W|$",684158,1
"\W|$",684499,1
"\W|$",686914,1
"\W|$",684765,1
"\W|$",895820,1
"\W|$",684443,1
"\W|$",687724,1
"\W|$",684666,1
"\W|$",683649,1
"\W|$",683603,1
"\W|$",685305,1
"\W|$",683344,1
"\W|$",683570,1
"\W|$",685837,1
"\W|$",688417,1
"\W|$",687652,1
"\W|$",684895,1
"\W|$",1127122,1
"\W|$",687052,1
"\W|$",688909,1
"\W|$",1125712,1
"\W|$",683738,1
"\W|$",689929,1
"\W|$",690100,1
"\W|$",687276,1
"\W|$",684486,1
"\W|$",685859,1
"\W|$",689936,1
"\W|$",1275222,1
"\W|$",683832,1
"\W|$",684877,1
"\W|$",787722,1
"\W|$",684446,1
"\W|$",1127136,1
"\W|$",687013,1
"\W|$",686257,1
"\W|$",687558,1
"\W|$",1125859,1
"\W|$",683797,1
"\W|$",686809,1
"\W|$",690053,1
"\W|$",685291,1
"\W|$",685215,1
"\W|$",689720,1
"\W|$",683643,1
"\W|$",689825,1
"\W|$",683377,1
"\W|$",688291,1
"\W|$",684500,1
"\W|$",684999,1
"\W|$",687410,1
"\W|$",687090,1
"\W|$",1302461,1
"\W|$",685882,1
"\W|$",1309291,1
"\W|$",685041,1
"\W|$",686786,1
"\W|$",1127130,1
"\W|$",683777,1
"\W|$",687567,1
"\W|$",689505,1
"\W|$",685086,1
"\W|$",829158,1
"\W|$",689375,1
"\W|$",683721,1
"\W|$",788017,1
"\W|$",741458,1
"\W|$",684350,1
"\W|$",686434,1
"\W|$",689599,1
"\W|$",683436,1
"\W|$",685976,1
"\W|$",683362,1
"\W|$",1132409,1
"\W|$",685494,1
"\W|$",684781,1
"\W|$",688866,1
"\W|$",687011,1
"\W|$",801792,1
"\W|$",684695,1
"\W|$",688553,1
"\W|$",1275229,1
"\W|$",730773,1
"\W|$",1275227,1
"\W|$",1275224,1
"\W|$",684776,1
"\W|$",688601,1
"\W|$",689209,1
"\W|$",686356,1
"\W|$",1302662,1
"\W|$",1302664,1
"\W|$",839374,1
"\W|$",685666,1
"\W|$",839389,1
"\W|$",685592,1
"\W|$",821510,1
"\W|$",684249,1
"\W|$",689407,1
"\W|$",689906,1
"\W|$",686685,1
"\W|$",688038,1
"\W|$",683903,1
"\W|$",688801,1
"\W|$",684628,1
"\W|$",686958,1
"\W|$",684075,1
"\W|$",683486,1
"\W|$",683657,1
"\W|$",687956,1
"\W|$",685347,1
"\W|$",688984,1
"\W|$",686789,1
"\W|$",684788,1
"\W|$",686252,1
"\W|$",686196,1
"\W|$",688861,1
"\W|$",689684,1
"\W|$",795484,1
"\W|$",688372,1
"\W|$",686453,1
"\W|$",1282234,1
"\W|$",684346,1
"\W|$",686487,1
"\W|$",687085,1
"\W|$",796831,1
"\W|$",796838,1
"\W|$",684783,1
"\W|$",684345,1
"\W|$",689786,1
"\W|$",688837,1
"\W|$",684760,1
"\W|$",687664,1
"\W|$",685146,1
"\W|$",684593,1
"\W|$",687641,1
"\W|$",689330,1
"\W|$",683886,1
"\W|$",685775,1
"\W|$",686634,1
"\W|$",689758,1
"\W|$",686454,1
"\W|$",688631,1
"\W|$",683161,1
"\W|$",683160,1
"\W|$",686752,1
"\W|$",683901,1
"\W|$",1349448,1
"\W|$",685883,1
"\W|$",685238,1
"\W|$",688929,1
"\W|$",687949,1
"\W|$",688224,1
"\W|$",685212,1
"\W|$",893476,1
"\W|$",893473,1
"\W|$",686455,1
"\W|$",686955,1
"\W|$",683257,1
"\W|$",683811,1
"\W|$",687150,1
"\W|$",687388,1
"\W|$",687913,1
"\W|$",688771,1
"\W|$",689269,1
"\W|$",687642,1
"\W|$",688431,1
"\W|$",687154,1
"\W|$",686857,1
"\W|$",688099,1
"\W|$",893449,1
"\W|$",893452,1
"\W|$",893464,1
"\W|$",688094,1
"\W|$",688235,1
"\W|$",685970,1
"\W|$",687412,1
"\W|$",683770,1
"\W|$",893439,1
"\W|$",690049,1
"\W|$",689795,1
"\W|$",684091,1
"\W|$",687950,1
"\W|$",689335,1
"\W|$",686373,1
"\W|$",689120,1
"\W|$",689419,1
"\W|$",684088,1
"\W|$",687645,1
"\W|$",1277555,1
"\W|$",1277563,1
"\W|$",974112,1
"\W|$",1277750,1
"\W|$",1277748,1
"\W|$",1277539,1
"\W|$",788799,1
"\W|$",1277535,1
"\W|$",685723,1
"\W|$",685163,1
"\W|$",685709,1
"\W|$",683065,1
"\W|$",785183,1
"\W|$",857940,1
"\W|$",687301,1
"\W|$",728737,1
"\W|$",728744,1
"\W|$",685684,1
"\W|$",684445,1
"\W|$",689796,1
"\W|$",934888,1
"\W|$",1110210,1
"\W|$",1110213,1
"\W|$",685370,1
"\W|$",689916,1
"\W|$",1222773,1
"\W|$",934867,1
"\W|$",971967,1
"\W|$",972107,1
"\W|$",840544,1
"\W|$",841144,1
"\W|$",972134,1
"\W|$",688001,1
"\W|$",971589,1
"\W|$",687532,1
"\W|$",686524,1
"\W|$",972010,1
"\W|$",972017,1
"\W|$",840562,1
"\W|$",840565,1
"\W|$",971673,1
"\W|$",971676,1
"\W|$",688960,1
"\W|$",686104,1
"\W|$",971684,1
"\W|$",877206,1
"\W|$",686968,1
"\W|$",687541,1
"\W|$",686128,1
"\W|$",684083,1
"\W|$",685920,1
"\W|$",684735,1
"\W|$",769159,1
"\W|$",840602,1
"\W|$",972861,1
"\W|$",972824,1
"\W|$",971992,1
"\W|$",683505,1
"\W|$",972062,1
"\W|$",683506,1
"\W|$",971766,1
"\W|$",687994,1
"\W|$",971913,1
"\W|$",972811,1
"\W|$",972814,1
"\W|$",943995,1
"\W|$",972072,1
"\W|$",972144,1
"\W|$",972076,1
"\W|$",684044,1
"\W|$",686777,1
"\W|$",683696,1
"\W|$",971747,1
"\W|$",840605,1
"\W|$",685022,1
"\W|$",972095,1
"\W|$",689670,1
"\W|$",972213,1
"\W|$",798304,1
"\W|$",686136,1
"\W|$",683075,1
"\W|$",685797,1
"\W|$",972052,1
"\W|$",971770,1
"\W|$",972885,1
"\W|$",840645,1
"\W|$",971780,1
"\W|$",971773,1
"\W|$",971776,1
"\W|$",683999,1
"\W|$",686974,1
"\W|$",971783,1
"\W|$",971793,1
"\W|$",971786,1
"\W|$",840648,1
"\W|$",971789,1
"\W|$",684036,1
"\W|$",686053,1
"\W|$",964267,1
"\W|$",690008,1
"\W|$",964273,1
"\W|$",964270,1
"\W|$",768948,1
"\W|$",687332,1
"\W|$",686499,1
"\W|$",964282,1
"\W|$",964276,1
"\W|$",740265,1
"\W|$",964279,1
"\W|$",840571,1
"\W|$",687514,1
"\W|$",684775,1
"\W|$",840568,1
"\W|$",769074,1
"\W|$",769039,1
"\W|$",792298,1
"\W|$",964304,1
"\W|$",964261,1
"\W|$",972137,1
"\W|$",769080,1
"\W|$",689223,1
"\W|$",688538,1
"\W|$",793506,1
"\W|$",769145,1
"\W|$",684318,1
"\W|$",972058,1
"\W|$",684516,1
"\W|$",769253,1
"\W|$",683427,1
"\W|$",688834,1
"\W|$",964285,1
"\W|$",769470,1
"\W|$",972846,1
"\W|$",688701,1
"\W|$",768815,1
"\W|$",685387,1
"\W|$",683142,1
"\W|$",947903,1
"\W|$",769173,1
"\W|$",688711,1
"\W|$",688477,1
"\W|$",685763,1
"\W|$",689902,1
"\W|$",688814,1
"\W|$",689826,1
"\W|$",684884,1
"\W|$",686993,1
"\W|$",685209,1
"\W|$",688367,1
"\W|$",686253,1
"\W|$",689262,1
"\W|$",685306,1
"\W|$",685307,1
"\W|$",689755,1
"\W|$",683464,1
"\W|$",972283,1
"\W|$",683789,1
"\W|$",688382,1
"\W|$",689730,1
"\W|$",816385,1
"\W|$",841504,1
"\W|$",1315502,1
"\W|$",684290,1
"\W|$",687665,1
"\W|$",685260,1
"\W|$",687712,1
"\W|$",947962,1
"\W|$",947968,1
"\W|$",964294,1
"\W|$",785173,1
"\W|$",689802,1
"\W|$",948008,1
"\W|$",684390,1
"\W|$",947953,1
"\W|$",947956,1
"\W|$",769588,1
"\W|$",689069,1
"\W|$",687726,1
"\W|$",687431,1
"\W|$",686755,1
"\W|$",684422,1
"\W|$",972188,1
"\W|$",794107,1
"\W|$",791705,1
"\W|$",686245,1
"\W|$",685064,1
"\W|$",689538,1
"\W|$",687989,1
"\W|$",690010,1
"\W|$",964288,1
"\W|$",840581,1
"\W|$",840584,1
"\W|$",688408,1
"\W|$",689302,1
"\W|$",821422,1
"\W|$",689383,1
"\W|$",687802,1
"\W|$",685714,1
"\W|$",1127132,1
"\W|$",1127134,1
"\W|$",685955,1
"\W|$",687395,1
"\W|$",685572,1
"\W|$",687591,1
"\W|$",688289,1
"\W|$",794996,1
"\W|$",758172,1
"\W|$",688416,1
"\W|$",689429,1
"\W|$",687265,1
"\W|$",786248,1
"\W|$",786252,1
"\W|$",688693,1
"\W|$",688539,1
"\W|$",683762,1
"\W|$",688611,1
"\W|$",685791,1
"\W|$",758124,1
"\W|$",686684,1
"\W|$",684710,1
"\W|$",685653,1
"\W|$",687822,1
"\W|$",687163,1
"\W|$",689814,1
"\W|$",684983,1
"\W|$",688381,1
"\W|$",684508,1
"\W|$",684414,1
"\W|$",686126,1
"\W|$",684299,1
"\W|$",689185,1
"\W|$",683725,1
"\W|$",689474,1
"\W|$",689873,1
"\W|$",947909,1
"\W|$",685192,1
"\W|$",688549,1
"\W|$",947912,1
"\W|$",688550,1
"\W|$",684941,1
"\W|$",688219,1
"\W|$",687562,1
"\W|$",689659,1
"\W|$",685957,1
"\W|$",685845,1
"\W|$",802985,1
"\W|$",770490,1
"\W|$",689323,1
"\W|$",683507,1
"\W|$",802988,1
"\W|$",686833,1
"\W|$",683310,1
"\W|$",684828,1
"\W|$",684431,1
"\W|$",685032,1
"\W|$",688396,1
"\W|$",687985,1
"\W|$",687243,1
"\W|$",686495,1
"\W|$",768855,1
"\W|$",1283090,1
"\W|$",1283092,1
"\W|$",685017,1
"\W|$",686696,1
"\W|$",687292,1
"\W|$",686437,1
"\W|$",686959,1
"\W|$",684891,1
"\W|$",689574,1
"\W|$",686697,1
"\W|$",686477,1
"\W|$",683729,1
"\W|$",688888,1
"\W|$",683199,1
"\W|$",689130,1
"\W|$",686042,1
"\W|$",971973,1
"\W|$",688036,1
"\W|$",687241,1
"\W|$",684222,1
"\W|$",857857,1
"\W|$",685706,1
"\W|$",687885,1
"\W|$",688557,1
"\W|$",685360,1
"\W|$",686582,1
"\W|$",686911,1
"\W|$",685900,1
"\W|$",685758,1
"\W|$",684764,1
"\W|$",684990,1
"\W|$",684395,1
"\W|$",687587,1
"\W|$",683071,1
"\W|$",758079,1
"\W|$",684238,1
"\W|$",793474,1
"\W|$",758071,1
"\W|$",785235,1
"\W|$",1127128,1
"\W|$",757438,1
"\W|$",770570,1
"\W|$",689200,1
"\W|$",785308,1
"\W|$",1283110,1
"\W|$",770588,1
"\W|$",770580,1
"\W|$",972091,1
"\W|$",972209,1
"\W|$",688671,1
"\W|$",687207,1
"\W|$",688050,1
"\W|$",688049,1
"\W|$",687066,1
"\W|$",1127126,1
"\W|$",1125704,1
"\W|$",686098,1
"\W|$",685994,1
"\W|$",685654,1
"\W|$",683468,1
"\W|$",688330,1
"\W|$",689792,1
"\W|$",684652,1
"\W|$",684272,1
"\W|$",683718,1
"\W|$",689361,1
"\W|$",689952,1
"\W|$",689114,1
"\W|$",947923,1
"\W|$",688556,1
"\W|$",685893,1
"\W|$",683771,1
"\W|$",684798,1
"\W|$",687925,1
"\W|$",687083,1
"\W|$",684010,1
"\W|$",689864,1
"\W|$",684011,1
"\W|$",947929,1
"\W|$",683130,1
"\W|$",689247,1
"\W|$",947932,1
"\W|$",947935,1
"\W|$",688208,1
"\W|$",690054,1
"\W|$",688397,1
"\W|$",947938,1
"\W|$",686081,1
"\W|$",947941,1
"\W|$",947944,1
"\W|$",684078,1
"\W|$",948023,1
"\W|$",948026,1
"\W|$",685501,1
"\W|$",948029,1
"\W|$",689807,1
"\W|$",684484,1
"\W|$",686244,1
"\W|$",687416,1
"\W|$",948032,1
"\W|$",688143,1
"\W|$",688144,1
"\W|$",685323,1
"\W|$",686585,1
"\W|$",686020,1
"\W|$",686395,1
"\W|$",687656,1
"\W|$",688060,1
"\W|$",686208,1
"\W|$",684417,1
"\W|$",683339,1
"\W|$",683340,1
"\W|$",684262,1
"\W|$",785435,1
"\W|$",688880,1
"\W|$",972850,1
"\W|$",785158,1
"\W|$",688131,1
"\W|$",685691,1
"\W|$",686179,1
"\W|$",684221,1
"\W|$",687852,1
"\W|$",687461,1
"\W|$",971976,1
"\W|$",683691,1
"\W|$",735295,1
"\W|$",947915,1
"\W|$",683379,1
"\W|$",785239,1
"\W|$",683820,1
"\W|$",785148,1
"\W|$",686099,1
"\W|$",947918,1
"\W|$",684359,1
"\W|$",686264,1
"\W|$",803006,1
"\W|$",685838,1
"\W|$",684803,1
"\W|$",689987,1
"\W|$",685656,1
"\W|$",683836,1
"\W|$",683756,1
"\W|$",688900,1
"\W|$",686689,1
"\W|$",686628,1
"\W|$",689170,1
"\W|$",857845,1
"\W|$",1283112,1
"\W|$",785242,1
"\W|$",687032,1
"\W|$",687033,1
"\W|$",687131,1
"\W|$",684413,1
"\W|$",685293,1
"\W|$",683911,1
"\W|$",683855,1
"\W|$",686665,1
"\W|$",687215,1
"\W|$",685576,1
"\W|$",686023,1
"\W|$",685579,1
"\W|$",689255,1
"\W|$",684058,1
"\W|$",690028,1
"\W|$",687371,1
"\W|$",686956,1
"\W|$",793478,1
"\W|$",684178,1
"\W|$",688022,1
"\W|$",684552,1
"\W|$",685371,1
"\W|$",827827,1
"\W|$",690032,1
"\W|$",684691,1
"\W|$",685647,1
"\W|$",689979,1
"\W|$",964264,1
"\W|$",971567,1
"\W|$",971979,1
"\W|$",683852,1
"\W|$",683136,1
"\W|$",685646,1
"\W|$",971982,1
"\W|$",689409,1
"\W|$",683853,1
"\W|$",683854,1
"\W|$",685860,1
"\W|$",685947,1
"\W|$",689408,1
"\W|$",689085,1
"\W|$",683608,1
"\W|$",972127,1
"\W|$",684682,1
"\W|$",689086,1
"\W|$",683700,1
"\W|$",688024,1
"\W|$",686118,1
"\W|$",685861,1
"\W|$",685948,1
"\W|$",689959,1
"\W|$",688512,1
"\W|$",791958,1
"\W|$",688811,1
"\W|$",689958,1
"\W|$",793483,1
"\W|$",683135,1
"\W|$",690004,1
"\W|$",687644,1
"\W|$",687992,1
"\W|$",688510,1
"\W|$",687826,1
"\W|$",687739,1
"\W|$",685629,1
"\W|$",688286,1
"\W|$",689009,1
"\W|$",686902,1
"\W|$",686778,1
"\W|$",683123,1
"\W|$",688933,1
"\W|$",689640,1
"\W|$",1362521,1
"\W|$",791954,1
"\W|$",687897,1
"\W|$",687075,1
"\W|$",768954,1
"\W|$",769105,1
"\W|$",972280,1
"\W|$",793511,1
"\W|$",687340,1
"\W|$",791994,1
"\W|$",688800,1
"\W|$",947947,1
"\W|$",947965,1
"\W|$",947971,1
"\W|$",685444,1
"\W|$",685916,1
"\W|$",686490,1
"\W|$",689233,1
"\W|$",683426,1
"\W|$",684302,1
"\W|$",769027,1
"\W|$",769035,1
"\W|$",769077,1
"\W|$",840574,1
"\W|$",803021,1
"\W|$",689860,1
"\W|$",687262,1
"\W|$",798321,1
"\W|$",687754,1
"\W|$",688902,1
"\W|$",684777,1
"\W|$",684734,1
"\W|$",972033,1
"\W|$",769483,1
"\W|$",792225,1
"\W|$",688952,1
"\W|$",686063,1
"\W|$",793500,1
"\W|$",684582,1
"\W|$",686984,1
"\W|$",685581,1
"\W|$",685349,1
"\W|$",948002,1
"\W|$",948035,1
"\W|$",757446,1
"\W|$",794372,1
"\W|$",690096,1
"\W|$",689267,1
"\W|$",690064,1
"\W|$",690065,1
"\W|$",689859,1
"\W|$",684728,1
"\W|$",1284841,1
"\W|$",687595,1
"\W|$",683062,1
"\W|$",687706,1
"\W|$",688590,1
"\W|$",688591,1
"\W|$",685043,1
"\W|$",683928,1
"\W|$",688303,1
"\W|$",688574,1
"\W|$",685101,1
"\W|$",686826,1
"\W|$",687551,1
"\W|$",687927,1
"\W|$",683219,1
"\W|$",687774,1
"\W|$",689966,1
"\W|$",685801,1
"\W|$",686998,1
"\W|$",684687,1
"\W|$",687059,1
"\W|$",686059,1
"\W|$",687051,1
"\W|$",688941,1
"\W|$",686773,1
"\W|$",684049,1
"\W|$",689395,1
"\W|$",689164,1
"\W|$",683774,1
"\W|$",687095,1
"\W|$",687096,1
"\W|$",683311,1
"\W|$",689849,1
"\W|$",686797,1
"\W|$",690013,1
"\W|$",688942,1
"\W|$",687586,1
"\W|$",685798,1
"\W|$",684577,1
"\W|$",685053,1
"\W|$",683715,1
"\W|$",684462,1
"\W|$",686058,1
"\W|$",686521,1
"\W|$",688023,1
"\W|$",683699,1
"\W|$",686030,1
"\W|$",684042,1
"\W|$",685114,1
"\W|$",686864,1
"\W|$",689514,1
"\W|$",683556,1
"\W|$",685696,1
"\W|$",686249,1
"\W|$",689620,1
"\W|$",688366,1
"\W|$",688779,1
"\W|$",683113,1
"\W|$",688399,1
"\W|$",683714,1
"\W|$",689741,1
"\W|$",803015,1
"\W|$",806296,1
"\W|$",686166,1
"\W|$",687605,1
"\W|$",685668,1
"\W|$",689820,1
"\W|$",686271,1
"\W|$",689253,1
"\W|$",683884,1
"\W|$",688383,1
"\W|$",686173,1
"\W|$",684935,1
"\W|$",686295,1
"\W|$",687604,1
"\W|$",683114,1
"\W|$",687786,1
"\W|$",689219,1
"\W|$",688109,1
"\W|$",806325,1
"\W|$",806336,1
"\W|$",683867,1
"\W|$",686235,1
"\W|$",689891,1
"\W|$",689742,1
"\W|$",689591,1
"\W|$",687214,1
"\W|$",687731,1
"\W|$",683432,1
"\W|$",806361,1
"\W|$",687671,1
"\W|$",686564,1
"\W|$",687213,1
"\W|$",687585,1
"\W|$",689230,1
"\W|$",689231,1
"\W|$",683753,1
"\W|$",684180,1
"\W|$",687821,1
"\W|$",684336,1
"\W|$",688476,1
"\W|$",688086,1
"\W|$",689598,1
"\W|$",684463,1
"\W|$",683399,1
"\W|$",684782,1
"\W|$",683593,1
"\W|$",684853,1
"\W|$",683382,1
"\W|$",685693,1
"\W|$",685210,1
"\W|$",683089,1
"\W|$",686470,1
"\W|$",686750,1
"\W|$",684227,1
"\W|$",687175,1
"\W|$",688409,1
"\W|$",689675,1
"\W|$",684961,1
"\W|$",684962,1
"\W|$",687923,1
"\W|$",687473,1
"\W|$",686844,1
"\W|$",687053,1
"\W|$",684773,1
"\W|$",685465,1
"\W|$",686165,1
"\W|$",686239,1
"\W|$",685415,1
"\W|$",685416,1
"\W|$",686577,1
"\W|$",688126,1
"\W|$",685705,1
"\W|$",971962,1
"\W|$",840541,1
"\W|$",684300,1
"\W|$",840538,1
"\W|$",689542,1
"\W|$",971598,1
"\W|$",683270,1
"\W|$",806351,1
"\W|$",806356,1
"\W|$",687884,1
"\W|$",972147,1
"\W|$",971695,1
"\W|$",971698,1
"\W|$",971702,1
"\W|$",971706,1
"\W|$",971996,1
"\W|$",971710,1
"\W|$",971714,1
"\W|$",840587,1
"\W|$",971717,1
"\W|$",840590,1
"\W|$",971999,1
"\W|$",972004,1
"\W|$",971721,1
"\W|$",972007,1
"\W|$",971724,1
"\W|$",971728,1
"\W|$",687878,1
"\W|$",971732,1
"\W|$",686531,1
"\W|$",840550,1
"\W|$",840577,1
"\W|$",683492,1
"\W|$",689125,1
"\W|$",971736,1
"\W|$",972080,1
"\W|$",840595,1
"\W|$",971739,1
"\W|$",683081,1
"\W|$",684282,1
"\W|$",689642,1
"\W|$",686761,1
"\W|$",971743,1
"\W|$",840599,1
"\W|$",972150,1
"\W|$",688835,1
"\W|$",688199,1
"\W|$",688807,1
"\W|$",686137,1
"\W|$",840828,1
"\W|$",685551,1
"\W|$",790054,1
"\W|$",790057,1
"\W|$",964223,1
"\W|$",964226,1
"\W|$",969543,1
"\W|$",964202,1
"\W|$",790198,1
"\W|$",689793,1
"\W|$",971570,1
"\W|$",683987,1
"\W|$",971573,1
"\W|$",687299,1
"\W|$",971985,1
"\W|$",878891,1
"\W|$",689439,1
"\W|$",971750,1
"\W|$",840615,1
"\W|$",689173,1
"\W|$",971592,1
"\W|$",684600,1
"\W|$",972831,1
"\W|$",972084,1
"\W|$",972191,1
"\W|$",943998,1
"\W|$",689995,1
"\W|$",687069,1
"\W|$",687442,1
"\W|$",972869,1
"\W|$",683692,1
"\W|$",971554,1
"\W|$",971948,1
"\W|$",840531,1
"\W|$",971564,1
"\W|$",971952,1
"\W|$",840534,1
"\W|$",841776,1
"\W|$",688529,1
"\W|$",788011,1
"\W|$",971576,1
"\W|$",686019,1
"\W|$",971579,1
"\W|$",971583,1
"\W|$",971586,1
"\W|$",688798,1
"\W|$",972836,1
"\W|$",972037,1
"\W|$",686254,1
"\W|$",971595,1
"\W|$",684551,1
"\W|$",687235,1
"\W|$",684043,1
"\W|$",972856,1
"\W|$",973398,1
"\W|$",689275,1
"\W|$",741477,1
"\W|$",741474,1
"\W|$",769150,1
"\W|$",841768,1
"\W|$",684202,1
"\W|$",684225,1
"\W|$",685413,1
"\W|$",971965,1
"\W|$",841783,1
"\W|$",841786,1
"\W|$",687362,1
"\W|$",972066,1
"\W|$",971687,1
"\W|$",841830,1
"\W|$",972044,1
"\W|$",683974,1
"\W|$",687300,1
"\W|$",689435,1
"\W|$",972817,1
"\W|$",972833,1
"\W|$",972890,1
"\W|$",971760,1
"\W|$",972087,1
"\W|$",684298,1
"\W|$",840636,1
"\W|$",971763,1
"\W|$",972206,1
"\W|$",973446,1
"\W|$",840624,1
"\W|$",685165,1
"\W|$",683453,1
"\W|$",972828,1
"\W|$",972130,1
"\W|$",878906,1
"\W|$",684233,1
"\W|$",806331,1
"\W|$",806343,1
"\W|$",806347,1
"\W|$",806366,1
"\W|$",686749,1
"\W|$",683203,1
"\W|$",689123,1
"\W|$",684037,1
"\W|$",683645,1
"\W|$",686795,1
"\W|$",686519,1
"\W|$",683866,1
"\W|$",683221,1
"\W|$",806404,1
"\W|$",806409,1
"\W|$",806399,1
"\W|$",806417,1
"\W|$",806425,1
"\W|$",685915,1
"\W|$",806420,1
"\W|$",687639,1
"\W|$",686584,1
"\W|$",688833,1
"\W|$",687076,1
"\W|$",688181,1
"\W|$",684370,1
"\W|$",683877,1
"\W|$",685352,1
"\W|$",687539,1
"\W|$",685539,1
"\W|$",684125,1
"\W|$",684733,1
"\W|$",689731,1
"\W|$",687709,1
"\W|$",688797,1
"\W|$",689913,1
"\W|$",684174,1
"\W|$",685951,1
"\W|$",684923,1
"\W|$",687450,1
"\W|$",688404,1
"\W|$",685407,1
"\W|$",683535,1
"\W|$",857546,1
"\W|$",857552,1
"\W|$",857549,1
"\W|$",728773,1
"\W|$",683989,1
"\W|$",688676,1
"\W|$",684861,1
"\W|$",685067,1
"\W|$",688295,1
"\W|$",685267,1
"\W|$",728621,1
"\W|$",728788,1
"\W|$",857890,1
"\W|$",689709,1
"\W|$",689099,1
"\W|$",684518,1
"\W|$",687583,1
"\W|$",683955,1
"\W|$",728627,1
"\W|$",687584,1
"\W|$",735327,1
"\W|$",688190,1
"\W|$",684490,1
"\W|$",684150,1
"\W|$",688644,1
"\W|$",688347,1
"\W|$",688838,1
"\W|$",688040,1
"\W|$",687877,1
"\W|$",688622,1
"\W|$",688919,1
"\W|$",684555,1
"\W|$",686724,1
"\W|$",689310,1
"\W|$",687519,1
"\W|$",685278,1
"\W|$",688491,1
"\W|$",730682,1
"\W|$",684740,1
"\W|$",683240,1
"\W|$",688840,1
"\W|$",685917,1
"\W|$",685804,1
"\W|$",688646,1
"\W|$",686442,1
"\W|$",687520,1
"\W|$",683953,1
"\W|$",684334,1
"\W|$",687438,1
"\W|$",730765,1
"\W|$",690088,1
"\W|$",684713,1
"\W|$",685524,1
"\W|$",686138,1
"\W|$",688804,1
"\W|$",728583,1
"\W|$",689953,1
"\W|$",687634,1
"\W|$",729675,1
"\W|$",689156,1
"\W|$",857848,1
"\W|$",683954,1
"\W|$",685069,1
"\W|$",685918,1
"\W|$",685802,1
"\W|$",687907,1
"\W|$",687635,1
"\W|$",730760,1
"\W|$",685865,1
"\W|$",689163,1
"\W|$",857842,1
"\W|$",729658,1
"\W|$",684721,1
"\W|$",686979,1
"\W|$",685897,1
"\W|$",685934,1
"\W|$",857851,1
"\W|$",687745,1
"\W|$",684862,1
"\W|$",688677,1
"\W|$",684246,1
"\W|$",686365,1
"\W|$",689781,1
"\W|$",683132,1
"\W|$",688118,1
"\W|$",689465,1
"\W|$",686086,1
"\W|$",684992,1
"\W|$",735338,1
"\W|$",688315,1
"\W|$",684002,1
"\W|$",690050,1
"\W|$",685369,1
"\W|$",857854,1
"\W|$",857884,1
"\W|$",786024,1
"\W|$",728743,1
"\W|$",684149,1
"\W|$",684464,1
"\W|$",730698,1
"\W|$",687625,1
"\W|$",686605,1
"\W|$",728752,1
"\W|$",688783,1
"\W|$",728757,1
"\W|$",688784,1
"\W|$",686549,1
"\W|$",689768,1
"\W|$",1222793,1
"\W|$",1222799,1
"\W|$",1222871,1
"\W|$",1222785,1
"\W|$",1222783,1
"\W|$",1222781,1
"\W|$",1222877,1
"\W|$",1222873,1
"\W|$",686435,1
"\W|$",688198,1
"\W|$",685519,1
"\W|$",685520,1
"\W|$",689418,1
"\W|$",688648,1
"\W|$",687893,1
"\W|$",688314,1
"\W|$",685191,1
"\W|$",688438,1
"\W|$",687089,1
"\W|$",1222851,1
"\W|$",689423,1
"\W|$",688805,1
"\W|$",1222797,1
"\W|$",688808,1
"\W|$",684534,1
"\W|$",683481,1
"\W|$",689155,1
"\W|$",1222779,1
"\W|$",1222867,1
"\W|$",1110182,1
"\W|$",1110192,1
"\W|$",1110195,1
"\W|$",1110198,1
"\W|$",1110201,1
"\W|$",686222,1
"\W|$",684549,1
"\W|$",686327,1
"\W|$",868505,1
"\W|$",868506,1
"\W|$",689264,1
"\W|$",689107,1
"\W|$",685155,1
"\W|$",685211,1
"\W|$",687632,1
"\W|$",888622,1
"\W|$",686771,1
"\W|$",686458,1
"\W|$",887553,1
"\W|$",887512,1
"\W|$",887509,1
"\W|$",887515,1
"\W|$",887518,1
"\W|$",887503,1
"\W|$",887542,1
"\W|$",887506,1
"\W|$",685437,1
"\W|$",685249,1
"\W|$",685873,1
"\W|$",686536,1
"\W|$",688052,1
"\W|$",684118,1
"\W|$",687638,1
"\W|$",1013729,1
"\W|$",1013730,1
"\W|$",1013736,1
"\W|$",868475,1
"\W|$",868476,1
"\W|$",868477,1
"\W|$",1013740,1
"\W|$",1013732,1
"\W|$",1010050,1
"\W|$",789543,1
"\W|$",685125,1
"\W|$",754874,1
"\W|$",860935,1
"\W|$",1013743,1
"\W|$",1010054,1
"\W|$",686928,1
"\W|$",1042919,1
"\W|$",683544,1
"\W|$",1013675,1
"\W|$",1042922,1
"\W|$",684094,1
"\W|$",1010052,1
"\W|$",1010060,1
"\W|$",1010056,1
"\W|$",1010058,1
"\W|$",1006272,1
"\W|$",1010032,1
"\W|$",685044,1
"\W|$",685896,1
"\W|$",1010036,1
"\W|$",1010034,1
"\W|$",683513,1
"\W|$",685312,1
"\W|$",689726,1
"\W|$",1010062,1
"\W|$",1010064,1
"\W|$",686946,1
"\W|$",687196,1
"\W|$",688524,1
"\W|$",684994,1
"\W|$",688133,1
"\W|$",686694,1
"\W|$",688136,1
"\W|$",689118,1
"\W|$",687368,1
"\W|$",685609,1
"\W|$",687941,1
"\W|$",685538,1
"\W|$",972841,1
"\W|$",1013745,1
"\W|$",689831,1
"\W|$",683496,1
"\W|$",683816,1
"\W|$",686144,1
"\W|$",687610,1
"\W|$",689480,1
"\W|$",685765,1
"\W|$",689980,1
"\W|$",685008,1
"\W|$",689552,1
"\W|$",868496,1
"\W|$",683599,1
"\W|$",689126,1
"\W|$",688901,1
"\W|$",688101,1
"\W|$",688203,1
"\W|$",686119,1
"\W|$",686630,1
"\W|$",732831,1
"\W|$",732872,1
"\W|$",732800,1
"\W|$",684982,1
"\W|$",688640,1
"\W|$",687749,1
"\W|$",686969,1
"\W|$",687186,1
"\W|$",684814,1
"\W|$",683580,1
"\W|$",684162,1
"\W|$",685447,1
"\W|$",688856,1
"\W|$",689084,1
"\W|$",684312,1
"\W|$",688505,1
"\W|$",687549,1
"\W|$",689611,1
"\W|$",688030,1
"\W|$",685341,1
"\W|$",686939,1
"\W|$",755395,1
"\W|$",686497,1
"\W|$",688725,1
"\W|$",685287,1
"\W|$",688741,1
"\W|$",688520,1
"\W|$",685316,1
"\W|$",946361,1
"\W|$",689861,1
"\W|$",686328,1
"\W|$",683881,1
"\W|$",683408,1
"\W|$",687886,1
"\W|$",689433,1
"\W|$",685739,1
"\W|$",687282,1
"\W|$",683596,1
"\W|$",689950,1
"\W|$",688264,1
"\W|$",685596,1
"\W|$",689725,1
"\W|$",688018,1
"\W|$",856866,1
"\W|$",835388,1
"\W|$",686947,1
"\W|$",685822,1
"\W|$",685755,1
"\W|$",688673,1
"\W|$",689079,1
"\W|$",731101,1
"\W|$",683805,1
"\W|$",683170,1
"\W|$",684693,1
"\W|$",684483,1
"\W|$",683443,1
"\W|$",684504,1
"\W|$",686626,1
"\W|$",684834,1
"\W|$",683096,1
"\W|$",689347,1
"\W|$",684401,1
"\W|$",856875,1
"\W|$",689896,1
"\W|$",683247,1
"\W|$",684897,1
"\W|$",685247,1
"\W|$",687297,1
"\W|$",688892,1
"\W|$",684012,1
"\W|$",689553,1
"\W|$",688884,1
"\W|$",685104,1
"\W|$",689441,1
"\W|$",688441,1
"\W|$",687404,1
"\W|$",684815,1
"\W|$",685874,1
"\W|$",683768,1
"\W|$",687406,1
"\W|$",687469,1
"\W|$",686345,1
"\W|$",689808,1
"\W|$",685587,1
"\W|$",683445,1
"\W|$",687352,1
"\W|$",686944,1
"\W|$",688674,1
"\W|$",689957,1
"\W|$",732427,1
"\W|$",683516,1
"\W|$",685928,1
"\W|$",684553,1
"\W|$",685410,1
"\W|$",684571,1
"\W|$",689133,1
"\W|$",688211,1
"\W|$",683137,1
"\W|$",686282,1
"\W|$",790558,1
"\W|$",687976,1
"\W|$",687145,1
"\W|$",684829,1
"\W|$",731157,1
"\W|$",685461,1
"\W|$",950091,1
"\W|$",687022,1
"\W|$",687571,1
"\W|$",684840,1
"\W|$",689833,1
"\W|$",950088,1
"\W|$",868660,1
"\W|$",689926,1
"\W|$",732406,1
"\W|$",688078,1
"\W|$",687779,1
"\W|$",685450,1
"\W|$",802084,1
"\W|$",686841,1
"\W|$",689632,1
"\W|$",688234,1
"\W|$",685255,1
"\W|$",685911,1
"\W|$",689937,1
"\W|$",732843,1
"\W|$",686071,1
"\W|$",1346895,1
"\W|$",684003,1
"\W|$",858815,1
"\W|$",858824,1
"\W|$",688847,1
"\W|$",686407,1
"\W|$",689714,1
"\W|$",689763,1
"\W|$",686712,1
"\W|$",689909,1
"\W|$",686846,1
"\W|$",688515,1
"\W|$",687887,1
"\W|$",820682,1
"\W|$",688311,1
"\W|$",688121,1
"\W|$",683508,1
"\W|$",687420,1
"\W|$",686501,1
"\W|$",684868,1
"\W|$",688349,1
"\W|$",685214,1
"\W|$",687564,1
"\W|$",689515,1
"\W|$",683664,1
"\W|$",683821,1
"\W|$",689572,1
"\W|$",685578,1
"\W|$",688615,1
"\W|$",686090,1
"\W|$",689655,1
"\W|$",686710,1
"\W|$",687199,1
"\W|$",683918,1
"\W|$",686457,1
"\W|$",683919,1
"\W|$",687411,1
"\W|$",866803,1
"\W|$",859986,1
"\W|$",684749,1
"\W|$",683704,1
"\W|$",802087,1
"\W|$",802090,1
"\W|$",686134,1
"\W|$",683670,1
"\W|$",689740,1
"\W|$",689271,1
"\W|$",683485,1
"\W|$",687203,1
"\W|$",687396,1
"\W|$",687275,1
"\W|$",683278,1
"\W|$",685208,1
"\W|$",687911,1
"\W|$",683511,1
"\W|$",684181,1
"\W|$",686831,1
"\W|$",686051,1
"\W|$",684588,1
"\W|$",684976,1
"\W|$",683678,1
"\W|$",684147,1
"\W|$",686346,1
"\W|$",687254,1
"\W|$",689279,1
"\W|$",684380,1
"\W|$",686751,1
"\W|$",689616,1
"\W|$",685830,1
"\W|$",684467,1
"\W|$",686897,1
"\W|$",685787,1
"\W|$",689854,1
"\W|$",686180,1
"\W|$",686687,1
"\W|$",687603,1
"\W|$",687763,1
"\W|$",689910,1
"\W|$",686672,1
"\W|$",684615,1
"\W|$",683975,1
"\W|$",684908,1
"\W|$",688986,1
"\W|$",689775,1
"\W|$",685673,1
"\W|$",689567,1
"\W|$",688987,1
"\W|$",683869,1
"\W|$",689129,1
"\W|$",689346,1
"\W|$",688592,1
"\W|$",689654,1
"\W|$",688740,1
"\W|$",688426,1
"\W|$",793225,1
"\W|$",687468,1
"\W|$",683600,1
"\W|$",686418,1
"\W|$",689008,1
"\W|$",684779,1
"\W|$",687430,1
"\W|$",689019,1
"\W|$",685762,1
"\W|$",686835,1
"\W|$",689018,1
"\W|$",683813,1
"\W|$",688098,1
"\W|$",689340,1
"\W|$",687042,1
"\W|$",684509,1
"\W|$",683253,1
"\W|$",684512,1
"\W|$",685093,1
"\W|$",684216,1
"\W|$",685471,1
"\W|$",683873,1
"\W|$",687855,1
"\W|$",687351,1
"\W|$",685713,1
"\W|$",689198,1
"\W|$",686827,1
"\W|$",688700,1
"\W|$",686425,1
"\W|$",684491,1
"\W|$",683896,1
"\W|$",684718,1
"\W|$",683252,1
"\W|$",686711,1
"\W|$",689839,1
"\W|$",683672,1
"\W|$",685099,1
"\W|$",684845,1
"\W|$",689696,1
"\W|$",686764,1
"\W|$",688542,1
"\W|$",688939,1
"\W|$",685806,1
"\W|$",867532,1
"\W|$",687708,1
"\W|$",688972,1
"\W|$",928265,1
"\W|$",687663,1
"\W|$",685925,1
"\W|$",685313,1
"\W|$",868705,1
"\W|$",685499,1
"\W|$",822041,1
"\W|$",683494,1
"\W|$",820688,1
"\W|$",684031,1
"\W|$",686636,1
"\W|$",684595,1
"\W|$",689536,1
"\W|$",687764,1
"\W|$",684586,1
"\W|$",686008,1
"\W|$",687464,1
"\W|$",685550,1
"\W|$",686510,1
"\W|$",690076,1
"\W|$",684943,1
"\W|$",907659,1
"\W|$",687957,1
"\W|$",684707,1
"\W|$",688934,1
"\W|$",687255,1
"\W|$",687561,1
"\W|$",685111,1
"\W|$",801757,1
"\W|$",685692,1
"\W|$",686739,1
"\W|$",801762,1
"\W|$",686221,1
"\W|$",801753,1
"\W|$",686641,1
"\W|$",689287,1
"\W|$",684481,1
"\W|$",684480,1
"\W|$",689772,1
"\W|$",687026,1
"\W|$",687895,1
"\W|$",683613,1
"\W|$",689938,1
"\W|$",688465,1
"\W|$",685455,1
"\W|$",683763,1
"\W|$",688240,1
"\W|$",685522,1
"\W|$",686997,1
"\W|$",687114,1
"\W|$",683407,1
"\W|$",801789,1
"\W|$",687915,1
"\W|$",687813,1
"\W|$",683299,1
"\W|$",758635,1
"\W|$",685088,1
"\W|$",1159193,1
"\W|$",683201,1
"\W|$",889211,1
"\W|$",687837,1
"\W|$",689385,1
"\W|$",689083,1
"\W|$",683812,1
"\W|$",683872,1
"\W|$",683272,1
"\W|$",688434,1
"\W|$",959184,1
"\W|$",685343,1
"\W|$",686338,1
"\W|$",689017,1
"\W|$",688159,1
"\W|$",686588,1
"\W|$",684378,1
"\W|$",683521,1
"\W|$",684054,1
"\W|$",687582,1
"\W|$",688242,1
"\W|$",686717,1
"\W|$",793663,1
"\W|$",685636,1
"\W|$",802059,1
"\W|$",791578,1
"\W|$",731010,1
"\W|$",688749,1
"\W|$",798401,1
"\W|$",687926,1
"\W|$",738484,1
"\W|$",758641,1
"\W|$",1349454,1
"\W|$",742058,1
"\W|$",795056,1
"\W|$",686466,1
"\W|$",794875,1
"\W|$",793418,1
"\W|$",758662,1
"\W|$",802075,1
"\W|$",807753,1
"\W|$",689168,1
"\W|$",683782,1
"\W|$",683393,1
"\W|$",684920,1
"\W|$",684919,1
"\W|$",686995,1
"\W|$",839087,1
"\W|$",689121,1
"\W|$",685507,1
"\W|$",688056,1
"\W|$",685675,1
"\W|$",688013,1
"\W|$",802017,1
"\W|$",686729,1
"\W|$",683303,1
"\W|$",1159191,1
"\W|$",688809,1
"\W|$",689773,1
"\W|$",685117,1
"\W|$",684332,1
"\W|$",683401,1
"\W|$",684535,1
"\W|$",684307,1
"\W|$",683182,1
"\W|$",685040,1
"\W|$",686910,1
"\W|$",685115,1
"\W|$",688151,1
"\W|$",686309,1
"\W|$",684585,1
"\W|$",686087,1
"\W|$",873824,1
"\W|$",683495,1
"\W|$",730957,1
"\W|$",686476,1
"\W|$",686555,1
"\W|$",686514,1
"\W|$",783931,1
"\W|$",721861,1
"\W|$",689490,1
"\W|$",683724,1
"\W|$",685988,1
"\W|$",685094,1
"\W|$",689478,1
"\W|$",686187,1
"\W|$",687225,1
"\W|$",685452,1
"\W|$",686637,1
"\W|$",684165,1
"\W|$",867537,1
"\W|$",866624,1
"\W|$",686662,1
"\W|$",687810,1
"\W|$",686554,1
"\W|$",689412,1
"\W|$",688283,1
"\W|$",687359,1
"\W|$",685729,1
"\W|$",688103,1
"\W|$",689899,1
"\W|$",689039,1
"\W|$",688268,1
"\W|$",1302668,1
"\W|$",1349445,1
"\W|$",801805,1
"\W|$",689336,1
"\W|$",688403,1
"\W|$",687138,1
"\W|$",688628,1
"\W|$",790975,1
"\W|$",1375137,1
"\W|$",688675,1
"\W|$",689612,1
"\W|$",687899,1
"\W|$",731174,1
"\W|$",684410,1
"\W|$",685788,1
"\W|$",686573,1
"\W|$",742067,1
"\W|$",685683,1
"\W|$",721899,1
"\W|$",688464,1
"\W|$",687748,1
"\W|$",683595,1
"\W|$",687841,1
"\W|$",685978,1
"\W|$",1217339,1
"\W|$",1159203,1
"\W|$",728816,1
"\W|$",1217341,1
"\W|$",685467,1
"\W|$",689285,1
"\W|$",683518,1
"\W|$",687248,1
"\W|$",685677,1
"\W|$",686638,1
"\W|$",685847,1
"\W|$",683458,1
"\W|$",1375136,1
"\W|$",892939,1
"\W|$",689089,1
"\W|$",689044,1
"\W|$",1302670,1
"\W|$",686788,1
"\W|$",687201,1
"\W|$",683677,1
"\W|$",684386,1
"\W|$",687000,1
"\W|$",892936,1
"\W|$",892928,1
"\W|$",684045,1
"\W|$",689868,1
"\W|$",683127,1
"\W|$",683995,1
"\W|$",687237,1
"\W|$",689486,1
"\W|$",689355,1
"\W|$",684916,1
"\W|$",689867,1
"\W|$",683857,1
"\W|$",1176983,1
"\W|$",686709,1
"\W|$",688278,1
"\W|$",688456,1
"\W|$",683188,1
"\W|$",683296,1
"\W|$",686037,1
"\W|$",690084,1
"\W|$",1176985,1
"\W|$",685116,1
"\W|$",688437,1
"\W|$",800146,1
"\W|$",800143,1
"\W|$",685562,1
"\W|$",688193,1
"\W|$",800140,1
"\W|$",800184,1
"\W|$",800149,1
"\W|$",800152,1
"\W|$",1349441,1
"\W|$",683094,1
"\W|$",892811,1
"\W|$",685753,1
"\W|$",685122,1
"\W|$",685096,1
"\W|$",683930,1
"\W|$",685664,1
"\W|$",687845,1
"\W|$",1283114,1
"\W|$",1349442,1
"\W|$",686084,1
"\W|$",788029,1
"\W|$",689141,1
"\W|$",686124,1
"\W|$",788026,1
"\W|$",686924,1
"\W|$",1283116,1
"\W|$",689191,1
"\W|$",688650,1
"\W|$",687121,1
"\W|$",685322,1
"\W|$",686021,1
"\W|$",685866,1
"\W|$",686057,1
"\W|$",683442,1
"\W|$",687374,1
"\W|$",688254,1
"\W|$",686314,1
"\W|$",688276,1
"\W|$",689757,1
"\W|$",737468,1
"\W|$",737475,1
"\W|$",737471,1
"\W|$",737465,1
"\W|$",688267,1
"\W|$",737487,1
"\W|$",737491,1
"\W|$",689645,1
"\W|$",803018,1
"\W|$",737499,1
"\W|$",737495,1
"\W|$",688589,1
"\W|$",686718,1
"\W|$",689534,1
"\W|$",687057,1
"\W|$",686520,1
"\W|$",686236,1
"\W|$",684501,1
"\W|$",688322,1
"\W|$",690073,1
"\W|$",683403,1
"\W|$",683800,1
"\W|$",738779,1
"\W|$",737479,1
"\W|$",741461,1
"\W|$",806443,1
"\W|$",737483,1
"\W|$",741465,1
"\W|$",687851,1
"\W|$",737561,1
"\W|$",741468,1
"\W|$",685399,1
"\W|$",688559,1
"\W|$",683532,1
"\W|$",687971,1
"\W|$",687093,1
"\W|$",685892,1
"\W|$",687653,1
"\W|$",687864,1
"\W|$",684946,1
"\W|$",806371,1
"\W|$",964317,1
"\W|$",687363,1
"\W|$",686571,1
"\W|$",737514,1
"\W|$",737519,1
"\W|$",859151,1
"\W|$",689866,1
"\W|$",737527,1
"\W|$",737524,1
"\W|$",686344,1
"\W|$",689595,1
"\W|$",788563,1
"\W|$",788573,1
"\W|$",788570,1
"\W|$",788576,1
"\W|$",788581,1
"\W|$",788645,1
"\W|$",788668,1
"\W|$",788689,1
"\W|$",788660,1
"\W|$",1277569,1
"\W|$",788657,1
"\W|$",788649,1
"\W|$",788730,1
"\W|$",788734,1
"\W|$",799305,1
"\W|$",788761,1
"\W|$",799301,1
"\W|$",972194,1
"\W|$",1277640,1
"\W|$",788749,1
"\W|$",1277638,1
"\W|$",791997,1
"\W|$",684009,1
"\W|$",1277567,1
"\W|$",799314,1
"\W|$",788752,1
"\W|$",686225,1
"\W|$",770528,1
"\W|$",737510,1
"\W|$",687361,1
"\W|$",689436,1
"\W|$",1277576,1
"\W|$",737504,1
"\W|$",685958,1
"\W|$",737581,1
"\W|$",737568,1
"\W|$",684220,1
"\W|$",737595,1
"\W|$",737599,1
"\W|$",737969,1
"\W|$",737564,1
"\W|$",737589,1
"\W|$",737965,1
"\W|$",737596,1
"\W|$",690092,1
"\W|$",737959,1
"\W|$",758364,1
"\W|$",737972,1
"\W|$",684763,1
"\W|$",793190,1
"\W|$",741471,1
"\W|$",737586,1
"\W|$",684223,1
"\W|$",737592,1
"\W|$",737962,1
"\W|$",816382,1
"\W|$",689947,1
"\W|$",794343,1
"\W|$",791987,1
"\W|$",769275,1
"\W|$",688253,1
"\W|$",769278,1
"\W|$",769281,1
"\W|$",794355,1
"\W|$",683546,1
"\W|$",794358,1
"\W|$",687409,1
"\W|$",972864,1
"\W|$",972048,1
"\W|$",972141,1
"\W|$",948185,1
"\W|$",964301,1
"\W|$",686642,1
"\W|$",687553,1
"\W|$",684996,1
"\W|$",684809,1
"\W|$",689526,1
"\W|$",683500,1
"\W|$",683195,1
"\W|$",688656,1
"\W|$",686622,1
"\W|$",688047,1
"\W|$",685295,1
"\W|$",684737,1
"\W|$",688761,1
"\W|$",684344,1
"\W|$",731908,1
"\W|$",683951,1
"\W|$",686219,1
"\W|$",737507,1
"\W|$",821479,1
"\W|$",768812,1
"\W|$",683184,1
"\W|$",686181,1
"\W|$",689293,1
"\W|$",687613,1
"\W|$",785141,1
"\W|$",770532,1
"\W|$",794110,1
"\W|$",687679,1
"\W|$",686961,1
"\W|$",686556,1
"\W|$",685443,1
"\W|$",857833,1
"\W|$",820815,1
"\W|$",685602,1
"\W|$",857836,1
"\W|$",685060,1
"\W|$",687240,1
"\W|$",689353,1
"\W|$",688402,1
"\W|$",686077,1
"\W|$",686920,1
"\W|$",737501,1
"\W|$",690091,1
"\W|$",770558,1
"\W|$",689056,1
"\W|$",689245,1
"\W|$",686940,1
"\W|$",686681,1
"\W|$",684397,1
"\W|$",683388,1
"\W|$",821482,1
"\W|$",686289,1
"\W|$",685571,1
"\W|$",737530,1
"\W|$",738782,1
"\W|$",683819,1
"\W|$",689057,1
"\W|$",685690,1
"\W|$",688130,1
"\W|$",684494,1
"\W|$",687195,1
"\W|$",683572,1
"\W|$",687350,1
"\W|$",687460,1
"\W|$",769594,1
"\W|$",686160,1
"\W|$",686014,1
"\W|$",684957,1
"\W|$",737558,1
"\W|$",790693,1
"\W|$",686288,1
"\W|$",689020,1
"\W|$",785197,1
"\W|$",687909,1
"\W|$",684936,1
"\W|$",685589,1
"\W|$",683422,1
"\W|$",689856,1
"\W|$",688123,1
"\W|$",683405,1
"\W|$",686612,1
"\W|$",684097,1
"\W|$",689682,1
"\W|$",738786,1
"\W|$",688928,1
"\W|$",687636,1
"\W|$",686850,1
"\W|$",686301,1
"\W|$",686302,1
"\W|$",687846,1
"\W|$",687699,1
"\W|$",689371,1
"\W|$",685611,1
"\W|$",685862,1
"\W|$",687253,1
"\W|$",686878,1
"\W|$",687284,1
"\W|$",687252,1
"\W|$",685863,1
"\W|$",683545,1
"\W|$",683487,1
"\W|$",1252904,1
"\W|$",687029,1
"\W|$",684581,1
"\W|$",687106,1
"\W|$",686502,1
"\W|$",688216,1
"\W|$",684015,1
"\W|$",689108,1
"\W|$",689343,1
"\W|$",683818,1
"\W|$",685568,1
"\W|$",857893,1
"\W|$",688230,1
"\W|$",683743,1
"\W|$",731892,1
"\W|$",685941,1
"\W|$",689398,1
"\W|$",685280,1
"\W|$",689272,1
"\W|$",687488,1
"\W|$",732453,1
"\W|$",687314,1
"\W|$",686005,1
"\W|$",684745,1
"\W|$",685058,1
"\W|$",688327,1
"\W|$",685678,1
"\W|$",684759,1
"\W|$",683293,1
"\W|$",732586,1
"\W|$",685384,1
"\W|$",683616,1
"\W|$",686031,1
"\W|$",689088,1
"\W|$",686378,1
"\W|$",687383,1
"\W|$",685642,1
"\W|$",688391,1
"\W|$",688062,1
"\W|$",687134,1
"\W|$",689415,1
"\W|$",730795,1
"\W|$",730805,1
"\W|$",730789,1
"\W|$",730784,1
"\W|$",730808,1
"\W|$",686526,1
"\W|$",687319,1
"\W|$",731044,1
"\W|$",685184,1
"\W|$",688717,1
"\W|$",684059,1
"\W|$",688724,1
"\W|$",688390,1
"\W|$",686980,1
"\W|$",685660,1
"\W|$",685108,1
"\W|$",689094,1
"\W|$",690042,1
"\W|$",683077,1
"\W|$",892950,1
"\W|$",684420,1
"\W|$",1277584,1
"\W|$",1277565,1
"\W|$",683847,1
"\W|$",1252924,1
"\W|$",1252926,1
"\W|$",1252928,1
"\W|$",979445,1
"\W|$",684456,1
"\W|$",683703,1
"\W|$",690062,1
"\W|$",684231,1
"\W|$",689471,1
"\W|$",685992,1
"\W|$",688690,1
"\W|$",688876,1
"\W|$",687337,1
"\W|$",689746,1
"\W|$",690057,1
"\W|$",684971,1
"\W|$",689848,1
"\W|$",688875,1
"\W|$",683351,1
"\W|$",686115,1
"\W|$",684452,1
"\W|$",689080,1
"\W|$",688912,1
"\W|$",686558,1
"\W|$",689847,1
"\W|$",690063,1
"\W|$",684080,1
"\W|$",684232,1
"\W|$",685074,1
"\W|$",687707,1
"\W|$",787976,1
"\W|$",683956,1
"\W|$",687376,1
"\W|$",685603,1
"\W|$",1277573,1
"\W|$",1277571,1
"\W|$",684008,1
"\W|$",688691,1
"\W|$",684932,1
"\W|$",688874,1
"\W|$",690056,1
"\W|$",687336,1
"\W|$",683642,1
"\W|$",683648,1
"\W|$",688948,1
"\W|$",690027,1
"\W|$",942442,1
"\W|$",683705,1
"\W|$",686922,1
"\W|$",787992,1
"\W|$",684731,1
"\W|$",979484,1
"\W|$",1228073,1
"\W|$",689054,1
"\W|$",689055,1
"\W|$",688873,1
"\W|$",684732,1
"\W|$",683128,1
"\W|$",683547,1
"\W|$",687137,1
"\W|$",683174,1
"\W|$",688210,1
"\W|$",687432,1
"\W|$",688509,1
"\W|$",687801,1
"\W|$",687245,1
"\W|$",688626,1
"\W|$",687637,1
"\W|$",684335,1
"\W|$",685200,1
"\W|$",688776,1
"\W|$",687191,1
"\W|$",685217,1
"\W|$",684376,1
"\W|$",687279,1
"\W|$",684062,1
"\W|$",687148,1
"\W|$",684925,1
"\W|$",688345,1
"\W|$",683612,1
"\W|$",684669,1
"\W|$",683665,1
"\W|$",685219,1
"\W|$",688775,1
"\W|$",687690,1
"\W|$",688680,1
"\W|$",689769,1
"\W|$",979552,1
"\W|$",942479,1
"\W|$",689205,1
"\W|$",979555,1
"\W|$",687689,1
"\W|$",685833,1
"\W|$",685537,1
"\W|$",979512,1
"\W|$",687219,1
"\W|$",687827,1
"\W|$",688635,1
"\W|$",688472,1
"\W|$",688636,1
"\W|$",688369,1
"\W|$",687260,1
"\W|$",686184,1
"\W|$",685251,1
"\W|$",684372,1
"\W|$",685639,1
"\W|$",687790,1
"\W|$",686830,1
"\W|$",687660,1
"\W|$",689390,1
"\W|$",688665,1
"\W|$",686469,1
"\W|$",685814,1
"\W|$",687364,1
"\W|$",684857,1
"\W|$",683899,1
"\W|$",686258,1
"\W|$",684449,1
"\W|$",688584,1
"\W|$",685672,1
"\W|$",685199,1
"\W|$",689058,1
"\W|$",685593,1
"\W|$",683978,1
"\W|$",821452,1
"\W|$",683211,1
"\W|$",687415,1
"\W|$",684614,1
"\W|$",683685,1
"\W|$",690020,1
"\W|$",685954,1
"\W|$",684768,1
"\W|$",687823,1
"\W|$",684953,1
"\W|$",684807,1
"\W|$",806213,1
"\W|$",688964,1
"\W|$",688641,1
"\W|$",686972,1
"\W|$",687496,1
"\W|$",687445,1
"\W|$",687654,1
"\W|$",687062,1
"\W|$",688857,1
"\W|$",907662,1
"\W|$",688274,1
"\W|$",688412,1
"\W|$",685112,1
"\W|$",685109,1
"\W|$",684821,1
"\W|$",817780,1
"\W|$",686307,1
"\W|$",685852,1
"\W|$",907728,1
"\W|$",687792,1
"\W|$",688582,1
"\W|$",897923,1
"\W|$",688374,1
"\W|$",685261,1
"\W|$",688732,1
"\W|$",685395,1
"\W|$",689989,1
"\W|$",690058,1
"\W|$",689797,1
"\W|$",687858,1
"\W|$",687669,1
"\W|$",858384,1
"\W|$",689877,1
"\W|$",684954,1
"\W|$",858375,1
"\W|$",687972,1
"\W|$",688217,1
"\W|$",685545,1
"\W|$",688128,1
"\W|$",686617,1
"\W|$",858389,1
"\W|$",802094,1
"\W|$",684188,1
"\W|$",683067,1
"\W|$",685641,1
"\W|$",684751,1
"\W|$",688576,1
"\W|$",688878,1
"\W|$",683488,1
"\W|$",683679,1
"\W|$",687317,1
"\W|$",1284827,1
"\W|$",1284851,1
"\W|$",1284853,1
"\W|$",1284873,1
"\W|$",1284847,1
"\W|$",1284855,1
"\W|$",689370,1
"\W|$",685980,1
"\W|$",688336,1
"\W|$",686721,1
"\W|$",686420,1
"\W|$",684465,1
"\W|$",683587,1
"\W|$",688930,1
"\W|$",687347,1
"\W|$",685879,1
"\W|$",686027,1
"\W|$",688871,1
"\W|$",685610,1
"\W|$",856872,1
"\W|$",685827,1
"\W|$",686978,1
"\W|$",688813,1
"\W|$",685939,1
"\W|$",685828,1
"\W|$",686916,1
"\W|$",687424,1
"\W|$",685885,1
"\W|$",801795,1
"\W|$",1094208,1
"\W|$",1094174,1
"\W|$",686326,1
"\W|$",685546,1
"\W|$",687815,1
"\W|$",688468,1
"\W|$",686699,1
"\W|$",688051,1
"\W|$",687999,1
"\W|$",686012,1
"\W|$",689661,1
"\W|$",683125,1
"\W|$",685167,1
"\W|$",686473,1
"\W|$",683121,1
"\W|$",686563,1
"\W|$",687814,1
"\W|$",687659,1
"\W|$",689234,1
"\W|$",686460,1
"\W|$",687303,1
"\W|$",687896,1
"\W|$",687202,1
"\W|$",688244,1
"\W|$",688003,1
"\W|$",684948,1
"\W|$",685225,1
"\W|$",688167,1
"\W|$",689060,1
"\W|$",683926,1
"\W|$",1176997,1
"\W|$",685057,1
"\W|$",683324,1
"\W|$",1176995,1
"\W|$",683540,1
"\W|$",684360,1
"\W|$",685541,1
"\W|$",688166,1
"\W|$",687457,1
"\W|$",687945,1
"\W|$",683294,1
"\W|$",902951,1
"\W|$",902955,1
"\W|$",684603,1
"\W|$",683317,1
"\W|$",689603,1
"\W|$",917083,1
"\W|$",689239,1
"\W|$",902940,1
"\W|$",902943,1
"\W|$",902958,1
"\W|$",689300,1
"\W|$",689240,1
"\W|$",688342,1
"\W|$",685006,1
"\W|$",684369,1
"\W|$",683419,1
"\W|$",689522,1
"\W|$",689527,1
"\W|$",687006,1
"\W|$",688455,1
"\W|$",821017,1
"\W|$",685945,1
"\W|$",684850,1
"\W|$",685388,1
"\W|$",689189,1
"\W|$",687504,1
"\W|$",952647,1
"\W|$",687875,1
"\W|$",687843,1
"\W|$",687295,1
"\W|$",683103,1
"\W|$",683527,1
"\W|$",683440,1
"\W|$",689295,1
"\W|$",685631,1
"\W|$",685256,1
"\W|$",688096,1
"\W|$",683962,1
"\W|$",907668,1
"\W|$",687678,1
"\W|$",689447,1
"\W|$",686089,1
"\W|$",1281918,1
"\W|$",689605,1
"\W|$",685484,1
"\W|$",1287810,1
"\W|$",684545,1
"\W|$",688951,1
"\W|$",1287816,1
"\W|$",907665,1
"\W|$",683369,1
"\W|$",684398,1
"\W|$",721917,1
"\W|$",721925,1
"\W|$",721914,1
"\W|$",687578,1
"\W|$",683281,1
"\W|$",721904,1
"\W|$",686863,1
"\W|$",688122,1
"\W|$",721963,1
"\W|$",683165,1
"\W|$",689238,1
"\W|$",689258,1
"\W|$",685367,1
"\W|$",689421,1
"\W|$",802185,1
"\W|$",683563,1
"\W|$",688713,1
"\W|$",802182,1
"\W|$",689750,1
"\W|$",683268,1
"\W|$",689364,1
"\W|$",683977,1
"\W|$",687039,1
"\W|$",791579,1
"\W|$",684674,1
"\W|$",685246,1
"\W|$",688037,1
"\W|$",686387,1
"\W|$",683741,1
"\W|$",1375132,1
"\W|$",787711,1
"\W|$",686006,1
"\W|$",683450,1
"\W|$",686760,1
"\W|$",688865,1
"\W|$",683475,1
"\W|$",683631,1
"\W|$",685511,1
"\W|$",1375142,1
"\W|$",687380,1
"\W|$",683354,1
"\W|$",688803,1
"\W|$",689103,1
"\W|$",689818,1
"\W|$",685457,1
"\W|$",683363,1
"\W|$",683181,1
"\W|$",688618,1
"\W|$",1094185,1
"\W|$",1094163,1
"\W|$",686803,1
"\W|$",874264,1
"\W|$",688288,1
"\W|$",684226,1
"\W|$",1285424,1
"\W|$",683099,1
"\W|$",687304,1
"\W|$",690038,1
"\W|$",685728,1
"\W|$",685176,1
"\W|$",684153,1
"\W|$",684140,1
"\W|$",686363,1
"\W|$",683206,1
"\W|$",685018,1
"\W|$",687777,1
"\W|$",893421,1
"\W|$",688663,1
"\W|$",686101,1
"\W|$",683779,1
"\W|$",687693,1
"\W|$",688989,1
"\W|$",684514,1
"\W|$",1093978,1
"\W|$",686869,1
"\W|$",686190,1
"\W|$",689102,1
"\W|$",689348,1
"\W|$",684689,1
"\W|$",687224,1
"\W|$",684813,1
"\W|$",684747,1
"\W|$",861500,1
"\W|$",684668,1
"\W|$",798288,1
"\W|$",683138,1
"\W|$",793432,1
"\W|$",768704,1
"\W|$",800155,1
"\W|$",690011,1
"\W|$",1349447,1
"\W|$",1285422,1
"\W|$",687621,1
"\W|$",793415,1
"\W|$",687973,1
"\W|$",688068,1
"\W|$",685066,1
"\W|$",684722,1
"\W|$",721909,1
"\W|$",685207,1
"\W|$",836282,1
"\W|$",685302,1
"\W|$",742073,1
"\W|$",687830,1
"\W|$",686039,1
"\W|$",742150,1
"\W|$",688664,1
"\W|$",1251781,1
"\W|$",1094002,1
"\W|$",686220,1
"\W|$",688796,1
"\W|$",690040,1
"\W|$",893408,1
"\W|$",685540,1
"\W|$",688756,1
"\W|$",689331,1
"\W|$",683831,1
"\W|$",688474,1
"\W|$",684727,1
"\W|$",683900,1
"\W|$",685203,1
"\W|$",683826,1
"\W|$",686719,1
"\W|$",684492,1
"\W|$",866515,1
"\W|$",685745,1
"\W|$",688323,1
"\W|$",885459,1
"\W|$",685565,1
"\W|$",686297,1
"\W|$",689563,1
"\W|$",685667,1
"\W|$",690021,1
"\W|$",866824,1
"\W|$",688091,1
"\W|$",686785,1
"\W|$",686992,1
"\W|$",684726,1
"\W|$",685607,1
"\W|$",684157,1
"\W|$",683960,1
"\W|$",867540,1
"\W|$",738585,1
"\W|$",689093,1
"\W|$",949675,1
"\W|$",885454,1
"\W|$",685182,1
"\W|$",684587,1
"\W|$",684128,1
"\W|$",687700,1
"\W|$",687320,1
"\W|$",686112,1
"\W|$",789560,1
"\W|$",873603,1
"\W|$",1176987,1
"\W|$",800161,1
"\W|$",685735,1
"\W|$",689672,1
"\W|$",687806,1
"\W|$",738589,1
"\W|$",685623,1
"\W|$",791581,1
"\W|$",689144,1
"\W|$",690006,1
"\W|$",686198,1
"\W|$",689217,1
"\W|$",685741,1
"\W|$",689628,1
"\W|$",687087,1
"\W|$",802169,1
"\W|$",795059,1
"\W|$",795053,1
"\W|$",793421,1
"\W|$",689581,1
"\W|$",684748,1
"\W|$",820676,1
"\W|$",688502,1
"\W|$",867410,1
"\W|$",684439,1
"\W|$",689064,1
"\W|$",689270,1
"\W|$",684969,1
"\W|$",1176991,1
"\W|$",1176989,1
"\W|$",684274,1
"\W|$",688722,1
"\W|$",687308,1
"\W|$",903087,1
"\W|$",683368,1
"\W|$",817153,1
"\W|$",685564,1
"\W|$",684761,1
"\W|$",684638,1
"\W|$",688863,1
"\W|$",687349,1
"\W|$",1284859,1
"\W|$",684956,1
"\W|$",685634,1
"\W|$",685497,1
"\W|$",684119,1
"\W|$",684770,1
"\W|$",689460,1
"\W|$",689828,1
"\W|$",683353,1
"\W|$",860018,1
"\W|$",689712,1
"\W|$",867409,1
"\W|$",835678,1
"\W|$",802098,1
"\W|$",687533,1
"\W|$",688945,1
"\W|$",791580,1
"\W|$",802033,1
"\W|$",797768,1
"\W|$",794876,1
"\W|$",800164,1
"\W|$",802038,1
"\W|$",1349449,1
"\W|$",689853,1
"\W|$",1349450,1
"\W|$",689342,1
"\W|$",835732,1
"\W|$",684217,1
"\W|$",795520,1
"\W|$",687668,1
"\W|$",685143,1
"\W|$",802106,1
"\W|$",687730,1
"\W|$",687228,1
"\W|$",685166,1
"\W|$",839094,1
"\W|$",690014,1
"\W|$",684523,1
"\W|$",688720,1
"\W|$",1259888,1
"\W|$",684522,1
"\W|$",683957,1
"\W|$",683809,1
"\W|$",688799,1
"\W|$",685098,1
"\W|$",684839,1
"\W|$",685924,1
"\W|$",689052,1
"\W|$",686635,1
"\W|$",686372,1
"\W|$",684027,1
"\W|$",685598,1
"\W|$",686664,1
"\W|$",688305,1
"\W|$",683864,1
"\W|$",1352345,1
"\W|$",687312,1
"\W|$",688782,1
"\W|$",688014,1
"\W|$",683180,1
"\W|$",684190,1
"\W|$",686547,1
"\W|$",686036,1
"\W|$",684347,1
"\W|$",684224,1
"\W|$",685995,1
"\W|$",687974,1
"\W|$",788023,1
"\W|$",685161,1
"\W|$",689338,1
"\W|$",1284871,1
"\W|$",1284845,1
"\W|$",688735,1
"\W|$",1352347,1
"\W|$",839396,1
"\W|$",687313,1
"\W|$",685521,1
"\W|$",683843,1
"\W|$",1315495,1
"\W|$",689127,1
"\W|$",689850,1
"\W|$",1275231,1
"\W|$",1352344,1
"\W|$",683701,1
"\W|$",687407,1
"\W|$",684937,1
"\W|$",687047,1
"\W|$",689356,1
"\W|$",684622,1
"\W|$",686478,1
"\W|$",950167,1
"\W|$",1284857,1
"\W|$",683386,1
"\W|$",683712,1
"\W|$",1284811,1
"\W|$",1284809,1
"\W|$",685424,1
"\W|$",683366,1
"\W|$",685986,1
"\W|$",687793,1
"\W|$",683345,1
"\W|$",684964,1
"\W|$",683289,1
"\W|$",689445,1
"\W|$",683223,1
"\W|$",689851,1
"\W|$",797095,1
"\W|$",688321,1
"\W|$",793218,1
"\W|$",720736,1
"\W|$",686933,1
"\W|$",686508,1
"\W|$",789587,1
"\W|$",689615,1
"\W|$",685380,1
"\W|$",688034,1
"\W|$",687379,1
"\W|$",689744,1
"\W|$",964330,1
"\W|$",770521,1
"\W|$",683823,1
"\W|$",770573,1
"\W|$",964338,1
"\W|$",964334,1
"\W|$",943992,1
"\W|$",770540,1
"\W|$",738000,1
"\W|$",738003,1
"\W|$",737997,1
"\W|$",738771,1
"\W|$",737994,1
"\W|$",685131,1
"\W|$",687872,1
"\W|$",972055,1
"\W|$",971989,1
"\W|$",687491,1
"\W|$",684171,1
"\W|$",738006,1
"\W|$",683839,1
"\W|$",738011,1
"\W|$",789926,1
"\W|$",687873,1
"\W|$",737990,1
"\W|$",687421,1
"\W|$",769486,1
"\W|$",685073,1
"\W|$",859873,1
"\W|$",684560,1
"\W|$",964322,1
"\W|$",683515,1
"\W|$",799333,1
"\W|$",686991,1
"\W|$",741455,1
"\W|$",972873,1
"\W|$",972198,1
"\W|$",972878,1
"\W|$",972025,1
"\W|$",686480,1
"\W|$",685223,1
"\W|$",972202,1
"\W|$",972029,1
"\W|$",684799,1
"\W|$",806376,1
"\W|$",806385,1
"\W|$",688200,1
"\W|$",806394,1
"\W|$",684708,1
"\W|$",972104,1
"\W|$",959340,1
"\W|$",686723,1
"\W|$",684283,1
"\W|$",685231,1
"\W|$",788755,1
"\W|$",683651,1
"\W|$",964229,1
"\W|$",972216,1
"\W|$",878912,1
"\W|$",972219,1
"\W|$",959415,1
"\W|$",684107,1
"\W|$",799473,1
"\W|$",1315505,1
"\W|$",685279,1
"\W|$",841794,1
"\W|$",686380,1
"\W|$",688572,1
"\W|$",683565,1
"\W|$",738014,1
"\W|$",738017,1
"\W|$",684132,1
"\W|$",973855,1
"\W|$",683733,1
"\W|$",686178,1
"\W|$",1315500,1
"\W|$",688694,1
"\W|$",1238805,1
"\W|$",969588,1
"\W|$",1277816,1
"\W|$",1277814,1
"\W|$",1252916,1
"\W|$",1252936,1
"\W|$",683383,1
"\W|$",685005,1
"\W|$",686410,1
"\W|$",688535,1
"\W|$",687523,1
"\W|$",1285624,1
"\W|$",683200,1
"\W|$",688338,1
"\W|$",689643,1
"\W|$",683242,1
"\W|$",688337,1
"\W|$",1277726,1
"\W|$",1277730,1
"\W|$",1277728,1
"\W|$",1277705,1
"\W|$",1277736,1
"\W|$",1277680,1
"\W|$",686129,1
"\W|$",689506,1
"\W|$",683261,1
"\W|$",686335,1
"\W|$",683110,1
"\W|$",1277678,1
"\W|$",689821,1
"\W|$",686151,1
"\W|$",1277676,1
"\W|$",687206,1
"\W|$",969525,1
"\W|$",683355,1
"\W|$",690041,1
"\W|$",685195,1
"\W|$",688967,1
"\W|$",686893,1
"\W|$",1277547,1
"\W|$",687036,1
"\W|$",1277551,1
"\W|$",686488,1
"\W|$",1277549,1
"\W|$",689922,1
"\W|$",1277545,1
"\W|$",1315504,1
"\W|$",684922,1
"\W|$",689822,1
"\W|$",685046,1
"\W|$",684662,1
"\W|$",685711,1
"\W|$",1277688,1
"\W|$",1285626,1
"\W|$",1277812,1
"\W|$",1277690,1
"\W|$",1277744,1
"\W|$",684812,1
"\W|$",1277606,1
"\W|$",1277602,1
"\W|$",1277604,1
"\W|$",1277600,1
"\W|$",1252920,1
"\W|$",799480,1
"\W|$",1252918,1
"\W|$",1252906,1
"\W|$",1315506,1
"\W|$",1252908,1
"\W|$",683391,1
"\W|$",683875,1
"\W|$",684559,1
"\W|$",688786,1
"\W|$",839362,1
"\W|$",687983,1
"\W|$",688197,1
"\W|$",1277662,1
"\W|$",688621,1
"\W|$",686873,1
"\W|$",1277620,1
"\W|$",684471,1
"\W|$",1277543,1
"\W|$",684487,1
"\W|$",689590,1
"\W|$",688484,1
"\W|$",688613,1
"\W|$",683632,1
"\W|$",684997,1
"\W|$",685290,1
"\W|$",683654,1
"\W|$",688792,1
"\W|$",689470,1
"\W|$",689363,1
"\W|$",686511,1
"\W|$",802992,1
"\W|$",689719,1
"\W|$",689614,1
"\W|$",684033,1
"\W|$",685552,1
"\W|$",689570,1
"\W|$",689456,1
"\W|$",689544,1
"\W|$",689273,1
"\W|$",683933,1
"\W|$",687933,1
"\W|$",689098,1
"\W|$",878873,1
"\W|$",686448,1
"\W|$",684647,1
"\W|$",683536,1
"\W|$",686272,1
"\W|$",689250,1
"\W|$",685418,1
"\W|$",689115,1
"\W|$",685901,1
"\W|$",685759,1
"\W|$",689705,1
"\W|$",689190,1
"\W|$",687588,1
"\W|$",687100,1
"\W|$",687589,1
"\W|$",685283,1
"\W|$",685426,1
"\W|$",687769,1
"\W|$",688544,1
"\W|$",683764,1
"\W|$",686541,1
"\W|$",959346,1
"\W|$",686693,1
"\W|$",689531,1
"\W|$",948188,1
"\W|$",685547,1
"\W|$",737987,1
"\W|$",737981,1
"\W|$",737984,1
"\W|$",737975,1
"\W|$",737978,1
"\W|$",685149,1
"\W|$",683586,1
"\W|$",683152,1
"\W|$",687142,1
"\W|$",683236,1
"\W|$",689303,1
"\W|$",732623,1
"\W|$",687485,1
"\W|$",687484,1
"\W|$",689176,1
"\W|$",689886,1
"\W|$",690099,1
"\W|$",686154,1
"\W|$",1110176,1
"\W|$",1315501,1
"\W|$",688116,1
"\W|$",684872,1
"\W|$",885981,1
"\W|$",684210,1
"\W|$",689105,1
"\W|$",689048,1
"\W|$",688769,1
"\W|$",684205,1
"\W|$",683848,1
"\W|$",688554,1
"\W|$",688057,1
"\W|$",686616,1
"\W|$",685871,1
"\W|$",770566,1
"\W|$",758104,1
"\W|$",683356,1
"\W|$",684685,1
"\W|$",684741,1
"\W|$",689766,1
"\W|$",687657,1
"\W|$",689550,1
"\W|$",685129,1
"\W|$",686176,1
"\W|$",684388,1
"\W|$",686153,1
"\W|$",683543,1
"\W|$",686576,1
"\W|$",687593,1
"\W|$",688459,1
"\W|$",683690,1
"\W|$",689243,1
"\W|$",683988,1
"\W|$",686583,1
"\W|$",687882,1
"\W|$",688149,1
"\W|$",683630,1
"\W|$",683940,1
"\W|$",688738,1
"\W|$",728588,1
"\W|$",684715,1
"\W|$",685145,1
"\W|$",684090,1
"\W|$",689503,1
"\W|$",683122,1
"\W|$",1277553,1
"\W|$",688737,1
"\W|$",688558,1
"\W|$",799477,1
"\W|$",685952,1
"\W|$",688016,1
"\W|$",683097,1
"\W|$",689288,1
"\W|$",685110,1
"\W|$",686313,1
"\W|$",688961,1
"\W|$",688252,1
"\W|$",689578,1
"\W|$",685841,1
"\W|$",685346,1
"\W|$",685274,1
"\W|$",686745,1
"\W|$",686168,1
"\W|$",732611,1
"\W|$",684744,1
"\W|$",686892,1
"\W|$",689351,1
"\W|$",728599,1
"\W|$",688839,1
"\W|$",684705,1
"\W|$",687283,1
"\W|$",684826,1
"\W|$",688647,1
"\W|$",728793,1
"\W|$",686436,1
"\W|$",689024,1
"\W|$",1252934,1
"\W|$",1252922,1
"\W|$",687560,1
"\W|$",689806,1
"\W|$",685055,1
"\W|$",684366,1
"\W|$",685239,1
"\W|$",683439,1
"\W|$",683171,1
"\W|$",689329,1
"\W|$",686776,1
"\W|$",689663,1
"\W|$",687472,1
"\W|$",684007,1
"\W|$",685716,1
"\W|$",683849,1
"\W|$",685777,1
"\W|$",686912,1
"\W|$",686732,1
"\W|$",741420,1
"\W|$",686400,1
"\W|$",683551,1
"\W|$",683215,1
"\W|$",1225225,1
"\W|$",684659,1
"\W|$",684844,1
"\W|$",683720,1
"\W|$",687113,1
"\W|$",685158,1
"\W|$",686744,1
"\W|$",686370,1
"\W|$",686260,1
"\W|$",687736,1
"\W|$",683666,1
"\W|$",689345,1
"\W|$",687628,1
"\W|$",685899,1
"\W|$",734442,1
"\W|$",685760,1
"\W|$",685160,1
"\W|$",687171,1
"\W|$",687458,1
"\W|$",686231,1
"\W|$",685344,1
"\W|$",689177,1
"\W|$",687208,1
"\W|$",688471,1
"\W|$",684511,1
"\W|$",683885,1
"\W|$",685265,1
"\W|$",683474,1
"\W|$",688662,1
"\W|$",686692,1
"\W|$",815422,1
"\W|$",683074,1
"\W|$",687743,1
"\W|$",687555,1
"\W|$",683765,1
"\W|$",688055,1
"\W|$",688546,1
"\W|$",686433,1
"\W|$",683858,1
"\W|$",685319,1
"\W|$",686088,1
"\W|$",686091,1
"\W|$",803036,1
"\W|$",688780,1
"\W|$",738048,1
"\W|$",687832,1
"\W|$",686412,1
"\W|$",687847,1
"\W|$",684678,1
"\W|$",687161,1
"\W|$",688229,1
"\W|$",685229,1
"\W|$",687862,1
"\W|$",686907,1
"\W|$",686945,1
"\W|$",686566,1
"\W|$",683429,1
"\W|$",689382,1
"\W|$",685548,1
"\W|$",684537,1
"\W|$",728482,1
"\W|$",683428,1
"\W|$",689381,1
"\W|$",684568,1
"\W|$",687768,1
"\W|$",738044,1
"\W|$",686936,1
"\W|$",687010,1
"\W|$",685000,1
"\W|$",684330,1
"\W|$",687084,1
"\W|$",684028,1
"\W|$",689548,1
"\W|$",685311,1
"\W|$",686722,1
"\W|$",688508,1
"\W|$",687050,1
"\W|$",684106,1
"\W|$",688284,1
"\W|$",689349,1
"\W|$",683231,1
"\W|$",684340,1
"\W|$",728694,1
"\W|$",683413,1
"\W|$",735299,1
"\W|$",685718,1
"\W|$",685573,1
"\W|$",689647,1
"\W|$",687651,1
"\W|$",685567,1
"\W|$",685807,1
"\W|$",688313,1
"\W|$",735330,1
"\W|$",687906,1
"\W|$",689706,1
"\W|$",689674,1
"\W|$",738631,1
"\W|$",689451,1
"\W|$",686680,1
"\W|$",686047,1
"\W|$",687185,1
"\W|$",687741,1
"\W|$",684019,1
"\W|$",684020,1
"\W|$",684321,1
"\W|$",685679,1
"\W|$",1277732,1
"\W|$",1277734,1
"\W|$",903278,1
"\W|$",785177,1
"\W|$",1277790,1
"\W|$",1277541,1
"\W|$",685580,1
"\W|$",687936,1
"\W|$",684365,1
"\W|$",1238807,1
"\W|$",689597,1
"\W|$",885978,1
"\W|$",948164,1
"\W|$",689948,1
"\W|$",1277668,1
"\W|$",806260,1
"\W|$",806430,1
"\W|$",839382,1
"\W|$",839375,1
"\W|$",839419,1
"\W|$",683662,1
"\W|$",683314,1
"\W|$",687759,1
"\W|$",687703,1
"\W|$",686366,1
"\W|$",685839,1
"\W|$",686049,1
"\W|$",690074,1
"\W|$",839373,1
"\W|$",686422,1
"\W|$",683739,1
"\W|$",684905,1
"\W|$",688824,1
"\W|$",689587,1
"\W|$",1366367,1
"\W|$",688246,1
"\W|$",1284819,1
"\W|$",687569,1
"\W|$",687417,1
"\W|$",688739,1
"\W|$",686421,1
"\W|$",684235,1
"\W|$",1242967,1
"\W|$",972838,1
"\W|$",878882,1
"\W|$",969531,1
"\W|$",972805,1
"\W|$",972808,1
"\W|$",689479,1
"\W|$",969534,1
"\W|$",683068,1
"\W|$",683374,1
"\W|$",839370,1
"\W|$",972069,1
"\W|$",834652,1
"\W|$",683828,1
"\W|$",684179,1
"\W|$",684755,1
"\W|$",686060,1
"\W|$",687797,1
"\W|$",689596,1
"\W|$",1315503,1
"\W|$",969537,1
"\W|$",685614,1
"\W|$",684524,1
"\W|$",685543,1
"\W|$",684148,1
"\W|$",1366368,1
"\W|$",685270,1
"\W|$",683115,1
"\W|$",688562,1
"\W|$",687385,1
"\W|$",687670,1
"\W|$",971956,1
"\W|$",687988,1
"\W|$",971958,1
"\W|$",686648,1
"\W|$",972802,1
"\W|$",687392,1
"\W|$",972021,1
"\W|$",687264,1
"\W|$",686887,1
"\W|$",689040,1
"\W|$",689841,1
"\W|$",684602,1
"\W|$",685558,1
"\W|$",686888,1
"\W|$",689063,1
"\W|$",688271,1
"\W|$",684720,1
"\W|$",689116,1
"\W|$",688938,1
"\W|$",683431,1
"\W|$",685348,1
"\W|$",686256,1
"\W|$",684433,1
"\W|$",687021,1
"\W|$",684434,1
"\W|$",688793,1
"\W|$",687794,1
"\W|$",943971,1
"\W|$",841797,1
"\W|$",972110,1
"\W|$",686640,1
"\W|$",1252910,1
"\W|$",1252912,1
"\W|$",1252914,1
"\W|$",687863,1
"\W|$",687606,1
"\W|$",686837,1
"\W|$",689213,1
"\W|$",686908,1
"\W|$",683131,1
"\W|$",685997,1
"\W|$",686290,1
"\W|$",686762,1
"\W|$",689319,1
"\W|$",683091,1
"\W|$",683752,1
"\W|$",686113,1
"\W|$",684699,1
"\W|$",688851,1
"\W|$",683905,1
"\W|$",687157,1
"\W|$",688377,1
"\W|$",687156,1
"\W|$",683757,1
"\W|$",685906,1
"\W|$",688728,1
"\W|$",684387,1
"\W|$",688232,1
"\W|$",689333,1
"\W|$",687055,1
"\W|$",688625,1
"\W|$",688859,1
"\W|$",689194,1
"\W|$",688908,1
"\W|$",683415,1
"\W|$",687402,1
"\W|$",685289,1
"\W|$",683092,1
"\W|$",688620,1
"\W|$",688913,1
"\W|$",800167,1
"\W|$",683072,1
"\W|$",684415,1
"\W|$",1131907,1
"\W|$",685339,1
"\W|$",684085,1
"\W|$",1349438,1
"\W|$",688846,1
"\W|$",685752,1
"\W|$",689030,1
"\W|$",893482,1
"\W|$",684612,1
"\W|$",686351,1
"\W|$",689070,1
"\W|$",688511,1
"\W|$",689513,1
"\W|$",685030,1
"\W|$",721939,1
"\W|$",731252,1
"\W|$",688058,1
"\W|$",1349446,1
"\W|$",686123,1
"\W|$",688617,1
"\W|$",686954,1
"\W|$",688461,1
"\W|$",689666,1
"\W|$",685409,1
"\W|$",689442,1
"\W|$",685148,1
"\W|$",687799,1
"\W|$",686925,1
"\W|$",686898,1
"\W|$",688107,1
"\W|$",687008,1
"\W|$",731316,1
"\W|$",686048,1
"\W|$",684554,1
"\W|$",800158,1
"\W|$",688816,1
"\W|$",686403,1
"\W|$",688117,1
"\W|$",689965,1
"\W|$",689976,1
"\W|$",917080,1
"\W|$",688436,1
"\W|$",797099,1
"\W|$",684200,1
"\W|$",689146,1
"\W|$",685525,1
"\W|$",687631,1
"\W|$",686195,1
"\W|$",736386,1
"\W|$",736389,1
"\W|$",736399,1
"\W|$",736392,1
"\W|$",736405,1
"\W|$",736402,1
"\W|$",688968,1
"\W|$",685963,1
"\W|$",685694,1
"\W|$",684457,1
"\W|$",688638,1
"\W|$",687102,1
"\W|$",689903,1
"\W|$",688957,1
"\W|$",684423,1
"\W|$",688893,1
"\W|$",685159,1
"\W|$",684717,1
"\W|$",887497,1
"\W|$",684597,1
"\W|$",685472,1
"\W|$",685473,1
"\W|$",868509,1
"\W|$",689972,1
"\W|$",687198,1
"\W|$",684135,1
"\W|$",686523,1
"\W|$",688088,1
"\W|$",685123,1
"\W|$",688791,1
"\W|$",683308,1
"\W|$",1252930,1
"\W|$",1252932,1
"\W|$",686868,1
"\W|$",683879,1
"\W|$",686424,1
"\W|$",687546,1
"\W|$",686204,1
"\W|$",686810,1
"\W|$",687173,1
"\W|$",687037,1
"\W|$",689617,1
"\W|$",687924,1
"\W|$",687910,1
"\W|$",689618,1
"\W|$",686266,1
"\W|$",684789,1
"\W|$",687808,1
"\W|$",687038,1
"\W|$",689410,1
"\W|$",685318,1
"\W|$",685846,1
"\W|$",689623,1
"\W|$",758658,1
"\W|$",758652,1
"\W|$",687044,1
"\W|$",1284833,1
"\W|$",688770,1
"\W|$",683283,1
"\W|$",893479,1
"\W|$",683539,1
"\W|$",1176993,1
"\W|$",683904,1
"\W|$",688433,1
"\W|$",689882,1
"\W|$",685036,1
"\W|$",687547,1
"\W|$",689327,1
"\W|$",683438,1
"\W|$",689508,1
"\W|$",684576,1
"\W|$",688452,1
"\W|$",686852,1
"\W|$",683112,1
"\W|$",683412,1
"\W|$",741266,1
"\W|$",689729,1
"\W|$",683328,1
"\W|$",685898,1
"\W|$",959358,1
"\W|$",689192,1
"\W|$",689171,1
"\W|$",683931,1
"\W|$",686447,1
"\W|$",688282,1
"\W|$",683661,1
"\W|$",689222,1
"\W|$",1110179,1
"\W|$",683375,1
"\W|$",683614,1
"\W|$",683185,1
"\W|$",1225223,1
"\W|$",687111,1
"\W|$",686323,1
"\W|$",688758,1
"\W|$",688281,1
"\W|$",687905,1
"\W|$",686775,1
"\W|$",687125,1
"\W|$",684618,1
"\W|$",798674,1
"\W|$",687618,1
"\W|$",686704,1
"\W|$",721960,1
"\W|$",894161,1
"\W|$",683066,1
"\W|$",686994,1
"\W|$",820778,1
"\W|$",683292,1
"\W|$",686226,1
"\W|$",688105,1
"\W|$",820695,1
"\W|$",688661,1
"\W|$",683775,1
"\W|$",687408,1
"\W|$",687399,1
"\W|$",684880,1
"\W|$",685321,1
"\W|$",685056,1
"\W|$",685039,1
"\W|$",950094,1
"\W|$",689437,1
"\W|$",685628,1
"\W|$",689878,1
"\W|$",686216,1
"\W|$",688132,1
"\W|$",685205,1
"\W|$",684110,1
"\W|$",688175,1
"\W|$",686652,1
"\W|$",684294,1
"\W|$",686937,1
"\W|$",689701,1
"\W|$",685615,1
"\W|$",683706,1
"\W|$",683538,1
"\W|$",684864,1
"\W|$",685070,1
"\W|$",685919,1
"\W|$",791626,1
"\W|$",688612,1
"\W|$",684863,1
"\W|$",861653,1
"\W|$",798667,1
"\W|$",683876,1
"\W|$",686663,1
"\W|$",689600,1
"\W|$",684142,1
"\W|$",689289,1
"\W|$",690089,1
"\W|$",688485,1
"\W|$",894143,1
"\W|$",683126,1
"\W|$",688692,1
"\W|$",688943,1
"\W|$",683991,1
"\W|$",688297,1
"\W|$",688678,1
"\W|$",687439,1
"\W|$",685456,1
"\W|$",686538,1
"\W|$",685805,1
"\W|$",683392,1
"\W|$",687403,1
"\W|$",687676,1
"\W|$",689472,1
"\W|$",686720,1
"\W|$",685599,1
"\W|$",1279138,1
"\W|$",1279140,1
"\W|$",685600,1
"\W|$",687860,1
"\W|$",894270,1
"\W|$",1277724,1
"\W|$",684175,1
"\W|$",689061,1
"\W|$",689315,1
"\W|$",948546,1
"\W|$",687722,1
"\W|$",685376,1
"\W|$",684601,1
"\W|$",689759,1
"\W|$",685773,1
"\W|$",688380,1
"\W|$",689883,1
"\W|$",690029,1
"\W|$",686802,1
"\W|$",688172,1
"\W|$",685750,1
"\W|$",684126,1
"\W|$",686070,1
"\W|$",688169,1
"\W|$",816681,1
"\W|$",689752,1
"\W|$",686310,1
"\W|$",688207,1
"\W|$",683794,1
"\W|$",688326,1
"\W|$",686343,1
"\W|$",685458,1
"\W|$",688005,1
"\W|$",689985,1
"\W|$",687516,1
"\W|$",689067,1
"\W|$",687339,1
"\W|$",688074,1
"\W|$",684352,1
"\W|$",685926,1
"\W|$",685072,1
"\W|$",684640,1
"\W|$",683224,1
"\W|$",689888,1
"\W|$",858734,1
"\W|$",688025,1
"\W|$",686230,1
"\W|$",687783,1
"\W|$",688577,1
"\W|$",928295,1
"\W|$",685427,1
"\W|$",687914,1
"\W|$",687750,1
"\W|$",684889,1
"\W|$",684167,1
"\W|$",685825,1
"\W|$",685389,1
"\W|$",683265,1
"\W|$",684404,1
"\W|$",1252839,1
"\W|$",684151,1
"\W|$",689392,1
"\W|$",1287812,1
"\W|$",686274,1
"\W|$",686903,1
"\W|$",817156,1
"\W|$",1287814,1
"\W|$",683434,1
"\W|$",687935,1
"\W|$",688802,1
"\W|$",1252492,1
"\W|$",686872,1
"\W|$",685083,1
"\W|$",685586,1
"\W|$",686210,1
"\W|$",721920,1
"\W|$",801957,1
"\W|$",687881,1
"\W|$",686149,1
"\W|$",685272,1
"\W|$",683192,1
"\W|$",688411,1
"\W|$",686532,1
"\W|$",683291,1
"\W|$",686839,1
"\W|$",686082,1
"\W|$",684198,1
"\W|$",687568,1
"\W|$",1252841,1
"\W|$",689365,1
"\W|$",689804,1
"\W|$",802175,1
"\W|$",689496,1
"\W|$",1252494,1
"\W|$",685889,1
"\W|$",687329,1
"\W|$",689905,1
"\W|$",689487,1
"\W|$",687034,1
"\W|$",687250,1
"\W|$",685649,1
"\W|$",1277752,1
"\W|$",689870,1
"\W|$",687067,1
"\W|$",683140,1
"\W|$",683561,1
"\W|$",687261,1
"\W|$",685790,1
"\W|$",1271345,1
"\W|$",686281,1
"\W|$",788780,1
"\W|$",964248,1
"\W|$",687819,1
"\W|$",964251,1
"\W|$",969594,1
"\W|$",1277810,1
"\W|$",1277788,1
"\W|$",1271347,1
"\W|$",1277756,1
"\W|$",685968,1
"\W|$",687451,1
"\W|$",788792,1
"\W|$",688895,1
"\W|$",686851,1
"\W|$",788795,1
"\W|$",788789,1
"\W|$",1277754,1
"\W|$",687153,1
"\W|$",686790,1
"\W|$",689551,1
"\W|$",685608,1
"\W|$",684664,1
"\W|$",688182,1
"\W|$",685989,1
"\W|$",684784,1
"\W|$",688731,1
"\W|$",800094,1
"\W|$",686527,1
"\W|$",683186,1
"\W|$",685468,1
"\W|$",683134,1
"\W|$",686255,1
"\W|$",685851,1
"\W|$",684314,1
"\W|$",687503,1
"\W|$",688212,1
"\W|$",684899,1
"\W|$",688862,1
"\W|$",686578,1
"\W|$",687619,1
"\W|$",683451,1
"\W|$",684040,1
"\W|$",688526,1
"\W|$",685126,1
"\W|$",806222,1
"\W|$",686415,1
"\W|$",686364,1
"\W|$",685235,1
"\W|$",689887,1
"\W|$",1284801,1
"\W|$",907656,1
"\W|$",687781,1
"\W|$",907653,1
"\W|$",687190,1
"\W|$",683497,1
"\W|$",683628,1
"\W|$",689954,1
"\W|$",686987,1
"\W|$",687658,1
"\W|$",689016,1
"\W|$",683888,1
"\W|$",684437,1
"\W|$",686416,1
"\W|$",684981,1
"\W|$",687367,1
"\W|$",686359,1
"\W|$",687366,1
"\W|$",685081,1
"\W|$",685107,1
"\W|$",800985,1
"\W|$",683668,1
"\W|$",684574,1
"\W|$",687092,1
"\W|$",685381,1
"\W|$",684424,1
"\W|$",814856,1
"\W|$",687600,1
"\W|$",686121,1
"\W|$",689512,1
"\W|$",687961,1
"\W|$",684427,1
"\W|$",686917,1
"\W|$",685486,1
"\W|$",689695,1
"\W|$",858379,1
"\W|$",686350,1
"\W|$",685625,1
"\W|$",683124,1
"\W|$",685772,1
"\W|$",685570,1
"\W|$",689215,1
"\W|$",683656,1
"\W|$",1281912,1
"\W|$",859991,1
"\W|$",684074,1
"\W|$",1281914,1
"\W|$",1281916,1
"\W|$",687160,1
"\W|$",684786,1
"\W|$",686292,1
"\W|$",1277614,1
"\W|$",964235,1
"\W|$",964239,1
"\W|$",964242,1
"\W|$",1277784,1
"\W|$",686427,1
"\W|$",1277722,1
"\W|$",1277694,1
"\W|$",1277718,1
"\W|$",964211,1
"\W|$",964208,1
"\W|$",964214,1
"\W|$",964217,1
"\W|$",964220,1
"\W|$",964205,1
"\W|$",689334,1
"\W|$",1277703,1
"\W|$",688442,1
"\W|$",1277700,1
"\W|$",688384,1
"\W|$",683562,1
"\W|$",689928,1
"\W|$",686676,1
"\W|$",689728,1
"\W|$",685854,1
"\W|$",689473,1
"\W|$",684959,1
"\W|$",683178,1
"\W|$",683542,1
"\W|$",687655,1
"\W|$",689210,1
"\W|$",687335,1
"\W|$",685304,1
"\W|$",1277533,1
"\W|$",1277559,1
"\W|$",688566,1
"\W|$",1277557,1
"\W|$",688201,1
"\W|$",1277580,1
"\W|$",689576,1
"\W|$",1277648,1
"\W|$",1277626,1
"\W|$",685650,1
"\W|$",1277696,1
"\W|$",687617,1
"\W|$",687789,1
"\W|$",688655,1
"\W|$",684071,1
"\W|$",688140,1
"\W|$",868508,1
"\W|$",684293,1
"\W|$",688435,1
"\W|$",688593,1
"\W|$",687427,1
"\W|$",687998,1
"\W|$",683279,1
"\W|$",689803,1
"\W|$",685872,1
"\W|$",686537,1
"\W|$",688164,1
"\W|$",683579,1
"\W|$",687429,1
"\W|$",687345,1
"\W|$",687912,1
"\W|$",685436,1
"\W|$",685891,1
"\W|$",689718,1
"\W|$",688139,1
"\W|$",683522,1
"\W|$",689971,1
"\W|$",683228,1
"Sphagnum fallax\W|Sphagnum fallax$",721939,1
"Hypnum\W|Hypnum$",684569,1
"Tortella\W|Tortella$",687152,1
"Thuidium\W|Thuidium$",806705,1
"Rhytidiadelphus\W|Rhytidiadelphus$",899662,1
"Sphagnum bartlettianum\W|Sphagnum bartlettianum$",683900,1
"Conocephalum salebrosum\W|Conocephalum salebrosum$",683093,1
"Conocephalum salebrosum\W|Conocephalum salebrosum$",686196,1
"Dumortiera\W|Dumortiera$",689906,1
"Dumortiera\W|Dumortiera$",684788,1
"Plagiomnium\W|Plagiomnium$",800161,1
"Polytrichum\W|Polytrichum$",728583,1
"Polytrichum\W|Polytrichum$",800140,1
"Polytrichum\W|Polytrichum$",686420,1
"Polytrichum\W|Polytrichum$",800167,1
"Polytrichum\W|Polytrichum$",684085,1
"Polytrichum\W|Polytrichum$",800158,1
"Hepatica nobilis\W|Hepatica nobilis$",685836,1
"Hepatica nobilis\W|Hepatica nobilis$",687168,1
"Hylocomium\W|Hylocomium$",684253,1
"Hylocomium\W|Hylocomium$",683834,1
"Hylocomium\W|Hylocomium$",787600,1
"Hylocomium\W|Hylocomium$",777940,1
"Cladonia stellaris\W|Cladonia stellaris$",1041041,1
"Dimelaena oreina\W|Dimelaena oreina$",796831,1
"Umbilicaria muhlenbergii\W|Umbilicaria muhlenbergii$",684783,1
"Lasallia papulosa\W|Lasallia papulosa$",900042,1
"Lasallia papulosa\W|Lasallia papulosa$",686904,1
"Lasallia papulosa\W|Lasallia papulosa$",796838,1
"Lasallia papulosa\W|Lasallia papulosa$",684783,1
"Lasallia caroliniana\W|Lasallia caroliniana$",686904,1
"Xanthoria\W|Xanthoria$",899578,1
"Cladonia rangiferina\W|Cladonia rangiferina$",685487,1
"Scutellaria\W|Scutellaria$",685723,1
"Scutellaria\W|Scutellaria$",688323,1
"Umbilicaria mammulata\W|Umbilicaria mammulata$",878628,1
"Umbilicaria mammulata\W|Umbilicaria mammulata$",685347,1
"Lichen\W|Lichen$",902166,1
"Lichen\W|Lichen$",1044302,1
"Lichen\W|Lichen$",1044295,1
"Lichen\W|Lichen$",1042030,1
"Lichen\W|Lichen$",1042040,1
"Lichen\W|Lichen$",1349439,1
"Lichen\W|Lichen$",1277818,1
"Lichen\W|Lichen$",686965,1
"Lichen\W|Lichen$",683758,1
"Lichen\W|Lichen$",687744,1
"Lichen\W|Lichen$",1277563,1
"Lichen\W|Lichen$",1277750,1
"Lichen\W|Lichen$",1277748,1
"Lichen\W|Lichen$",1277535,1
"Lichen\W|Lichen$",768855,1
"Lichen\W|Lichen$",684302,1
"Stereocaulon glaucescens\W|Stereocaulon glaucescens$",796838,1
"Umbilicaria hyperborea\W|Umbilicaria hyperborea$",900054,1
"Cladonia\W|Cladonia$",1041041,1
"Cladonia\W|Cladonia$",1041885,1
"Cladonia\W|Cladonia$",950061,1
"Cladonia\W|Cladonia$",686890,1
"Cladonia\W|Cladonia$",688259,1
"Cladonia\W|Cladonia$",688064,1
"Cladonia\W|Cladonia$",683948,1
"Cladonia\W|Cladonia$",683912,1
"Cladonia\W|Cladonia$",688836,1
"Cladonia\W|Cladonia$",685342,1
"Cladonia\W|Cladonia$",685616,1
"Cladonia\W|Cladonia$",685204,1
"Cladonia\W|Cladonia$",687696,1
"Cladonia\W|Cladonia$",688579,1
"Cladonia\W|Cladonia$",686125,1
"Cladonia\W|Cladonia$",685487,1
"Cladonia\W|Cladonia$",687152,1
"Cladonia\W|Cladonia$",684733,1
"Cladonia\W|Cladonia$",800167,1
"Cladonia\W|Cladonia$",685409,1
"Cladonia pocillum\W|Cladonia pocillum$",687152,1
"Arctoparmelia\W|Arctoparmelia$",688797,1
"Arctoparmelia centrifuga\W|Arctoparmelia centrifuga$",688797,1
"Lasallia\W|Lasallia$",900042,1
"Lasallia\W|Lasallia$",686904,1
"Lasallia\W|Lasallia$",796831,1
"Lasallia\W|Lasallia$",796838,1
"Lasallia\W|Lasallia$",684783,1
"Rhizocarpon geographicum\W|Rhizocarpon geographicum$",900054,1
"Rhizocarpon geographicum\W|Rhizocarpon geographicum$",1041885,1
"Rhizocarpon geographicum\W|Rhizocarpon geographicum$",688797,1
"Stereocaulon vulcani\W|Stereocaulon vulcani$",684598,1
"Melanelia\W|Melanelia$",796831,1
"Melanelia\W|Melanelia$",684783,1
"Umbilicaria\W|Umbilicaria$",878628,1
"Umbilicaria\W|Umbilicaria$",900054,1
"Umbilicaria\W|Umbilicaria$",1041885,1
"Umbilicaria\W|Umbilicaria$",685347,1
"Umbilicaria\W|Umbilicaria$",684783,1
"Psora\W|Psora$",688416,1
"Psora\W|Psora$",688539,1
"Psora\W|Psora$",688611,1
"Psora\W|Psora$",689995,1
"Rhizocarpon\W|Rhizocarpon$",900054,1
"Rhizocarpon\W|Rhizocarpon$",1041885,1
"Rhizocarpon\W|Rhizocarpon$",688797,1
"Xanthoparmelia\W|Xanthoparmelia$",688119,1
"Dimelaena\W|Dimelaena$",796831,1
"Melanelia stygia\W|Melanelia stygia$",684783,1
"Stereocaulon\W|Stereocaulon$",849179,1
"Stereocaulon\W|Stereocaulon$",684598,1
"Stereocaulon\W|Stereocaulon$",796838,1
"Cladonia leporina\W|Cladonia leporina$",683948,1
"Placynthium\W|Placynthium$",687152,1
"Hawaiia\W|Hawaiia$",860545,1
"Hawaiia\W|Hawaiia$",860434,1
"Hawaiia\W|Hawaiia$",860703,1
"Hawaiia\W|Hawaiia$",860558,1
"Hawaiia\W|Hawaiia$",860593,1
"Hawaiia\W|Hawaiia$",860668,1
"Hawaiia\W|Hawaiia$",860685,1
"Hawaiia\W|Hawaiia$",860573,1
"Hawaiia\W|Hawaiia$",860642,1
"Hawaiia\W|Hawaiia$",860432,1
"Hawaiia\W|Hawaiia$",860787,1
"Hawaiia\W|Hawaiia$",860860,1
"Hawaiia\W|Hawaiia$",860784,1
"Hawaiia\W|Hawaiia$",860757,1
"Hawaiia\W|Hawaiia$",1268563,1
"Hawaiia\W|Hawaiia$",1268575,1
"Hawaiia\W|Hawaiia$",1268579,1
"Hawaiia\W|Hawaiia$",1268577,1
"Hawaiia\W|Hawaiia$",1268527,1
"Hawaiia\W|Hawaiia$",1268581,1
"Hawaiia\W|Hawaiia$",939239,1
"Hawaiia\W|Hawaiia$",939241,1
"Hawaiia\W|Hawaiia$",939240,1
"Hawaiia\W|Hawaiia$",939238,1
"Hawaiia\W|Hawaiia$",1268533,1
"Hawaiia\W|Hawaiia$",685873,1
"Hawaiia\W|Hawaiia$",686536,1
"Hawaiia\W|Hawaiia$",1013736,1
"Hawaiia\W|Hawaiia$",1013740,1
"Hawaiia\W|Hawaiia$",1013732,1
"Hawaiia\W|Hawaiia$",688140,1
"Hawaiia\W|Hawaiia$",689803,1
"Ascophyllum nodosum\W|Ascophyllum nodosum$",857688,1
"Ascophyllum nodosum\W|Ascophyllum nodosum$",686527,1
"Ascophyllum\W|Ascophyllum$",857688,1
"Ascophyllum\W|Ascophyllum$",686527,1
"Ulva lactuca\W|Ulva lactuca$",857688,1
"Fucus vesiculosus\W|Fucus vesiculosus$",686527,1
"Chara\W|Chara$",683899,1
"Chara\W|Chara$",950094,1
"Fucus\W|Fucus$",686527,1
"Ulva\W|Ulva$",857688,1
"Ava\W|Ava$",900019,1
"Ava\W|Ava$",857839,1
"Ava\W|Ava$",689095,1
"Ava\W|Ava$",684004,1
"Ava\W|Ava$",857860,1
"Ava\W|Ava$",728688,1
"Ava\W|Ava$",1222855,1
"Ava\W|Ava$",685777,1
"Laminaria\W|Laminaria$",683186,1
"Sanguina\W|Sanguina$",686615,1
"Sanguina\W|Sanguina$",687025,1
"Chrysothrix chlorina\W|Chrysothrix chlorina$",796838,1
"Lyngbya\W|Lyngbya$",1159101,1
"Lyngbya\W|Lyngbya$",688731,1
"Nostoc commune\W|Nostoc commune$",683728,1
"Nostoc commune\W|Nostoc commune$",857716,1
"Nostoc\W|Nostoc$",683728,1
"Nostoc\W|Nostoc$",857716,1
"Chrysothrix\W|Chrysothrix$",796838,1
"Symploca\W|Symploca$",835853,1
"Symploca\W|Symploca$",899498,1
"Symploca\W|Symploca$",688675,1
"Symploca\W|Symploca$",892939,1
"Symploca\W|Symploca$",683826,1
"Symploca\W|Symploca$",689672,1
"Symploca\W|Symploca$",685623,1
"Symploca\W|Symploca$",791581,1
"Atla\W|Atla$",933574,1
"Atla\W|Atla$",933582,1
"Atla\W|Atla$",860380,1
"Atla\W|Atla$",860312,1
"Atla\W|Atla$",860325,1
"Atla\W|Atla$",1302626,1
"Atla\W|Atla$",1151265,1
"Atla\W|Atla$",860521,1
"Atla\W|Atla$",860693,1
"Atla\W|Atla$",838396,1
"Atla\W|Atla$",885064,1
"Atla\W|Atla$",860714,1
"Atla\W|Atla$",860460,1
"Atla\W|Atla$",1302636,1
"Atla\W|Atla$",1302632,1
"Atla\W|Atla$",1176969,1
"Atla\W|Atla$",877394,1
"Atla\W|Atla$",877393,1
"Atla\W|Atla$",899360,1
"Atla\W|Atla$",899429,1
"Atla\W|Atla$",899243,1
"Atla\W|Atla$",899539,1
"Atla\W|Atla$",899695,1
"Atla\W|Atla$",1268471,1
"Atla\W|Atla$",938463,1
"Atla\W|Atla$",1176975,1
"Atla\W|Atla$",1176977,1
"Atla\W|Atla$",900009,1
"Atla\W|Atla$",1269120,1
"Atla\W|Atla$",934804,1
"Atla\W|Atla$",934811,1
"Atla\W|Atla$",899697,1
"Atla\W|Atla$",732722,1
"Atla\W|Atla$",683540,1
"Atla\W|Atla$",1287810,1
"Atla\W|Atla$",1287816,1
"Atla\W|Atla$",683265,1
"Atla\W|Atla$",1252839,1
"Atla\W|Atla$",1287812,1
"Atla\W|Atla$",1287814,1
"Atla\W|Atla$",1252841,1
"Atla\W|Atla$",689365,1
"Atla\W|Atla$",800094,1
"Atla\W|Atla$",685081,1
"Atla\W|Atla$",800985,1
"Vaucheria\W|Vaucheria$",849080,1
"Vaucheria longicaulis\W|Vaucheria longicaulis$",849080,1
"Racomitrium ericoides\W|Racomitrium ericoides$",899839,1
"Racomitrium canescens\W|Racomitrium canescens$",979517,1
"Racomitrium canescens\W|Racomitrium canescens$",685627,1
"Racomitrium canescens\W|Racomitrium canescens$",683562,1
"Georgia\W|Georgia$",814166,1
"Hepatica\W|Hepatica$",685836,1
"Hepatica\W|Hepatica$",687168,1
"Cynodon\W|Cynodon$",903281,1
"Cynodon\W|Cynodon$",685878,1
"Cynodon\W|Cynodon$",868500,1
"Cynodon\W|Cynodon$",686996,1
"Cynodon\W|Cynodon$",903278,1
"Lemna\W|Lemna$",849107,1
"Lemna\W|Lemna$",934901,1
"Lemna\W|Lemna$",899170,1
"Lemna\W|Lemna$",1013712,1
"Lemna\W|Lemna$",683252,1
"Lemna\W|Lemna$",894161,1
"Lemna\W|Lemna$",688485,1
"Lemna\W|Lemna$",894143,1
"Lemna\W|Lemna$",894270,1
"Hypnum revolutum\W|Hypnum revolutum$",684569,1
"Leersia\W|Leersia$",1093866,1
"Leersia\W|Leersia$",1171247,1
"Leersia\W|Leersia$",687997,1
"Leersia\W|Leersia$",687887,1
"Leersia\W|Leersia$",685787,1
"Leersia\W|Leersia$",687603,1
"Leersia\W|Leersia$",688592,1
"Leersia\W|Leersia$",683303,1
"Leersia\W|Leersia$",686087,1
"Leersia\W|Leersia$",683595,1
"Leersia\W|Leersia$",737471,1
"Leersia\W|Leersia$",1284873,1
"Leersia\W|Leersia$",687659,1
"Leersia\W|Leersia$",902958,1
"Leersia\W|Leersia$",683741,1
"Leersia\W|Leersia$",1349447,1
"Leersia\W|Leersia$",687621,1
"Leersia\W|Leersia$",793415,1
"Leersia\W|Leersia$",742150,1
"Leersia\W|Leersia$",688722,1
"Decodon\W|Decodon$",899722,1
"Decodon\W|Decodon$",688986,1
"Decodon\W|Decodon$",1094174,1
"Decodon\W|Decodon$",1094163,1
"Decodon\W|Decodon$",861500,1
"Decodon\W|Decodon$",685066,1
"Decodon\W|Decodon$",721909,1
"Decodon\W|Decodon$",685207,1
"Decodon\W|Decodon$",688511,1
"? usneoides\W|? usneoides$",687507,1
"? usneoides\W|? usneoides$",684491,1
"Limnobium\W|Limnobium$",685885,1
"Ctenium\W|Ctenium$",684787,1
"Ctenium\W|Ctenium$",689337,1
"Ctenium\W|Ctenium$",688443,1
"Ctenium\W|Ctenium$",688936,1
"Ctenium\W|Ctenium$",684152,1
"Ctenium\W|Ctenium$",688937,1
"Ctenium\W|Ctenium$",687302,1
"Ctenium\W|Ctenium$",687752,1
"Ctenium\W|Ctenium$",689119,1
"Brachypodium\W|Brachypodium$",686598,1
"? albidum\W|? albidum$",684643,1
"? albidum\W|? albidum$",688944,1
"? albidum\W|? albidum$",683322,1
"? albidum\W|? albidum$",795062,1
"? albidum\W|? albidum$",741448,1
"? glaucescens\W|? glaucescens$",796838,1
"? glaucescens\W|? glaucescens$",686328,1
"? glaucescens\W|? glaucescens$",683096,1
"? glaucescens\W|? glaucescens$",689300,1
"? fascicularis\W|? fascicularis$",686865,1
"? fascicularis\W|? fascicularis$",687434,1
"? fascicularis\W|? fascicularis$",687654,1
"? fascicularis\W|? fascicularis$",685167,1
"? fascicularis\W|? fascicularis$",687312,1
"Melanelia culbersonii\W|Melanelia culbersonii$",796831,1
"Laminaria agardhii\W|Laminaria agardhii$",683186,1
"Enteromorpha\W|Enteromorpha$",849080,1
"Cliftonia\W|Cliftonia$",898957,1
"Cliftonia\W|Cliftonia$",685755,1
"Cliftonia\W|Cliftonia$",688121,1
"Cliftonia\W|Cliftonia$",688939,1
"Cliftonia\W|Cliftonia$",683488,1
"Cliftonia\W|Cliftonia$",687102,1
"Cliftonia\W|Cliftonia$",689903,1
"Cliftonia\W|Cliftonia$",688957,1
"Pteridium\W|Pteridium$",899156,1
"Pteridium\W|Pteridium$",900001,1
"Pteridium\W|Pteridium$",1268539,1
"Pteridium\W|Pteridium$",685027,1
"Pteridium\W|Pteridium$",688845,1
"Pteridium\W|Pteridium$",683149,1
"Pteridium\W|Pteridium$",831153,1
"Pteridium\W|Pteridium$",1277507,1
"Pteridium\W|Pteridium$",686633,1
"Pteridium\W|Pteridium$",686163,1
"Pteridium\W|Pteridium$",687046,1
"Pteridium\W|Pteridium$",683176,1
"Pteridium\W|Pteridium$",769597,1
"Pteridium\W|Pteridium$",1277686,1
"Pteridium\W|Pteridium$",800158,1
"Pteridium\W|Pteridium$",685304,1
"Ptychostomum pseudotriquetrum\W|Ptychostomum pseudotriquetrum$",899657,0
"Rhynchostegium\W|Rhynchostegium$",685735,0
"Rhynchostegium\W|Rhynchostegium$",688921,0
"Pallavicinia lyellii\W|Pallavicinia lyellii$",684249,0
"Pallavicinia lyellii\W|Pallavicinia lyellii$",688349,0
"Pallavicinia lyellii\W|Pallavicinia lyellii$",684553,0
"Leptodictyum riparium\W|Leptodictyum riparium$",683879,0
"Leptodictyum riparium\W|Leptodictyum riparium$",683188,0
"Aulacomnium heterostichum\W|Aulacomnium heterostichum$",683622,0
"Aulacomnium heterostichum\W|Aulacomnium heterostichum$",688921,0
"Conocephalum conicum\W|Conocephalum conicum$",686958,0
"Conocephalum conicum\W|Conocephalum conicum$",686196,0
"Conocephalum conicum\W|Conocephalum conicum$",685695,0
"Conocephalum conicum\W|Conocephalum conicum$",683695,0
"Conocephalum conicum\W|Conocephalum conicum$",905014,0
"Pellia neesiana\W|Pellia neesiana$",686958,0
"Pellia neesiana\W|Pellia neesiana$",791945,0
"Dicranodontium denudatum\W|Dicranodontium denudatum$",689733,0
"Amphidium lapponicum\W|Amphidium lapponicum$",849141,0
"Amphidium lapponicum\W|Amphidium lapponicum$",900073,0
"Amphidium lapponicum\W|Amphidium lapponicum$",932947,0
"Scapania\W|Scapania$",689913,0
"Scapania\W|Scapania$",777931,0
"Scapania\W|Scapania$",856676,0
"Scapania\W|Scapania$",788005,0
"Scapania\W|Scapania$",894266,0
"Scapania\W|Scapania$",894262,0
"Scapania\W|Scapania$",1299043,0
"Mnium marginatum\W|Mnium marginatum$",686958,0
"Mnium marginatum\W|Mnium marginatum$",688522,0
"Isopterygium tenerum\W|Isopterygium tenerum$",684217,0
"Cephalozia\W|Cephalozia$",777931,0
"Warnstorfia fluitans\W|Warnstorfia fluitans$",685066,0
"Riccardia multifida\W|Riccardia multifida$",686958,0
"Cratoneuron filicinum\W|Cratoneuron filicinum$",899657,0
"Leucobryum glaucum\W|Leucobryum glaucum$",684832,0
"Leucobryum glaucum\W|Leucobryum glaucum$",684346,0
"Leucobryum glaucum\W|Leucobryum glaucum$",683437,0
"Leucobryum glaucum\W|Leucobryum glaucum$",684099,0
"Leucobryum glaucum\W|Leucobryum glaucum$",683191,0
"Leucobryum glaucum\W|Leucobryum glaucum$",683622,0
"Leucobryum glaucum\W|Leucobryum glaucum$",686355,0
"Leucobryum glaucum\W|Leucobryum glaucum$",686464,0
"Leucobryum glaucum\W|Leucobryum glaucum$",686512,0
"Leucobryum glaucum\W|Leucobryum glaucum$",685368,0
"Leucobryum glaucum\W|Leucobryum glaucum$",688348,0
"Leucobryum glaucum\W|Leucobryum glaucum$",688482,0
"Leucobryum glaucum\W|Leucobryum glaucum$",689731,0
"Leucobryum glaucum\W|Leucobryum glaucum$",688606,0
"Leucobryum glaucum\W|Leucobryum glaucum$",686934,0
"Leucobryum glaucum\W|Leucobryum glaucum$",686982,0
"Leucobryum glaucum\W|Leucobryum glaucum$",687809,0
"Leucobryum glaucum\W|Leucobryum glaucum$",690048,0
"Leucobryum glaucum\W|Leucobryum glaucum$",684217,0
"Leucobryum glaucum\W|Leucobryum glaucum$",688827,0
"Leucobryum glaucum\W|Leucobryum glaucum$",688921,0
"Leucobryum glaucum\W|Leucobryum glaucum$",685028,0
"Leucobryum glaucum\W|Leucobryum glaucum$",685562,0
"Leucobryum glaucum\W|Leucobryum glaucum$",688628,0
"Leucobryum glaucum\W|Leucobryum glaucum$",688719,0
"Leucobryum glaucum\W|Leucobryum glaucum$",685818,0
"Leucobryum glaucum\W|Leucobryum glaucum$",835732,0
"Leucobryum glaucum\W|Leucobryum glaucum$",800140,0
"Leucobryum glaucum\W|Leucobryum glaucum$",800146,0
"Leucobryum glaucum\W|Leucobryum glaucum$",836338,0
"Leucobryum glaucum\W|Leucobryum glaucum$",933817,0
"Leucobryum glaucum\W|Leucobryum glaucum$",933791,0
"Leucobryum glaucum\W|Leucobryum glaucum$",933779,0
"Leucobryum glaucum\W|Leucobryum glaucum$",933803,0
"Leucobryum glaucum\W|Leucobryum glaucum$",1225019,0
"Leucobryum glaucum\W|Leucobryum glaucum$",899484,0
"Ricciocarpos natans\W|Ricciocarpos natans$",683538,0
"Ricciocarpos natans\W|Ricciocarpos natans$",877402,0
"Ricciocarpos natans\W|Ricciocarpos natans$",899738,0
"Meesia triquetra\W|Meesia triquetra$",683904,0
"Sphagnum pulchrum\W|Sphagnum pulchrum$",688211,0
"Sphagnum pulchrum\W|Sphagnum pulchrum$",689070,0
"Sphagnum pulchrum\W|Sphagnum pulchrum$",683516,0
"Sphagnum pulchrum\W|Sphagnum pulchrum$",685752,0
"Sphagnum pulchrum\W|Sphagnum pulchrum$",736386,0
"Sphagnum pulchrum\W|Sphagnum pulchrum$",736389,0
"Sematophyllum demissum\W|Sematophyllum demissum$",835678,0
"Hyophila involuta\W|Hyophila involuta$",686958,0
"Distichium capillaceum\W|Distichium capillaceum$",687412,0
"Distichium capillaceum\W|Distichium capillaceum$",860574,0
"Distichium capillaceum\W|Distichium capillaceum$",1041615,0
"Aulacomnium palustre\W|Aulacomnium palustre$",685116,0
"Aulacomnium palustre\W|Aulacomnium palustre$",683900,0
"Aulacomnium palustre\W|Aulacomnium palustre$",684015,0
"Aulacomnium palustre\W|Aulacomnium palustre$",683539,0
"Aulacomnium palustre\W|Aulacomnium palustre$",683831,0
"Aulacomnium palustre\W|Aulacomnium palustre$",860279,0
"Aulacomnium palustre\W|Aulacomnium palustre$",689331,0
"Aulacomnium palustre\W|Aulacomnium palustre$",688728,0
"Aulacomnium palustre\W|Aulacomnium palustre$",687808,0
"Aulacomnium palustre\W|Aulacomnium palustre$",689899,0
"Aulacomnium palustre\W|Aulacomnium palustre$",728627,0
"Aulacomnium palustre\W|Aulacomnium palustre$",684727,0
"Aulacomnium palustre\W|Aulacomnium palustre$",688628,0
"Aulacomnium palustre\W|Aulacomnium palustre$",687799,0
"Aulacomnium palustre\W|Aulacomnium palustre$",730765,0
"Aulacomnium palustre\W|Aulacomnium palustre$",683904,0
"Aulacomnium palustre\W|Aulacomnium palustre$",849164,0
"Aulacomnium palustre\W|Aulacomnium palustre$",860509,0
"Aulacomnium palustre\W|Aulacomnium palustre$",860512,0
"Aulacomnium palustre\W|Aulacomnium palustre$",860750,0
"Aulacomnium palustre\W|Aulacomnium palustre$",899301,0
"Aulacomnium palustre\W|Aulacomnium palustre$",900073,0
"Aulacomnium palustre\W|Aulacomnium palustre$",948485,0
"Aulacomnium palustre\W|Aulacomnium palustre$",1146910,0
"Sphagnum quinquefarium\W|Sphagnum quinquefarium$",686958,0
"Sphagnum quinquefarium\W|Sphagnum quinquefarium$",899966,0
"Sphagnum subtile\W|Sphagnum subtile$",684727,0
"Sphagnum subtile\W|Sphagnum subtile$",1176993,0
"Pallavicinia\W|Pallavicinia$",684249,0
"Pallavicinia\W|Pallavicinia$",688349,0
"Pallavicinia\W|Pallavicinia$",684553,0
"Philonotis tomentella\W|Philonotis tomentella$",685274,0
"Philonotis tomentella\W|Philonotis tomentella$",849164,0
"Philonotis tomentella\W|Philonotis tomentella$",899164,0
"Philonotis tomentella\W|Philonotis tomentella$",900073,0
"Philonotis tomentella\W|Philonotis tomentella$",899110,0
"Climacium dendroides\W|Climacium dendroides$",683995,0
"Climacium dendroides\W|Climacium dendroides$",684916,0
"Climacium dendroides\W|Climacium dendroides$",1093978,0
"Polytrichum juniperinum\W|Polytrichum juniperinum$",683348,0
"Polytrichum juniperinum\W|Polytrichum juniperinum$",683072,0
"Polytrichum juniperinum\W|Polytrichum juniperinum$",685487,0
"Polytrichum juniperinum\W|Polytrichum juniperinum$",686533,0
"Polytrichum juniperinum\W|Polytrichum juniperinum$",685731,0
"Polytrichum juniperinum\W|Polytrichum juniperinum$",688606,0
"Polytrichum juniperinum\W|Polytrichum juniperinum$",686934,0
"Polytrichum juniperinum\W|Polytrichum juniperinum$",689532,0
"Polytrichum juniperinum\W|Polytrichum juniperinum$",684217,0
"Polytrichum juniperinum\W|Polytrichum juniperinum$",860355,0
"Polytrichum juniperinum\W|Polytrichum juniperinum$",688719,0
"Polytrichum juniperinum\W|Polytrichum juniperinum$",686595,0
"Polytrichum juniperinum\W|Polytrichum juniperinum$",849141,0
"Polytrichum juniperinum\W|Polytrichum juniperinum$",800158,0
"Polytrichum juniperinum\W|Polytrichum juniperinum$",899158,0
"Polytrichum juniperinum\W|Polytrichum juniperinum$",899665,0
"Polytrichum juniperinum\W|Polytrichum juniperinum$",899884,0
"Polytrichum juniperinum\W|Polytrichum juniperinum$",931854,0
"Polytrichum juniperinum\W|Polytrichum juniperinum$",932947,0
"Polytrichum juniperinum\W|Polytrichum juniperinum$",1150959,0
"Polytrichum juniperinum\W|Polytrichum juniperinum$",1150957,0
"Polytrichum juniperinum\W|Polytrichum juniperinum$",1150949,0
"Metzgeria consanguinea\W|Metzgeria consanguinea$",687447,0
"Sphagnum capillifolium\W|Sphagnum capillifolium$",685030,0
"Sphagnum capillifolium\W|Sphagnum capillifolium$",685148,0
"Sphagnum capillifolium\W|Sphagnum capillifolium$",683539,0
"Sphagnum capillifolium\W|Sphagnum capillifolium$",683072,0
"Sphagnum capillifolium\W|Sphagnum capillifolium$",683077,0
"Sphagnum capillifolium\W|Sphagnum capillifolium$",684554,0
"Sphagnum capillifolium\W|Sphagnum capillifolium$",686037,0
"Sphagnum capillifolium\W|Sphagnum capillifolium$",685409,0
"Sphagnum capillifolium\W|Sphagnum capillifolium$",688461,0
"Sphagnum capillifolium\W|Sphagnum capillifolium$",689442,0
"Sphagnum capillifolium\W|Sphagnum capillifolium$",688278,0
"Sphagnum capillifolium\W|Sphagnum capillifolium$",688058,0
"Sphagnum capillifolium\W|Sphagnum capillifolium$",688511,0
"Sphagnum capillifolium\W|Sphagnum capillifolium$",684125,0
"Sphagnum capillifolium\W|Sphagnum capillifolium$",683296,0
"Sphagnum capillifolium\W|Sphagnum capillifolium$",686048,0
"Sphagnum capillifolium\W|Sphagnum capillifolium$",686351,0
"Sphagnum capillifolium\W|Sphagnum capillifolium$",688259,0
"Sphagnum capillifolium\W|Sphagnum capillifolium$",686898,0
"Sphagnum capillifolium\W|Sphagnum capillifolium$",800140,0
"Sphagnum capillifolium\W|Sphagnum capillifolium$",800184,0
"Sphagnum capillifolium\W|Sphagnum capillifolium$",898972,0
"Sphagnum capillifolium\W|Sphagnum capillifolium$",899410,0
"Sphagnum capillifolium\W|Sphagnum capillifolium$",899059,0
"Sphagnum capillifolium\W|Sphagnum capillifolium$",899571,0
"Sphagnum capillifolium\W|Sphagnum capillifolium$",899606,0
"Sphagnum capillifolium\W|Sphagnum capillifolium$",907535,0
"Sphagnum capillifolium\W|Sphagnum capillifolium$",948485,0
"Sphagnum capillifolium\W|Sphagnum capillifolium$",948589,0
"Sphagnum capillifolium\W|Sphagnum capillifolium$",1176985,0
"Sphagnum capillifolium\W|Sphagnum capillifolium$",1146910,0
"Sphagnum capillifolium\W|Sphagnum capillifolium$",1299044,0
"Brotherella recurvans\W|Brotherella recurvans$",683191,0
"Brotherella recurvans\W|Brotherella recurvans$",686886,0
"Brotherella recurvans\W|Brotherella recurvans$",689733,0
"Brotherella recurvans\W|Brotherella recurvans$",685028,0
"Brotherella recurvans\W|Brotherella recurvans$",1150955,0
"Brotherella recurvans\W|Brotherella recurvans$",1150953,0
"Tortula\W|Tortula$",683562,0
"Tortula\W|Tortula$",683464,0
"Tortula\W|Tortula$",687152,0
"Tortula\W|Tortula$",688720,0
"Tortula\W|Tortula$",860340,0
"Tortula\W|Tortula$",684798,0
"Tortula\W|Tortula$",688367,0
"Tortula\W|Tortula$",729675,0
"Tortula\W|Tortula$",833221,0
"Tortula\W|Tortula$",899307,0
"Tortula\W|Tortula$",899461,0
"Calliergonella cuspidata\W|Calliergonella cuspidata$",683879,0
"Calliergonella cuspidata\W|Calliergonella cuspidata$",687808,0
"Calliergonella cuspidata\W|Calliergonella cuspidata$",683960,0
"Sphagnum cuspidatum\W|Sphagnum cuspidatum$",685006,0
"Sphagnum cuspidatum\W|Sphagnum cuspidatum$",687008,0
"Sphagnum cuspidatum\W|Sphagnum cuspidatum$",686123,0
"Sphagnum cuspidatum\W|Sphagnum cuspidatum$",686555,0
"Sphagnum cuspidatum\W|Sphagnum cuspidatum$",688846,0
"Sphagnum cuspidatum\W|Sphagnum cuspidatum$",688003,0
"Sphagnum cuspidatum\W|Sphagnum cuspidatum$",688511,0
"Sphagnum cuspidatum\W|Sphagnum cuspidatum$",689070,0
"Sphagnum cuspidatum\W|Sphagnum cuspidatum$",683516,0
"Sphagnum cuspidatum\W|Sphagnum cuspidatum$",721939,0
"Sphagnum cuspidatum\W|Sphagnum cuspidatum$",685339,0
"Sphagnum cuspidatum\W|Sphagnum cuspidatum$",683438,0
"Sphagnum cuspidatum\W|Sphagnum cuspidatum$",687359,0
"Sphagnum cuspidatum\W|Sphagnum cuspidatum$",731252,0
"Sphagnum cuspidatum\W|Sphagnum cuspidatum$",686954,0
"Sphagnum cuspidatum\W|Sphagnum cuspidatum$",902958,0
"Sphagnum cuspidatum\W|Sphagnum cuspidatum$",899521,0
"Sphagnum cuspidatum\W|Sphagnum cuspidatum$",899571,0
"Sphagnum cuspidatum\W|Sphagnum cuspidatum$",917080,0
"Porella pinnata\W|Porella pinnata$",835678,0
"Solenostoma gracillimum\W|Solenostoma gracillimum$",689899,0
"Sphagnum recurvum\W|Sphagnum recurvum$",683900,0
"Sphagnum recurvum\W|Sphagnum recurvum$",683072,0
"Sphagnum recurvum\W|Sphagnum recurvum$",683137,0
"Sphagnum recurvum\W|Sphagnum recurvum$",684085,0
"Sphagnum recurvum\W|Sphagnum recurvum$",683613,0
"Sphagnum recurvum\W|Sphagnum recurvum$",683831,0
"Sphagnum recurvum\W|Sphagnum recurvum$",684612,0
"Sphagnum recurvum\W|Sphagnum recurvum$",687806,0
"Sphagnum recurvum\W|Sphagnum recurvum$",686555,0
"Sphagnum recurvum\W|Sphagnum recurvum$",684726,0
"Sphagnum recurvum\W|Sphagnum recurvum$",684747,0
"Sphagnum recurvum\W|Sphagnum recurvum$",686220,0
"Sphagnum recurvum\W|Sphagnum recurvum$",685667,0
"Sphagnum recurvum\W|Sphagnum recurvum$",688461,0
"Sphagnum recurvum\W|Sphagnum recurvum$",689331,0
"Sphagnum recurvum\W|Sphagnum recurvum$",688673,0
"Sphagnum recurvum\W|Sphagnum recurvum$",688278,0
"Sphagnum recurvum\W|Sphagnum recurvum$",688846,0
"Sphagnum recurvum\W|Sphagnum recurvum$",688511,0
"Sphagnum recurvum\W|Sphagnum recurvum$",684727,0
"Sphagnum recurvum\W|Sphagnum recurvum$",688211,0
"Sphagnum recurvum\W|Sphagnum recurvum$",683516,0
"Sphagnum recurvum\W|Sphagnum recurvum$",686719,0
"Sphagnum recurvum\W|Sphagnum recurvum$",685339,0
"Sphagnum recurvum\W|Sphagnum recurvum$",685752,0
"Sphagnum recurvum\W|Sphagnum recurvum$",800184,0
"Sphagnum recurvum\W|Sphagnum recurvum$",793432,0
"Sphagnum recurvum\W|Sphagnum recurvum$",689146,0
"Sphagnum recurvum\W|Sphagnum recurvum$",917083,0
"Sphagnum recurvum\W|Sphagnum recurvum$",899497,0
"Sphagnum recurvum\W|Sphagnum recurvum$",899505,0
"Sphagnum recurvum\W|Sphagnum recurvum$",899506,0
"Sphagnum recurvum\W|Sphagnum recurvum$",899507,0
"Sphagnum recurvum\W|Sphagnum recurvum$",917080,0
"Sphagnum recurvum\W|Sphagnum recurvum$",1131907,0
"Sphagnum recurvum\W|Sphagnum recurvum$",1159155,0
"Paludella squarrosa\W|Paludella squarrosa$",683904,0
"Odontoschisma fluitans\W|Odontoschisma fluitans$",689070,0
"Fontinalis howellii\W|Fontinalis howellii$",683648,0
"Plagiomnium insigne\W|Plagiomnium insigne$",1344228,0
"Mnium stellare\W|Mnium stellare$",688921,0
"Tortella tortuosa\W|Tortella tortuosa$",687152,0
"Tortella tortuosa\W|Tortella tortuosa$",685175,0
"Tortella tortuosa\W|Tortella tortuosa$",688720,0
"Tortella tortuosa\W|Tortella tortuosa$",687412,0
"Tortella tortuosa\W|Tortella tortuosa$",683806,0
"Tortella tortuosa\W|Tortella tortuosa$",833221,0
"Tortella tortuosa\W|Tortella tortuosa$",899130,0
"Sphagnum pylaesii\W|Sphagnum pylaesii$",686555,0
"Sphagnum pylaesii\W|Sphagnum pylaesii$",689913,0
"Sphagnum pylaesii\W|Sphagnum pylaesii$",736386,0
"Sphagnum pylaesii\W|Sphagnum pylaesii$",736392,0
"Plagiothecium laetum\W|Plagiothecium laetum$",683349,0
"Plagiothecium laetum\W|Plagiothecium laetum$",688095,0
"Plagiothecium laetum\W|Plagiothecium laetum$",688522,0
"Grimmia pilifera\W|Grimmia pilifera$",684217,0
"Grimmia pilifera\W|Grimmia pilifera$",835732,0
"Brothera leana\W|Brothera leana$",685146,0
"Aulacomnium\W|Aulacomnium$",685116,0
"Aulacomnium\W|Aulacomnium$",683900,0
"Aulacomnium\W|Aulacomnium$",684015,0
"Aulacomnium\W|Aulacomnium$",683539,0
"Aulacomnium\W|Aulacomnium$",860370,0
"Aulacomnium\W|Aulacomnium$",683622,0
"Aulacomnium\W|Aulacomnium$",683831,0
"Aulacomnium\W|Aulacomnium$",860279,0
"Aulacomnium\W|Aulacomnium$",689331,0
"Aulacomnium\W|Aulacomnium$",688728,0
"Aulacomnium\W|Aulacomnium$",687808,0
"Aulacomnium\W|Aulacomnium$",687913,0
"Aulacomnium\W|Aulacomnium$",689899,0
"Aulacomnium\W|Aulacomnium$",728627,0
"Aulacomnium\W|Aulacomnium$",684727,0
"Aulacomnium\W|Aulacomnium$",688921,0
"Aulacomnium\W|Aulacomnium$",688628,0
"Aulacomnium\W|Aulacomnium$",687799,0
"Aulacomnium\W|Aulacomnium$",730765,0
"Aulacomnium\W|Aulacomnium$",683904,0
"Aulacomnium\W|Aulacomnium$",849164,0
"Aulacomnium\W|Aulacomnium$",860509,0
"Aulacomnium\W|Aulacomnium$",860512,0
"Aulacomnium\W|Aulacomnium$",860750,0
"Aulacomnium\W|Aulacomnium$",899301,0
"Aulacomnium\W|Aulacomnium$",900073,0
"Aulacomnium\W|Aulacomnium$",948485,0
"Aulacomnium\W|Aulacomnium$",1042080,0
"Aulacomnium\W|Aulacomnium$",1042125,0
"Aulacomnium\W|Aulacomnium$",1042090,0
"Aulacomnium\W|Aulacomnium$",1041690,0
"Aulacomnium\W|Aulacomnium$",1146910,0
"Aulacomnium\W|Aulacomnium$",1344228,0
"Aulacomnium\W|Aulacomnium$",1344241,0
"Rubus\W|Rubus$",683293,0
"Rubus\W|Rubus$",683871,0
"Rubus\W|Rubus$",684126,0
"Rubus\W|Rubus$",684159,0
"Rubus\W|Rubus$",684166,0
"Rubus\W|Rubus$",684756,0
"Rubus\W|Rubus$",684829,0
"Rubus\W|Rubus$",684890,0
"Rubus\W|Rubus$",684967,0
"Rubus\W|Rubus$",684971,0
"Rubus\W|Rubus$",684988,0
"Rubus\W|Rubus$",685002,0
"Rubus\W|Rubus$",684907,0
"Rubus\W|Rubus$",684959,0
"Rubus\W|Rubus$",685026,0
"Rubus\W|Rubus$",685133,0
"Rubus\W|Rubus$",685148,0
"Rubus\W|Rubus$",683378,0
"Rubus\W|Rubus$",684327,0
"Rubus\W|Rubus$",684335,0
"Rubus\W|Rubus$",684344,0
"Rubus\W|Rubus$",683389,0
"Rubus\W|Rubus$",683413,0
"Rubus\W|Rubus$",683417,0
"Rubus\W|Rubus$",683916,0
"Rubus\W|Rubus$",683934,0
"Rubus\W|Rubus$",684349,0
"Rubus\W|Rubus$",684376,0
"Rubus\W|Rubus$",683539,0
"Rubus\W|Rubus$",683547,0
"Rubus\W|Rubus$",683560,0
"Rubus\W|Rubus$",683943,0
"Rubus\W|Rubus$",683461,0
"Rubus\W|Rubus$",683583,0
"Rubus\W|Rubus$",683983,0
"Rubus\W|Rubus$",683072,0
"Rubus\W|Rubus$",683077,0
"Rubus\W|Rubus$",683127,0
"Rubus\W|Rubus$",683124,0
"Rubus\W|Rubus$",684517,0
"Rubus\W|Rubus$",684415,0
"Rubus\W|Rubus$",684420,0
"Rubus\W|Rubus$",684436,0
"Rubus\W|Rubus$",683145,0
"Rubus\W|Rubus$",683147,0
"Rubus\W|Rubus$",684081,0
"Rubus\W|Rubus$",684085,0
"Rubus\W|Rubus$",683174,0
"Rubus\W|Rubus$",683651,0
"Rubus\W|Rubus$",683511,0
"Rubus\W|Rubus$",683826,0
"Rubus\W|Rubus$",683834,0
"Rubus\W|Rubus$",685107,0
"Rubus\W|Rubus$",683261,0
"Rubus\W|Rubus$",683847,0
"Rubus\W|Rubus$",684253,0
"Rubus\W|Rubus$",686296,0
"Rubus\W|Rubus$",686921,0
"Rubus\W|Rubus$",686932,0
"Rubus\W|Rubus$",686955,0
"Rubus\W|Rubus$",687015,0
"Rubus\W|Rubus$",687029,0
"Rubus\W|Rubus$",687040,0
"Rubus\W|Rubus$",687245,0
"Rubus\W|Rubus$",687777,0
"Rubus\W|Rubus$",687801,0
"Rubus\W|Rubus$",687600,0
"Rubus\W|Rubus$",687144,0
"Rubus\W|Rubus$",687148,0
"Rubus\W|Rubus$",685565,0
"Rubus\W|Rubus$",685517,0
"Rubus\W|Rubus$",685978,0
"Rubus\W|Rubus$",685580,0
"Rubus\W|Rubus$",685584,0
"Rubus\W|Rubus$",685594,0
"Rubus\W|Rubus$",686051,0
"Rubus\W|Rubus$",686187,0
"Rubus\W|Rubus$",686209,0
"Rubus\W|Rubus$",686457,0
"Rubus\W|Rubus$",685612,0
"Rubus\W|Rubus$",685616,0
"Rubus\W|Rubus$",685625,0
"Rubus\W|Rubus$",686024,0
"Rubus\W|Rubus$",686037,0
"Rubus\W|Rubus$",686105,0
"Rubus\W|Rubus$",686508,0
"Rubus\W|Rubus$",686509,0
"Rubus\W|Rubus$",686599,0
"Rubus\W|Rubus$",686608,0
"Rubus\W|Rubus$",684733,0
"Rubus\W|Rubus$",684747,0
"Rubus\W|Rubus$",685220,0
"Rubus\W|Rubus$",686160,0
"Rubus\W|Rubus$",687084,0
"Rubus\W|Rubus$",687085,0
"Rubus\W|Rubus$",685241,0
"Rubus\W|Rubus$",685690,0
"Rubus\W|Rubus$",687119,0
"Rubus\W|Rubus$",687134,0
"Rubus\W|Rubus$",685338,0
"Rubus\W|Rubus$",685713,0
"Rubus\W|Rubus$",686625,0
"Rubus\W|Rubus$",686654,0
"Rubus\W|Rubus$",685401,0
"Rubus\W|Rubus$",685403,0
"Rubus\W|Rubus$",685835,0
"Rubus\W|Rubus$",685853,0
"Rubus\W|Rubus$",685747,0
"Rubus\W|Rubus$",686694,0
"Rubus\W|Rubus$",685428,0
"Rubus\W|Rubus$",685762,0
"Rubus\W|Rubus$",685788,0
"Rubus\W|Rubus$",860301,0
"Rubus\W|Rubus$",685904,0
"Rubus\W|Rubus$",686272,0
"Rubus\W|Rubus$",686282,0
"Rubus\W|Rubus$",685677,0
"Rubus\W|Rubus$",688627,0
"Rubus\W|Rubus$",688479,0
"Rubus\W|Rubus$",689052,0
"Rubus\W|Rubus$",689092,0
"Rubus\W|Rubus$",689112,0
"Rubus\W|Rubus$",689687,0
"Rubus\W|Rubus$",689709,0
"Rubus\W|Rubus$",689724,0
"Rubus\W|Rubus$",689424,0
"Rubus\W|Rubus$",689442,0
"Rubus\W|Rubus$",689272,0
"Rubus\W|Rubus$",689293,0
"Rubus\W|Rubus$",689333,0
"Rubus\W|Rubus$",689334,0
"Rubus\W|Rubus$",689345,0
"Rubus\W|Rubus$",687179,0
"Rubus\W|Rubus$",687679,0
"Rubus\W|Rubus$",687229,0
"Rubus\W|Rubus$",687237,0
"Rubus\W|Rubus$",688870,0
"Rubus\W|Rubus$",689154,0
"Rubus\W|Rubus$",687744,0
"Rubus\W|Rubus$",687749,0
"Rubus\W|Rubus$",689197,0
"Rubus\W|Rubus$",689200,0
"Rubus\W|Rubus$",687774,0
"Rubus\W|Rubus$",687287,0
"Rubus\W|Rubus$",689218,0
"Rubus\W|Rubus$",688894,0
"Rubus\W|Rubus$",686823,0
"Rubus\W|Rubus$",688232,0
"Rubus\W|Rubus$",688240,0
"Rubus\W|Rubus$",686852,0
"Rubus\W|Rubus$",687346,0
"Rubus\W|Rubus$",687350,0
"Rubus\W|Rubus$",687424,0
"Rubus\W|Rubus$",687443,0
"Rubus\W|Rubus$",687365,0
"Rubus\W|Rubus$",687396,0
"Rubus\W|Rubus$",687810,0
"Rubus\W|Rubus$",688747,0
"Rubus\W|Rubus$",688749,0
"Rubus\W|Rubus$",688751,0
"Rubus\W|Rubus$",687412,0
"Rubus\W|Rubus$",688788,0
"Rubus\W|Rubus$",688821,0
"Rubus\W|Rubus$",688846,0
"Rubus\W|Rubus$",687526,0
"Rubus\W|Rubus$",688006,0
"Rubus\W|Rubus$",687911,0
"Rubus\W|Rubus$",688860,0
"Rubus\W|Rubus$",688502,0
"Rubus\W|Rubus$",688390,0
"Rubus\W|Rubus$",688403,0
"Rubus\W|Rubus$",688094,0
"Rubus\W|Rubus$",688097,0
"Rubus\W|Rubus$",688107,0
"Rubus\W|Rubus$",688068,0
"Rubus\W|Rubus$",688506,0
"Rubus\W|Rubus$",688522,0
"Rubus\W|Rubus$",689848,0
"Rubus\W|Rubus$",684337,0
"Rubus\W|Rubus$",689915,0
"Rubus\W|Rubus$",686378,0
"Rubus\W|Rubus$",684125,0
"Rubus\W|Rubus$",687056,0
"Rubus\W|Rubus$",683914,0
"Rubus\W|Rubus$",683956,0
"Rubus\W|Rubus$",687715,0
"Rubus\W|Rubus$",685886,0
"Rubus\W|Rubus$",685894,0
"Rubus\W|Rubus$",689876,0
"Rubus\W|Rubus$",688935,0
"Rubus\W|Rubus$",689882,0
"Rubus\W|Rubus$",689899,0
"Rubus\W|Rubus$",689924,0
"Rubus\W|Rubus$",689932,0
"Rubus\W|Rubus$",689938,0
"Rubus\W|Rubus$",683296,0
"Rubus\W|Rubus$",689486,0
"Rubus\W|Rubus$",689498,0
"Rubus\W|Rubus$",689626,0
"Rubus\W|Rubus$",689641,0
"Rubus\W|Rubus$",689559,0
"Rubus\W|Rubus$",689569,0
"Rubus\W|Rubus$",690022,0
"Rubus\W|Rubus$",690025,0
"Rubus\W|Rubus$",689592,0
"Rubus\W|Rubus$",683215,0
"Rubus\W|Rubus$",689764,0
"Rubus\W|Rubus$",684035,0
"Rubus\W|Rubus$",684106,0
"Rubus\W|Rubus$",689780,0
"Rubus\W|Rubus$",684217,0
"Rubus\W|Rubus$",684240,0
"Rubus\W|Rubus$",689799,0
"Rubus\W|Rubus$",688827,0
"Rubus\W|Rubus$",688445,0
"Rubus\W|Rubus$",686785,0
"Rubus\W|Rubus$",686802,0
"Rubus\W|Rubus$",689974,0
"Rubus\W|Rubus$",860346,0
"Rubus\W|Rubus$",684581,0
"Rubus\W|Rubus$",728642,0
"Rubus\W|Rubus$",728649,0
"Rubus\W|Rubus$",687628,0
"Rubus\W|Rubus$",685970,0
"Rubus\W|Rubus$",688037,0
"Rubus\W|Rubus$",688104,0
"Rubus\W|Rubus$",684732,0
"Rubus\W|Rubus$",688926,0
"Rubus\W|Rubus$",686894,0
"Rubus\W|Rubus$",685555,0
"Rubus\W|Rubus$",685567,0
"Rubus\W|Rubus$",685575,0
"Rubus\W|Rubus$",689714,0
"Rubus\W|Rubus$",688151,0
"Rubus\W|Rubus$",688228,0
"Rubus\W|Rubus$",688172,0
"Rubus\W|Rubus$",686489,0
"Rubus\W|Rubus$",685174,0
"Rubus\W|Rubus$",688976,0
"Rubus\W|Rubus$",689030,0
"Rubus\W|Rubus$",686561,0
"Rubus\W|Rubus$",685234,0
"Rubus\W|Rubus$",685239,0
"Rubus\W|Rubus$",683486,0
"Rubus\W|Rubus$",683519,0
"Rubus\W|Rubus$",683557,0
"Rubus\W|Rubus$",688319,0
"Rubus\W|Rubus$",688363,0
"Rubus\W|Rubus$",688371,0
"Rubus\W|Rubus$",688378,0
"Rubus\W|Rubus$",686730,0
"Rubus\W|Rubus$",685339,0
"Rubus\W|Rubus$",684938,0
"Rubus\W|Rubus$",685818,0
"Rubus\W|Rubus$",732581,0
"Rubus\W|Rubus$",687246,0
"Rubus\W|Rubus$",687279,0
"Rubus\W|Rubus$",687301,0
"Rubus\W|Rubus$",791578,0
"Rubus\W|Rubus$",791580,0
"Rubus\W|Rubus$",689336,0
"Rubus\W|Rubus$",742092,0
"Rubus\W|Rubus$",788737,0
"Rubus\W|Rubus$",685729,0
"Rubus\W|Rubus$",686014,0
"Rubus\W|Rubus$",758060,0
"Rubus\W|Rubus$",684974,0
"Rubus\W|Rubus$",689263,0
"Rubus\W|Rubus$",689309,0
"Rubus\W|Rubus$",768704,0
"Rubus\W|Rubus$",687137,0
"Rubus\W|Rubus$",687178,0
"Rubus\W|Rubus$",687197,0
"Rubus\W|Rubus$",731892,0
"Rubus\W|Rubus$",732427,0
"Rubus\W|Rubus$",732453,0
"Rubus\W|Rubus$",729669,0
"Rubus\W|Rubus$",730778,0
"Rubus\W|Rubus$",730789,0
"Rubus\W|Rubus$",730805,0
"Rubus\W|Rubus$",730808,0
"Rubus\W|Rubus$",730817,0
"Rubus\W|Rubus$",730859,0
"Rubus\W|Rubus$",684348,0
"Rubus\W|Rubus$",684366,0
"Rubus\W|Rubus$",684410,0
"Rubus\W|Rubus$",684443,0
"Rubus\W|Rubus$",688494,0
"Rubus\W|Rubus$",684331,0
"Rubus\W|Rubus$",732636,0
"Rubus\W|Rubus$",732869,0
"Rubus\W|Rubus$",730800,0
"Rubus\W|Rubus$",687317,0
"Rubus\W|Rubus$",689368,0
"Rubus\W|Rubus$",730907,0
"Rubus\W|Rubus$",730915,0
"Rubus\W|Rubus$",730923,0
"Rubus\W|Rubus$",730946,0
"Rubus\W|Rubus$",731039,0
"Rubus\W|Rubus$",768245,0
"Rubus\W|Rubus$",730900,0
"Rubus\W|Rubus$",689571,0
"Rubus\W|Rubus$",686190,0
"Rubus\W|Rubus$",686765,0
"Rubus\W|Rubus$",686776,0
"Rubus\W|Rubus$",684004,0
"Rubus\W|Rubus$",728681,0
"Rubus\W|Rubus$",728688,0
"Rubus\W|Rubus$",731362,0
"Rubus\W|Rubus$",731424,0
"Rubus\W|Rubus$",731473,0
"Rubus\W|Rubus$",683995,0
"Rubus\W|Rubus$",777931,0
"Rubus\W|Rubus$",688308,0
"Rubus\W|Rubus$",736386,0
"Rubus\W|Rubus$",687098,0
"Rubus\W|Rubus$",686996,0
"Rubus\W|Rubus$",689632,0
"Rubus\W|Rubus$",689806,0
"Rubus\W|Rubus$",689963,0
"Rubus\W|Rubus$",728730,0
"Rubus\W|Rubus$",684916,0
"Rubus\W|Rubus$",728816,0
"Rubus\W|Rubus$",728857,0
"Rubus\W|Rubus$",787680,0
"Rubus\W|Rubus$",857475,0
"Rubus\W|Rubus$",797768,0
"Rubus\W|Rubus$",799480,0
"Rubus\W|Rubus$",800152,0
"Rubus\W|Rubus$",801762,0
"Rubus\W|Rubus$",833261,0
"Rubus\W|Rubus$",833262,0
"Rubus\W|Rubus$",842026,0
"Rubus\W|Rubus$",857654,0
"Rubus\W|Rubus$",802115,0
"Rubus\W|Rubus$",849192,0
"Rubus\W|Rubus$",849198,0
"Rubus\W|Rubus$",849275,0
"Rubus\W|Rubus$",856597,0
"Rubus\W|Rubus$",856676,0
"Rubus\W|Rubus$",835948,0
"Rubus\W|Rubus$",835949,0
"Rubus\W|Rubus$",856881,0
"Rubus\W|Rubus$",857208,0
"Rubus\W|Rubus$",688774,0
"Rubus\W|Rubus$",788668,0
"Rubus\W|Rubus$",754874,0
"Rubus\W|Rubus$",836554,0
"Rubus\W|Rubus$",836562,0
"Rubus\W|Rubus$",836672,0
"Rubus\W|Rubus$",836772,0
"Rubus\W|Rubus$",788749,0
"Rubus\W|Rubus$",790693,0
"Rubus\W|Rubus$",814869,0
"Rubus\W|Rubus$",788005,0
"Rubus\W|Rubus$",787986,0
"Rubus\W|Rubus$",788563,0
"Rubus\W|Rubus$",791945,0
"Rubus\W|Rubus$",685547,0
"Rubus\W|Rubus$",787976,0
"Rubus\W|Rubus$",787981,0
"Rubus\W|Rubus$",799314,0
"Rubus\W|Rubus$",787973,0
"Rubus\W|Rubus$",795062,0
"Rubus\W|Rubus$",787992,0
"Rubus\W|Rubus$",787997,0
"Rubus\W|Rubus$",791002,0
"Rubus\W|Rubus$",754608,0
"Rubus\W|Rubus$",788649,0
"Rubus\W|Rubus$",799301,0
"Rubus\W|Rubus$",799333,0
"Rubus\W|Rubus$",800140,0
"Rubus\W|Rubus$",801799,0
"Rubus\W|Rubus$",791646,0
"Rubus\W|Rubus$",800155,0
"Rubus\W|Rubus$",800158,0
"Rubus\W|Rubus$",800167,0
"Rubus\W|Rubus$",800184,0
"Rubus\W|Rubus$",800985,0
"Rubus\W|Rubus$",801795,0
"Rubus\W|Rubus$",799305,0
"Rubus\W|Rubus$",793432,0
"Rubus\W|Rubus$",798288,0
"Rubus\W|Rubus$",800143,0
"Rubus\W|Rubus$",800146,0
"Rubus\W|Rubus$",835750,0
"Rubus\W|Rubus$",835951,0
"Rubus\W|Rubus$",836893,0
"Rubus\W|Rubus$",791624,0
"Rubus\W|Rubus$",837856,0
"Rubus\W|Rubus$",833256,0
"Rubus\W|Rubus$",833258,0
"Rubus\W|Rubus$",836537,0
"Rubus\W|Rubus$",835388,0
"Rubus\W|Rubus$",835765,0
"Rubus\W|Rubus$",689039,0
"Rubus\W|Rubus$",838600,0
"Rubus\W|Rubus$",838618,0
"Rubus\W|Rubus$",836335,0
"Rubus\W|Rubus$",839432,0
"Rubus\W|Rubus$",874156,0
"Rubus\W|Rubus$",877289,0
"Rubus\W|Rubus$",877320,0
"Rubus\W|Rubus$",878628,0
"Rubus\W|Rubus$",887161,0
"Rubus\W|Rubus$",874085,0
"Rubus\W|Rubus$",873603,0
"Rubus\W|Rubus$",858379,0
"Rubus\W|Rubus$",858389,0
"Rubus\W|Rubus$",860492,0
"Rubus\W|Rubus$",860509,0
"Rubus\W|Rubus$",860512,0
"Rubus\W|Rubus$",860564,0
"Rubus\W|Rubus$",866455,0
"Rubus\W|Rubus$",860595,0
"Rubus\W|Rubus$",860623,0
"Rubus\W|Rubus$",860018,0
"Rubus\W|Rubus$",861435,0
"Rubus\W|Rubus$",874149,0
"Rubus\W|Rubus$",872765,0
"Rubus\W|Rubus$",860743,0
"Rubus\W|Rubus$",860780,0
"Rubus\W|Rubus$",860789,0
"Rubus\W|Rubus$",860793,0
"Rubus\W|Rubus$",868660,0
"Rubus\W|Rubus$",860829,0
"Rubus\W|Rubus$",860841,0
"Rubus\W|Rubus$",877347,0
"Rubus\W|Rubus$",860882,0
"Rubus\W|Rubus$",867659,0
"Rubus\W|Rubus$",899660,0
"Rubus\W|Rubus$",899664,0
"Rubus\W|Rubus$",899666,0
"Rubus\W|Rubus$",899671,0
"Rubus\W|Rubus$",899192,0
"Rubus\W|Rubus$",899193,0
"Rubus\W|Rubus$",899211,0
"Rubus\W|Rubus$",899699,0
"Rubus\W|Rubus$",899245,0
"Rubus\W|Rubus$",899724,0
"Rubus\W|Rubus$",899726,0
"Rubus\W|Rubus$",899775,0
"Rubus\W|Rubus$",899779,0
"Rubus\W|Rubus$",899300,0
"Rubus\W|Rubus$",899781,0
"Rubus\W|Rubus$",899783,0
"Rubus\W|Rubus$",899791,0
"Rubus\W|Rubus$",899798,0
"Rubus\W|Rubus$",899799,0
"Rubus\W|Rubus$",899805,0
"Rubus\W|Rubus$",899812,0
"Rubus\W|Rubus$",907149,0
"Rubus\W|Rubus$",899814,0
"Rubus\W|Rubus$",899818,0
"Rubus\W|Rubus$",899825,0
"Rubus\W|Rubus$",899828,0
"Rubus\W|Rubus$",899846,0
"Rubus\W|Rubus$",899353,0
"Rubus\W|Rubus$",899356,0
"Rubus\W|Rubus$",899373,0
"Rubus\W|Rubus$",899852,0
"Rubus\W|Rubus$",899880,0
"Rubus\W|Rubus$",898961,0
"Rubus\W|Rubus$",898964,0
"Rubus\W|Rubus$",899380,0
"Rubus\W|Rubus$",899410,0
"Rubus\W|Rubus$",899881,0
"Rubus\W|Rubus$",899895,0
"Rubus\W|Rubus$",899896,0
"Rubus\W|Rubus$",899897,0
"Rubus\W|Rubus$",902958,0
"Rubus\W|Rubus$",898976,0
"Rubus\W|Rubus$",898978,0
"Rubus\W|Rubus$",899926,0
"Rubus\W|Rubus$",899939,0
"Rubus\W|Rubus$",898988,0
"Rubus\W|Rubus$",898992,0
"Rubus\W|Rubus$",899003,0
"Rubus\W|Rubus$",899446,0
"Rubus\W|Rubus$",899470,0
"Rubus\W|Rubus$",899959,0
"Rubus\W|Rubus$",899964,0
"Rubus\W|Rubus$",899031,0
"Rubus\W|Rubus$",899485,0
"Rubus\W|Rubus$",899497,0
"Rubus\W|Rubus$",899501,0
"Rubus\W|Rubus$",899503,0
"Rubus\W|Rubus$",899506,0
"Rubus\W|Rubus$",899509,0
"Rubus\W|Rubus$",899510,0
"Rubus\W|Rubus$",899511,0
"Rubus\W|Rubus$",899990,0
"Rubus\W|Rubus$",899999,0
"Rubus\W|Rubus$",890136,0
"Rubus\W|Rubus$",899043,0
"Rubus\W|Rubus$",899044,0
"Rubus\W|Rubus$",899048,0
"Rubus\W|Rubus$",900014,0
"Rubus\W|Rubus$",900017,0
"Rubus\W|Rubus$",900019,0
"Rubus\W|Rubus$",900020,0
"Rubus\W|Rubus$",900021,0
"Rubus\W|Rubus$",890146,0
"Rubus\W|Rubus$",899069,0
"Rubus\W|Rubus$",899549,0
"Rubus\W|Rubus$",899554,0
"Rubus\W|Rubus$",899571,0
"Rubus\W|Rubus$",900058,0
"Rubus\W|Rubus$",899606,0
"Rubus\W|Rubus$",905003,0
"Rubus\W|Rubus$",917080,0
"Rubus\W|Rubus$",907535,0
"Rubus\W|Rubus$",933578,0
"Rubus\W|Rubus$",933706,0
"Rubus\W|Rubus$",933791,0
"Rubus\W|Rubus$",926708,0
"Rubus\W|Rubus$",948696,0
"Rubus\W|Rubus$",952013,0
"Rubus\W|Rubus$",979541,0
"Rubus\W|Rubus$",979545,0
"Rubus\W|Rubus$",942422,0
"Rubus\W|Rubus$",942423,0
"Rubus\W|Rubus$",942432,0
"Rubus\W|Rubus$",942433,0
"Rubus\W|Rubus$",933779,0
"Rubus\W|Rubus$",942445,0
"Rubus\W|Rubus$",942451,0
"Rubus\W|Rubus$",943359,0
"Rubus\W|Rubus$",979413,0
"Rubus\W|Rubus$",942462,0
"Rubus\W|Rubus$",942477,0
"Rubus\W|Rubus$",952647,0
"Rubus\W|Rubus$",935251,0
"Rubus\W|Rubus$",948589,0
"Rubus\W|Rubus$",959042,0
"Rubus\W|Rubus$",933729,0
"Rubus\W|Rubus$",935195,0
"Rubus\W|Rubus$",942426,0
"Rubus\W|Rubus$",942430,0
"Rubus\W|Rubus$",979410,0
"Rubus\W|Rubus$",979388,0
"Rubus\W|Rubus$",979500,0
"Rubus\W|Rubus$",964229,0
"Rubus\W|Rubus$",1150957,0
"Rubus\W|Rubus$",1159191,0
"Rubus\W|Rubus$",1159193,0
"Rubus\W|Rubus$",1094002,0
"Rubus\W|Rubus$",1171239,0
"Rubus\W|Rubus$",1176987,0
"Rubus\W|Rubus$",1217339,0
"Rubus\W|Rubus$",1217341,0
"Rubus\W|Rubus$",689744,0
"Rubus\W|Rubus$",1222817,0
"Rubus\W|Rubus$",1041594,0
"Rubus\W|Rubus$",1179665,0
"Rubus\W|Rubus$",1159131,0
"Rubus\W|Rubus$",1085027,0
"Rubus\W|Rubus$",1146922,0
"Rubus\W|Rubus$",1131907,0
"Rubus\W|Rubus$",1041490,0
"Rubus\W|Rubus$",1041496,0
"Rubus\W|Rubus$",1093978,0
"Rubus\W|Rubus$",1159151,0
"Rubus\W|Rubus$",1041526,0
"Rubus\W|Rubus$",1225582,0
"Rubus\W|Rubus$",1225590,0
"Rubus\W|Rubus$",1222811,0
"Rubus\W|Rubus$",1222809,0
"Rubus\W|Rubus$",1222813,0
"Rubus\W|Rubus$",1222821,0
"Rubus\W|Rubus$",1222807,0
"Rubus\W|Rubus$",1159155,0
"Rubus\W|Rubus$",1146910,0
"Rubus\W|Rubus$",1041514,0
"Rubus\W|Rubus$",1299043,0
"Rubus\W|Rubus$",1270111,0
"Rubus\W|Rubus$",1302634,0
"Rubus\W|Rubus$",1285582,0
"Rubus\W|Rubus$",1127110,0
"Rubus\W|Rubus$",1270115,0
"Rubus\W|Rubus$",1150951,0
"Rubus\W|Rubus$",1222825,0
"Rubus\W|Rubus$",1222827,0
"Rubus\W|Rubus$",1222855,0
"Rubus\W|Rubus$",1222879,0
"Rubus\W|Rubus$",1344228,0
"Rubus\W|Rubus$",1344241,0
"Rubus\W|Rubus$",1041506,0
"Sphagnum lindbergii\W|Sphagnum lindbergii$",689913,0
"Pogonatum\W|Pogonatum$",687412,0
"Diplophyllum albicans\W|Diplophyllum albicans$",777931,0
"Bryoandersonia illecebra\W|Bryoandersonia illecebra$",685143,0
"Bryoandersonia illecebra\W|Bryoandersonia illecebra$",684346,0
"Bryoandersonia illecebra\W|Bryoandersonia illecebra$",688921,0
"Bryoandersonia illecebra\W|Bryoandersonia illecebra$",835732,0
"Sphagnum teres\W|Sphagnum teres$",689508,0
"Sphagnum teres\W|Sphagnum teres$",1146920,0
"Sphagnum teres\W|Sphagnum teres$",684576,0
"Sphagnum teres\W|Sphagnum teres$",1176983,0
"Sphagnum teres\W|Sphagnum teres$",1361912,0
"Sphagnum teres\W|Sphagnum teres$",1299044,0
"Platygyrium repens\W|Platygyrium repens$",689899,0
"Amphidium\W|Amphidium$",687412,0
"Amphidium\W|Amphidium$",849141,0
"Amphidium\W|Amphidium$",900073,0
"Amphidium\W|Amphidium$",932947,0
"Thuidium delicatulum\W|Thuidium delicatulum$",683191,0
"Thuidium delicatulum\W|Thuidium delicatulum$",683622,0
"Thuidium delicatulum\W|Thuidium delicatulum$",686507,0
"Thuidium delicatulum\W|Thuidium delicatulum$",686512,0
"Thuidium delicatulum\W|Thuidium delicatulum$",686709,0
"Thuidium delicatulum\W|Thuidium delicatulum$",685735,0
"Thuidium delicatulum\W|Thuidium delicatulum$",685788,0
"Thuidium delicatulum\W|Thuidium delicatulum$",689733,0
"Thuidium delicatulum\W|Thuidium delicatulum$",687225,0
"Thuidium delicatulum\W|Thuidium delicatulum$",687924,0
"Thuidium delicatulum\W|Thuidium delicatulum$",686934,0
"Thuidium delicatulum\W|Thuidium delicatulum$",689899,0
"Thuidium delicatulum\W|Thuidium delicatulum$",689577,0
"Thuidium delicatulum\W|Thuidium delicatulum$",690048,0
"Thuidium delicatulum\W|Thuidium delicatulum$",683188,0
"Thuidium delicatulum\W|Thuidium delicatulum$",684217,0
"Thuidium delicatulum\W|Thuidium delicatulum$",688844,0
"Thuidium delicatulum\W|Thuidium delicatulum$",688921,0
"Thuidium delicatulum\W|Thuidium delicatulum$",688183,0
"Thuidium delicatulum\W|Thuidium delicatulum$",684553,0
"Thuidium delicatulum\W|Thuidium delicatulum$",685318,0
"Thuidium delicatulum\W|Thuidium delicatulum$",688719,0
"Thuidium delicatulum\W|Thuidium delicatulum$",684916,0
"Thuidium delicatulum\W|Thuidium delicatulum$",806705,0
"Thuidium delicatulum\W|Thuidium delicatulum$",835732,0
"Thuidium delicatulum\W|Thuidium delicatulum$",800161,0
"Thuidium delicatulum\W|Thuidium delicatulum$",867537,0
"Thuidium delicatulum\W|Thuidium delicatulum$",899397,0
"Thuidium delicatulum\W|Thuidium delicatulum$",1159151,0
"Thuidium delicatulum\W|Thuidium delicatulum$",1159195,0
"Thuidium delicatulum\W|Thuidium delicatulum$",1225019,0
"Rhizomnium punctatum\W|Rhizomnium punctatum$",685735,0
"Rhizomnium punctatum\W|Rhizomnium punctatum$",683188,0
"Rhodobryum ontariense\W|Rhodobryum ontariense$",683622,0
"Brachythecium rivulare\W|Brachythecium rivulare$",685735,0
"Brachythecium rivulare\W|Brachythecium rivulare$",800161,0
"Orthotrichum strangulatum\W|Orthotrichum strangulatum$",946476,0
"Hookeria acutifolia\W|Hookeria acutifolia$",686958,0
"Syzygiella autumnalis\W|Syzygiella autumnalis$",688522,0
"Tomentypnum nitens\W|Tomentypnum nitens$",683539,0
"Tomentypnum nitens\W|Tomentypnum nitens$",860279,0
"Tomentypnum nitens\W|Tomentypnum nitens$",687808,0
"Tomentypnum nitens\W|Tomentypnum nitens$",689882,0
"Tomentypnum nitens\W|Tomentypnum nitens$",689508,0
"Tomentypnum nitens\W|Tomentypnum nitens$",1146920,0
"Tomentypnum nitens\W|Tomentypnum nitens$",683904,0
"Tomentypnum nitens\W|Tomentypnum nitens$",741266,0
"Tomentypnum nitens\W|Tomentypnum nitens$",860509,0
"Tomentypnum nitens\W|Tomentypnum nitens$",860512,0
"Tomentypnum nitens\W|Tomentypnum nitens$",860750,0
"Tomentypnum nitens\W|Tomentypnum nitens$",948485,0
"Tomentypnum nitens\W|Tomentypnum nitens$",1042080,0
"Tomentypnum nitens\W|Tomentypnum nitens$",1042090,0
"Tomentypnum nitens\W|Tomentypnum nitens$",1361912,0
"Tomentypnum nitens\W|Tomentypnum nitens$",1041690,0
"Tomentypnum nitens\W|Tomentypnum nitens$",1146910,0
"Tomentypnum nitens\W|Tomentypnum nitens$",1344228,0
"Tomentypnum nitens\W|Tomentypnum nitens$",1344241,0
"Gymnomitrion corallioides\W|Gymnomitrion corallioides$",1041991,0
"Hedwigia ciliata\W|Hedwigia ciliata$",683348,0
"Hedwigia ciliata\W|Hedwigia ciliata$",683622,0
"Hedwigia ciliata\W|Hedwigia ciliata$",684217,0
"Hedwigia ciliata\W|Hedwigia ciliata$",835678,0
"Calliergon cordifolium\W|Calliergon cordifolium$",683960,0
"Calliergon cordifolium\W|Calliergon cordifolium$",683188,0
"Calliergon cordifolium\W|Calliergon cordifolium$",684916,0
"Calliergon cordifolium\W|Calliergon cordifolium$",1176983,0
"Calliergon cordifolium\W|Calliergon cordifolium$",1131907,0
"Polytrichastrum alpinum\W|Polytrichastrum alpinum$",687412,0
"Polytrichastrum alpinum\W|Polytrichastrum alpinum$",729675,0
"Polytrichastrum alpinum\W|Polytrichastrum alpinum$",849164,0
"Polytrichastrum alpinum\W|Polytrichastrum alpinum$",688961,0
"Polytrichastrum alpinum\W|Polytrichastrum alpinum$",899297,0
"Polytrichastrum alpinum\W|Polytrichastrum alpinum$",900073,0
"Polytrichum commune\W|Polytrichum commune$",683900,0
"Polytrichum commune\W|Polytrichum commune$",683437,0
"Polytrichum commune\W|Polytrichum commune$",683072,0
"Polytrichum commune\W|Polytrichum commune$",684436,0
"Polytrichum commune\W|Polytrichum commune$",684085,0
"Polytrichum commune\W|Polytrichum commune$",683648,0
"Polytrichum commune\W|Polytrichum commune$",683831,0
"Polytrichum commune\W|Polytrichum commune$",685487,0
"Polytrichum commune\W|Polytrichum commune$",686374,0
"Polytrichum commune\W|Polytrichum commune$",686910,0
"Polytrichum commune\W|Polytrichum commune$",685988,0
"Polytrichum commune\W|Polytrichum commune$",685368,0
"Polytrichum commune\W|Polytrichum commune$",686637,0
"Polytrichum commune\W|Polytrichum commune$",685731,0
"Polytrichum commune\W|Polytrichum commune$",685756,0
"Polytrichum commune\W|Polytrichum commune$",689731,0
"Polytrichum commune\W|Polytrichum commune$",689331,0
"Polytrichum commune\W|Polytrichum commune$",688660,0
"Polytrichum commune\W|Polytrichum commune$",688288,0
"Polytrichum commune\W|Polytrichum commune$",687414,0
"Polytrichum commune\W|Polytrichum commune$",688846,0
"Polytrichum commune\W|Polytrichum commune$",688110,0
"Polytrichum commune\W|Polytrichum commune$",688522,0
"Polytrichum commune\W|Polytrichum commune$",686982,0
"Polytrichum commune\W|Polytrichum commune$",683914,0
"Polytrichum commune\W|Polytrichum commune$",688827,0
"Polytrichum commune\W|Polytrichum commune$",685339,0
"Polytrichum commune\W|Polytrichum commune$",686595,0
"Polytrichum commune\W|Polytrichum commune$",800152,0
"Polytrichum commune\W|Polytrichum commune$",807522,0
"Polytrichum commune\W|Polytrichum commune$",800140,0
"Polytrichum commune\W|Polytrichum commune$",800158,0
"Polytrichum commune\W|Polytrichum commune$",800184,0
"Polytrichum commune\W|Polytrichum commune$",793432,0
"Polytrichum commune\W|Polytrichum commune$",899192,0
"Polytrichum commune\W|Polytrichum commune$",899125,0
"Polytrichum commune\W|Polytrichum commune$",933791,0
"Polytrichum commune\W|Polytrichum commune$",931854,0
"Polytrichum commune\W|Polytrichum commune$",933779,0
"Polytrichum commune\W|Polytrichum commune$",1150959,0
"Polytrichum commune\W|Polytrichum commune$",1150957,0
"Polytrichum commune\W|Polytrichum commune$",1131907,0
"Polytrichum commune\W|Polytrichum commune$",1159155,0
"Polytrichum commune\W|Polytrichum commune$",1150949,0
"Brachythecium laetum\W|Brachythecium laetum$",683622,0
"Bazzania nudicaulis\W|Bazzania nudicaulis$",683834,0
"Bazzania nudicaulis\W|Bazzania nudicaulis$",687447,0
"Plagiomnium affine\W|Plagiomnium affine$",686958,0
"Cheilolejeunea clypeata\W|Cheilolejeunea clypeata$",684346,0
"Philonotis fontana\W|Philonotis fontana$",689052,0
"Philonotis fontana\W|Philonotis fontana$",687808,0
"Philonotis fontana\W|Philonotis fontana$",728599,0
"Philonotis fontana\W|Philonotis fontana$",728627,0
"Philonotis fontana\W|Philonotis fontana$",685274,0
"Philonotis fontana\W|Philonotis fontana$",683904,0
"Philonotis fontana\W|Philonotis fontana$",728757,0
"Philonotis fontana\W|Philonotis fontana$",849164,0
"Philonotis fontana\W|Philonotis fontana$",856676,0
"Philonotis fontana\W|Philonotis fontana$",877425,0
"Philonotis fontana\W|Philonotis fontana$",899164,0
"Philonotis fontana\W|Philonotis fontana$",899301,0
"Philonotis fontana\W|Philonotis fontana$",900072,0
"Philonotis fontana\W|Philonotis fontana$",900073,0
"Philonotis fontana\W|Philonotis fontana$",899110,0
"Philonotis fontana\W|Philonotis fontana$",1041690,0
"Philonotis fontana\W|Philonotis fontana$",1299043,0
"Philonotis fontana\W|Philonotis fontana$",1344228,0
"Herbertus aduncus\W|Herbertus aduncus$",777931,0
"Syntrichia ruralis\W|Syntrichia ruralis$",1352336,0
"Rhytidium rugosum\W|Rhytidium rugosum$",683960,0
"Rhytidium rugosum\W|Rhytidium rugosum$",860477,0
"Rhytidium rugosum\W|Rhytidium rugosum$",899508,0
"Rhizomnium glabrescens\W|Rhizomnium glabrescens$",684376,0
"Rhizomnium glabrescens\W|Rhizomnium glabrescens$",788005,0
"Rhizomnium glabrescens\W|Rhizomnium glabrescens$",791945,0
"Rhizomnium glabrescens\W|Rhizomnium glabrescens$",787973,0
"Rhizomnium glabrescens\W|Rhizomnium glabrescens$",899662,0
"Pseudoleskea\W|Pseudoleskea$",899884,0
"Campylopodiella stenocarpa\W|Campylopodiella stenocarpa$",685182,0
"Campylopodiella stenocarpa\W|Campylopodiella stenocarpa$",899513,0
"Leptodontium excelsum\W|Leptodontium excelsum$",683834,0
"Leptodontium excelsum\W|Leptodontium excelsum$",687447,0
"Cephaloziella\W|Cephaloziella$",688728,0
"Grimmia laevigata\W|Grimmia laevigata$",684984,0
"Grimmia laevigata\W|Grimmia laevigata$",685143,0
"Grimmia laevigata\W|Grimmia laevigata$",689832,0
"Grimmia laevigata\W|Grimmia laevigata$",689765,0
"Grimmia laevigata\W|Grimmia laevigata$",802098,0
"Grimmia laevigata\W|Grimmia laevigata$",835678,0
"Grimmia laevigata\W|Grimmia laevigata$",877425,0
"Grimmia laevigata\W|Grimmia laevigata$",900012,0
"Porella\W|Porella$",835678,0
"Ptilium crista-castrensis\W|Ptilium crista-castrensis$",684967,0
"Ptilium crista-castrensis\W|Ptilium crista-castrensis$",860385,0
"Ptilium crista-castrensis\W|Ptilium crista-castrensis$",683077,0
"Ptilium crista-castrensis\W|Ptilium crista-castrensis$",683834,0
"Ptilium crista-castrensis\W|Ptilium crista-castrensis$",684253,0
"Ptilium crista-castrensis\W|Ptilium crista-castrensis$",687144,0
"Ptilium crista-castrensis\W|Ptilium crista-castrensis$",686037,0
"Ptilium crista-castrensis\W|Ptilium crista-castrensis$",687179,0
"Ptilium crista-castrensis\W|Ptilium crista-castrensis$",687447,0
"Ptilium crista-castrensis\W|Ptilium crista-castrensis$",687548,0
"Ptilium crista-castrensis\W|Ptilium crista-castrensis$",689885,0
"Ptilium crista-castrensis\W|Ptilium crista-castrensis$",683296,0
"Ptilium crista-castrensis\W|Ptilium crista-castrensis$",689577,0
"Ptilium crista-castrensis\W|Ptilium crista-castrensis$",742092,0
"Ptilium crista-castrensis\W|Ptilium crista-castrensis$",898964,0
"Ptilium crista-castrensis\W|Ptilium crista-castrensis$",898965,0
"Ptilium crista-castrensis\W|Ptilium crista-castrensis$",948696,0
"Amblystegium serpens\W|Amblystegium serpens$",684015,0
"Amblystegium serpens\W|Amblystegium serpens$",742073,0
"Drepanocladus aduncus\W|Drepanocladus aduncus$",690011,0
"Drepanocladus aduncus\W|Drepanocladus aduncus$",685066,0
"Drepanocladus aduncus\W|Drepanocladus aduncus$",688961,0
"Drepanocladus aduncus\W|Drepanocladus aduncus$",899657,0
"Drepanocladus aduncus\W|Drepanocladus aduncus$",1283084,0
"Cheilolejeunea\W|Cheilolejeunea$",684346,0
"Rhodobryum roseum\W|Rhodobryum roseum$",685146,0
"Hedwigia\W|Hedwigia$",683348,0
"Hedwigia\W|Hedwigia$",683622,0
"Hedwigia\W|Hedwigia$",684217,0
"Hedwigia\W|Hedwigia$",835678,0
"Scapania paludosa\W|Scapania paludosa$",894266,0
"Scapania paludosa\W|Scapania paludosa$",894262,0
"Marchantia polymorpha\W|Marchantia polymorpha$",688989,0
"Syrrhopodon\W|Syrrhopodon$",688038,0
"Ricciaceae\W|Ricciaceae$",900117,0
"Scorpidium scorpioides\W|Scorpidium scorpioides$",687808,0
"Scorpidium scorpioides\W|Scorpidium scorpioides$",689882,0
"Scorpidium scorpioides\W|Scorpidium scorpioides$",689508,0
"Scorpidium scorpioides\W|Scorpidium scorpioides$",1146920,0
"Scorpidium scorpioides\W|Scorpidium scorpioides$",683904,0
"Scorpidium scorpioides\W|Scorpidium scorpioides$",860745,0
"Scorpidium scorpioides\W|Scorpidium scorpioides$",893248,0
"Scorpidium scorpioides\W|Scorpidium scorpioides$",893245,0
"Scorpidium scorpioides\W|Scorpidium scorpioides$",948485,0
"Scorpidium scorpioides\W|Scorpidium scorpioides$",1361912,0
"Scorpidium scorpioides\W|Scorpidium scorpioides$",1041690,0
"Scorpidium scorpioides\W|Scorpidium scorpioides$",1344228,0
"Amphidium mougeotii\W|Amphidium mougeotii$",687412,0
"Rhabdoweisia crispata\W|Rhabdoweisia crispata$",685347,0
"Sphagnum flexuosum\W|Sphagnum flexuosum$",683072,0
"Sphagnum flexuosum\W|Sphagnum flexuosum$",688846,0
"Sphagnum flexuosum\W|Sphagnum flexuosum$",684727,0
"Sphagnum flexuosum\W|Sphagnum flexuosum$",768704,0
"Sphagnum flexuosum\W|Sphagnum flexuosum$",800167,0
"Sphagnum flexuosum\W|Sphagnum flexuosum$",800143,0
"Sphagnum warnstorfii\W|Sphagnum warnstorfii$",684789,0
"Sphagnum warnstorfii\W|Sphagnum warnstorfii$",687547,0
"Sphagnum warnstorfii\W|Sphagnum warnstorfii$",689508,0
"Sphagnum warnstorfii\W|Sphagnum warnstorfii$",683188,0
"Sphagnum warnstorfii\W|Sphagnum warnstorfii$",1146920,0
"Sphagnum warnstorfii\W|Sphagnum warnstorfii$",684727,0
"Sphagnum warnstorfii\W|Sphagnum warnstorfii$",685274,0
"Sphagnum warnstorfii\W|Sphagnum warnstorfii$",683904,0
"Sphagnum warnstorfii\W|Sphagnum warnstorfii$",836882,0
"Sphagnum warnstorfii\W|Sphagnum warnstorfii$",860526,0
"Sphagnum warnstorfii\W|Sphagnum warnstorfii$",893248,0
"Sphagnum warnstorfii\W|Sphagnum warnstorfii$",899505,0
"Sphagnum warnstorfii\W|Sphagnum warnstorfii$",959740,0
"Sphagnum warnstorfii\W|Sphagnum warnstorfii$",1176983,0
"Sphagnum warnstorfii\W|Sphagnum warnstorfii$",1361912,0
"Sphagnum warnstorfii\W|Sphagnum warnstorfii$",1299044,0
"Sphagnum girgensohnii\W|Sphagnum girgensohnii$",684832,0
"Sphagnum girgensohnii\W|Sphagnum girgensohnii$",685116,0
"Sphagnum girgensohnii\W|Sphagnum girgensohnii$",684571,0
"Sphagnum girgensohnii\W|Sphagnum girgensohnii$",683077,0
"Sphagnum girgensohnii\W|Sphagnum girgensohnii$",686958,0
"Sphagnum girgensohnii\W|Sphagnum girgensohnii$",686037,0
"Sphagnum girgensohnii\W|Sphagnum girgensohnii$",686852,0
"Sphagnum girgensohnii\W|Sphagnum girgensohnii$",688278,0
"Sphagnum girgensohnii\W|Sphagnum girgensohnii$",687398,0
"Sphagnum girgensohnii\W|Sphagnum girgensohnii$",688403,0
"Sphagnum girgensohnii\W|Sphagnum girgensohnii$",688437,0
"Sphagnum girgensohnii\W|Sphagnum girgensohnii$",686403,0
"Sphagnum girgensohnii\W|Sphagnum girgensohnii$",683857,0
"Sphagnum girgensohnii\W|Sphagnum girgensohnii$",683296,0
"Sphagnum girgensohnii\W|Sphagnum girgensohnii$",690011,0
"Sphagnum girgensohnii\W|Sphagnum girgensohnii$",683188,0
"Sphagnum girgensohnii\W|Sphagnum girgensohnii$",687799,0
"Sphagnum girgensohnii\W|Sphagnum girgensohnii$",768704,0
"Sphagnum girgensohnii\W|Sphagnum girgensohnii$",686898,0
"Sphagnum girgensohnii\W|Sphagnum girgensohnii$",800158,0
"Sphagnum girgensohnii\W|Sphagnum girgensohnii$",800143,0
"Sphagnum girgensohnii\W|Sphagnum girgensohnii$",800149,0
"Sphagnum girgensohnii\W|Sphagnum girgensohnii$",872765,0
"Sphagnum girgensohnii\W|Sphagnum girgensohnii$",898972,0
"Sphagnum girgensohnii\W|Sphagnum girgensohnii$",893248,0
"Sphagnum girgensohnii\W|Sphagnum girgensohnii$",899966,0
"Sphagnum girgensohnii\W|Sphagnum girgensohnii$",899541,0
"Sphagnum girgensohnii\W|Sphagnum girgensohnii$",899542,0
"Sphagnum girgensohnii\W|Sphagnum girgensohnii$",948696,0
"Sphagnum girgensohnii\W|Sphagnum girgensohnii$",948589,0
"Sphagnum girgensohnii\W|Sphagnum girgensohnii$",959740,0
"Sphagnum girgensohnii\W|Sphagnum girgensohnii$",1176993,0
"Tomentypnum\W|Tomentypnum$",683539,0
"Tomentypnum\W|Tomentypnum$",860279,0
"Tomentypnum\W|Tomentypnum$",687808,0
"Tomentypnum\W|Tomentypnum$",689882,0
"Tomentypnum\W|Tomentypnum$",689508,0
"Tomentypnum\W|Tomentypnum$",1146920,0
"Tomentypnum\W|Tomentypnum$",683904,0
"Tomentypnum\W|Tomentypnum$",856669,0
"Tomentypnum\W|Tomentypnum$",741266,0
"Tomentypnum\W|Tomentypnum$",860509,0
"Tomentypnum\W|Tomentypnum$",860512,0
"Tomentypnum\W|Tomentypnum$",860750,0
"Tomentypnum\W|Tomentypnum$",948485,0
"Tomentypnum\W|Tomentypnum$",1042080,0
"Tomentypnum\W|Tomentypnum$",1042090,0
"Tomentypnum\W|Tomentypnum$",1361912,0
"Tomentypnum\W|Tomentypnum$",1041690,0
"Tomentypnum\W|Tomentypnum$",1146910,0
"Tomentypnum\W|Tomentypnum$",1299044,0
"Tomentypnum\W|Tomentypnum$",1344228,0
"Tomentypnum\W|Tomentypnum$",1344241,0
"Myurella sibirica\W|Myurella sibirica$",687412,0
"Calliergon giganteum\W|Calliergon giganteum$",683188,0
"Calliergon giganteum\W|Calliergon giganteum$",685318,0
"Calliergon giganteum\W|Calliergon giganteum$",683904,0
"Gymnostomum\W|Gymnostomum$",687412,0
"Sphagnum macrophyllum\W|Sphagnum macrophyllum$",683247,0
"Sphagnum macrophyllum\W|Sphagnum macrophyllum$",686012,0
"Sphagnum macrophyllum\W|Sphagnum macrophyllum$",689553,0
"Bryhnia\W|Bryhnia$",685735,0
"Bryhnia\W|Bryhnia$",689899,0
"Bryhnia\W|Bryhnia$",688921,0
"Dicranum fuscescens\W|Dicranum fuscescens$",683349,0
"Dicranum fuscescens\W|Dicranum fuscescens$",683834,0
"Dicranum fuscescens\W|Dicranum fuscescens$",787600,0
"Dicranum fuscescens\W|Dicranum fuscescens$",898964,0
"Sarmentypnum sarmentosum\W|Sarmentypnum sarmentosum$",894266,0
"Sarmentypnum sarmentosum\W|Sarmentypnum sarmentosum$",894262,0
"Campylopus\W|Campylopus$",835678,0
"Lescuraea radicosa\W|Lescuraea radicosa$",899884,0
"Dichodontium pellucidum\W|Dichodontium pellucidum$",686958,0
"Pleurochaete luteola\W|Pleurochaete luteola$",686507,0
"Pleurochaete luteola\W|Pleurochaete luteola$",688370,0
"Pleurochaete luteola\W|Pleurochaete luteola$",687829,0
"Pleurochaete luteola\W|Pleurochaete luteola$",688844,0
"Polytrichum ohioense\W|Polytrichum ohioense$",683349,0
"Polytrichum ohioense\W|Polytrichum ohioense$",683072,0
"Polytrichum ohioense\W|Polytrichum ohioense$",687447,0
"Polytrichum ohioense\W|Polytrichum ohioense$",690048,0
"Polytrichum ohioense\W|Polytrichum ohioense$",877425,0
"Polytrichum ohioense\W|Polytrichum ohioense$",898964,0
"Polytrichum ohioense\W|Polytrichum ohioense$",898965,0
"Loeskeobryum\W|Loeskeobryum$",683622,0
"Loeskeobryum\W|Loeskeobryum$",688921,0
"Schistidium apocarpum\W|Schistidium apocarpum$",685143,0
"Schistidium apocarpum\W|Schistidium apocarpum$",900073,0
"Bazzania trilobata\W|Bazzania trilobata$",684832,0
"Bazzania trilobata\W|Bazzania trilobata$",685116,0
"Bazzania trilobata\W|Bazzania trilobata$",683349,0
"Bazzania trilobata\W|Bazzania trilobata$",683900,0
"Bazzania trilobata\W|Bazzania trilobata$",684346,0
"Bazzania trilobata\W|Bazzania trilobata$",860385,0
"Bazzania trilobata\W|Bazzania trilobata$",684571,0
"Bazzania trilobata\W|Bazzania trilobata$",683191,0
"Bazzania trilobata\W|Bazzania trilobata$",683834,0
"Bazzania trilobata\W|Bazzania trilobata$",686886,0
"Bazzania trilobata\W|Bazzania trilobata$",686709,0
"Bazzania trilobata\W|Bazzania trilobata$",685368,0
"Bazzania trilobata\W|Bazzania trilobata$",685788,0
"Bazzania trilobata\W|Bazzania trilobata$",689733,0
"Bazzania trilobata\W|Bazzania trilobata$",689331,0
"Bazzania trilobata\W|Bazzania trilobata$",687398,0
"Bazzania trilobata\W|Bazzania trilobata$",687548,0
"Bazzania trilobata\W|Bazzania trilobata$",688403,0
"Bazzania trilobata\W|Bazzania trilobata$",688522,0
"Bazzania trilobata\W|Bazzania trilobata$",689885,0
"Bazzania trilobata\W|Bazzania trilobata$",683857,0
"Bazzania trilobata\W|Bazzania trilobata$",686934,0
"Bazzania trilobata\W|Bazzania trilobata$",689577,0
"Bazzania trilobata\W|Bazzania trilobata$",683188,0
"Bazzania trilobata\W|Bazzania trilobata$",688921,0
"Bazzania trilobata\W|Bazzania trilobata$",685028,0
"Bazzania trilobata\W|Bazzania trilobata$",685562,0
"Bazzania trilobata\W|Bazzania trilobata$",688259,0
"Bazzania trilobata\W|Bazzania trilobata$",687799,0
"Bazzania trilobata\W|Bazzania trilobata$",800149,0
"Bazzania trilobata\W|Bazzania trilobata$",1207718,0
"Bazzania trilobata\W|Bazzania trilobata$",872650,0
"Bazzania trilobata\W|Bazzania trilobata$",884822,0
"Bazzania trilobata\W|Bazzania trilobata$",872683,0
"Bazzania trilobata\W|Bazzania trilobata$",898964,0
"Bazzania trilobata\W|Bazzania trilobata$",898965,0
"Bazzania trilobata\W|Bazzania trilobata$",899540,0
"Bazzania trilobata\W|Bazzania trilobata$",899541,0
"Bazzania trilobata\W|Bazzania trilobata$",899542,0
"Bazzania trilobata\W|Bazzania trilobata$",933911,0
"Bazzania trilobata\W|Bazzania trilobata$",933897,0
"Bazzania trilobata\W|Bazzania trilobata$",1207720,0
"Bazzania trilobata\W|Bazzania trilobata$",1150955,0
"Bazzania trilobata\W|Bazzania trilobata$",1150953,0
"Bazzania trilobata\W|Bazzania trilobata$",1159151,0
"Dicranum condensatum\W|Dicranum condensatum$",684217,0
"Dicranum condensatum\W|Dicranum condensatum$",688719,0
"Dicranum condensatum\W|Dicranum condensatum$",684985,0
"Pellia\W|Pellia$",686958,0
"Pellia\W|Pellia$",689899,0
"Pellia\W|Pellia$",791945,0
"Sphagnum magellanicum\W|Sphagnum magellanicum$",684165,0
"Sphagnum magellanicum\W|Sphagnum magellanicum$",685030,0
"Sphagnum magellanicum\W|Sphagnum magellanicum$",685148,0
"Sphagnum magellanicum\W|Sphagnum magellanicum$",683072,0
"Sphagnum magellanicum\W|Sphagnum magellanicum$",683077,0
"Sphagnum magellanicum\W|Sphagnum magellanicum$",684415,0
"Sphagnum magellanicum\W|Sphagnum magellanicum$",683137,0
"Sphagnum magellanicum\W|Sphagnum magellanicum$",684554,0
"Sphagnum magellanicum\W|Sphagnum magellanicum$",684085,0
"Sphagnum magellanicum\W|Sphagnum magellanicum$",686925,0
"Sphagnum magellanicum\W|Sphagnum magellanicum$",685525,0
"Sphagnum magellanicum\W|Sphagnum magellanicum$",686037,0
"Sphagnum magellanicum\W|Sphagnum magellanicum$",685409,0
"Sphagnum magellanicum\W|Sphagnum magellanicum$",686220,0
"Sphagnum magellanicum\W|Sphagnum magellanicum$",688617,0
"Sphagnum magellanicum\W|Sphagnum magellanicum$",688461,0
"Sphagnum magellanicum\W|Sphagnum magellanicum$",689442,0
"Sphagnum magellanicum\W|Sphagnum magellanicum$",686852,0
"Sphagnum magellanicum\W|Sphagnum magellanicum$",688278,0
"Sphagnum magellanicum\W|Sphagnum magellanicum$",688846,0
"Sphagnum magellanicum\W|Sphagnum magellanicum$",688058,0
"Sphagnum magellanicum\W|Sphagnum magellanicum$",688437,0
"Sphagnum magellanicum\W|Sphagnum magellanicum$",688511,0
"Sphagnum magellanicum\W|Sphagnum magellanicum$",684125,0
"Sphagnum magellanicum\W|Sphagnum magellanicum$",689867,0
"Sphagnum magellanicum\W|Sphagnum magellanicum$",690011,0
"Sphagnum magellanicum\W|Sphagnum magellanicum$",686048,0
"Sphagnum magellanicum\W|Sphagnum magellanicum$",686351,0
"Sphagnum magellanicum\W|Sphagnum magellanicum$",688211,0
"Sphagnum magellanicum\W|Sphagnum magellanicum$",683516,0
"Sphagnum magellanicum\W|Sphagnum magellanicum$",684553,0
"Sphagnum magellanicum\W|Sphagnum magellanicum$",684576,0
"Sphagnum magellanicum\W|Sphagnum magellanicum$",685339,0
"Sphagnum magellanicum\W|Sphagnum magellanicum$",687799,0
"Sphagnum magellanicum\W|Sphagnum magellanicum$",685752,0
"Sphagnum magellanicum\W|Sphagnum magellanicum$",688103,0
"Sphagnum magellanicum\W|Sphagnum magellanicum$",689513,0
"Sphagnum magellanicum\W|Sphagnum magellanicum$",736386,0
"Sphagnum magellanicum\W|Sphagnum magellanicum$",736389,0
"Sphagnum magellanicum\W|Sphagnum magellanicum$",686898,0
"Sphagnum magellanicum\W|Sphagnum magellanicum$",686954,0
"Sphagnum magellanicum\W|Sphagnum magellanicum$",800167,0
"Sphagnum magellanicum\W|Sphagnum magellanicum$",800184,0
"Sphagnum magellanicum\W|Sphagnum magellanicum$",800143,0
"Sphagnum magellanicum\W|Sphagnum magellanicum$",689146,0
"Sphagnum magellanicum\W|Sphagnum magellanicum$",898972,0
"Sphagnum magellanicum\W|Sphagnum magellanicum$",899410,0
"Sphagnum magellanicum\W|Sphagnum magellanicum$",899888,0
"Sphagnum magellanicum\W|Sphagnum magellanicum$",899497,0
"Sphagnum magellanicum\W|Sphagnum magellanicum$",899059,0
"Sphagnum magellanicum\W|Sphagnum magellanicum$",899571,0
"Sphagnum magellanicum\W|Sphagnum magellanicum$",899606,0
"Sphagnum magellanicum\W|Sphagnum magellanicum$",907535,0
"Sphagnum magellanicum\W|Sphagnum magellanicum$",948696,0
"Sphagnum magellanicum\W|Sphagnum magellanicum$",948485,0
"Sphagnum magellanicum\W|Sphagnum magellanicum$",948589,0
"Sphagnum magellanicum\W|Sphagnum magellanicum$",1179665,0
"Sphagnum magellanicum\W|Sphagnum magellanicum$",1146926,0
"Sphagnum magellanicum\W|Sphagnum magellanicum$",1131907,0
"Sphagnum magellanicum\W|Sphagnum magellanicum$",1159155,0
"Grimmia elatior\W|Grimmia elatior$",900073,0
"Gymnostomum aeruginosum\W|Gymnostomum aeruginosum$",687412,0
"Andreaea\W|Andreaea$",684346,0
"Andreaea\W|Andreaea$",685347,0
"Andreaea\W|Andreaea$",1041690,0
"Andreaea\W|Andreaea$",1344228,0
"Drepanocladus sordidus\W|Drepanocladus sordidus$",899657,0
"Mnium hornum\W|Mnium hornum$",689899,0
"Mnium hornum\W|Mnium hornum$",688921,0
"Tetraphis pellucida\W|Tetraphis pellucida$",684015,0
"Tetraphis pellucida\W|Tetraphis pellucida$",688522,0
"Nardia scalaris\W|Nardia scalaris$",687447,0
"Hylocomium splendens\W|Hylocomium splendens$",684062,0
"Hylocomium splendens\W|Hylocomium splendens$",860385,0
"Hylocomium splendens\W|Hylocomium splendens$",684376,0
"Hylocomium splendens\W|Hylocomium splendens$",860370,0
"Hylocomium splendens\W|Hylocomium splendens$",684079,0
"Hylocomium splendens\W|Hylocomium splendens$",683834,0
"Hylocomium splendens\W|Hylocomium splendens$",684253,0
"Hylocomium splendens\W|Hylocomium splendens$",686355,0
"Hylocomium splendens\W|Hylocomium splendens$",686886,0
"Hylocomium splendens\W|Hylocomium splendens$",686037,0
"Hylocomium splendens\W|Hylocomium splendens$",686709,0
"Hylocomium splendens\W|Hylocomium splendens$",686607,0
"Hylocomium splendens\W|Hylocomium splendens$",685368,0
"Hylocomium splendens\W|Hylocomium splendens$",686625,0
"Hylocomium splendens\W|Hylocomium splendens$",860279,0
"Hylocomium splendens\W|Hylocomium splendens$",687179,0
"Hylocomium splendens\W|Hylocomium splendens$",687447,0
"Hylocomium splendens\W|Hylocomium splendens$",687548,0
"Hylocomium splendens\W|Hylocomium splendens$",689885,0
"Hylocomium splendens\W|Hylocomium splendens$",688606,0
"Hylocomium splendens\W|Hylocomium splendens$",683296,0
"Hylocomium splendens\W|Hylocomium splendens$",689577,0
"Hylocomium splendens\W|Hylocomium splendens$",683188,0
"Hylocomium splendens\W|Hylocomium splendens$",1267571,0
"Hylocomium splendens\W|Hylocomium splendens$",688259,0
"Hylocomium splendens\W|Hylocomium splendens$",742092,0
"Hylocomium splendens\W|Hylocomium splendens$",777931,0
"Hylocomium splendens\W|Hylocomium splendens$",777940,0
"Hylocomium splendens\W|Hylocomium splendens$",842026,0
"Hylocomium splendens\W|Hylocomium splendens$",788005,0
"Hylocomium splendens\W|Hylocomium splendens$",791945,0
"Hylocomium splendens\W|Hylocomium splendens$",787981,0
"Hylocomium splendens\W|Hylocomium splendens$",787973,0
"Hylocomium splendens\W|Hylocomium splendens$",787600,0
"Hylocomium splendens\W|Hylocomium splendens$",787997,0
"Hylocomium splendens\W|Hylocomium splendens$",872650,0
"Hylocomium splendens\W|Hylocomium splendens$",860477,0
"Hylocomium splendens\W|Hylocomium splendens$",860496,0
"Hylocomium splendens\W|Hylocomium splendens$",860509,0
"Hylocomium splendens\W|Hylocomium splendens$",860512,0
"Hylocomium splendens\W|Hylocomium splendens$",860664,0
"Hylocomium splendens\W|Hylocomium splendens$",872765,0
"Hylocomium splendens\W|Hylocomium splendens$",860750,0
"Hylocomium splendens\W|Hylocomium splendens$",860809,0
"Hylocomium splendens\W|Hylocomium splendens$",860829,0
"Hylocomium splendens\W|Hylocomium splendens$",860882,0
"Hylocomium splendens\W|Hylocomium splendens$",898964,0
"Hylocomium splendens\W|Hylocomium splendens$",898965,0
"Hylocomium splendens\W|Hylocomium splendens$",948696,0
"Hylocomium splendens\W|Hylocomium splendens$",942428,0
"Hylocomium splendens\W|Hylocomium splendens$",1041047,0
"Hylocomium splendens\W|Hylocomium splendens$",1042070,0
"Hylocomium splendens\W|Hylocomium splendens$",1042080,0
"Hylocomium splendens\W|Hylocomium splendens$",1042125,0
"Hylocomium splendens\W|Hylocomium splendens$",1042090,0
"Hylocomium splendens\W|Hylocomium splendens$",1042115,0
"Hylocomium splendens\W|Hylocomium splendens$",1042120,0
"Hylocomium splendens\W|Hylocomium splendens$",1159151,0
"Hylocomium splendens\W|Hylocomium splendens$",1270115,0
"Hylocomium splendens\W|Hylocomium splendens$",1041062,0
"Hylocomium splendens\W|Hylocomium splendens$",1222853,0
"Hylocomium splendens\W|Hylocomium splendens$",899484,0
"Rhytidiopsis robusta\W|Rhytidiopsis robusta$",788005,0
"Rhytidiopsis robusta\W|Rhytidiopsis robusta$",787600,0
"Rhytidiopsis robusta\W|Rhytidiopsis robusta$",942428,0
"Diphyscium\W|Diphyscium$",688038,0
"Pleurochaete squarrosa\W|Pleurochaete squarrosa$",688370,0
"Pleurochaete squarrosa\W|Pleurochaete squarrosa$",687829,0
"Pleurochaete squarrosa\W|Pleurochaete squarrosa$",688844,0
"Pleurochaete squarrosa\W|Pleurochaete squarrosa$",899397,0
"Leucobryum albidum\W|Leucobryum albidum$",684346,0
"Leucobryum albidum\W|Leucobryum albidum$",689899,0
"Leucobryum albidum\W|Leucobryum albidum$",690048,0
"Leucobryum albidum\W|Leucobryum albidum$",688719,0
"Leucobryum albidum\W|Leucobryum albidum$",689294,0
"Leucobryum albidum\W|Leucobryum albidum$",835732,0
"Leucobryum albidum\W|Leucobryum albidum$",807522,0
"Leucobryum albidum\W|Leucobryum albidum$",685347,0
"Rhynchostegium serrulatum\W|Rhynchostegium serrulatum$",685735,0
"Plagiochila sullivantii\W|Plagiochila sullivantii$",686958,0
"Syntrichia\W|Syntrichia$",1352336,0
"Bryocrumia vivicolor\W|Bryocrumia vivicolor$",686958,0
"Dicranum spurium\W|Dicranum spurium$",688719,0
"Tetraphis\W|Tetraphis$",684015,0
"Tetraphis\W|Tetraphis$",688522,0
"Dichelyma uncinatum\W|Dichelyma uncinatum$",683991,0
"Pohlia obtusifolia\W|Pohlia obtusifolia$",689156,0
"Pohlia obtusifolia\W|Pohlia obtusifolia$",899297,0
"Plagiomnium cuspidatum\W|Plagiomnium cuspidatum$",683622,0
"Plagiomnium cuspidatum\W|Plagiomnium cuspidatum$",687144,0
"Plagiomnium cuspidatum\W|Plagiomnium cuspidatum$",687179,0
"Plagiomnium cuspidatum\W|Plagiomnium cuspidatum$",688675,0
"Climacium\W|Climacium$",685143,0
"Climacium\W|Climacium$",683622,0
"Climacium\W|Climacium$",687248,0
"Climacium\W|Climacium$",686507,0
"Climacium\W|Climacium$",684674,0
"Climacium\W|Climacium$",689251,0
"Climacium\W|Climacium$",687225,0
"Climacium\W|Climacium$",687808,0
"Climacium\W|Climacium$",688844,0
"Climacium\W|Climacium$",685094,0
"Climacium\W|Climacium$",730957,0
"Climacium\W|Climacium$",683995,0
"Climacium\W|Climacium$",684916,0
"Climacium\W|Climacium$",835678,0
"Climacium\W|Climacium$",877321,0
"Climacium\W|Climacium$",899397,0
"Climacium\W|Climacium$",899617,0
"Climacium\W|Climacium$",1093978,0
"Bazzania\W|Bazzania$",684832,0
"Bazzania\W|Bazzania$",685116,0
"Bazzania\W|Bazzania$",683349,0
"Bazzania\W|Bazzania$",683900,0
"Bazzania\W|Bazzania$",684346,0
"Bazzania\W|Bazzania$",860385,0
"Bazzania\W|Bazzania$",684571,0
"Bazzania\W|Bazzania$",683191,0
"Bazzania\W|Bazzania$",683834,0
"Bazzania\W|Bazzania$",686886,0
"Bazzania\W|Bazzania$",686958,0
"Bazzania\W|Bazzania$",686709,0
"Bazzania\W|Bazzania$",685368,0
"Bazzania\W|Bazzania$",685788,0
"Bazzania\W|Bazzania$",689733,0
"Bazzania\W|Bazzania$",689331,0
"Bazzania\W|Bazzania$",687447,0
"Bazzania\W|Bazzania$",687398,0
"Bazzania\W|Bazzania$",687548,0
"Bazzania\W|Bazzania$",688403,0
"Bazzania\W|Bazzania$",688522,0
"Bazzania\W|Bazzania$",689885,0
"Bazzania\W|Bazzania$",683857,0
"Bazzania\W|Bazzania$",686934,0
"Bazzania\W|Bazzania$",689577,0
"Bazzania\W|Bazzania$",683188,0
"Bazzania\W|Bazzania$",688921,0
"Bazzania\W|Bazzania$",685028,0
"Bazzania\W|Bazzania$",685562,0
"Bazzania\W|Bazzania$",688259,0
"Bazzania\W|Bazzania$",687799,0
"Bazzania\W|Bazzania$",777931,0
"Bazzania\W|Bazzania$",800149,0
"Bazzania\W|Bazzania$",1207718,0
"Bazzania\W|Bazzania$",872650,0
"Bazzania\W|Bazzania$",884822,0
"Bazzania\W|Bazzania$",872683,0
"Bazzania\W|Bazzania$",898964,0
"Bazzania\W|Bazzania$",898965,0
"Bazzania\W|Bazzania$",899540,0
"Bazzania\W|Bazzania$",899541,0
"Bazzania\W|Bazzania$",899542,0
"Bazzania\W|Bazzania$",933911,0
"Bazzania\W|Bazzania$",933897,0
"Bazzania\W|Bazzania$",1207720,0
"Bazzania\W|Bazzania$",1150955,0
"Bazzania\W|Bazzania$",1150953,0
"Bazzania\W|Bazzania$",1159151,0
"Dicranum polysetum\W|Dicranum polysetum$",684832,0
"Dicranum polysetum\W|Dicranum polysetum$",684967,0
"Dicranum polysetum\W|Dicranum polysetum$",683437,0
"Dicranum polysetum\W|Dicranum polysetum$",683077,0
"Dicranum polysetum\W|Dicranum polysetum$",684099,0
"Dicranum polysetum\W|Dicranum polysetum$",683517,0
"Dicranum polysetum\W|Dicranum polysetum$",684245,0
"Dicranum polysetum\W|Dicranum polysetum$",686533,0
"Dicranum polysetum\W|Dicranum polysetum$",685731,0
"Dicranum polysetum\W|Dicranum polysetum$",685740,0
"Dicranum polysetum\W|Dicranum polysetum$",685756,0
"Dicranum polysetum\W|Dicranum polysetum$",689094,0
"Dicranum polysetum\W|Dicranum polysetum$",688375,0
"Dicranum polysetum\W|Dicranum polysetum$",683296,0
"Dicranum polysetum\W|Dicranum polysetum$",683710,0
"Dicranum polysetum\W|Dicranum polysetum$",683584,0
"Dicranum polysetum\W|Dicranum polysetum$",684873,0
"Dicranum polysetum\W|Dicranum polysetum$",686595,0
"Dicranum polysetum\W|Dicranum polysetum$",892953,0
"Dicranum polysetum\W|Dicranum polysetum$",931854,0
"Dicranum polysetum\W|Dicranum polysetum$",948589,0
"Schistidium rivulare\W|Schistidium rivulare$",683806,0
"Sematophyllum\W|Sematophyllum$",835678,0
"Sphagnum imbricatum\W|Sphagnum imbricatum$",689442,0
"Sphagnum imbricatum\W|Sphagnum imbricatum$",689331,0
"Sphagnum imbricatum\W|Sphagnum imbricatum$",684727,0
"Sphagnum imbricatum\W|Sphagnum imbricatum$",899505,0
"Sphagnum imbricatum\W|Sphagnum imbricatum$",899507,0
"Sphagnum imbricatum\W|Sphagnum imbricatum$",899606,0
"Plagiothecium denticulatum\W|Plagiothecium denticulatum$",688921,0
"Dicranum scoparium\W|Dicranum scoparium$",683349,0
"Dicranum scoparium\W|Dicranum scoparium$",684346,0
"Dicranum scoparium\W|Dicranum scoparium$",683191,0
"Dicranum scoparium\W|Dicranum scoparium$",683834,0
"Dicranum scoparium\W|Dicranum scoparium$",686512,0
"Dicranum scoparium\W|Dicranum scoparium$",685368,0
"Dicranum scoparium\W|Dicranum scoparium$",689733,0
"Dicranum scoparium\W|Dicranum scoparium$",689430,0
"Dicranum scoparium\W|Dicranum scoparium$",689330,0
"Dicranum scoparium\W|Dicranum scoparium$",688193,0
"Dicranum scoparium\W|Dicranum scoparium$",686832,0
"Dicranum scoparium\W|Dicranum scoparium$",689885,0
"Dicranum scoparium\W|Dicranum scoparium$",686934,0
"Dicranum scoparium\W|Dicranum scoparium$",689899,0
"Dicranum scoparium\W|Dicranum scoparium$",684217,0
"Dicranum scoparium\W|Dicranum scoparium$",685028,0
"Dicranum scoparium\W|Dicranum scoparium$",688719,0
"Dicranum scoparium\W|Dicranum scoparium$",849141,0
"Dicranum scoparium\W|Dicranum scoparium$",835732,0
"Dicranum scoparium\W|Dicranum scoparium$",898964,0
"Dicranum scoparium\W|Dicranum scoparium$",932947,0
"Dicranum scoparium\W|Dicranum scoparium$",899484,0
"Leucolepis\W|Leucolepis$",787986,0
"Leucolepis\W|Leucolepis$",787976,0
"Leucolepis\W|Leucolepis$",787992,0
"Leucolepis\W|Leucolepis$",787997,0
"Leucolepis\W|Leucolepis$",1041514,0
"Sanionia uncinata\W|Sanionia uncinata$",687179,0
"Campylium chrysophyllum\W|Campylium chrysophyllum$",688921,0
"Grimmia\W|Grimmia$",684984,0
"Grimmia\W|Grimmia$",685143,0
"Grimmia\W|Grimmia$",689354,0
"Grimmia\W|Grimmia$",688720,0
"Grimmia\W|Grimmia$",689832,0
"Grimmia\W|Grimmia$",689765,0
"Grimmia\W|Grimmia$",684217,0
"Grimmia\W|Grimmia$",683584,0
"Grimmia\W|Grimmia$",835732,0
"Grimmia\W|Grimmia$",802098,0
"Grimmia\W|Grimmia$",835678,0
"Grimmia\W|Grimmia$",877425,0
"Grimmia\W|Grimmia$",860792,0
"Grimmia\W|Grimmia$",860807,0
"Grimmia\W|Grimmia$",900012,0
"Grimmia\W|Grimmia$",900073,0
"Sphagnum austinii\W|Sphagnum austinii$",856676,0
"Sphagnum austinii\W|Sphagnum austinii$",1299043,0
"Scapania nemorea\W|Scapania nemorea$",689913,0
"Sphagnum subsecundum\W|Sphagnum subsecundum$",683960,0
"Sphagnum subsecundum\W|Sphagnum subsecundum$",684727,0
"Sphagnum subsecundum\W|Sphagnum subsecundum$",684576,0
"Sphagnum subsecundum\W|Sphagnum subsecundum$",836882,0
"Sphagnum subsecundum\W|Sphagnum subsecundum$",860526,0
"Sphagnum subsecundum\W|Sphagnum subsecundum$",899508,0
"Fissidens adianthoides\W|Fissidens adianthoides$",683879,0
"Loeskeobryum brevirostre\W|Loeskeobryum brevirostre$",683622,0
"Loeskeobryum brevirostre\W|Loeskeobryum brevirostre$",688921,0
"Polytrichum strictum\W|Polytrichum strictum$",683072,0
"Polytrichum strictum\W|Polytrichum strictum$",684085,0
"Polytrichum strictum\W|Polytrichum strictum$",685409,0
"Polytrichum strictum\W|Polytrichum strictum$",688846,0
"Polytrichum strictum\W|Polytrichum strictum$",688259,0
"Polytrichum strictum\W|Polytrichum strictum$",800140,0
"Polytrichum strictum\W|Polytrichum strictum$",800158,0
"Polytrichum strictum\W|Polytrichum strictum$",800167,0
"Polytrichum strictum\W|Polytrichum strictum$",899888,0
"Polytrichum strictum\W|Polytrichum strictum$",1042070,0
"Polytrichum strictum\W|Polytrichum strictum$",1131907,0
"Polytrichum strictum\W|Polytrichum strictum$",1159155,0
"Polytrichum strictum\W|Polytrichum strictum$",899484,0
"Polytrichum strictum\W|Polytrichum strictum$",1344241,0
"Sphagnum angustifolium\W|Sphagnum angustifolium$",685030,0
"Sphagnum angustifolium\W|Sphagnum angustifolium$",683539,0
"Sphagnum angustifolium\W|Sphagnum angustifolium$",688617,0
"Sphagnum angustifolium\W|Sphagnum angustifolium$",686852,0
"Sphagnum angustifolium\W|Sphagnum angustifolium$",686403,0
"Sphagnum angustifolium\W|Sphagnum angustifolium$",684727,0
"Sphagnum angustifolium\W|Sphagnum angustifolium$",686908,0
"Sphagnum angustifolium\W|Sphagnum angustifolium$",684553,0
"Sphagnum angustifolium\W|Sphagnum angustifolium$",685752,0
"Sphagnum angustifolium\W|Sphagnum angustifolium$",689513,0
"Sphagnum angustifolium\W|Sphagnum angustifolium$",686898,0
"Sphagnum angustifolium\W|Sphagnum angustifolium$",686954,0
"Sphagnum angustifolium\W|Sphagnum angustifolium$",899888,0
"Sphagnum angustifolium\W|Sphagnum angustifolium$",899542,0
"Sphagnum angustifolium\W|Sphagnum angustifolium$",907535,0
"Sphagnum angustifolium\W|Sphagnum angustifolium$",948485,0
"Sphagnum angustifolium\W|Sphagnum angustifolium$",948589,0
"Sphagnum angustifolium\W|Sphagnum angustifolium$",1179665,0
"Sphagnum angustifolium\W|Sphagnum angustifolium$",1146926,0
"Sphagnum angustifolium\W|Sphagnum angustifolium$",1146910,0
"Sphagnum angustifolium\W|Sphagnum angustifolium$",1176993,0
"Pleurozium schreberi\W|Pleurozium schreberi$",684756,0
"Pleurozium schreberi\W|Pleurozium schreberi$",684832,0
"Pleurozium schreberi\W|Pleurozium schreberi$",684967,0
"Pleurozium schreberi\W|Pleurozium schreberi$",685116,0
"Pleurozium schreberi\W|Pleurozium schreberi$",683348,0
"Pleurozium schreberi\W|Pleurozium schreberi$",683349,0
"Pleurozium schreberi\W|Pleurozium schreberi$",860385,0
"Pleurozium schreberi\W|Pleurozium schreberi$",683437,0
"Pleurozium schreberi\W|Pleurozium schreberi$",683539,0
"Pleurozium schreberi\W|Pleurozium schreberi$",683077,0
"Pleurozium schreberi\W|Pleurozium schreberi$",684099,0
"Pleurozium schreberi\W|Pleurozium schreberi$",683517,0
"Pleurozium schreberi\W|Pleurozium schreberi$",684245,0
"Pleurozium schreberi\W|Pleurozium schreberi$",685487,0
"Pleurozium schreberi\W|Pleurozium schreberi$",686355,0
"Pleurozium schreberi\W|Pleurozium schreberi$",686925,0
"Pleurozium schreberi\W|Pleurozium schreberi$",686955,0
"Pleurozium schreberi\W|Pleurozium schreberi$",687791,0
"Pleurozium schreberi\W|Pleurozium schreberi$",687144,0
"Pleurozium schreberi\W|Pleurozium schreberi$",686464,0
"Pleurozium schreberi\W|Pleurozium schreberi$",686037,0
"Pleurozium schreberi\W|Pleurozium schreberi$",686125,0
"Pleurozium schreberi\W|Pleurozium schreberi$",686533,0
"Pleurozium schreberi\W|Pleurozium schreberi$",685740,0
"Pleurozium schreberi\W|Pleurozium schreberi$",860279,0
"Pleurozium schreberi\W|Pleurozium schreberi$",689094,0
"Pleurozium schreberi\W|Pleurozium schreberi$",689731,0
"Pleurozium schreberi\W|Pleurozium schreberi$",687179,0
"Pleurozium schreberi\W|Pleurozium schreberi$",686798,0
"Pleurozium schreberi\W|Pleurozium schreberi$",688278,0
"Pleurozium schreberi\W|Pleurozium schreberi$",688759,0
"Pleurozium schreberi\W|Pleurozium schreberi$",687398,0
"Pleurozium schreberi\W|Pleurozium schreberi$",687548,0
"Pleurozium schreberi\W|Pleurozium schreberi$",688375,0
"Pleurozium schreberi\W|Pleurozium schreberi$",688403,0
"Pleurozium schreberi\W|Pleurozium schreberi$",689885,0
"Pleurozium schreberi\W|Pleurozium schreberi$",689924,0
"Pleurozium schreberi\W|Pleurozium schreberi$",683296,0
"Pleurozium schreberi\W|Pleurozium schreberi$",689532,0
"Pleurozium schreberi\W|Pleurozium schreberi$",689577,0
"Pleurozium schreberi\W|Pleurozium schreberi$",683188,0
"Pleurozium schreberi\W|Pleurozium schreberi$",1267571,0
"Pleurozium schreberi\W|Pleurozium schreberi$",684258,0
"Pleurozium schreberi\W|Pleurozium schreberi$",683710,0
"Pleurozium schreberi\W|Pleurozium schreberi$",685970,0
"Pleurozium schreberi\W|Pleurozium schreberi$",688119,0
"Pleurozium schreberi\W|Pleurozium schreberi$",688259,0
"Pleurozium schreberi\W|Pleurozium schreberi$",684873,0
"Pleurozium schreberi\W|Pleurozium schreberi$",687799,0
"Pleurozium schreberi\W|Pleurozium schreberi$",742092,0
"Pleurozium schreberi\W|Pleurozium schreberi$",687178,0
"Pleurozium schreberi\W|Pleurozium schreberi$",686595,0
"Pleurozium schreberi\W|Pleurozium schreberi$",686898,0
"Pleurozium schreberi\W|Pleurozium schreberi$",787600,0
"Pleurozium schreberi\W|Pleurozium schreberi$",838549,0
"Pleurozium schreberi\W|Pleurozium schreberi$",1207718,0
"Pleurozium schreberi\W|Pleurozium schreberi$",872650,0
"Pleurozium schreberi\W|Pleurozium schreberi$",884822,0
"Pleurozium schreberi\W|Pleurozium schreberi$",860477,0
"Pleurozium schreberi\W|Pleurozium schreberi$",860496,0
"Pleurozium schreberi\W|Pleurozium schreberi$",860512,0
"Pleurozium schreberi\W|Pleurozium schreberi$",872683,0
"Pleurozium schreberi\W|Pleurozium schreberi$",860740,0
"Pleurozium schreberi\W|Pleurozium schreberi$",860750,0
"Pleurozium schreberi\W|Pleurozium schreberi$",860829,0
"Pleurozium schreberi\W|Pleurozium schreberi$",899362,0
"Pleurozium schreberi\W|Pleurozium schreberi$",899888,0
"Pleurozium schreberi\W|Pleurozium schreberi$",899889,0
"Pleurozium schreberi\W|Pleurozium schreberi$",899890,0
"Pleurozium schreberi\W|Pleurozium schreberi$",899892,0
"Pleurozium schreberi\W|Pleurozium schreberi$",899540,0
"Pleurozium schreberi\W|Pleurozium schreberi$",899542,0
"Pleurozium schreberi\W|Pleurozium schreberi$",892953,0
"Pleurozium schreberi\W|Pleurozium schreberi$",907535,0
"Pleurozium schreberi\W|Pleurozium schreberi$",948696,0
"Pleurozium schreberi\W|Pleurozium schreberi$",948485,0
"Pleurozium schreberi\W|Pleurozium schreberi$",948589,0
"Pleurozium schreberi\W|Pleurozium schreberi$",1207720,0
"Pleurozium schreberi\W|Pleurozium schreberi$",1041047,0
"Pleurozium schreberi\W|Pleurozium schreberi$",1179665,0
"Pleurozium schreberi\W|Pleurozium schreberi$",1150955,0
"Pleurozium schreberi\W|Pleurozium schreberi$",1150953,0
"Pleurozium schreberi\W|Pleurozium schreberi$",1146910,0
"Pleurozium schreberi\W|Pleurozium schreberi$",1270115,0
"Pleurozium schreberi\W|Pleurozium schreberi$",1041062,0
"Pleurozium schreberi\W|Pleurozium schreberi$",899484,0
"Pleurozium schreberi\W|Pleurozium schreberi$",1159087,0
"Dicranum undulatum\W|Dicranum undulatum$",683517,0
"Dicranum undulatum\W|Dicranum undulatum$",686533,0
"Dicranum undulatum\W|Dicranum undulatum$",685818,0
"Dicranum undulatum\W|Dicranum undulatum$",899888,0
"Ptilidium ciliare\W|Ptilidium ciliare$",683584,0
"Ptilidium ciliare\W|Ptilidium ciliare$",1344241,0
"Pseudotaxiphyllum\W|Pseudotaxiphyllum$",686958,0
"Gymnomitrion\W|Gymnomitrion$",1041991,0
"Rhytidiadelphus squarrosus\W|Rhytidiadelphus squarrosus$",686607,0
"Rhytidiadelphus squarrosus\W|Rhytidiadelphus squarrosus$",685666,0
"Rhytidiadelphus squarrosus\W|Rhytidiadelphus squarrosus$",683188,0
"Rhytidiadelphus loreus\W|Rhytidiadelphus loreus$",684062,0
"Rhytidiadelphus loreus\W|Rhytidiadelphus loreus$",684376,0
"Rhytidiadelphus loreus\W|Rhytidiadelphus loreus$",684079,0
"Rhytidiadelphus loreus\W|Rhytidiadelphus loreus$",686607,0
"Rhytidiadelphus loreus\W|Rhytidiadelphus loreus$",686625,0
"Rhytidiadelphus loreus\W|Rhytidiadelphus loreus$",777931,0
"Rhytidiadelphus loreus\W|Rhytidiadelphus loreus$",777940,0
"Rhytidiadelphus loreus\W|Rhytidiadelphus loreus$",788005,0
"Rhytidiadelphus loreus\W|Rhytidiadelphus loreus$",791945,0
"Rhytidiadelphus loreus\W|Rhytidiadelphus loreus$",787973,0
"Rhytidiadelphus loreus\W|Rhytidiadelphus loreus$",787600,0
"Rhytidiadelphus loreus\W|Rhytidiadelphus loreus$",899662,0
"Warnstorfia\W|Warnstorfia$",683648,0
"Warnstorfia\W|Warnstorfia$",685066,0
"Warnstorfia\W|Warnstorfia$",685274,0
"Warnstorfia\W|Warnstorfia$",856669,0
"Warnstorfia\W|Warnstorfia$",1299044,0
"Brachydontium trichodes\W|Brachydontium trichodes$",687447,0
"Fissidens\W|Fissidens$",683879,0
"Fissidens\W|Fissidens$",686958,0
"Fissidens\W|Fissidens$",688193,0
"Fissidens\W|Fissidens$",687924,0
"Fissidens\W|Fissidens$",683486,0
"Fissidens\W|Fissidens$",835678,0
"Fissidens\W|Fissidens$",878628,0
"Fontinalis antipyretica\W|Fontinalis antipyretica$",683648,0
"Fontinalis antipyretica\W|Fontinalis antipyretica$",860576,0
"Fontinalis antipyretica\W|Fontinalis antipyretica$",899216,0
"Fontinalis antipyretica\W|Fontinalis antipyretica$",894266,0
"Fontinalis antipyretica\W|Fontinalis antipyretica$",894262,0
"Campylopus tallulensis\W|Campylopus tallulensis$",835678,0
"Radula\W|Radula$",686958,0
"Odontoschisma\W|Odontoschisma$",689070,0
"Ptilidium pulcherrimum\W|Ptilidium pulcherrimum$",688522,0
"Ptilidium pulcherrimum\W|Ptilidium pulcherrimum$",688376,0
"Aulacomnium acuminatum\W|Aulacomnium acuminatum$",687913,0
"Aulacomnium acuminatum\W|Aulacomnium acuminatum$",1344241,0
"Leucobryum\W|Leucobryum$",684832,0
"Leucobryum\W|Leucobryum$",684346,0
"Leucobryum\W|Leucobryum$",683437,0
"Leucobryum\W|Leucobryum$",684099,0
"Leucobryum\W|Leucobryum$",683191,0
"Leucobryum\W|Leucobryum$",683622,0
"Leucobryum\W|Leucobryum$",686355,0
"Leucobryum\W|Leucobryum$",687798,0
"Leucobryum\W|Leucobryum$",686464,0
"Leucobryum\W|Leucobryum$",686512,0
"Leucobryum\W|Leucobryum$",685368,0
"Leucobryum\W|Leucobryum$",688348,0
"Leucobryum\W|Leucobryum$",688482,0
"Leucobryum\W|Leucobryum$",689731,0
"Leucobryum\W|Leucobryum$",688606,0
"Leucobryum\W|Leucobryum$",686934,0
"Leucobryum\W|Leucobryum$",686982,0
"Leucobryum\W|Leucobryum$",687809,0
"Leucobryum\W|Leucobryum$",689899,0
"Leucobryum\W|Leucobryum$",690048,0
"Leucobryum\W|Leucobryum$",684217,0
"Leucobryum\W|Leucobryum$",688827,0
"Leucobryum\W|Leucobryum$",688921,0
"Leucobryum\W|Leucobryum$",685028,0
"Leucobryum\W|Leucobryum$",685562,0
"Leucobryum\W|Leucobryum$",688628,0
"Leucobryum\W|Leucobryum$",688719,0
"Leucobryum\W|Leucobryum$",685818,0
"Leucobryum\W|Leucobryum$",689294,0
"Leucobryum\W|Leucobryum$",835732,0
"Leucobryum\W|Leucobryum$",807522,0
"Leucobryum\W|Leucobryum$",800140,0
"Leucobryum\W|Leucobryum$",800146,0
"Leucobryum\W|Leucobryum$",685347,0
"Leucobryum\W|Leucobryum$",836338,0
"Leucobryum\W|Leucobryum$",933817,0
"Leucobryum\W|Leucobryum$",933791,0
"Leucobryum\W|Leucobryum$",933779,0
"Leucobryum\W|Leucobryum$",933803,0
"Leucobryum\W|Leucobryum$",1225019,0
"Leucobryum\W|Leucobryum$",899484,0
"Racomitrium\W|Racomitrium$",683562,0
"Racomitrium\W|Racomitrium$",860408,0
"Racomitrium\W|Racomitrium$",685627,0
"Racomitrium\W|Racomitrium$",686676,0
"Racomitrium\W|Racomitrium$",860340,0
"Racomitrium\W|Racomitrium$",849141,0
"Racomitrium\W|Racomitrium$",849179,0
"Racomitrium\W|Racomitrium$",849275,0
"Racomitrium\W|Racomitrium$",860492,0
"Racomitrium\W|Racomitrium$",860511,0
"Racomitrium\W|Racomitrium$",860574,0
"Racomitrium\W|Racomitrium$",860619,0
"Racomitrium\W|Racomitrium$",860751,0
"Racomitrium\W|Racomitrium$",860792,0
"Racomitrium\W|Racomitrium$",860807,0
"Racomitrium\W|Racomitrium$",899665,0
"Racomitrium\W|Racomitrium$",899791,0
"Racomitrium\W|Racomitrium$",899839,0
"Racomitrium\W|Racomitrium$",900054,0
"Racomitrium\W|Racomitrium$",900073,0
"Racomitrium\W|Racomitrium$",932947,0
"Racomitrium\W|Racomitrium$",1222795,0
"Racomitrium\W|Racomitrium$",1222803,0
"Racomitrium\W|Racomitrium$",1222805,0
"Racomitrium\W|Racomitrium$",1041594,0
"Racomitrium\W|Racomitrium$",1042040,0
"Racomitrium\W|Racomitrium$",1042030,0
"Racomitrium\W|Racomitrium$",1041615,0
"Racomitrium\W|Racomitrium$",1159091,0
"Racomitrium\W|Racomitrium$",1222787,0
"Racomitrium\W|Racomitrium$",1222773,0
"Racomitrium\W|Racomitrium$",1299043,0
"Racomitrium\W|Racomitrium$",1041991,0
"Racomitrium\W|Racomitrium$",1222841,0
"Conocephalum\W|Conocephalum$",683093,0
"Conocephalum\W|Conocephalum$",686958,0
"Conocephalum\W|Conocephalum$",686196,0
"Conocephalum\W|Conocephalum$",685695,0
"Conocephalum\W|Conocephalum$",683695,0
"Conocephalum\W|Conocephalum$",905014,0
"Hylocomiastrum umbratum\W|Hylocomiastrum umbratum$",684253,0
"Hylocomiastrum umbratum\W|Hylocomiastrum umbratum$",898964,0
"Riccia\W|Riccia$",683538,0
"Riccia\W|Riccia$",877402,0
"Riccia\W|Riccia$",899170,0
"Riccia\W|Riccia$",899738,0
"Riccia\W|Riccia$",900117,0
"Riccia\W|Riccia$",894143,0
"Riccia\W|Riccia$",949675,0
"Riccia\W|Riccia$",934901,0
"Fissidens dubius\W|Fissidens dubius$",687924,0
"Flexitrichum flexicaule\W|Flexitrichum flexicaule$",860574,0
"Flexitrichum flexicaule\W|Flexitrichum flexicaule$",1041615,0
"Fontinalis\W|Fontinalis$",683648,0
"Fontinalis\W|Fontinalis$",685988,0
"Fontinalis\W|Fontinalis$",860576,0
"Fontinalis\W|Fontinalis$",899216,0
"Fontinalis\W|Fontinalis$",894266,0
"Fontinalis\W|Fontinalis$",894262,0
"Atractylocarpus\W|Atractylocarpus$",685182,0
"Atractylocarpus\W|Atractylocarpus$",899513,0
"Sphagnum\W|Sphagnum$",684062,0
"Sphagnum\W|Sphagnum$",684135,0
"Sphagnum\W|Sphagnum$",684165,0
"Sphagnum\W|Sphagnum$",684789,0
"Sphagnum\W|Sphagnum$",684821,0
"Sphagnum\W|Sphagnum$",684832,0
"Sphagnum\W|Sphagnum$",684834,0
"Sphagnum\W|Sphagnum$",685006,0
"Sphagnum\W|Sphagnum$",685030,0
"Sphagnum\W|Sphagnum$",685116,0
"Sphagnum\W|Sphagnum$",685143,0
"Sphagnum\W|Sphagnum$",685148,0
"Sphagnum\W|Sphagnum$",683879,0
"Sphagnum\W|Sphagnum$",683896,0
"Sphagnum\W|Sphagnum$",683900,0
"Sphagnum\W|Sphagnum$",683901,0
"Sphagnum\W|Sphagnum$",683412,0
"Sphagnum\W|Sphagnum$",683415,0
"Sphagnum\W|Sphagnum$",683443,0
"Sphagnum\W|Sphagnum$",683539,0
"Sphagnum\W|Sphagnum$",684571,0
"Sphagnum\W|Sphagnum$",684587,0
"Sphagnum\W|Sphagnum$",684588,0
"Sphagnum\W|Sphagnum$",683458,0
"Sphagnum\W|Sphagnum$",683587,0
"Sphagnum\W|Sphagnum$",684401,0
"Sphagnum\W|Sphagnum$",683072,0
"Sphagnum\W|Sphagnum$",683077,0
"Sphagnum\W|Sphagnum$",683091,0
"Sphagnum\W|Sphagnum$",684415,0
"Sphagnum\W|Sphagnum$",683137,0
"Sphagnum\W|Sphagnum$",684554,0
"Sphagnum\W|Sphagnum$",684079,0
"Sphagnum\W|Sphagnum$",684085,0
"Sphagnum\W|Sphagnum$",684483,0
"Sphagnum\W|Sphagnum$",683170,0
"Sphagnum\W|Sphagnum$",684119,0
"Sphagnum\W|Sphagnum$",684492,0
"Sphagnum\W|Sphagnum$",684512,0
"Sphagnum\W|Sphagnum$",684514,0
"Sphagnum\W|Sphagnum$",683613,0
"Sphagnum\W|Sphagnum$",683805,0
"Sphagnum\W|Sphagnum$",683648,0
"Sphagnum\W|Sphagnum$",683826,0
"Sphagnum\W|Sphagnum$",683831,0
"Sphagnum\W|Sphagnum$",684612,0
"Sphagnum\W|Sphagnum$",684249,0
"Sphagnum\W|Sphagnum$",685487,0
"Sphagnum\W|Sphagnum$",686910,0
"Sphagnum\W|Sphagnum$",686925,0
"Sphagnum\W|Sphagnum$",686945,0
"Sphagnum\W|Sphagnum$",686958,0
"Sphagnum\W|Sphagnum$",687008,0
"Sphagnum\W|Sphagnum$",687248,0
"Sphagnum\W|Sphagnum$",687806,0
"Sphagnum\W|Sphagnum$",685565,0
"Sphagnum\W|Sphagnum$",685525,0
"Sphagnum\W|Sphagnum$",685988,0
"Sphagnum\W|Sphagnum$",686037,0
"Sphagnum\W|Sphagnum$",686123,0
"Sphagnum\W|Sphagnum$",686554,0
"Sphagnum\W|Sphagnum$",686555,0
"Sphagnum\W|Sphagnum$",686709,0
"Sphagnum\W|Sphagnum$",686721,0
"Sphagnum\W|Sphagnum$",684726,0
"Sphagnum\W|Sphagnum$",686617,0
"Sphagnum\W|Sphagnum$",684733,0
"Sphagnum\W|Sphagnum$",684747,0
"Sphagnum\W|Sphagnum$",685208,0
"Sphagnum\W|Sphagnum$",687102,0
"Sphagnum\W|Sphagnum$",685247,0
"Sphagnum\W|Sphagnum$",685713,0
"Sphagnum\W|Sphagnum$",686626,0
"Sphagnum\W|Sphagnum$",686637,0
"Sphagnum\W|Sphagnum$",685739,0
"Sphagnum\W|Sphagnum$",685755,0
"Sphagnum\W|Sphagnum$",685409,0
"Sphagnum\W|Sphagnum$",685788,0
"Sphagnum\W|Sphagnum$",686220,0
"Sphagnum\W|Sphagnum$",685906,0
"Sphagnum\W|Sphagnum$",860279,0
"Sphagnum\W|Sphagnum$",686282,0
"Sphagnum\W|Sphagnum$",685667,0
"Sphagnum\W|Sphagnum$",688613,0
"Sphagnum\W|Sphagnum$",688617,0
"Sphagnum\W|Sphagnum$",688625,0
"Sphagnum\W|Sphagnum$",688461,0
"Sphagnum\W|Sphagnum$",688474,0
"Sphagnum\W|Sphagnum$",689060,0
"Sphagnum\W|Sphagnum$",689089,0
"Sphagnum\W|Sphagnum$",689094,0
"Sphagnum\W|Sphagnum$",689119,0
"Sphagnum\W|Sphagnum$",689433,0
"Sphagnum\W|Sphagnum$",689442,0
"Sphagnum\W|Sphagnum$",689331,0
"Sphagnum\W|Sphagnum$",687179,0
"Sphagnum\W|Sphagnum$",688660,0
"Sphagnum\W|Sphagnum$",688673,0
"Sphagnum\W|Sphagnum$",688675,0
"Sphagnum\W|Sphagnum$",689133,0
"Sphagnum\W|Sphagnum$",686762,0
"Sphagnum\W|Sphagnum$",686788,0
"Sphagnum\W|Sphagnum$",688193,0
"Sphagnum\W|Sphagnum$",687297,0
"Sphagnum\W|Sphagnum$",688229,0
"Sphagnum\W|Sphagnum$",688232,0
"Sphagnum\W|Sphagnum$",686852,0
"Sphagnum\W|Sphagnum$",686868,0
"Sphagnum\W|Sphagnum$",688268,0
"Sphagnum\W|Sphagnum$",688278,0
"Sphagnum\W|Sphagnum$",688288,0
"Sphagnum\W|Sphagnum$",688728,0
"Sphagnum\W|Sphagnum$",687424,0
"Sphagnum\W|Sphagnum$",687447,0
"Sphagnum\W|Sphagnum$",687810,0
"Sphagnum\W|Sphagnum$",687457,0
"Sphagnum\W|Sphagnum$",687398,0
"Sphagnum\W|Sphagnum$",688792,0
"Sphagnum\W|Sphagnum$",688845,0
"Sphagnum\W|Sphagnum$",688846,0
"Sphagnum\W|Sphagnum$",687547,0
"Sphagnum\W|Sphagnum$",687548,0
"Sphagnum\W|Sphagnum$",688003,0
"Sphagnum\W|Sphagnum$",688018,0
"Sphagnum\W|Sphagnum$",688088,0
"Sphagnum\W|Sphagnum$",688091,0
"Sphagnum\W|Sphagnum$",688058,0
"Sphagnum\W|Sphagnum$",688403,0
"Sphagnum\W|Sphagnum$",688107,0
"Sphagnum\W|Sphagnum$",688110,0
"Sphagnum\W|Sphagnum$",688068,0
"Sphagnum\W|Sphagnum$",688433,0
"Sphagnum\W|Sphagnum$",688437,0
"Sphagnum\W|Sphagnum$",689833,0
"Sphagnum\W|Sphagnum$",684360,0
"Sphagnum\W|Sphagnum$",689926,0
"Sphagnum\W|Sphagnum$",686403,0
"Sphagnum\W|Sphagnum$",688511,0
"Sphagnum\W|Sphagnum$",683752,0
"Sphagnum\W|Sphagnum$",683857,0
"Sphagnum\W|Sphagnum$",684125,0
"Sphagnum\W|Sphagnum$",686947,0
"Sphagnum\W|Sphagnum$",683960,0
"Sphagnum\W|Sphagnum$",689412,0
"Sphagnum\W|Sphagnum$",689867,0
"Sphagnum\W|Sphagnum$",689877,0
"Sphagnum\W|Sphagnum$",688908,0
"Sphagnum\W|Sphagnum$",689896,0
"Sphagnum\W|Sphagnum$",683247,0
"Sphagnum\W|Sphagnum$",688948,0
"Sphagnum\W|Sphagnum$",689913,0
"Sphagnum\W|Sphagnum$",683296,0
"Sphagnum\W|Sphagnum$",689490,0
"Sphagnum\W|Sphagnum$",689508,0
"Sphagnum\W|Sphagnum$",689612,0
"Sphagnum\W|Sphagnum$",689536,0
"Sphagnum\W|Sphagnum$",690011,0
"Sphagnum\W|Sphagnum$",690042,0
"Sphagnum\W|Sphagnum$",683188,0
"Sphagnum\W|Sphagnum$",1146920,0
"Sphagnum\W|Sphagnum$",689957,0
"Sphagnum\W|Sphagnum$",689976,0
"Sphagnum\W|Sphagnum$",686012,0
"Sphagnum\W|Sphagnum$",686048,0
"Sphagnum\W|Sphagnum$",688452,0
"Sphagnum\W|Sphagnum$",686351,0
"Sphagnum\W|Sphagnum$",683580,0
"Sphagnum\W|Sphagnum$",690021,0
"Sphagnum\W|Sphagnum$",687402,0
"Sphagnum\W|Sphagnum$",684693,0
"Sphagnum\W|Sphagnum$",688436,0
"Sphagnum\W|Sphagnum$",684727,0
"Sphagnum\W|Sphagnum$",688851,0
"Sphagnum\W|Sphagnum$",686908,0
"Sphagnum\W|Sphagnum$",685452,0
"Sphagnum\W|Sphagnum$",685562,0
"Sphagnum\W|Sphagnum$",685066,0
"Sphagnum\W|Sphagnum$",685094,0
"Sphagnum\W|Sphagnum$",685099,0
"Sphagnum\W|Sphagnum$",683407,0
"Sphagnum\W|Sphagnum$",689714,0
"Sphagnum\W|Sphagnum$",689827,0
"Sphagnum\W|Sphagnum$",688211,0
"Sphagnum\W|Sphagnum$",689030,0
"Sphagnum\W|Sphagnum$",689070,0
"Sphagnum\W|Sphagnum$",688628,0
"Sphagnum\W|Sphagnum$",685274,0
"Sphagnum\W|Sphagnum$",683516,0
"Sphagnum\W|Sphagnum$",684504,0
"Sphagnum\W|Sphagnum$",684553,0
"Sphagnum\W|Sphagnum$",684576,0
"Sphagnum\W|Sphagnum$",688259,0
"Sphagnum\W|Sphagnum$",721861,0
"Sphagnum\W|Sphagnum$",721939,0
"Sphagnum\W|Sphagnum$",688336,0
"Sphagnum\W|Sphagnum$",686297,0
"Sphagnum\W|Sphagnum$",686719,0
"Sphagnum\W|Sphagnum$",685339,0
"Sphagnum\W|Sphagnum$",684585,0
"Sphagnum\W|Sphagnum$",684699,0
"Sphagnum\W|Sphagnum$",687799,0
"Sphagnum\W|Sphagnum$",687282,0
"Sphagnum\W|Sphagnum$",689336,0
"Sphagnum\W|Sphagnum$",685752,0
"Sphagnum\W|Sphagnum$",685057,0
"Sphagnum\W|Sphagnum$",768704,0
"Sphagnum\W|Sphagnum$",683438,0
"Sphagnum\W|Sphagnum$",684410,0
"Sphagnum\W|Sphagnum$",687359,0
"Sphagnum\W|Sphagnum$",730957,0
"Sphagnum\W|Sphagnum$",731252,0
"Sphagnum\W|Sphagnum$",731316,0
"Sphagnum\W|Sphagnum$",683768,0
"Sphagnum\W|Sphagnum$",684537,0
"Sphagnum\W|Sphagnum$",688103,0
"Sphagnum\W|Sphagnum$",683092,0
"Sphagnum\W|Sphagnum$",689553,0
"Sphagnum\W|Sphagnum$",689513,0
"Sphagnum\W|Sphagnum$",683904,0
"Sphagnum\W|Sphagnum$",684012,0
"Sphagnum\W|Sphagnum$",777931,0
"Sphagnum\W|Sphagnum$",736386,0
"Sphagnum\W|Sphagnum$",736389,0
"Sphagnum\W|Sphagnum$",736392,0
"Sphagnum\W|Sphagnum$",686898,0
"Sphagnum\W|Sphagnum$",686954,0
"Sphagnum\W|Sphagnum$",687038,0
"Sphagnum\W|Sphagnum$",800152,0
"Sphagnum\W|Sphagnum$",833244,0
"Sphagnum\W|Sphagnum$",849275,0
"Sphagnum\W|Sphagnum$",856669,0
"Sphagnum\W|Sphagnum$",856676,0
"Sphagnum\W|Sphagnum$",856688,0
"Sphagnum\W|Sphagnum$",856875,0
"Sphagnum\W|Sphagnum$",857208,0
"Sphagnum\W|Sphagnum$",836760,0
"Sphagnum\W|Sphagnum$",836772,0
"Sphagnum\W|Sphagnum$",836882,0
"Sphagnum\W|Sphagnum$",688884,0
"Sphagnum\W|Sphagnum$",741266,0
"Sphagnum\W|Sphagnum$",689222,0
"Sphagnum\W|Sphagnum$",800140,0
"Sphagnum\W|Sphagnum$",800155,0
"Sphagnum\W|Sphagnum$",800158,0
"Sphagnum\W|Sphagnum$",800167,0
"Sphagnum\W|Sphagnum$",800184,0
"Sphagnum\W|Sphagnum$",822041,0
"Sphagnum\W|Sphagnum$",685203,0
"Sphagnum\W|Sphagnum$",793432,0
"Sphagnum\W|Sphagnum$",800143,0
"Sphagnum\W|Sphagnum$",800146,0
"Sphagnum\W|Sphagnum$",800149,0
"Sphagnum\W|Sphagnum$",688968,0
"Sphagnum\W|Sphagnum$",689039,0
"Sphagnum\W|Sphagnum$",838797,0
"Sphagnum\W|Sphagnum$",836976,0
"Sphagnum\W|Sphagnum$",689146,0
"Sphagnum\W|Sphagnum$",871069,0
"Sphagnum\W|Sphagnum$",874264,0
"Sphagnum\W|Sphagnum$",877319,0
"Sphagnum\W|Sphagnum$",887169,0
"Sphagnum\W|Sphagnum$",858389,0
"Sphagnum\W|Sphagnum$",860512,0
"Sphagnum\W|Sphagnum$",860526,0
"Sphagnum\W|Sphagnum$",866515,0
"Sphagnum\W|Sphagnum$",870954,0
"Sphagnum\W|Sphagnum$",860664,0
"Sphagnum\W|Sphagnum$",858623,0
"Sphagnum\W|Sphagnum$",860697,0
"Sphagnum\W|Sphagnum$",872765,0
"Sphagnum\W|Sphagnum$",877402,0
"Sphagnum\W|Sphagnum$",860745,0
"Sphagnum\W|Sphagnum$",860750,0
"Sphagnum\W|Sphagnum$",860751,0
"Sphagnum\W|Sphagnum$",868660,0
"Sphagnum\W|Sphagnum$",860829,0
"Sphagnum\W|Sphagnum$",899653,0
"Sphagnum\W|Sphagnum$",899693,0
"Sphagnum\W|Sphagnum$",899695,0
"Sphagnum\W|Sphagnum$",899709,0
"Sphagnum\W|Sphagnum$",899738,0
"Sphagnum\W|Sphagnum$",899807,0
"Sphagnum\W|Sphagnum$",898957,0
"Sphagnum\W|Sphagnum$",898958,0
"Sphagnum\W|Sphagnum$",898965,0
"Sphagnum\W|Sphagnum$",898971,0
"Sphagnum\W|Sphagnum$",898972,0
"Sphagnum\W|Sphagnum$",899410,0
"Sphagnum\W|Sphagnum$",899888,0
"Sphagnum\W|Sphagnum$",902940,0
"Sphagnum\W|Sphagnum$",902943,0
"Sphagnum\W|Sphagnum$",902951,0
"Sphagnum\W|Sphagnum$",902955,0
"Sphagnum\W|Sphagnum$",902958,0
"Sphagnum\W|Sphagnum$",907668,0
"Sphagnum\W|Sphagnum$",917083,0
"Sphagnum\W|Sphagnum$",893248,0
"Sphagnum\W|Sphagnum$",898988,0
"Sphagnum\W|Sphagnum$",899966,0
"Sphagnum\W|Sphagnum$",899023,0
"Sphagnum\W|Sphagnum$",899482,0
"Sphagnum\W|Sphagnum$",899483,0
"Sphagnum\W|Sphagnum$",899497,0
"Sphagnum\W|Sphagnum$",899505,0
"Sphagnum\W|Sphagnum$",899506,0
"Sphagnum\W|Sphagnum$",899507,0
"Sphagnum\W|Sphagnum$",899508,0
"Sphagnum\W|Sphagnum$",899059,0
"Sphagnum\W|Sphagnum$",899513,0
"Sphagnum\W|Sphagnum$",899515,0
"Sphagnum\W|Sphagnum$",899521,0
"Sphagnum\W|Sphagnum$",899524,0
"Sphagnum\W|Sphagnum$",899539,0
"Sphagnum\W|Sphagnum$",899540,0
"Sphagnum\W|Sphagnum$",899541,0
"Sphagnum\W|Sphagnum$",899542,0
"Sphagnum\W|Sphagnum$",899079,0
"Sphagnum\W|Sphagnum$",899552,0
"Sphagnum\W|Sphagnum$",899560,0
"Sphagnum\W|Sphagnum$",899571,0
"Sphagnum\W|Sphagnum$",899574,0
"Sphagnum\W|Sphagnum$",899606,0
"Sphagnum\W|Sphagnum$",899125,0
"Sphagnum\W|Sphagnum$",917080,0
"Sphagnum\W|Sphagnum$",893245,0
"Sphagnum\W|Sphagnum$",907535,0
"Sphagnum\W|Sphagnum$",948696,0
"Sphagnum\W|Sphagnum$",948485,0
"Sphagnum\W|Sphagnum$",952647,0
"Sphagnum\W|Sphagnum$",948589,0
"Sphagnum\W|Sphagnum$",959740,0
"Sphagnum\W|Sphagnum$",1176985,0
"Sphagnum\W|Sphagnum$",1176983,0
"Sphagnum\W|Sphagnum$",1094002,0
"Sphagnum\W|Sphagnum$",1176987,0
"Sphagnum\W|Sphagnum$",689744,0
"Sphagnum\W|Sphagnum$",1179665,0
"Sphagnum\W|Sphagnum$",1159139,0
"Sphagnum\W|Sphagnum$",1146926,0
"Sphagnum\W|Sphagnum$",1131907,0
"Sphagnum\W|Sphagnum$",1042125,0
"Sphagnum\W|Sphagnum$",1093978,0
"Sphagnum\W|Sphagnum$",1159151,0
"Sphagnum\W|Sphagnum$",1146914,0
"Sphagnum\W|Sphagnum$",1361912,0
"Sphagnum\W|Sphagnum$",1041526,0
"Sphagnum\W|Sphagnum$",1094174,0
"Sphagnum\W|Sphagnum$",1159155,0
"Sphagnum\W|Sphagnum$",1146910,0
"Sphagnum\W|Sphagnum$",1176993,0
"Sphagnum\W|Sphagnum$",1299043,0
"Sphagnum\W|Sphagnum$",1299044,0
"Sphagnum\W|Sphagnum$",1346895,0
"Sphagnum\W|Sphagnum$",1146924,0
"Sphagnum\W|Sphagnum$",1344241,0
"Plagiothecium\W|Plagiothecium$",683349,0
"Plagiothecium\W|Plagiothecium$",688095,0
"Plagiothecium\W|Plagiothecium$",688522,0
"Plagiothecium\W|Plagiothecium$",688921,0
"Plagiothecium\W|Plagiothecium$",788005,0
"Plagiothecium\W|Plagiothecium$",791945,0
"Plagiothecium\W|Plagiothecium$",787973,0
"Sphagnum subnitens\W|Sphagnum subnitens$",1299043,0
"Jamesoniella\W|Jamesoniella$",688522,0
"Scorpidium revolvens\W|Scorpidium revolvens$",1041690,0
"Scorpidium revolvens\W|Scorpidium revolvens$",1344228,0
"Andreaea blyttii\W|Andreaea blyttii$",1041690,0
"Andreaea blyttii\W|Andreaea blyttii$",1344228,0
"Atrichum\W|Atrichum$",684249,0
"Atrichum\W|Atrichum$",689899,0
"Eurhynchium\W|Eurhynchium$",686311,0
"Eurhynchium\W|Eurhynchium$",688613,0
"Eurhynchium\W|Eurhynchium$",857654,0
"Eurhynchium\W|Eurhynchium$",787986,0
"Eurhynchium\W|Eurhynchium$",791945,0
"Eurhynchium\W|Eurhynchium$",787976,0
"Eurhynchium\W|Eurhynchium$",787981,0
"Eurhynchium\W|Eurhynchium$",787973,0
"Eurhynchium\W|Eurhynchium$",787600,0
"Eurhynchium\W|Eurhynchium$",787992,0
"Eurhynchium\W|Eurhynchium$",787997,0
"Eurhynchium\W|Eurhynchium$",860492,0
"Eurhynchium\W|Eurhynchium$",899662,0
"Eurhynchium\W|Eurhynchium$",1222853,0
"Atrichum undulatum\W|Atrichum undulatum$",689899,0
"Tortella arctica\W|Tortella arctica$",899130,0
"Distichium\W|Distichium$",687412,0
"Distichium\W|Distichium$",860574,0
"Distichium\W|Distichium$",1041615,0
"Anthelia\W|Anthelia$",1041991,0
"Dicranum majus\W|Dicranum majus$",777931,0
"Rhizomnium appalachianum\W|Rhizomnium appalachianum$",683900,0
"Rhizomnium appalachianum\W|Rhizomnium appalachianum$",683831,0
"Rhizomnium appalachianum\W|Rhizomnium appalachianum$",685735,0
"Rhizomnium appalachianum\W|Rhizomnium appalachianum$",689331,0
"Rhizomnium appalachianum\W|Rhizomnium appalachianum$",688193,0
"Rhizomnium appalachianum\W|Rhizomnium appalachianum$",686719,0
"Rhizomnium appalachianum\W|Rhizomnium appalachianum$",800161,0
"Rhizomnium appalachianum\W|Rhizomnium appalachianum$",899162,0
"Sphagnum wulfianum\W|Sphagnum wulfianum$",688278,0
"Racomitrium lanuginosum\W|Racomitrium lanuginosum$",849275,0
"Racomitrium lanuginosum\W|Racomitrium lanuginosum$",860574,0
"Racomitrium lanuginosum\W|Racomitrium lanuginosum$",860751,0
"Racomitrium lanuginosum\W|Racomitrium lanuginosum$",860792,0
"Racomitrium lanuginosum\W|Racomitrium lanuginosum$",899665,0
"Racomitrium lanuginosum\W|Racomitrium lanuginosum$",900054,0
"Racomitrium lanuginosum\W|Racomitrium lanuginosum$",1042040,0
"Racomitrium lanuginosum\W|Racomitrium lanuginosum$",1042030,0
"Racomitrium lanuginosum\W|Racomitrium lanuginosum$",1041615,0
"Racomitrium lanuginosum\W|Racomitrium lanuginosum$",1159091,0
"Racomitrium lanuginosum\W|Racomitrium lanuginosum$",1299043,0
"Sphagnum squarrosum\W|Sphagnum squarrosum$",686403,0
"Sphagnum squarrosum\W|Sphagnum squarrosum$",1176983,0
"Sphagnum squarrosum\W|Sphagnum squarrosum$",1176987,0
"Sphagnum squarrosum\W|Sphagnum squarrosum$",1361912,0
"Sphagnum squarrosum\W|Sphagnum squarrosum$",1299044,0
"Mnium\W|Mnium$",686958,0
"Mnium\W|Mnium$",685735,0
"Mnium\W|Mnium$",688675,0
"Mnium\W|Mnium$",686752,0
"Mnium\W|Mnium$",688193,0
"Mnium\W|Mnium$",688268,0
"Mnium\W|Mnium$",687412,0
"Mnium\W|Mnium$",688522,0
"Mnium\W|Mnium$",683857,0
"Mnium\W|Mnium$",689899,0
"Mnium\W|Mnium$",683188,0
"Mnium\W|Mnium$",688921,0
"Mnium\W|Mnium$",742092,0
"Mnium\W|Mnium$",684916,0
"Mnium\W|Mnium$",787986,0
"Mnium\W|Mnium$",787992,0
"Mnium\W|Mnium$",878657,0
"Mnium\W|Mnium$",866515,0
"Mnium\W|Mnium$",1176987,0
"Sphagnum papillosum\W|Sphagnum papillosum$",683072,0
"Sphagnum papillosum\W|Sphagnum papillosum$",684415,0
"Sphagnum papillosum\W|Sphagnum papillosum$",684747,0
"Sphagnum papillosum\W|Sphagnum papillosum$",688278,0
"Sphagnum papillosum\W|Sphagnum papillosum$",688846,0
"Sphagnum papillosum\W|Sphagnum papillosum$",689070,0
"Sphagnum papillosum\W|Sphagnum papillosum$",685339,0
"Sphagnum papillosum\W|Sphagnum papillosum$",685752,0
"Sphagnum papillosum\W|Sphagnum papillosum$",683438,0
"Sphagnum papillosum\W|Sphagnum papillosum$",731252,0
"Sphagnum papillosum\W|Sphagnum papillosum$",736386,0
"Sphagnum papillosum\W|Sphagnum papillosum$",856676,0
"Sphagnum papillosum\W|Sphagnum papillosum$",800140,0
"Sphagnum papillosum\W|Sphagnum papillosum$",689146,0
"Sphagnum papillosum\W|Sphagnum papillosum$",899571,0
"Sphagnum papillosum\W|Sphagnum papillosum$",1299043,0
"Polytrichum piliferum\W|Polytrichum piliferum$",683348,0
"Polytrichum piliferum\W|Polytrichum piliferum$",860408,0
"Polytrichum piliferum\W|Polytrichum piliferum$",685098,0
"Polytrichum piliferum\W|Polytrichum piliferum$",685487,0
"Polytrichum piliferum\W|Polytrichum piliferum$",685731,0
"Polytrichum piliferum\W|Polytrichum piliferum$",685918,0
"Polytrichum piliferum\W|Polytrichum piliferum$",689156,0
"Polytrichum piliferum\W|Polytrichum piliferum$",688606,0
"Polytrichum piliferum\W|Polytrichum piliferum$",689532,0
"Polytrichum piliferum\W|Polytrichum piliferum$",728583,0
"Polytrichum piliferum\W|Polytrichum piliferum$",729675,0
"Polytrichum piliferum\W|Polytrichum piliferum$",686595,0
"Polytrichum piliferum\W|Polytrichum piliferum$",728743,0
"Polytrichum piliferum\W|Polytrichum piliferum$",849164,0
"Polytrichum piliferum\W|Polytrichum piliferum$",860492,0
"Polytrichum piliferum\W|Polytrichum piliferum$",899158,0
"Polytrichum piliferum\W|Polytrichum piliferum$",899665,0
"Polytrichum piliferum\W|Polytrichum piliferum$",899279,0
"Polytrichum piliferum\W|Polytrichum piliferum$",899297,0
"Polytrichum piliferum\W|Polytrichum piliferum$",900073,0
"Polytrichum piliferum\W|Polytrichum piliferum$",931854,0
"Callicladium haldanianum\W|Callicladium haldanianum$",688095,0
"Callicladium haldanianum\W|Callicladium haldanianum$",688522,0
"Callicladium haldanianum\W|Callicladium haldanianum$",689899,0
"Callicladium haldanianum\W|Callicladium haldanianum$",800152,0
"Rhynchostegium aquaticum\W|Rhynchostegium aquaticum$",688921,0
"Bazzania denudata\W|Bazzania denudata$",686958,0
"Anthelia juratzkana\W|Anthelia juratzkana$",1041991,0
"Lophozia\W|Lophozia$",1344241,0
"Pleurozium\W|Pleurozium$",684756,0
"Pleurozium\W|Pleurozium$",684832,0
"Pleurozium\W|Pleurozium$",684967,0
"Pleurozium\W|Pleurozium$",685116,0
"Pleurozium\W|Pleurozium$",683348,0
"Pleurozium\W|Pleurozium$",683349,0
"Pleurozium\W|Pleurozium$",860385,0
"Pleurozium\W|Pleurozium$",683437,0
"Pleurozium\W|Pleurozium$",683539,0
"Pleurozium\W|Pleurozium$",683077,0
"Pleurozium\W|Pleurozium$",684099,0
"Pleurozium\W|Pleurozium$",683517,0
"Pleurozium\W|Pleurozium$",684245,0
"Pleurozium\W|Pleurozium$",685487,0
"Pleurozium\W|Pleurozium$",686355,0
"Pleurozium\W|Pleurozium$",686925,0
"Pleurozium\W|Pleurozium$",686955,0
"Pleurozium\W|Pleurozium$",687791,0
"Pleurozium\W|Pleurozium$",687144,0
"Pleurozium\W|Pleurozium$",686464,0
"Pleurozium\W|Pleurozium$",686037,0
"Pleurozium\W|Pleurozium$",686125,0
"Pleurozium\W|Pleurozium$",686533,0
"Pleurozium\W|Pleurozium$",685740,0
"Pleurozium\W|Pleurozium$",860279,0
"Pleurozium\W|Pleurozium$",689094,0
"Pleurozium\W|Pleurozium$",689731,0
"Pleurozium\W|Pleurozium$",687179,0
"Pleurozium\W|Pleurozium$",686798,0
"Pleurozium\W|Pleurozium$",688278,0
"Pleurozium\W|Pleurozium$",688759,0
"Pleurozium\W|Pleurozium$",687398,0
"Pleurozium\W|Pleurozium$",687548,0
"Pleurozium\W|Pleurozium$",688375,0
"Pleurozium\W|Pleurozium$",688403,0
"Pleurozium\W|Pleurozium$",689885,0
"Pleurozium\W|Pleurozium$",689924,0
"Pleurozium\W|Pleurozium$",683296,0
"Pleurozium\W|Pleurozium$",689532,0
"Pleurozium\W|Pleurozium$",689577,0
"Pleurozium\W|Pleurozium$",683188,0
"Pleurozium\W|Pleurozium$",1267571,0
"Pleurozium\W|Pleurozium$",684258,0
"Pleurozium\W|Pleurozium$",683710,0
"Pleurozium\W|Pleurozium$",685970,0
"Pleurozium\W|Pleurozium$",688119,0
"Pleurozium\W|Pleurozium$",688259,0
"Pleurozium\W|Pleurozium$",684873,0
"Pleurozium\W|Pleurozium$",687799,0
"Pleurozium\W|Pleurozium$",742092,0
"Pleurozium\W|Pleurozium$",687178,0
"Pleurozium\W|Pleurozium$",686595,0
"Pleurozium\W|Pleurozium$",686898,0
"Pleurozium\W|Pleurozium$",787600,0
"Pleurozium\W|Pleurozium$",838549,0
"Pleurozium\W|Pleurozium$",1207718,0
"Pleurozium\W|Pleurozium$",872650,0
"Pleurozium\W|Pleurozium$",884822,0
"Pleurozium\W|Pleurozium$",860477,0
"Pleurozium\W|Pleurozium$",860496,0
"Pleurozium\W|Pleurozium$",860512,0
"Pleurozium\W|Pleurozium$",872683,0
"Pleurozium\W|Pleurozium$",860740,0
"Pleurozium\W|Pleurozium$",860750,0
"Pleurozium\W|Pleurozium$",860829,0
"Pleurozium\W|Pleurozium$",899362,0
"Pleurozium\W|Pleurozium$",899888,0
"Pleurozium\W|Pleurozium$",899889,0
"Pleurozium\W|Pleurozium$",899890,0
"Pleurozium\W|Pleurozium$",899892,0
"Pleurozium\W|Pleurozium$",899540,0
"Pleurozium\W|Pleurozium$",899542,0
"Pleurozium\W|Pleurozium$",892953,0
"Pleurozium\W|Pleurozium$",907535,0
"Pleurozium\W|Pleurozium$",948696,0
"Pleurozium\W|Pleurozium$",948485,0
"Pleurozium\W|Pleurozium$",948589,0
"Pleurozium\W|Pleurozium$",1207720,0
"Pleurozium\W|Pleurozium$",1041047,0
"Pleurozium\W|Pleurozium$",1179665,0
"Pleurozium\W|Pleurozium$",1150955,0
"Pleurozium\W|Pleurozium$",1150953,0
"Pleurozium\W|Pleurozium$",1146910,0
"Pleurozium\W|Pleurozium$",1270115,0
"Pleurozium\W|Pleurozium$",1041062,0
"Pleurozium\W|Pleurozium$",899484,0
"Pleurozium\W|Pleurozium$",1159087,0
"Sphagnum compactum\W|Sphagnum compactum$",686617,0
"Sphagnum compactum\W|Sphagnum compactum$",688278,0
"Sphagnum compactum\W|Sphagnum compactum$",689913,0
"Sphagnum compactum\W|Sphagnum compactum$",736386,0
"Sphagnum compactum\W|Sphagnum compactum$",899709,0
"Ricciocarpos\W|Ricciocarpos$",683538,0
"Ricciocarpos\W|Ricciocarpos$",877402,0
"Ricciocarpos\W|Ricciocarpos$",899738,0
"Drepanocladus\W|Drepanocladus$",685175,0
"Drepanocladus\W|Drepanocladus$",684747,0
"Drepanocladus\W|Drepanocladus$",689052,0
"Drepanocladus\W|Drepanocladus$",689327,0
"Drepanocladus\W|Drepanocladus$",687179,0
"Drepanocladus\W|Drepanocladus$",687808,0
"Drepanocladus\W|Drepanocladus$",689882,0
"Drepanocladus\W|Drepanocladus$",689508,0
"Drepanocladus\W|Drepanocladus$",690011,0
"Drepanocladus\W|Drepanocladus$",1146920,0
"Drepanocladus\W|Drepanocladus$",685066,0
"Drepanocladus\W|Drepanocladus$",685274,0
"Drepanocladus\W|Drepanocladus$",688770,0
"Drepanocladus\W|Drepanocladus$",856669,0
"Drepanocladus\W|Drepanocladus$",833221,0
"Drepanocladus\W|Drepanocladus$",688961,0
"Drepanocladus\W|Drepanocladus$",899657,0
"Drepanocladus\W|Drepanocladus$",899618,0
"Drepanocladus\W|Drepanocladus$",948485,0
"Drepanocladus\W|Drepanocladus$",1361912,0
"Drepanocladus\W|Drepanocladus$",1299044,0
"Drepanocladus\W|Drepanocladus$",1283084,0
"Sphenolobopsis pearsonii\W|Sphenolobopsis pearsonii$",687447,0
"Abietinella abietina\W|Abietinella abietina$",860385,0
"Abietinella abietina\W|Abietinella abietina$",685175,0
"Abietinella abietina\W|Abietinella abietina$",833221,0
"Fissidens osmundioides\W|Fissidens osmundioides$",686958,0
"Fissidens osmundioides\W|Fissidens osmundioides$",835678,0
"Mylia taylorii\W|Mylia taylorii$",777931,0
"Paraleucobryum enerve\W|Paraleucobryum enerve$",899130,0
"Anomodon\W|Anomodon$",683622,0
"Anomodon\W|Anomodon$",685592,0
"Anomodon\W|Anomodon$",685695,0
"Anomodon\W|Anomodon$",688921,0
"Anomodon\W|Anomodon$",683695,0
"Anomodon\W|Anomodon$",878639,0
"Anomodon\W|Anomodon$",905014,0
"Anomodon\W|Anomodon$",1159199,0
"Mnium thomsonii\W|Mnium thomsonii$",687412,0
"Ptychostomum\W|Ptychostomum$",899657,0
"Sphagnum rubellum\W|Sphagnum rubellum$",685030,0
"Sphagnum rubellum\W|Sphagnum rubellum$",685148,0
"Sphagnum rubellum\W|Sphagnum rubellum$",684415,0
"Sphagnum rubellum\W|Sphagnum rubellum$",684554,0
"Sphagnum rubellum\W|Sphagnum rubellum$",685525,0
"Sphagnum rubellum\W|Sphagnum rubellum$",686617,0
"Sphagnum rubellum\W|Sphagnum rubellum$",689442,0
"Sphagnum rubellum\W|Sphagnum rubellum$",688846,0
"Sphagnum rubellum\W|Sphagnum rubellum$",688511,0
"Sphagnum rubellum\W|Sphagnum rubellum$",685752,0
"Sphagnum rubellum\W|Sphagnum rubellum$",731316,0
"Sphagnum rubellum\W|Sphagnum rubellum$",856676,0
"Sphagnum rubellum\W|Sphagnum rubellum$",800140,0
"Sphagnum rubellum\W|Sphagnum rubellum$",800158,0
"Sphagnum rubellum\W|Sphagnum rubellum$",800167,0
"Sphagnum rubellum\W|Sphagnum rubellum$",800149,0
"Sphagnum rubellum\W|Sphagnum rubellum$",899709,0
"Sphagnum rubellum\W|Sphagnum rubellum$",899410,0
"Sphagnum rubellum\W|Sphagnum rubellum$",917083,0
"Sphagnum rubellum\W|Sphagnum rubellum$",899059,0
"Sphagnum rubellum\W|Sphagnum rubellum$",899541,0
"Sphagnum rubellum\W|Sphagnum rubellum$",899574,0
"Sphagnum rubellum\W|Sphagnum rubellum$",899606,0
"Sphagnum rubellum\W|Sphagnum rubellum$",917080,0
"Sphagnum rubellum\W|Sphagnum rubellum$",1299043,0
"Scorpidium\W|Scorpidium$",687808,0
"Scorpidium\W|Scorpidium$",689882,0
"Scorpidium\W|Scorpidium$",689508,0
"Scorpidium\W|Scorpidium$",1146920,0
"Scorpidium\W|Scorpidium$",683904,0
"Scorpidium\W|Scorpidium$",856669,0
"Scorpidium\W|Scorpidium$",860745,0
"Scorpidium\W|Scorpidium$",893248,0
"Scorpidium\W|Scorpidium$",893245,0
"Scorpidium\W|Scorpidium$",948485,0
"Scorpidium\W|Scorpidium$",1361912,0
"Scorpidium\W|Scorpidium$",1041690,0
"Scorpidium\W|Scorpidium$",1299044,0
"Scorpidium\W|Scorpidium$",1344228,0
"Sphagnum fuscum\W|Sphagnum fuscum$",685148,0
"Sphagnum fuscum\W|Sphagnum fuscum$",683539,0
"Sphagnum fuscum\W|Sphagnum fuscum$",684554,0
"Sphagnum fuscum\W|Sphagnum fuscum$",686925,0
"Sphagnum fuscum\W|Sphagnum fuscum$",685409,0
"Sphagnum fuscum\W|Sphagnum fuscum$",688617,0
"Sphagnum fuscum\W|Sphagnum fuscum$",688461,0
"Sphagnum fuscum\W|Sphagnum fuscum$",689442,0
"Sphagnum fuscum\W|Sphagnum fuscum$",688058,0
"Sphagnum fuscum\W|Sphagnum fuscum$",686403,0
"Sphagnum fuscum\W|Sphagnum fuscum$",688511,0
"Sphagnum fuscum\W|Sphagnum fuscum$",684125,0
"Sphagnum fuscum\W|Sphagnum fuscum$",686351,0
"Sphagnum fuscum\W|Sphagnum fuscum$",684727,0
"Sphagnum fuscum\W|Sphagnum fuscum$",686719,0
"Sphagnum fuscum\W|Sphagnum fuscum$",689513,0
"Sphagnum fuscum\W|Sphagnum fuscum$",686898,0
"Sphagnum fuscum\W|Sphagnum fuscum$",686954,0
"Sphagnum fuscum\W|Sphagnum fuscum$",856676,0
"Sphagnum fuscum\W|Sphagnum fuscum$",800143,0
"Sphagnum fuscum\W|Sphagnum fuscum$",898972,0
"Sphagnum fuscum\W|Sphagnum fuscum$",899410,0
"Sphagnum fuscum\W|Sphagnum fuscum$",899888,0
"Sphagnum fuscum\W|Sphagnum fuscum$",899059,0
"Sphagnum fuscum\W|Sphagnum fuscum$",899571,0
"Sphagnum fuscum\W|Sphagnum fuscum$",899606,0
"Sphagnum fuscum\W|Sphagnum fuscum$",907535,0
"Sphagnum fuscum\W|Sphagnum fuscum$",948696,0
"Sphagnum fuscum\W|Sphagnum fuscum$",948589,0
"Sphagnum fuscum\W|Sphagnum fuscum$",1179665,0
"Sphagnum fuscum\W|Sphagnum fuscum$",1146926,0
"Sphagnum fuscum\W|Sphagnum fuscum$",1146910,0
"Sphagnum fuscum\W|Sphagnum fuscum$",1299043,0
"Sphagnum fuscum\W|Sphagnum fuscum$",1299044,0
"Leucolepis acanthoneura\W|Leucolepis acanthoneura$",1041514,0
"Pellia epiphylla\W|Pellia epiphylla$",686958,0
"Pellia epiphylla\W|Pellia epiphylla$",689899,0
"Diplophyllum apiculatum\W|Diplophyllum apiculatum$",684346,0
"Diplophyllum apiculatum\W|Diplophyllum apiculatum$",687412,0
"Sphagnum palustre\W|Sphagnum palustre$",684165,0
"Sphagnum palustre\W|Sphagnum palustre$",683900,0
"Sphagnum palustre\W|Sphagnum palustre$",684571,0
"Sphagnum palustre\W|Sphagnum palustre$",683613,0
"Sphagnum palustre\W|Sphagnum palustre$",683831,0
"Sphagnum palustre\W|Sphagnum palustre$",687806,0
"Sphagnum palustre\W|Sphagnum palustre$",686554,0
"Sphagnum palustre\W|Sphagnum palustre$",686555,0
"Sphagnum palustre\W|Sphagnum palustre$",684726,0
"Sphagnum palustre\W|Sphagnum palustre$",684747,0
"Sphagnum palustre\W|Sphagnum palustre$",686220,0
"Sphagnum palustre\W|Sphagnum palustre$",689331,0
"Sphagnum palustre\W|Sphagnum palustre$",688673,0
"Sphagnum palustre\W|Sphagnum palustre$",687398,0
"Sphagnum palustre\W|Sphagnum palustre$",688003,0
"Sphagnum palustre\W|Sphagnum palustre$",688403,0
"Sphagnum palustre\W|Sphagnum palustre$",690011,0
"Sphagnum palustre\W|Sphagnum palustre$",687402,0
"Sphagnum palustre\W|Sphagnum palustre$",684727,0
"Sphagnum palustre\W|Sphagnum palustre$",686908,0
"Sphagnum palustre\W|Sphagnum palustre$",688211,0
"Sphagnum palustre\W|Sphagnum palustre$",684553,0
"Sphagnum palustre\W|Sphagnum palustre$",686297,0
"Sphagnum palustre\W|Sphagnum palustre$",768704,0
"Sphagnum palustre\W|Sphagnum palustre$",688103,0
"Sphagnum palustre\W|Sphagnum palustre$",800143,0
"Sphagnum palustre\W|Sphagnum palustre$",800149,0
"Sphagnum palustre\W|Sphagnum palustre$",860751,0
"Sphagnum palustre\W|Sphagnum palustre$",899505,0
"Sphagnum palustre\W|Sphagnum palustre$",899506,0
"Sphagnum palustre\W|Sphagnum palustre$",899507,0
"Sphagnum palustre\W|Sphagnum palustre$",899521,0
"Sphagnum palustre\W|Sphagnum palustre$",899541,0
"Sphagnum palustre\W|Sphagnum palustre$",1299043,0
"Sphagnum lescurii\W|Sphagnum lescurii$",685143,0
"Sphagnum lescurii\W|Sphagnum lescurii$",683901,0
"Sphagnum lescurii\W|Sphagnum lescurii$",683458,0
"Sphagnum lescurii\W|Sphagnum lescurii$",686555,0
"Sphagnum lescurii\W|Sphagnum lescurii$",686637,0
"Sphagnum lescurii\W|Sphagnum lescurii$",689433,0
"Sphagnum lescurii\W|Sphagnum lescurii$",687810,0
"Sphagnum lescurii\W|Sphagnum lescurii$",688018,0
"Sphagnum lescurii\W|Sphagnum lescurii$",689490,0
"Sphagnum lescurii\W|Sphagnum lescurii$",685094,0
"Sphagnum lescurii\W|Sphagnum lescurii$",683438,0
"Sphagnum lescurii\W|Sphagnum lescurii$",730957,0
"Sphagnum lescurii\W|Sphagnum lescurii$",902943,0
"Isopterygium\W|Isopterygium$",686958,0
"Isopterygium\W|Isopterygium$",684217,0
"Herbertus\W|Herbertus$",777931,0
"Sphagnum contortum\W|Sphagnum contortum$",689508,0
"Sphagnum contortum\W|Sphagnum contortum$",1146920,0
"Solenostoma\W|Solenostoma$",689899,0
"Paludella\W|Paludella$",683904,0
"Bryum\W|Bryum$",684638,0
"Bryum\W|Bryum$",685175,0
"Bryum\W|Bryum$",689052,0
"Bryum\W|Bryum$",687808,0
"Bryum\W|Bryum$",728599,0
"Bryum\W|Bryum$",728627,0
"Bryum\W|Bryum$",683904,0
"Bryum\W|Bryum$",728743,0
"Bryum\W|Bryum$",728757,0
"Bryum\W|Bryum$",849164,0
"Bryum\W|Bryum$",741266,0
"Bryum\W|Bryum$",833221,0
"Bryum\W|Bryum$",688961,0
"Bryum\W|Bryum$",899164,0
"Bryum\W|Bryum$",899657,0
"Bryum\W|Bryum$",899301,0
"Bryum\W|Bryum$",899461,0
"Bryum\W|Bryum$",900072,0
"Bryum\W|Bryum$",900073,0
"Dumortiera hirsuta\W|Dumortiera hirsuta$",684788,0
"Dumortiera hirsuta\W|Dumortiera hirsuta$",689906,0
"Dumortiera hirsuta\W|Dumortiera hirsuta$",878639,0
"Dumortiera hirsuta\W|Dumortiera hirsuta$",899966,0
"Plagiochila\W|Plagiochila$",686958,0
"Plagiochila\W|Plagiochila$",687447,0
"Campylium\W|Campylium$",684789,0
"Campylium\W|Campylium$",683879,0
"Campylium\W|Campylium$",683539,0
"Campylium\W|Campylium$",689052,0
"Campylium\W|Campylium$",687808,0
"Campylium\W|Campylium$",687547,0
"Campylium\W|Campylium$",687924,0
"Campylium\W|Campylium$",688433,0
"Campylium\W|Campylium$",683960,0
"Campylium\W|Campylium$",689410,0
"Campylium\W|Campylium$",689882,0
"Campylium\W|Campylium$",689883,0
"Campylium\W|Campylium$",689899,0
"Campylium\W|Campylium$",689508,0
"Campylium\W|Campylium$",683188,0
"Campylium\W|Campylium$",1146920,0
"Campylium\W|Campylium$",728599,0
"Campylium\W|Campylium$",688921,0
"Campylium\W|Campylium$",683486,0
"Campylium\W|Campylium$",742073,0
"Campylium\W|Campylium$",683904,0
"Campylium\W|Campylium$",856669,0
"Campylium\W|Campylium$",741266,0
"Campylium\W|Campylium$",878628,0
"Campylium\W|Campylium$",899657,0
"Campylium\W|Campylium$",899508,0
"Campylium\W|Campylium$",948485,0
"Campylium\W|Campylium$",1361912,0
"Campylium\W|Campylium$",1146910,0
"Campylium\W|Campylium$",1299044,0
"Plagiochila exigua\W|Plagiochila exigua$",687447,0
"Amblystegiaceae\W|Amblystegiaceae$",899618,0
"Sphagnum majus\W|Sphagnum majus$",689070,0
"Plagiomnium ciliare\W|Plagiomnium ciliare$",683622,0
"Plagiomnium ciliare\W|Plagiomnium ciliare$",686958,0
"Plagiomnium ciliare\W|Plagiomnium ciliare$",689899,0
"Plagiomnium ciliare\W|Plagiomnium ciliare$",684217,0
"Plagiomnium ciliare\W|Plagiomnium ciliare$",800161,0
"Oncophorus\W|Oncophorus$",686958,0
"Dichodontium\W|Dichodontium$",686958,0
"Andreaea rothii\W|Andreaea rothii$",684346,0
"Andreaea rothii\W|Andreaea rothii$",685347,0
"Calliergonella\W|Calliergonella$",683879,0
"Calliergonella\W|Calliergonella$",687808,0
"Calliergonella\W|Calliergonella$",683960,0
"Abietinella\W|Abietinella$",860385,0
"Abietinella\W|Abietinella$",685175,0
"Abietinella\W|Abietinella$",833221,0
"Polytrichum pallidisetum\W|Polytrichum pallidisetum$",683191,0
"Polytrichum pallidisetum\W|Polytrichum pallidisetum$",685028,0
"Polytrichum pallidisetum\W|Polytrichum pallidisetum$",685339,0
"Polytrichum pallidisetum\W|Polytrichum pallidisetum$",800158,0
"Nardia\W|Nardia$",687447,0
"Nardia\W|Nardia$",856676,0
"Nardia\W|Nardia$",1299043,0
"Hookeria\W|Hookeria$",686958,0
"Climacium americanum\W|Climacium americanum$",685143,0
"Climacium americanum\W|Climacium americanum$",683622,0
"Climacium americanum\W|Climacium americanum$",687248,0
"Climacium americanum\W|Climacium americanum$",686507,0
"Climacium americanum\W|Climacium americanum$",684674,0
"Climacium americanum\W|Climacium americanum$",689251,0
"Climacium americanum\W|Climacium americanum$",687225,0
"Climacium americanum\W|Climacium americanum$",688844,0
"Climacium americanum\W|Climacium americanum$",685094,0
"Climacium americanum\W|Climacium americanum$",730957,0
"Climacium americanum\W|Climacium americanum$",835678,0
"Climacium americanum\W|Climacium americanum$",877321,0
"Climacium americanum\W|Climacium americanum$",899397,0
"Climacium americanum\W|Climacium americanum$",899617,0
"Riccia fluitans\W|Riccia fluitans$",683538,0
"Riccia fluitans\W|Riccia fluitans$",877402,0
"Riccia fluitans\W|Riccia fluitans$",899738,0
"Brachythecium\W|Brachythecium$",683622,0
"Brachythecium\W|Brachythecium$",686533,0
"Brachythecium\W|Brachythecium$",685735,0
"Brachythecium\W|Brachythecium$",688095,0
"Brachythecium\W|Brachythecium$",688522,0
"Brachythecium\W|Brachythecium$",728599,0
"Brachythecium\W|Brachythecium$",728757,0
"Brachythecium\W|Brachythecium$",800161,0
"Brachythecium\W|Brachythecium$",900072,0
"Marchantia\W|Marchantia$",685695,0
"Marchantia\W|Marchantia$",688989,0
"Marchantia\W|Marchantia$",683695,0
"Marchantia\W|Marchantia$",905014,0
"Campylium stellatum\W|Campylium stellatum$",684789,0
"Campylium stellatum\W|Campylium stellatum$",683879,0
"Campylium stellatum\W|Campylium stellatum$",683539,0
"Campylium stellatum\W|Campylium stellatum$",689052,0
"Campylium stellatum\W|Campylium stellatum$",687808,0
"Campylium stellatum\W|Campylium stellatum$",687547,0
"Campylium stellatum\W|Campylium stellatum$",687924,0
"Campylium stellatum\W|Campylium stellatum$",688433,0
"Campylium stellatum\W|Campylium stellatum$",683960,0
"Campylium stellatum\W|Campylium stellatum$",689410,0
"Campylium stellatum\W|Campylium stellatum$",689882,0
"Campylium stellatum\W|Campylium stellatum$",689883,0
"Campylium stellatum\W|Campylium stellatum$",689508,0
"Campylium stellatum\W|Campylium stellatum$",683188,0
"Campylium stellatum\W|Campylium stellatum$",1146920,0
"Campylium stellatum\W|Campylium stellatum$",728599,0
"Campylium stellatum\W|Campylium stellatum$",742073,0
"Campylium stellatum\W|Campylium stellatum$",683904,0
"Campylium stellatum\W|Campylium stellatum$",741266,0
"Campylium stellatum\W|Campylium stellatum$",899657,0
"Campylium stellatum\W|Campylium stellatum$",899508,0
"Campylium stellatum\W|Campylium stellatum$",948485,0
"Campylium stellatum\W|Campylium stellatum$",1361912,0
"Campylium stellatum\W|Campylium stellatum$",1146910,0
"Limbella\W|Limbella$",688613,0
"Paraleucobryum\W|Paraleucobryum$",899130,0
"Riccardia\W|Riccardia$",686958,0
"Thamnobryum\W|Thamnobryum$",686958,0
"Philonotis\W|Philonotis$",689052,0
"Philonotis\W|Philonotis$",687808,0
"Philonotis\W|Philonotis$",728599,0
"Philonotis\W|Philonotis$",728627,0
"Philonotis\W|Philonotis$",685274,0
"Philonotis\W|Philonotis$",683904,0
"Philonotis\W|Philonotis$",728757,0
"Philonotis\W|Philonotis$",849164,0
"Philonotis\W|Philonotis$",856676,0
"Philonotis\W|Philonotis$",877425,0
"Philonotis\W|Philonotis$",899164,0
"Philonotis\W|Philonotis$",899301,0
"Philonotis\W|Philonotis$",900072,0
"Philonotis\W|Philonotis$",900073,0
"Philonotis\W|Philonotis$",899110,0
"Philonotis\W|Philonotis$",1041690,0
"Philonotis\W|Philonotis$",1299043,0
"Philonotis\W|Philonotis$",1344228,0
"Plagiochila retrorsa\W|Plagiochila retrorsa$",686958,0
"Sphagnum centrale\W|Sphagnum centrale$",684554,0
"Sphagnum centrale\W|Sphagnum centrale$",686852,0
"Sphagnum centrale\W|Sphagnum centrale$",689867,0
"Sphagnum centrale\W|Sphagnum centrale$",686048,0
"Sphagnum centrale\W|Sphagnum centrale$",683438,0
"Sphagnum centrale\W|Sphagnum centrale$",899059,0
"Sphagnum centrale\W|Sphagnum centrale$",1176985,0
"Mylia\W|Mylia$",777931,0
"Jungermannia\W|Jungermannia$",689899,0
"Sphagnum henryense\W|Sphagnum henryense$",687806,0
"Sphagnum henryense\W|Sphagnum henryense$",856676,0
"Sphagnum henryense\W|Sphagnum henryense$",689146,0
"Sphagnum henryense\W|Sphagnum henryense$",1299043,0
"Cratoneuron\W|Cratoneuron$",899657,0
"Dicranum elongatum\W|Dicranum elongatum$",1344241,0
"Sanionia\W|Sanionia$",687179,0
"Lepidozia\W|Lepidozia$",777931,0
"Campylopodiella\W|Campylopodiella$",685182,0
"Campylopodiella\W|Campylopodiella$",899513,0
"Hylocomiastrum\W|Hylocomiastrum$",684253,0
"Hylocomiastrum\W|Hylocomiastrum$",898964,0
"Sphagnum torreyanum\W|Sphagnum torreyanum$",687008,0
"Sphagnum torreyanum\W|Sphagnum torreyanum$",731252,0
"Sphagnum torreyanum\W|Sphagnum torreyanum$",689146,0
"Hyophila\W|Hyophila$",686958,0
"Ptilium\W|Ptilium$",684967,0
"Ptilium\W|Ptilium$",860385,0
"Ptilium\W|Ptilium$",683077,0
"Ptilium\W|Ptilium$",683834,0
"Ptilium\W|Ptilium$",684253,0
"Ptilium\W|Ptilium$",687144,0
"Ptilium\W|Ptilium$",686037,0
"Ptilium\W|Ptilium$",687179,0
"Ptilium\W|Ptilium$",687447,0
"Ptilium\W|Ptilium$",687398,0
"Ptilium\W|Ptilium$",687548,0
"Ptilium\W|Ptilium$",689885,0
"Ptilium\W|Ptilium$",683296,0
"Ptilium\W|Ptilium$",689577,0
"Ptilium\W|Ptilium$",742092,0
"Ptilium\W|Ptilium$",898964,0
"Ptilium\W|Ptilium$",898965,0
"Ptilium\W|Ptilium$",948696,0
"Leptodontium\W|Leptodontium$",683834,0
"Leptodontium\W|Leptodontium$",687447,0
"Brotherella\W|Brotherella$",683191,0
"Brotherella\W|Brotherella$",686886,0
"Brotherella\W|Brotherella$",689733,0
"Brotherella\W|Brotherella$",685028,0
"Brotherella\W|Brotherella$",1150955,0
"Brotherella\W|Brotherella$",1150953,0
"Plagiothecium undulatum\W|Plagiothecium undulatum$",788005,0
"Plagiothecium undulatum\W|Plagiothecium undulatum$",791945,0
"Plagiothecium undulatum\W|Plagiothecium undulatum$",787973,0
"Syzygiella\W|Syzygiella$",688522,0
"Myurella\W|Myurella$",687412,0
"Dichelyma\W|Dichelyma$",683991,0
"Sphagnum portoricense\W|Sphagnum portoricense$",736386,0
"Sphagnum portoricense\W|Sphagnum portoricense$",736389,0
"Leptodictyum\W|Leptodictyum$",683879,0
"Leptodictyum\W|Leptodictyum$",683188,0
"Schistidium\W|Schistidium$",685143,0
"Schistidium\W|Schistidium$",689376,0
"Schistidium\W|Schistidium$",683806,0
"Schistidium\W|Schistidium$",900073,0
"Marsupella\W|Marsupella$",856676,0
"Marsupella\W|Marsupella$",899460,0
"Marsupella\W|Marsupella$",1299043,0
"Pleuroziopsis ruthenica\W|Pleuroziopsis ruthenica$",1041514,0
"\W|$",683283,0
"\W|$",683284,0
"\W|$",683289,0
"\W|$",683291,0
"\W|$",683293,0
"\W|$",683294,0
"\W|$",683297,0
"\W|$",683299,0
"\W|$",683300,0
"\W|$",683303,0
"\W|$",683306,0
"\W|$",683307,0
"\W|$",683308,0
"\W|$",683310,0
"\W|$",683311,0
"\W|$",683312,0
"\W|$",684058,0
"\W|$",684059,0
"\W|$",684062,0
"\W|$",684064,0
"\W|$",683853,0
"\W|$",683855,0
"\W|$",683856,0
"\W|$",683858,0
"\W|$",683862,0
"\W|$",683864,0
"\W|$",683867,0
"\W|$",683869,0
"\W|$",683870,0
"\W|$",683871,0
"\W|$",683872,0
"\W|$",683873,0
"\W|$",683874,0
"\W|$",684282,0
"\W|$",684283,0
"\W|$",684284,0
"\W|$",684286,0
"\W|$",684287,0
"\W|$",684290,0
"\W|$",684293,0
"\W|$",684295,0
"\W|$",684296,0
"\W|$",684297,0
"\W|$",684298,0
"\W|$",684299,0
"\W|$",684301,0
"\W|$",684302,0
"\W|$",684307,0
"\W|$",684308,0
"\W|$",684309,0
"\W|$",860427,0
"\W|$",684122,0
"\W|$",684123,0
"\W|$",684126,0
"\W|$",684127,0
"\W|$",684128,0
"\W|$",684130,0
"\W|$",684133,0
"\W|$",684134,0
"\W|$",684135,0
"\W|$",684138,0
"\W|$",684143,0
"\W|$",684148,0
"\W|$",684149,0
"\W|$",684151,0
"\W|$",684152,0
"\W|$",684153,0
"\W|$",684155,0
"\W|$",684156,0
"\W|$",684158,0
"\W|$",684159,0
"\W|$",684162,0
"\W|$",684165,0
"\W|$",684166,0
"\W|$",684170,0
"\W|$",684172,0
"\W|$",684173,0
"\W|$",684174,0
"\W|$",684175,0
"\W|$",684177,0
"\W|$",684180,0
"\W|$",684182,0
"\W|$",684183,0
"\W|$",860446,0
"\W|$",684186,0
"\W|$",684187,0
"\W|$",684188,0
"\W|$",684189,0
"\W|$",684191,0
"\W|$",684192,0
"\W|$",684195,0
"\W|$",684197,0
"\W|$",684198,0
"\W|$",684751,0
"\W|$",684753,0
"\W|$",684754,0
"\W|$",684755,0
"\W|$",684756,0
"\W|$",684760,0
"\W|$",684761,0
"\W|$",684763,0
"\W|$",684767,0
"\W|$",684768,0
"\W|$",684770,0
"\W|$",684773,0
"\W|$",684774,0
"\W|$",684777,0
"\W|$",684778,0
"\W|$",684779,0
"\W|$",684781,0
"\W|$",684782,0
"\W|$",684783,0
"\W|$",684784,0
"\W|$",684786,0
"\W|$",684787,0
"\W|$",684788,0
"\W|$",684789,0
"\W|$",684797,0
"\W|$",684803,0
"\W|$",684806,0
"\W|$",684808,0
"\W|$",684809,0
"\W|$",684811,0
"\W|$",684815,0
"\W|$",684816,0
"\W|$",684819,0
"\W|$",684821,0
"\W|$",684824,0
"\W|$",684826,0
"\W|$",684827,0
"\W|$",684829,0
"\W|$",684831,0
"\W|$",684832,0
"\W|$",860450,0
"\W|$",684834,0
"\W|$",684837,0
"\W|$",684839,0
"\W|$",684840,0
"\W|$",684843,0
"\W|$",684845,0
"\W|$",684847,0
"\W|$",684849,0
"\W|$",684850,0
"\W|$",684853,0
"\W|$",684854,0
"\W|$",684856,0
"\W|$",684857,0
"\W|$",684858,0
"\W|$",684859,0
"\W|$",684860,0
"\W|$",684861,0
"\W|$",684862,0
"\W|$",684863,0
"\W|$",684864,0
"\W|$",684868,0
"\W|$",684869,0
"\W|$",684872,0
"\W|$",684874,0
"\W|$",684875,0
"\W|$",684876,0
"\W|$",684877,0
"\W|$",684880,0
"\W|$",684881,0
"\W|$",684884,0
"\W|$",684888,0
"\W|$",684889,0
"\W|$",684890,0
"\W|$",684895,0
"\W|$",860452,0
"\W|$",684966,0
"\W|$",684967,0
"\W|$",684969,0
"\W|$",684970,0
"\W|$",684971,0
"\W|$",684973,0
"\W|$",684975,0
"\W|$",684976,0
"\W|$",684980,0
"\W|$",684981,0
"\W|$",684983,0
"\W|$",684984,0
"\W|$",684988,0
"\W|$",684990,0
"\W|$",684995,0
"\W|$",684996,0
"\W|$",684997,0
"\W|$",685000,0
"\W|$",685002,0
"\W|$",860449,0
"\W|$",684897,0
"\W|$",684899,0
"\W|$",684903,0
"\W|$",684904,0
"\W|$",684905,0
"\W|$",684907,0
"\W|$",684918,0
"\W|$",684919,0
"\W|$",684920,0
"\W|$",684922,0
"\W|$",684923,0
"\W|$",684924,0
"\W|$",684927,0
"\W|$",685113,0
"\W|$",685114,0
"\W|$",684932,0
"\W|$",684935,0
"\W|$",684936,0
"\W|$",684937,0
"\W|$",684940,0
"\W|$",684941,0
"\W|$",684943,0
"\W|$",684944,0
"\W|$",684945,0
"\W|$",684948,0
"\W|$",684949,0
"\W|$",684955,0
"\W|$",684956,0
"\W|$",684957,0
"\W|$",684959,0
"\W|$",684961,0
"\W|$",684962,0
"\W|$",684965,0
"\W|$",860447,0
"\W|$",860456,0
"\W|$",685003,0
"\W|$",685004,0
"\W|$",685005,0
"\W|$",685006,0
"\W|$",685008,0
"\W|$",685009,0
"\W|$",685014,0
"\W|$",685015,0
"\W|$",685016,0
"\W|$",685017,0
"\W|$",685018,0
"\W|$",685019,0
"\W|$",685023,0
"\W|$",685025,0
"\W|$",685026,0
"\W|$",685027,0
"\W|$",685029,0
"\W|$",685030,0
"\W|$",860460,0
"\W|$",685115,0
"\W|$",685116,0
"\W|$",685117,0
"\W|$",685122,0
"\W|$",685123,0
"\W|$",685124,0
"\W|$",685127,0
"\W|$",685131,0
"\W|$",685133,0
"\W|$",685134,0
"\W|$",685136,0
"\W|$",685137,0
"\W|$",685138,0
"\W|$",685140,0
"\W|$",685143,0
"\W|$",685145,0
"\W|$",685147,0
"\W|$",685148,0
"\W|$",683348,0
"\W|$",683349,0
"\W|$",683350,0
"\W|$",683351,0
"\W|$",683353,0
"\W|$",683356,0
"\W|$",683359,0
"\W|$",683360,0
"\W|$",683362,0
"\W|$",683363,0
"\W|$",683366,0
"\W|$",683368,0
"\W|$",683369,0
"\W|$",683373,0
"\W|$",683375,0
"\W|$",683377,0
"\W|$",683378,0
"\W|$",683379,0
"\W|$",683381,0
"\W|$",683382,0
"\W|$",683383,0
"\W|$",860365,0
"\W|$",683315,0
"\W|$",683316,0
"\W|$",683319,0
"\W|$",683323,0
"\W|$",683324,0
"\W|$",683327,0
"\W|$",683328,0
"\W|$",683335,0
"\W|$",683339,0
"\W|$",683341,0
"\W|$",683342,0
"\W|$",683344,0
"\W|$",683345,0
"\W|$",683346,0
"\W|$",684014,0
"\W|$",860384,0
"\W|$",683875,0
"\W|$",683876,0
"\W|$",683877,0
"\W|$",683879,0
"\W|$",683881,0
"\W|$",683885,0
"\W|$",683886,0
"\W|$",683888,0
"\W|$",683890,0
"\W|$",683891,0
"\W|$",683893,0
"\W|$",683896,0
"\W|$",683898,0
"\W|$",683900,0
"\W|$",683901,0
"\W|$",683903,0
"\W|$",683905,0
"\W|$",683906,0
"\W|$",683907,0
"\W|$",684310,0
"\W|$",684312,0
"\W|$",684316,0
"\W|$",684318,0
"\W|$",684320,0
"\W|$",684321,0
"\W|$",684325,0
"\W|$",684327,0
"\W|$",684329,0
"\W|$",684330,0
"\W|$",684334,0
"\W|$",684335,0
"\W|$",684336,0
"\W|$",684338,0
"\W|$",684340,0
"\W|$",684341,0
"\W|$",684342,0
"\W|$",684344,0
"\W|$",684345,0
"\W|$",684346,0
"\W|$",684347,0
"\W|$",683385,0
"\W|$",683386,0
"\W|$",683389,0
"\W|$",683390,0
"\W|$",683391,0
"\W|$",683392,0
"\W|$",683394,0
"\W|$",683395,0
"\W|$",683397,0
"\W|$",683401,0
"\W|$",683403,0
"\W|$",683405,0
"\W|$",683408,0
"\W|$",683409,0
"\W|$",683412,0
"\W|$",683413,0
"\W|$",683415,0
"\W|$",683417,0
"\W|$",683418,0
"\W|$",684015,0
"\W|$",684019,0
"\W|$",684020,0
"\W|$",684021,0
"\W|$",684024,0
"\W|$",684027,0
"\W|$",684028,0
"\W|$",683520,0
"\W|$",683521,0
"\W|$",683522,0
"\W|$",683528,0
"\W|$",683530,0
"\W|$",683531,0
"\W|$",683532,0
"\W|$",683533,0
"\W|$",683535,0
"\W|$",683536,0
"\W|$",860385,0
"\W|$",683910,0
"\W|$",683911,0
"\W|$",683912,0
"\W|$",683916,0
"\W|$",683917,0
"\W|$",683919,0
"\W|$",683921,0
"\W|$",683924,0
"\W|$",683926,0
"\W|$",683927,0
"\W|$",683930,0
"\W|$",683931,0
"\W|$",683932,0
"\W|$",683934,0
"\W|$",683935,0
"\W|$",683936,0
"\W|$",683939,0
"\W|$",683940,0
"\W|$",684349,0
"\W|$",684350,0
"\W|$",684352,0
"\W|$",684356,0
"\W|$",684358,0
"\W|$",684359,0
"\W|$",684361,0
"\W|$",684362,0
"\W|$",684363,0
"\W|$",684365,0
"\W|$",684367,0
"\W|$",684369,0
"\W|$",684370,0
"\W|$",684372,0
"\W|$",684375,0
"\W|$",684376,0
"\W|$",684380,0
"\W|$",684381,0
"\W|$",684382,0
"\W|$",683419,0
"\W|$",683421,0
"\W|$",683422,0
"\W|$",683424,0
"\W|$",683425,0
"\W|$",683427,0
"\W|$",683428,0
"\W|$",683432,0
"\W|$",683434,0
"\W|$",683435,0
"\W|$",683437,0
"\W|$",683440,0
"\W|$",683441,0
"\W|$",683443,0
"\W|$",683445,0
"\W|$",683447,0
"\W|$",683448,0
"\W|$",683449,0
"\W|$",683450,0
"\W|$",683451,0
"\W|$",683538,0
"\W|$",683539,0
"\W|$",683542,0
"\W|$",683543,0
"\W|$",683544,0
"\W|$",683547,0
"\W|$",683549,0
"\W|$",683551,0
"\W|$",683553,0
"\W|$",683554,0
"\W|$",683559,0
"\W|$",683560,0
"\W|$",683562,0
"\W|$",683563,0
"\W|$",683567,0
"\W|$",683568,0
"\W|$",683569,0
"\W|$",683570,0
"\W|$",860386,0
"\W|$",860387,0
"\W|$",860388,0
"\W|$",683943,0
"\W|$",683945,0
"\W|$",683948,0
"\W|$",683951,0
"\W|$",683954,0
"\W|$",683955,0
"\W|$",683957,0
"\W|$",683959,0
"\W|$",683962,0
"\W|$",683963,0
"\W|$",683966,0
"\W|$",683967,0
"\W|$",683969,0
"\W|$",683972,0
"\W|$",683974,0
"\W|$",683975,0
"\W|$",860408,0
"\W|$",860409,0
"\W|$",684565,0
"\W|$",684566,0
"\W|$",684567,0
"\W|$",684568,0
"\W|$",684571,0
"\W|$",684574,0
"\W|$",684577,0
"\W|$",684578,0
"\W|$",684586,0
"\W|$",684587,0
"\W|$",684588,0
"\W|$",684591,0
"\W|$",684592,0
"\W|$",684595,0
"\W|$",683453,0
"\W|$",683457,0
"\W|$",683458,0
"\W|$",683461,0
"\W|$",683464,0
"\W|$",683465,0
"\W|$",683468,0
"\W|$",683470,0
"\W|$",683471,0
"\W|$",683474,0
"\W|$",683476,0
"\W|$",683477,0
"\W|$",683060,0
"\W|$",683062,0
"\W|$",683064,0
"\W|$",683065,0
"\W|$",683066,0
"\W|$",683067,0
"\W|$",683572,0
"\W|$",683574,0
"\W|$",683578,0
"\W|$",683579,0
"\W|$",683581,0
"\W|$",683583,0
"\W|$",683585,0
"\W|$",683586,0
"\W|$",683587,0
"\W|$",683588,0
"\W|$",683595,0
"\W|$",683597,0
"\W|$",683599,0
"\W|$",683600,0
"\W|$",683603,0
"\W|$",683977,0
"\W|$",683978,0
"\W|$",683979,0
"\W|$",683980,0
"\W|$",683981,0
"\W|$",683982,0
"\W|$",683983,0
"\W|$",683984,0
"\W|$",683985,0
"\W|$",683987,0
"\W|$",683989,0
"\W|$",683990,0
"\W|$",683996,0
"\W|$",683999,0
"\W|$",684002,0
"\W|$",684003,0
"\W|$",684006,0
"\W|$",684007,0
"\W|$",684008,0
"\W|$",684009,0
"\W|$",684010,0
"\W|$",684011,0
"\W|$",860411,0
"\W|$",684597,0
"\W|$",684598,0
"\W|$",684386,0
"\W|$",684387,0
"\W|$",684389,0
"\W|$",684390,0
"\W|$",684393,0
"\W|$",684394,0
"\W|$",684396,0
"\W|$",684397,0
"\W|$",684401,0
"\W|$",684402,0
"\W|$",684404,0
"\W|$",684406,0
"\W|$",684412,0
"\W|$",684413,0
"\W|$",684414,0
"\W|$",860430,0
"\W|$",683068,0
"\W|$",683069,0
"\W|$",683070,0
"\W|$",683072,0
"\W|$",683073,0
"\W|$",683074,0
"\W|$",683075,0
"\W|$",683077,0
"\W|$",683078,0
"\W|$",683080,0
"\W|$",683081,0
"\W|$",683088,0
"\W|$",683089,0
"\W|$",683090,0
"\W|$",683091,0
"\W|$",683093,0
"\W|$",683094,0
"\W|$",683095,0
"\W|$",683096,0
"\W|$",683097,0
"\W|$",683099,0
"\W|$",683127,0
"\W|$",860370,0
"\W|$",683102,0
"\W|$",683103,0
"\W|$",683110,0
"\W|$",683114,0
"\W|$",683115,0
"\W|$",683117,0
"\W|$",683119,0
"\W|$",683120,0
"\W|$",683122,0
"\W|$",683124,0
"\W|$",683125,0
"\W|$",683670,0
"\W|$",683672,0
"\W|$",860391,0
"\W|$",860392,0
"\W|$",684516,0
"\W|$",684517,0
"\W|$",684518,0
"\W|$",684521,0
"\W|$",684522,0
"\W|$",684523,0
"\W|$",684524,0
"\W|$",684525,0
"\W|$",684526,0
"\W|$",684528,0
"\W|$",684529,0
"\W|$",684534,0
"\W|$",684540,0
"\W|$",684542,0
"\W|$",684543,0
"\W|$",684545,0
"\W|$",684546,0
"\W|$",684548,0
"\W|$",860412,0
"\W|$",684415,0
"\W|$",684416,0
"\W|$",684417,0
"\W|$",684419,0
"\W|$",684420,0
"\W|$",684422,0
"\W|$",684423,0
"\W|$",684426,0
"\W|$",684427,0
"\W|$",684431,0
"\W|$",684434,0
"\W|$",684436,0
"\W|$",684437,0
"\W|$",684439,0
"\W|$",684441,0
"\W|$",684442,0
"\W|$",684446,0
"\W|$",684447,0
"\W|$",860432,0
"\W|$",683128,0
"\W|$",683130,0
"\W|$",683131,0
"\W|$",683132,0
"\W|$",683134,0
"\W|$",683136,0
"\W|$",683137,0
"\W|$",683138,0
"\W|$",683140,0
"\W|$",683142,0
"\W|$",683144,0
"\W|$",683145,0
"\W|$",683147,0
"\W|$",683152,0
"\W|$",683155,0
"\W|$",683677,0
"\W|$",683678,0
"\W|$",683679,0
"\W|$",683680,0
"\W|$",683681,0
"\W|$",683682,0
"\W|$",683683,0
"\W|$",683685,0
"\W|$",683690,0
"\W|$",683691,0
"\W|$",683696,0
"\W|$",683700,0
"\W|$",683702,0
"\W|$",683703,0
"\W|$",683704,0
"\W|$",683706,0
"\W|$",683707,0
"\W|$",683708,0
"\W|$",684549,0
"\W|$",684552,0
"\W|$",684554,0
"\W|$",684555,0
"\W|$",684557,0
"\W|$",684558,0
"\W|$",684559,0
"\W|$",684561,0
"\W|$",684562,0
"\W|$",684563,0
"\W|$",684070,0
"\W|$",684071,0
"\W|$",684073,0
"\W|$",684074,0
"\W|$",684078,0
"\W|$",684079,0
"\W|$",684081,0
"\W|$",684083,0
"\W|$",684085,0
"\W|$",684087,0
"\W|$",860413,0
"\W|$",684449,0
"\W|$",684450,0
"\W|$",684452,0
"\W|$",684456,0
"\W|$",684457,0
"\W|$",684458,0
"\W|$",684460,0
"\W|$",684463,0
"\W|$",684464,0
"\W|$",684465,0
"\W|$",684467,0
"\W|$",684472,0
"\W|$",684475,0
"\W|$",684476,0
"\W|$",684480,0
"\W|$",684481,0
"\W|$",684483,0
"\W|$",683160,0
"\W|$",683163,0
"\W|$",683164,0
"\W|$",683165,0
"\W|$",683167,0
"\W|$",683170,0
"\W|$",683171,0
"\W|$",683173,0
"\W|$",683174,0
"\W|$",683175,0
"\W|$",683176,0
"\W|$",683177,0
"\W|$",683178,0
"\W|$",683181,0
"\W|$",683182,0
"\W|$",683183,0
"\W|$",683184,0
"\W|$",683711,0
"\W|$",683712,0
"\W|$",683713,0
"\W|$",683714,0
"\W|$",683715,0
"\W|$",683717,0
"\W|$",683718,0
"\W|$",683719,0
"\W|$",683721,0
"\W|$",683723,0
"\W|$",683724,0
"\W|$",683725,0
"\W|$",683728,0
"\W|$",683730,0
"\W|$",683733,0
"\W|$",683736,0
"\W|$",683738,0
"\W|$",683740,0
"\W|$",860397,0
"\W|$",684088,0
"\W|$",684090,0
"\W|$",684091,0
"\W|$",684092,0
"\W|$",684094,0
"\W|$",684098,0
"\W|$",684099,0
"\W|$",684104,0
"\W|$",684105,0
"\W|$",684107,0
"\W|$",684110,0
"\W|$",684112,0
"\W|$",684115,0
"\W|$",684117,0
"\W|$",684118,0
"\W|$",684119,0
"\W|$",684120,0
"\W|$",683605,0
"\W|$",684484,0
"\W|$",684485,0
"\W|$",684486,0
"\W|$",684488,0
"\W|$",684489,0
"\W|$",684490,0
"\W|$",684491,0
"\W|$",684492,0
"\W|$",684493,0
"\W|$",684494,0
"\W|$",684496,0
"\W|$",684497,0
"\W|$",684499,0
"\W|$",684500,0
"\W|$",684505,0
"\W|$",684506,0
"\W|$",684511,0
"\W|$",684512,0
"\W|$",684514,0
"\W|$",683186,0
"\W|$",683190,0
"\W|$",683191,0
"\W|$",683192,0
"\W|$",683193,0
"\W|$",683195,0
"\W|$",683199,0
"\W|$",683200,0
"\W|$",683201,0
"\W|$",683202,0
"\W|$",683203,0
"\W|$",683210,0
"\W|$",683211,0
"\W|$",683214,0
"\W|$",683741,0
"\W|$",683742,0
"\W|$",683744,0
"\W|$",683747,0
"\W|$",683751,0
"\W|$",683754,0
"\W|$",683755,0
"\W|$",683756,0
"\W|$",683757,0
"\W|$",683758,0
"\W|$",683759,0
"\W|$",683762,0
"\W|$",683763,0
"\W|$",683764,0
"\W|$",683765,0
"\W|$",683769,0
"\W|$",683770,0
"\W|$",683772,0
"\W|$",683774,0
"\W|$",683608,0
"\W|$",683610,0
"\W|$",683611,0
"\W|$",683612,0
"\W|$",683613,0
"\W|$",683614,0
"\W|$",683616,0
"\W|$",683617,0
"\W|$",683619,0
"\W|$",683622,0
"\W|$",683624,0
"\W|$",683625,0
"\W|$",683628,0
"\W|$",683630,0
"\W|$",683633,0
"\W|$",683636,0
"\W|$",683637,0
"\W|$",683641,0
"\W|$",683642,0
"\W|$",685035,0
"\W|$",685036,0
"\W|$",685038,0
"\W|$",685039,0
"\W|$",685040,0
"\W|$",685041,0
"\W|$",685043,0
"\W|$",685044,0
"\W|$",685046,0
"\W|$",685050,0
"\W|$",685051,0
"\W|$",685054,0
"\W|$",685056,0
"\W|$",685058,0
"\W|$",685060,0
"\W|$",685062,0
"\W|$",685064,0
"\W|$",685067,0
"\W|$",860434,0
"\W|$",683217,0
"\W|$",683220,0
"\W|$",683221,0
"\W|$",683480,0
"\W|$",683481,0
"\W|$",683484,0
"\W|$",683485,0
"\W|$",683488,0
"\W|$",683490,0
"\W|$",683492,0
"\W|$",683494,0
"\W|$",683495,0
"\W|$",683496,0
"\W|$",683497,0
"\W|$",683500,0
"\W|$",683502,0
"\W|$",683505,0
"\W|$",683507,0
"\W|$",683510,0
"\W|$",683775,0
"\W|$",683777,0
"\W|$",683779,0
"\W|$",683781,0
"\W|$",683787,0
"\W|$",683789,0
"\W|$",683792,0
"\W|$",683793,0
"\W|$",683794,0
"\W|$",683796,0
"\W|$",683798,0
"\W|$",683800,0
"\W|$",683801,0
"\W|$",683805,0
"\W|$",683809,0
"\W|$",683643,0
"\W|$",683645,0
"\W|$",683648,0
"\W|$",683649,0
"\W|$",683651,0
"\W|$",683655,0
"\W|$",683658,0
"\W|$",683661,0
"\W|$",683662,0
"\W|$",683663,0
"\W|$",683665,0
"\W|$",683666,0
"\W|$",684200,0
"\W|$",684202,0
"\W|$",684203,0
"\W|$",684207,0
"\W|$",684208,0
"\W|$",860416,0
"\W|$",860418,0
"\W|$",685070,0
"\W|$",685072,0
"\W|$",685074,0
"\W|$",685076,0
"\W|$",685077,0
"\W|$",685079,0
"\W|$",685081,0
"\W|$",685083,0
"\W|$",685084,0
"\W|$",685087,0
"\W|$",685088,0
"\W|$",685089,0
"\W|$",685091,0
"\W|$",685092,0
"\W|$",685093,0
"\W|$",685095,0
"\W|$",685096,0
"\W|$",685097,0
"\W|$",685098,0
"\W|$",685100,0
"\W|$",683511,0
"\W|$",683513,0
"\W|$",683515,0
"\W|$",683517,0
"\W|$",683518,0
"\W|$",683223,0
"\W|$",683224,0
"\W|$",683226,0
"\W|$",683228,0
"\W|$",683229,0
"\W|$",683230,0
"\W|$",683231,0
"\W|$",683233,0
"\W|$",683234,0
"\W|$",683235,0
"\W|$",683236,0
"\W|$",683238,0
"\W|$",683240,0
"\W|$",683246,0
"\W|$",683811,0
"\W|$",683812,0
"\W|$",683815,0
"\W|$",683816,0
"\W|$",683818,0
"\W|$",683819,0
"\W|$",683821,0
"\W|$",683823,0
"\W|$",683825,0
"\W|$",683826,0
"\W|$",683829,0
"\W|$",683831,0
"\W|$",683832,0
"\W|$",683834,0
"\W|$",683835,0
"\W|$",683836,0
"\W|$",683838,0
"\W|$",683839,0
"\W|$",683840,0
"\W|$",683841,0
"\W|$",684210,0
"\W|$",684211,0
"\W|$",684212,0
"\W|$",684218,0
"\W|$",684220,0
"\W|$",684221,0
"\W|$",684222,0
"\W|$",684224,0
"\W|$",684225,0
"\W|$",684226,0
"\W|$",684227,0
"\W|$",684228,0
"\W|$",684231,0
"\W|$",684232,0
"\W|$",684233,0
"\W|$",684235,0
"\W|$",684237,0
"\W|$",684238,0
"\W|$",685101,0
"\W|$",685104,0
"\W|$",685107,0
"\W|$",685108,0
"\W|$",685109,0
"\W|$",685112,0
"\W|$",684599,0
"\W|$",684600,0
"\W|$",684601,0
"\W|$",684602,0
"\W|$",684604,0
"\W|$",684610,0
"\W|$",684611,0
"\W|$",684612,0
"\W|$",684613,0
"\W|$",684615,0
"\W|$",684620,0
"\W|$",684623,0
"\W|$",860439,0
"\W|$",860442,0
"\W|$",683249,0
"\W|$",683251,0
"\W|$",683256,0
"\W|$",683257,0
"\W|$",683261,0
"\W|$",683263,0
"\W|$",683268,0
"\W|$",683270,0
"\W|$",683271,0
"\W|$",683272,0
"\W|$",683273,0
"\W|$",683274,0
"\W|$",683278,0
"\W|$",683279,0
"\W|$",860380,0
"\W|$",683846,0
"\W|$",683847,0
"\W|$",683848,0
"\W|$",683849,0
"\W|$",683852,0
"\W|$",684030,0
"\W|$",684032,0
"\W|$",684033,0
"\W|$",684036,0
"\W|$",684040,0
"\W|$",684042,0
"\W|$",684043,0
"\W|$",684044,0
"\W|$",684046,0
"\W|$",684047,0
"\W|$",684049,0
"\W|$",684054,0
"\W|$",684055,0
"\W|$",684241,0
"\W|$",684242,0
"\W|$",684245,0
"\W|$",684247,0
"\W|$",684249,0
"\W|$",684253,0
"\W|$",684257,0
"\W|$",684261,0
"\W|$",684262,0
"\W|$",684266,0
"\W|$",684269,0
"\W|$",684270,0
"\W|$",684272,0
"\W|$",685682,0
"\W|$",685470,0
"\W|$",685471,0
"\W|$",685472,0
"\W|$",685473,0
"\W|$",685479,0
"\W|$",685480,0
"\W|$",685484,0
"\W|$",685486,0
"\W|$",685487,0
"\W|$",685489,0
"\W|$",685496,0
"\W|$",685497,0
"\W|$",685499,0
"\W|$",685500,0
"\W|$",685933,0
"\W|$",685936,0
"\W|$",685939,0
"\W|$",685940,0
"\W|$",685944,0
"\W|$",685945,0
"\W|$",685947,0
"\W|$",685948,0
"\W|$",685949,0
"\W|$",685951,0
"\W|$",685952,0
"\W|$",685954,0
"\W|$",685955,0
"\W|$",685957,0
"\W|$",685966,0
"\W|$",686374,0
"\W|$",686376,0
"\W|$",686379,0
"\W|$",686383,0
"\W|$",686384,0
"\W|$",686387,0
"\W|$",686388,0
"\W|$",686390,0
"\W|$",686391,0
"\W|$",686393,0
"\W|$",686394,0
"\W|$",686395,0
"\W|$",686396,0
"\W|$",686398,0
"\W|$",686399,0
"\W|$",686401,0
"\W|$",686404,0
"\W|$",686406,0
"\W|$",686407,0
"\W|$",686410,0
"\W|$",686284,0
"\W|$",686285,0
"\W|$",686288,0
"\W|$",686289,0
"\W|$",686292,0
"\W|$",686293,0
"\W|$",686295,0
"\W|$",686296,0
"\W|$",686298,0
"\W|$",686300,0
"\W|$",686303,0
"\W|$",686304,0
"\W|$",686306,0
"\W|$",686307,0
"\W|$",686308,0
"\W|$",686309,0
"\W|$",686311,0
"\W|$",686312,0
"\W|$",686313,0
"\W|$",686314,0
"\W|$",686317,0
"\W|$",686318,0
"\W|$",686323,0
"\W|$",686326,0
"\W|$",686328,0
"\W|$",686330,0
"\W|$",686333,0
"\W|$",686335,0
"\W|$",686342,0
"\W|$",686343,0
"\W|$",686344,0
"\W|$",686349,0
"\W|$",686350,0
"\W|$",686352,0
"\W|$",686353,0
"\W|$",686354,0
"\W|$",686355,0
"\W|$",686356,0
"\W|$",686359,0
"\W|$",686360,0
"\W|$",686883,0
"\W|$",686886,0
"\W|$",686888,0
"\W|$",686890,0
"\W|$",686892,0
"\W|$",686893,0
"\W|$",686896,0
"\W|$",686899,0
"\W|$",686903,0
"\W|$",686907,0
"\W|$",686910,0
"\W|$",686911,0
"\W|$",686913,0
"\W|$",686914,0
"\W|$",686915,0
"\W|$",686917,0
"\W|$",686920,0
"\W|$",686921,0
"\W|$",686924,0
"\W|$",686925,0
"\W|$",686928,0
"\W|$",686929,0
"\W|$",686930,0
"\W|$",686932,0
"\W|$",686933,0
"\W|$",686935,0
"\W|$",686936,0
"\W|$",686937,0
"\W|$",686938,0
"\W|$",686939,0
"\W|$",686941,0
"\W|$",686944,0
"\W|$",686945,0
"\W|$",686946,0
"\W|$",686948,0
"\W|$",686949,0
"\W|$",686951,0
"\W|$",686952,0
"\W|$",686955,0
"\W|$",686956,0
"\W|$",686958,0
"\W|$",686959,0
"\W|$",686961,0
"\W|$",686968,0
"\W|$",686969,0
"\W|$",686971,0
"\W|$",686972,0
"\W|$",686974,0
"\W|$",686975,0
"\W|$",686977,0
"\W|$",686979,0
"\W|$",686980,0
"\W|$",686981,0
"\W|$",686983,0
"\W|$",686991,0
"\W|$",686993,0
"\W|$",686994,0
"\W|$",686995,0
"\W|$",686997,0
"\W|$",686998,0
"\W|$",686999,0
"\W|$",687000,0
"\W|$",687003,0
"\W|$",687004,0
"\W|$",687006,0
"\W|$",687008,0
"\W|$",860309,0
"\W|$",860310,0
"\W|$",687011,0
"\W|$",687012,0
"\W|$",687013,0
"\W|$",687015,0
"\W|$",687017,0
"\W|$",687020,0
"\W|$",687022,0
"\W|$",687024,0
"\W|$",687025,0
"\W|$",687026,0
"\W|$",687029,0
"\W|$",687031,0
"\W|$",687032,0
"\W|$",687033,0
"\W|$",687035,0
"\W|$",687036,0
"\W|$",687037,0
"\W|$",687039,0
"\W|$",860312,0
"\W|$",860313,0
"\W|$",860314,0
"\W|$",687040,0
"\W|$",687042,0
"\W|$",687044,0
"\W|$",687045,0
"\W|$",687046,0
"\W|$",687050,0
"\W|$",687052,0
"\W|$",687053,0
"\W|$",687057,0
"\W|$",687060,0
"\W|$",687061,0
"\W|$",687243,0
"\W|$",687245,0
"\W|$",687247,0
"\W|$",687248,0
"\W|$",687250,0
"\W|$",687581,0
"\W|$",687582,0
"\W|$",687583,0
"\W|$",687584,0
"\W|$",687585,0
"\W|$",687586,0
"\W|$",687587,0
"\W|$",687588,0
"\W|$",687590,0
"\W|$",687591,0
"\W|$",687593,0
"\W|$",687596,0
"\W|$",687776,0
"\W|$",687777,0
"\W|$",687781,0
"\W|$",687783,0
"\W|$",687785,0
"\W|$",687786,0
"\W|$",687787,0
"\W|$",687790,0
"\W|$",687791,0
"\W|$",687792,0
"\W|$",860318,0
"\W|$",687793,0
"\W|$",687795,0
"\W|$",687796,0
"\W|$",687797,0
"\W|$",687798,0
"\W|$",687801,0
"\W|$",687802,0
"\W|$",687805,0
"\W|$",687806,0
"\W|$",687597,0
"\W|$",687600,0
"\W|$",687603,0
"\W|$",687605,0
"\W|$",687607,0
"\W|$",687612,0
"\W|$",687613,0
"\W|$",687615,0
"\W|$",687617,0
"\W|$",687618,0
"\W|$",687619,0
"\W|$",687620,0
"\W|$",687621,0
"\W|$",687625,0
"\W|$",687627,0
"\W|$",687632,0
"\W|$",687633,0
"\W|$",687634,0
"\W|$",687636,0
"\W|$",687637,0
"\W|$",687638,0
"\W|$",687641,0
"\W|$",687642,0
"\W|$",687142,0
"\W|$",687143,0
"\W|$",860315,0
"\W|$",687144,0
"\W|$",687145,0
"\W|$",687147,0
"\W|$",687148,0
"\W|$",687150,0
"\W|$",687152,0
"\W|$",687153,0
"\W|$",687156,0
"\W|$",687157,0
"\W|$",687158,0
"\W|$",687160,0
"\W|$",687165,0
"\W|$",687166,0
"\W|$",687168,0
"\W|$",687173,0
"\W|$",687174,0
"\W|$",687175,0
"\W|$",860317,0
"\W|$",685537,0
"\W|$",685538,0
"\W|$",685539,0
"\W|$",685541,0
"\W|$",685542,0
"\W|$",685543,0
"\W|$",685544,0
"\W|$",685545,0
"\W|$",685546,0
"\W|$",685548,0
"\W|$",685549,0
"\W|$",685550,0
"\W|$",685551,0
"\W|$",685552,0
"\W|$",685553,0
"\W|$",685554,0
"\W|$",685556,0
"\W|$",685557,0
"\W|$",685564,0
"\W|$",685565,0
"\W|$",685566,0
"\W|$",685568,0
"\W|$",685569,0
"\W|$",685501,0
"\W|$",685503,0
"\W|$",685507,0
"\W|$",685508,0
"\W|$",685509,0
"\W|$",685510,0
"\W|$",685511,0
"\W|$",685512,0
"\W|$",685516,0
"\W|$",685517,0
"\W|$",685519,0
"\W|$",685520,0
"\W|$",685524,0
"\W|$",685525,0
"\W|$",685533,0
"\W|$",685967,0
"\W|$",685968,0
"\W|$",685969,0
"\W|$",685975,0
"\W|$",685976,0
"\W|$",685978,0
"\W|$",685980,0
"\W|$",685984,0
"\W|$",685985,0
"\W|$",685986,0
"\W|$",685988,0
"\W|$",685989,0
"\W|$",685990,0
"\W|$",685991,0
"\W|$",685992,0
"\W|$",685993,0
"\W|$",685995,0
"\W|$",685996,0
"\W|$",685999,0
"\W|$",686413,0
"\W|$",686414,0
"\W|$",686417,0
"\W|$",686418,0
"\W|$",686420,0
"\W|$",686421,0
"\W|$",686422,0
"\W|$",686423,0
"\W|$",686424,0
"\W|$",686427,0
"\W|$",686431,0
"\W|$",686433,0
"\W|$",686434,0
"\W|$",686435,0
"\W|$",686441,0
"\W|$",686442,0
"\W|$",860284,0
"\W|$",685570,0
"\W|$",685572,0
"\W|$",685573,0
"\W|$",685576,0
"\W|$",685580,0
"\W|$",685581,0
"\W|$",685584,0
"\W|$",685586,0
"\W|$",685587,0
"\W|$",685589,0
"\W|$",685590,0
"\W|$",685591,0
"\W|$",685592,0
"\W|$",685594,0
"\W|$",685596,0
"\W|$",685598,0
"\W|$",685599,0
"\W|$",685600,0
"\W|$",685603,0
"\W|$",685604,0
"\W|$",686038,0
"\W|$",686042,0
"\W|$",686043,0
"\W|$",686044,0
"\W|$",686047,0
"\W|$",686049,0
"\W|$",686051,0
"\W|$",686053,0
"\W|$",686054,0
"\W|$",686057,0
"\W|$",686058,0
"\W|$",686059,0
"\W|$",686061,0
"\W|$",686062,0
"\W|$",686063,0
"\W|$",686064,0
"\W|$",686070,0
"\W|$",686071,0
"\W|$",686187,0
"\W|$",686193,0
"\W|$",686196,0
"\W|$",686197,0
"\W|$",686198,0
"\W|$",686204,0
"\W|$",686208,0
"\W|$",686209,0
"\W|$",686210,0
"\W|$",686214,0
"\W|$",686446,0
"\W|$",686449,0
"\W|$",686450,0
"\W|$",686452,0
"\W|$",686453,0
"\W|$",686455,0
"\W|$",686456,0
"\W|$",686457,0
"\W|$",686460,0
"\W|$",686463,0
"\W|$",686464,0
"\W|$",686466,0
"\W|$",686468,0
"\W|$",686469,0
"\W|$",686470,0
"\W|$",686472,0
"\W|$",686473,0
"\W|$",686477,0
"\W|$",686478,0
"\W|$",685606,0
"\W|$",685607,0
"\W|$",685608,0
"\W|$",685610,0
"\W|$",685611,0
"\W|$",685612,0
"\W|$",685614,0
"\W|$",685616,0
"\W|$",685618,0
"\W|$",685619,0
"\W|$",685620,0
"\W|$",685622,0
"\W|$",685625,0
"\W|$",685626,0
"\W|$",685627,0
"\W|$",685628,0
"\W|$",685629,0
"\W|$",685631,0
"\W|$",685634,0
"\W|$",684626,0
"\W|$",686074,0
"\W|$",686075,0
"\W|$",686077,0
"\W|$",686078,0
"\W|$",686084,0
"\W|$",686086,0
"\W|$",686087,0
"\W|$",686088,0
"\W|$",686090,0
"\W|$",686091,0
"\W|$",686092,0
"\W|$",686094,0
"\W|$",686095,0
"\W|$",686096,0
"\W|$",686097,0
"\W|$",686099,0
"\W|$",686101,0
"\W|$",686216,0
"\W|$",686005,0
"\W|$",686006,0
"\W|$",686007,0
"\W|$",686008,0
"\W|$",686013,0
"\W|$",686019,0
"\W|$",686020,0
"\W|$",686022,0
"\W|$",686023,0
"\W|$",686024,0
"\W|$",686027,0
"\W|$",686030,0
"\W|$",686031,0
"\W|$",686035,0
"\W|$",686037,0
"\W|$",686480,0
"\W|$",686483,0
"\W|$",686484,0
"\W|$",686487,0
"\W|$",686488,0
"\W|$",686490,0
"\W|$",686495,0
"\W|$",686497,0
"\W|$",686498,0
"\W|$",686499,0
"\W|$",686501,0
"\W|$",686502,0
"\W|$",686503,0
"\W|$",860286,0
"\W|$",684627,0
"\W|$",684628,0
"\W|$",684629,0
"\W|$",684630,0
"\W|$",684633,0
"\W|$",684636,0
"\W|$",684637,0
"\W|$",684638,0
"\W|$",684640,0
"\W|$",684645,0
"\W|$",684647,0
"\W|$",684649,0
"\W|$",684650,0
"\W|$",684651,0
"\W|$",684653,0
"\W|$",684654,0
"\W|$",684659,0
"\W|$",686103,0
"\W|$",686104,0
"\W|$",686105,0
"\W|$",686106,0
"\W|$",686107,0
"\W|$",686111,0
"\W|$",686113,0
"\W|$",686115,0
"\W|$",686117,0
"\W|$",686118,0
"\W|$",686119,0
"\W|$",686121,0
"\W|$",686123,0
"\W|$",686125,0
"\W|$",686127,0
"\W|$",686128,0
"\W|$",686132,0
"\W|$",686533,0
"\W|$",686534,0
"\W|$",686536,0
"\W|$",686537,0
"\W|$",686538,0
"\W|$",686539,0
"\W|$",686541,0
"\W|$",686543,0
"\W|$",686545,0
"\W|$",686547,0
"\W|$",686549,0
"\W|$",686550,0
"\W|$",686505,0
"\W|$",686507,0
"\W|$",686508,0
"\W|$",686509,0
"\W|$",686510,0
"\W|$",686512,0
"\W|$",686513,0
"\W|$",686514,0
"\W|$",686517,0
"\W|$",686520,0
"\W|$",686521,0
"\W|$",686524,0
"\W|$",686526,0
"\W|$",686528,0
"\W|$",686531,0
"\W|$",686699,0
"\W|$",686702,0
"\W|$",686704,0
"\W|$",684660,0
"\W|$",684661,0
"\W|$",684662,0
"\W|$",684664,0
"\W|$",684667,0
"\W|$",684668,0
"\W|$",684669,0
"\W|$",684674,0
"\W|$",684678,0
"\W|$",684679,0
"\W|$",684682,0
"\W|$",684685,0
"\W|$",684687,0
"\W|$",684691,0
"\W|$",684694,0
"\W|$",685635,0
"\W|$",685638,0
"\W|$",685640,0
"\W|$",685642,0
"\W|$",685646,0
"\W|$",685647,0
"\W|$",685649,0
"\W|$",685149,0
"\W|$",685150,0
"\W|$",685155,0
"\W|$",685156,0
"\W|$",685157,0
"\W|$",685158,0
"\W|$",685160,0
"\W|$",685163,0
"\W|$",685164,0
"\W|$",685165,0
"\W|$",685166,0
"\W|$",686552,0
"\W|$",686553,0
"\W|$",686554,0
"\W|$",686555,0
"\W|$",686557,0
"\W|$",686558,0
"\W|$",686559,0
"\W|$",686560,0
"\W|$",686562,0
"\W|$",686563,0
"\W|$",686564,0
"\W|$",686568,0
"\W|$",686569,0
"\W|$",686570,0
"\W|$",686571,0
"\W|$",686574,0
"\W|$",686577,0
"\W|$",686578,0
"\W|$",686580,0
"\W|$",686581,0
"\W|$",686582,0
"\W|$",686584,0
"\W|$",686585,0
"\W|$",686706,0
"\W|$",686708,0
"\W|$",686709,0
"\W|$",686711,0
"\W|$",686712,0
"\W|$",686713,0
"\W|$",686714,0
"\W|$",686716,0
"\W|$",686717,0
"\W|$",686718,0
"\W|$",686720,0
"\W|$",686721,0
"\W|$",686722,0
"\W|$",686723,0
"\W|$",686726,0
"\W|$",686728,0
"\W|$",686732,0
"\W|$",686734,0
"\W|$",687252,0
"\W|$",687253,0
"\W|$",687254,0
"\W|$",684697,0
"\W|$",684698,0
"\W|$",684700,0
"\W|$",684705,0
"\W|$",684706,0
"\W|$",684707,0
"\W|$",684708,0
"\W|$",684711,0
"\W|$",684712,0
"\W|$",684713,0
"\W|$",684714,0
"\W|$",684717,0
"\W|$",684718,0
"\W|$",684720,0
"\W|$",684721,0
"\W|$",684723,0
"\W|$",684724,0
"\W|$",684725,0
"\W|$",684726,0
"\W|$",685169,0
"\W|$",685170,0
"\W|$",685173,0
"\W|$",685175,0
"\W|$",685176,0
"\W|$",685177,0
"\W|$",685179,0
"\W|$",685180,0
"\W|$",685181,0
"\W|$",685182,0
"\W|$",685184,0
"\W|$",685185,0
"\W|$",685188,0
"\W|$",685189,0
"\W|$",685190,0
"\W|$",685191,0
"\W|$",685192,0
"\W|$",685195,0
"\W|$",686587,0
"\W|$",686588,0
"\W|$",686591,0
"\W|$",686593,0
"\W|$",686596,0
"\W|$",686598,0
"\W|$",686599,0
"\W|$",686600,0
"\W|$",686604,0
"\W|$",686605,0
"\W|$",686607,0
"\W|$",686608,0
"\W|$",686616,0
"\W|$",686617,0
"\W|$",686618,0
"\W|$",686620,0
"\W|$",687255,0
"\W|$",687258,0
"\W|$",687260,0
"\W|$",687261,0
"\W|$",687264,0
"\W|$",687265,0
"\W|$",687267,0
"\W|$",687268,0
"\W|$",687275,0
"\W|$",687276,0
"\W|$",687063,0
"\W|$",687065,0
"\W|$",687066,0
"\W|$",687067,0
"\W|$",687071,0
"\W|$",684728,0
"\W|$",684730,0
"\W|$",684731,0
"\W|$",684733,0
"\W|$",684735,0
"\W|$",684737,0
"\W|$",684739,0
"\W|$",684740,0
"\W|$",684741,0
"\W|$",684745,0
"\W|$",684746,0
"\W|$",684747,0
"\W|$",684748,0
"\W|$",684749,0
"\W|$",685291,0
"\W|$",685293,0
"\W|$",685294,0
"\W|$",685295,0
"\W|$",685296,0
"\W|$",685298,0
"\W|$",685300,0
"\W|$",685199,0
"\W|$",685200,0
"\W|$",685202,0
"\W|$",685204,0
"\W|$",685206,0
"\W|$",685207,0
"\W|$",685208,0
"\W|$",685210,0
"\W|$",685211,0
"\W|$",685214,0
"\W|$",685215,0
"\W|$",685216,0
"\W|$",685217,0
"\W|$",685219,0
"\W|$",685220,0
"\W|$",685222,0
"\W|$",685223,0
"\W|$",685225,0
"\W|$",685226,0
"\W|$",685228,0
"\W|$",685229,0
"\W|$",686134,0
"\W|$",686136,0
"\W|$",686138,0
"\W|$",686139,0
"\W|$",686143,0
"\W|$",686147,0
"\W|$",686150,0
"\W|$",686151,0
"\W|$",686154,0
"\W|$",686156,0
"\W|$",686159,0
"\W|$",686160,0
"\W|$",686162,0
"\W|$",686163,0
"\W|$",686164,0
"\W|$",686165,0
"\W|$",686166,0
"\W|$",687074,0
"\W|$",687075,0
"\W|$",687076,0
"\W|$",687078,0
"\W|$",687081,0
"\W|$",687084,0
"\W|$",687085,0
"\W|$",687086,0
"\W|$",687090,0
"\W|$",687092,0
"\W|$",687093,0
"\W|$",687095,0
"\W|$",687096,0
"\W|$",687102,0
"\W|$",687104,0
"\W|$",687106,0
"\W|$",860294,0
"\W|$",685304,0
"\W|$",685305,0
"\W|$",685306,0
"\W|$",685312,0
"\W|$",685313,0
"\W|$",685314,0
"\W|$",685316,0
"\W|$",685319,0
"\W|$",685320,0
"\W|$",685322,0
"\W|$",685324,0
"\W|$",685326,0
"\W|$",685327,0
"\W|$",685332,0
"\W|$",685334,0
"\W|$",685231,0
"\W|$",685233,0
"\W|$",685235,0
"\W|$",685237,0
"\W|$",685238,0
"\W|$",685241,0
"\W|$",685243,0
"\W|$",685246,0
"\W|$",685247,0
"\W|$",685249,0
"\W|$",685251,0
"\W|$",685253,0
"\W|$",685255,0
"\W|$",685256,0
"\W|$",685257,0
"\W|$",685260,0
"\W|$",685261,0
"\W|$",685264,0
"\W|$",685265,0
"\W|$",686168,0
"\W|$",686173,0
"\W|$",686176,0
"\W|$",686179,0
"\W|$",686180,0
"\W|$",685683,0
"\W|$",685686,0
"\W|$",685687,0
"\W|$",685690,0
"\W|$",685691,0
"\W|$",685692,0
"\W|$",685693,0
"\W|$",685695,0
"\W|$",687110,0
"\W|$",687111,0
"\W|$",687113,0
"\W|$",687114,0
"\W|$",687116,0
"\W|$",687118,0
"\W|$",687119,0
"\W|$",687126,0
"\W|$",687131,0
"\W|$",687132,0
"\W|$",687134,0
"\W|$",687138,0
"\W|$",687139,0
"\W|$",686622,0
"\W|$",686623,0
"\W|$",685335,0
"\W|$",685336,0
"\W|$",685338,0
"\W|$",685340,0
"\W|$",685341,0
"\W|$",685342,0
"\W|$",685344,0
"\W|$",685348,0
"\W|$",685351,0
"\W|$",685352,0
"\W|$",685354,0
"\W|$",685358,0
"\W|$",685359,0
"\W|$",685361,0
"\W|$",685367,0
"\W|$",685368,0
"\W|$",685369,0
"\W|$",685370,0
"\W|$",685266,0
"\W|$",685267,0
"\W|$",685271,0
"\W|$",685272,0
"\W|$",685275,0
"\W|$",685279,0
"\W|$",685280,0
"\W|$",685283,0
"\W|$",685284,0
"\W|$",685287,0
"\W|$",685289,0
"\W|$",685822,0
"\W|$",685823,0
"\W|$",685827,0
"\W|$",685828,0
"\W|$",685696,0
"\W|$",685697,0
"\W|$",685705,0
"\W|$",685706,0
"\W|$",685709,0
"\W|$",685712,0
"\W|$",685713,0
"\W|$",685714,0
"\W|$",685716,0
"\W|$",685717,0
"\W|$",685719,0
"\W|$",685723,0
"\W|$",685724,0
"\W|$",685725,0
"\W|$",685726,0
"\W|$",685727,0
"\W|$",685728,0
"\W|$",686625,0
"\W|$",686626,0
"\W|$",686627,0
"\W|$",686628,0
"\W|$",686629,0
"\W|$",686630,0
"\W|$",686631,0
"\W|$",686632,0
"\W|$",686633,0
"\W|$",686634,0
"\W|$",686637,0
"\W|$",686638,0
"\W|$",686639,0
"\W|$",686641,0
"\W|$",686645,0
"\W|$",686647,0
"\W|$",686648,0
"\W|$",686654,0
"\W|$",686655,0
"\W|$",686656,0
"\W|$",685371,0
"\W|$",685372,0
"\W|$",685374,0
"\W|$",685376,0
"\W|$",685379,0
"\W|$",685380,0
"\W|$",685383,0
"\W|$",685384,0
"\W|$",685389,0
"\W|$",685390,0
"\W|$",685394,0
"\W|$",685395,0
"\W|$",685396,0
"\W|$",685399,0
"\W|$",685400,0
"\W|$",685401,0
"\W|$",685402,0
"\W|$",685403,0
"\W|$",685830,0
"\W|$",685833,0
"\W|$",685834,0
"\W|$",685835,0
"\W|$",685836,0
"\W|$",685837,0
"\W|$",685839,0
"\W|$",685842,0
"\W|$",685845,0
"\W|$",685846,0
"\W|$",685852,0
"\W|$",685853,0
"\W|$",685854,0
"\W|$",685856,0
"\W|$",685857,0
"\W|$",685859,0
"\W|$",685861,0
"\W|$",685730,0
"\W|$",685731,0
"\W|$",685733,0
"\W|$",685735,0
"\W|$",685739,0
"\W|$",685740,0
"\W|$",685743,0
"\W|$",685747,0
"\W|$",685748,0
"\W|$",685750,0
"\W|$",685753,0
"\W|$",685755,0
"\W|$",685756,0
"\W|$",685757,0
"\W|$",685758,0
"\W|$",860275,0
"\W|$",686662,0
"\W|$",686664,0
"\W|$",686665,0
"\W|$",686672,0
"\W|$",686673,0
"\W|$",686676,0
"\W|$",686677,0
"\W|$",686679,0
"\W|$",686680,0
"\W|$",686681,0
"\W|$",686684,0
"\W|$",686686,0
"\W|$",686687,0
"\W|$",686693,0
"\W|$",686694,0
"\W|$",685408,0
"\W|$",685409,0
"\W|$",685410,0
"\W|$",685413,0
"\W|$",685416,0
"\W|$",685418,0
"\W|$",685425,0
"\W|$",685427,0
"\W|$",685428,0
"\W|$",685430,0
"\W|$",685434,0
"\W|$",685436,0
"\W|$",685437,0
"\W|$",685863,0
"\W|$",685867,0
"\W|$",685868,0
"\W|$",685870,0
"\W|$",685871,0
"\W|$",685872,0
"\W|$",685873,0
"\W|$",685874,0
"\W|$",685875,0
"\W|$",685877,0
"\W|$",685878,0
"\W|$",685879,0
"\W|$",685882,0
"\W|$",685884,0
"\W|$",685885,0
"\W|$",685887,0
"\W|$",685888,0
"\W|$",685889,0
"\W|$",685892,0
"\W|$",685893,0
"\W|$",685760,0
"\W|$",685762,0
"\W|$",685763,0
"\W|$",685765,0
"\W|$",685766,0
"\W|$",685772,0
"\W|$",685774,0
"\W|$",685775,0
"\W|$",685778,0
"\W|$",685783,0
"\W|$",685785,0
"\W|$",685786,0
"\W|$",685788,0
"\W|$",685789,0
"\W|$",685790,0
"\W|$",685793,0
"\W|$",685794,0
"\W|$",860278,0
"\W|$",686697,0
"\W|$",686218,0
"\W|$",686219,0
"\W|$",686220,0
"\W|$",686221,0
"\W|$",686223,0
"\W|$",686225,0
"\W|$",686230,0
"\W|$",686235,0
"\W|$",686236,0
"\W|$",686239,0
"\W|$",686240,0
"\W|$",686243,0
"\W|$",686245,0
"\W|$",686246,0
"\W|$",860301,0
"\W|$",685440,0
"\W|$",685441,0
"\W|$",685443,0
"\W|$",685444,0
"\W|$",685445,0
"\W|$",685446,0
"\W|$",685447,0
"\W|$",685449,0
"\W|$",685450,0
"\W|$",685451,0
"\W|$",685453,0
"\W|$",685454,0
"\W|$",685455,0
"\W|$",685456,0
"\W|$",685457,0
"\W|$",685459,0
"\W|$",685461,0
"\W|$",685464,0
"\W|$",685465,0
"\W|$",685467,0
"\W|$",685468,0
"\W|$",685469,0
"\W|$",685650,0
"\W|$",685896,0
"\W|$",685897,0
"\W|$",685901,0
"\W|$",685902,0
"\W|$",685904,0
"\W|$",685906,0
"\W|$",685907,0
"\W|$",685908,0
"\W|$",685909,0
"\W|$",685911,0
"\W|$",685912,0
"\W|$",685913,0
"\W|$",685914,0
"\W|$",685916,0
"\W|$",685918,0
"\W|$",685920,0
"\W|$",685924,0
"\W|$",685926,0
"\W|$",685928,0
"\W|$",685798,0
"\W|$",685801,0
"\W|$",685802,0
"\W|$",685804,0
"\W|$",685806,0
"\W|$",685808,0
"\W|$",685813,0
"\W|$",685814,0
"\W|$",685819,0
"\W|$",686362,0
"\W|$",686363,0
"\W|$",686365,0
"\W|$",686366,0
"\W|$",686370,0
"\W|$",686371,0
"\W|$",686372,0
"\W|$",860279,0
"\W|$",860280,0
"\W|$",686250,0
"\W|$",686253,0
"\W|$",686255,0
"\W|$",686256,0
"\W|$",686258,0
"\W|$",686261,0
"\W|$",686263,0
"\W|$",686264,0
"\W|$",686266,0
"\W|$",686267,0
"\W|$",686270,0
"\W|$",686271,0
"\W|$",686272,0
"\W|$",686276,0
"\W|$",686281,0
"\W|$",686282,0
"\W|$",685653,0
"\W|$",685654,0
"\W|$",685656,0
"\W|$",685657,0
"\W|$",685660,0
"\W|$",685666,0
"\W|$",685667,0
"\W|$",685668,0
"\W|$",685669,0
"\W|$",685670,0
"\W|$",685672,0
"\W|$",685673,0
"\W|$",685674,0
"\W|$",685675,0
"\W|$",685676,0
"\W|$",685677,0
"\W|$",685680,0
"\W|$",685681,0
"\W|$",688339,0
"\W|$",688341,0
"\W|$",688342,0
"\W|$",688343,0
"\W|$",688345,0
"\W|$",688346,0
"\W|$",688347,0
"\W|$",688348,0
"\W|$",688349,0
"\W|$",688133,0
"\W|$",688138,0
"\W|$",688139,0
"\W|$",688141,0
"\W|$",688142,0
"\W|$",688144,0
"\W|$",688145,0
"\W|$",687648,0
"\W|$",687651,0
"\W|$",687653,0
"\W|$",687654,0
"\W|$",687655,0
"\W|$",688611,0
"\W|$",688612,0
"\W|$",688613,0
"\W|$",688616,0
"\W|$",688617,0
"\W|$",688618,0
"\W|$",688619,0
"\W|$",688620,0
"\W|$",688622,0
"\W|$",688625,0
"\W|$",688626,0
"\W|$",688627,0
"\W|$",688635,0
"\W|$",688636,0
"\W|$",688637,0
"\W|$",688640,0
"\W|$",688641,0
"\W|$",688642,0
"\W|$",688644,0
"\W|$",688646,0
"\W|$",688539,0
"\W|$",688544,0
"\W|$",688550,0
"\W|$",688551,0
"\W|$",688553,0
"\W|$",688554,0
"\W|$",688557,0
"\W|$",688559,0
"\W|$",688566,0
"\W|$",688568,0
"\W|$",688569,0
"\W|$",688572,0
"\W|$",688573,0
"\W|$",688574,0
"\W|$",688575,0
"\W|$",688576,0
"\W|$",688578,0
"\W|$",688439,0
"\W|$",688440,0
"\W|$",688442,0
"\W|$",688443,0
"\W|$",688444,0
"\W|$",688446,0
"\W|$",688448,0
"\W|$",688455,0
"\W|$",688456,0
"\W|$",688457,0
"\W|$",688458,0
"\W|$",688459,0
"\W|$",688460,0
"\W|$",688461,0
"\W|$",688462,0
"\W|$",688463,0
"\W|$",688464,0
"\W|$",688466,0
"\W|$",688468,0
"\W|$",688471,0
"\W|$",688472,0
"\W|$",688474,0
"\W|$",688475,0
"\W|$",688477,0
"\W|$",688479,0
"\W|$",688480,0
"\W|$",688482,0
"\W|$",688483,0
"\W|$",688485,0
"\W|$",688489,0
"\W|$",688491,0
"\W|$",688496,0
"\W|$",689052,0
"\W|$",689054,0
"\W|$",689055,0
"\W|$",689056,0
"\W|$",689057,0
"\W|$",689060,0
"\W|$",689061,0
"\W|$",689062,0
"\W|$",689063,0
"\W|$",689064,0
"\W|$",689066,0
"\W|$",689067,0
"\W|$",689068,0
"\W|$",689074,0
"\W|$",689077,0
"\W|$",689078,0
"\W|$",689080,0
"\W|$",689081,0
"\W|$",689082,0
"\W|$",689084,0
"\W|$",689086,0
"\W|$",689088,0
"\W|$",689089,0
"\W|$",689091,0
"\W|$",689092,0
"\W|$",689093,0
"\W|$",689094,0
"\W|$",689096,0
"\W|$",689097,0
"\W|$",689098,0
"\W|$",689099,0
"\W|$",689101,0
"\W|$",689102,0
"\W|$",689103,0
"\W|$",689107,0
"\W|$",689112,0
"\W|$",689115,0
"\W|$",689116,0
"\W|$",689119,0
"\W|$",689121,0
"\W|$",689122,0
"\W|$",689123,0
"\W|$",689125,0
"\W|$",689126,0
"\W|$",689643,0
"\W|$",689645,0
"\W|$",689647,0
"\W|$",689648,0
"\W|$",689650,0
"\W|$",689652,0
"\W|$",689653,0
"\W|$",689654,0
"\W|$",689655,0
"\W|$",689656,0
"\W|$",689658,0
"\W|$",689659,0
"\W|$",689662,0
"\W|$",689666,0
"\W|$",689667,0
"\W|$",689670,0
"\W|$",689672,0
"\W|$",689673,0
"\W|$",689674,0
"\W|$",689676,0
"\W|$",689680,0
"\W|$",689682,0
"\W|$",689685,0
"\W|$",689686,0
"\W|$",689687,0
"\W|$",689688,0
"\W|$",689691,0
"\W|$",689692,0
"\W|$",689694,0
"\W|$",689695,0
"\W|$",689696,0
"\W|$",689701,0
"\W|$",689702,0
"\W|$",689705,0
"\W|$",689709,0
"\W|$",689712,0
"\W|$",689716,0
"\W|$",689718,0
"\W|$",689719,0
"\W|$",689723,0
"\W|$",689724,0
"\W|$",689726,0
"\W|$",689727,0
"\W|$",689728,0
"\W|$",689729,0
"\W|$",689730,0
"\W|$",689731,0
"\W|$",689733,0
"\W|$",689734,0
"\W|$",689740,0
"\W|$",689741,0
"\W|$",689742,0
"\W|$",689236,0
"\W|$",689237,0
"\W|$",689240,0
"\W|$",689419,0
"\W|$",689420,0
"\W|$",689423,0
"\W|$",689424,0
"\W|$",689425,0
"\W|$",689427,0
"\W|$",689429,0
"\W|$",689430,0
"\W|$",689432,0
"\W|$",689433,0
"\W|$",689435,0
"\W|$",689436,0
"\W|$",689437,0
"\W|$",689439,0
"\W|$",689440,0
"\W|$",689442,0
"\W|$",689443,0
"\W|$",689447,0
"\W|$",689451,0
"\W|$",689241,0
"\W|$",689245,0
"\W|$",689246,0
"\W|$",689250,0
"\W|$",689251,0
"\W|$",689253,0
"\W|$",689254,0
"\W|$",689255,0
"\W|$",689258,0
"\W|$",689262,0
"\W|$",689264,0
"\W|$",689265,0
"\W|$",689267,0
"\W|$",689268,0
"\W|$",689270,0
"\W|$",689271,0
"\W|$",689272,0
"\W|$",689274,0
"\W|$",689275,0
"\W|$",689276,0
"\W|$",689279,0
"\W|$",689283,0
"\W|$",689285,0
"\W|$",689287,0
"\W|$",689289,0
"\W|$",689293,0
"\W|$",689295,0
"\W|$",689300,0
"\W|$",689303,0
"\W|$",689304,0
"\W|$",689306,0
"\W|$",689308,0
"\W|$",689310,0
"\W|$",689315,0
"\W|$",689317,0
"\W|$",689319,0
"\W|$",689320,0
"\W|$",689321,0
"\W|$",689322,0
"\W|$",689323,0
"\W|$",689327,0
"\W|$",689328,0
"\W|$",689329,0
"\W|$",689330,0
"\W|$",689331,0
"\W|$",689333,0
"\W|$",689334,0
"\W|$",689337,0
"\W|$",689338,0
"\W|$",689340,0
"\W|$",689343,0
"\W|$",689344,0
"\W|$",689345,0
"\W|$",689347,0
"\W|$",689348,0
"\W|$",689349,0
"\W|$",689354,0
"\W|$",689355,0
"\W|$",689356,0
"\W|$",689358,0
"\W|$",689359,0
"\W|$",689360,0
"\W|$",689363,0
"\W|$",689364,0
"\W|$",689367,0
"\W|$",689369,0
"\W|$",689370,0
"\W|$",689371,0
"\W|$",689376,0
"\W|$",689377,0
"\W|$",687179,0
"\W|$",687182,0
"\W|$",687183,0
"\W|$",687185,0
"\W|$",687186,0
"\W|$",687188,0
"\W|$",687189,0
"\W|$",687190,0
"\W|$",687192,0
"\W|$",687195,0
"\W|$",687196,0
"\W|$",687199,0
"\W|$",687200,0
"\W|$",687202,0
"\W|$",687203,0
"\W|$",687207,0
"\W|$",687208,0
"\W|$",687210,0
"\W|$",860321,0
"\W|$",687656,0
"\W|$",687657,0
"\W|$",687658,0
"\W|$",687659,0
"\W|$",687660,0
"\W|$",687663,0
"\W|$",687664,0
"\W|$",687665,0
"\W|$",687666,0
"\W|$",687668,0
"\W|$",687669,0
"\W|$",687671,0
"\W|$",687674,0
"\W|$",687679,0
"\W|$",687680,0
"\W|$",687681,0
"\W|$",687683,0
"\W|$",687684,0
"\W|$",687689,0
"\W|$",688647,0
"\W|$",688648,0
"\W|$",688649,0
"\W|$",688650,0
"\W|$",688651,0
"\W|$",688652,0
"\W|$",688653,0
"\W|$",688655,0
"\W|$",688656,0
"\W|$",688660,0
"\W|$",688661,0
"\W|$",688664,0
"\W|$",688665,0
"\W|$",688671,0
"\W|$",688672,0
"\W|$",688673,0
"\W|$",688675,0
"\W|$",688676,0
"\W|$",688677,0
"\W|$",688680,0
"\W|$",688579,0
"\W|$",688581,0
"\W|$",688582,0
"\W|$",688583,0
"\W|$",688584,0
"\W|$",688588,0
"\W|$",688590,0
"\W|$",688591,0
"\W|$",688593,0
"\W|$",688594,0
"\W|$",688595,0
"\W|$",688599,0
"\W|$",689129,0
"\W|$",689130,0
"\W|$",689131,0
"\W|$",689132,0
"\W|$",689133,0
"\W|$",689137,0
"\W|$",687213,0
"\W|$",687214,0
"\W|$",687215,0
"\W|$",687217,0
"\W|$",687218,0
"\W|$",687219,0
"\W|$",687221,0
"\W|$",687222,0
"\W|$",687225,0
"\W|$",687226,0
"\W|$",687227,0
"\W|$",687229,0
"\W|$",687235,0
"\W|$",687237,0
"\W|$",687240,0
"\W|$",686737,0
"\W|$",687694,0
"\W|$",687696,0
"\W|$",687697,0
"\W|$",687698,0
"\W|$",687699,0
"\W|$",687700,0
"\W|$",687701,0
"\W|$",687702,0
"\W|$",687703,0
"\W|$",687706,0
"\W|$",687707,0
"\W|$",687709,0
"\W|$",687711,0
"\W|$",687713,0
"\W|$",687716,0
"\W|$",687717,0
"\W|$",687718,0
"\W|$",687719,0
"\W|$",687722,0
"\W|$",687724,0
"\W|$",687725,0
"\W|$",688681,0
"\W|$",688683,0
"\W|$",688684,0
"\W|$",688869,0
"\W|$",688870,0
"\W|$",688871,0
"\W|$",688872,0
"\W|$",688873,0
"\W|$",688875,0
"\W|$",688876,0
"\W|$",688877,0
"\W|$",688878,0
"\W|$",688879,0
"\W|$",688880,0
"\W|$",688149,0
"\W|$",688150,0
"\W|$",688153,0
"\W|$",688154,0
"\W|$",688158,0
"\W|$",689138,0
"\W|$",689140,0
"\W|$",689141,0
"\W|$",689143,0
"\W|$",689150,0
"\W|$",689154,0
"\W|$",689156,0
"\W|$",689157,0
"\W|$",689159,0
"\W|$",689160,0
"\W|$",689163,0
"\W|$",689165,0
"\W|$",689167,0
"\W|$",689170,0
"\W|$",689171,0
"\W|$",689172,0
"\W|$",689173,0
"\W|$",686739,0
"\W|$",686740,0
"\W|$",686742,0
"\W|$",686744,0
"\W|$",686745,0
"\W|$",686746,0
"\W|$",686748,0
"\W|$",686749,0
"\W|$",686751,0
"\W|$",686752,0
"\W|$",686755,0
"\W|$",686760,0
"\W|$",686762,0
"\W|$",686763,0
"\W|$",686766,0
"\W|$",686767,0
"\W|$",686768,0
"\W|$",686770,0
"\W|$",686771,0
"\W|$",686772,0
"\W|$",687726,0
"\W|$",687729,0
"\W|$",687730,0
"\W|$",687736,0
"\W|$",687737,0
"\W|$",687739,0
"\W|$",687741,0
"\W|$",687743,0
"\W|$",687744,0
"\W|$",687748,0
"\W|$",687749,0
"\W|$",687751,0
"\W|$",687752,0
"\W|$",687753,0
"\W|$",687755,0
"\W|$",688159,0
"\W|$",688163,0
"\W|$",688164,0
"\W|$",688165,0
"\W|$",688167,0
"\W|$",688168,0
"\W|$",688169,0
"\W|$",688171,0
"\W|$",688173,0
"\W|$",688174,0
"\W|$",688175,0
"\W|$",688177,0
"\W|$",688181,0
"\W|$",688182,0
"\W|$",688184,0
"\W|$",688189,0
"\W|$",688190,0
"\W|$",688191,0
"\W|$",689174,0
"\W|$",689175,0
"\W|$",689176,0
"\W|$",689177,0
"\W|$",689184,0
"\W|$",689185,0
"\W|$",689187,0
"\W|$",689189,0
"\W|$",689190,0
"\W|$",689191,0
"\W|$",689193,0
"\W|$",689197,0
"\W|$",689199,0
"\W|$",689200,0
"\W|$",689201,0
"\W|$",689205,0
"\W|$",689207,0
"\W|$",689209,0
"\W|$",689210,0
"\W|$",686773,0
"\W|$",686775,0
"\W|$",686777,0
"\W|$",686778,0
"\W|$",686779,0
"\W|$",686780,0
"\W|$",686781,0
"\W|$",686783,0
"\W|$",686787,0
"\W|$",686788,0
"\W|$",686790,0
"\W|$",686793,0
"\W|$",686795,0
"\W|$",686798,0
"\W|$",686800,0
"\W|$",686803,0
"\W|$",687758,0
"\W|$",687759,0
"\W|$",687763,0
"\W|$",687764,0
"\W|$",687765,0
"\W|$",687767,0
"\W|$",687768,0
"\W|$",687769,0
"\W|$",687770,0
"\W|$",687771,0
"\W|$",687774,0
"\W|$",687280,0
"\W|$",687281,0
"\W|$",687284,0
"\W|$",687287,0
"\W|$",687288,0
"\W|$",687290,0
"\W|$",688193,0
"\W|$",688194,0
"\W|$",688195,0
"\W|$",688197,0
"\W|$",688198,0
"\W|$",688200,0
"\W|$",688201,0
"\W|$",688202,0
"\W|$",688203,0
"\W|$",688204,0
"\W|$",688205,0
"\W|$",688208,0
"\W|$",688210,0
"\W|$",688212,0
"\W|$",688213,0
"\W|$",688215,0
"\W|$",688216,0
"\W|$",688220,0
"\W|$",688221,0
"\W|$",688222,0
"\W|$",688224,0
"\W|$",688225,0
"\W|$",688226,0
"\W|$",688227,0
"\W|$",689211,0
"\W|$",689212,0
"\W|$",689213,0
"\W|$",689215,0
"\W|$",689216,0
"\W|$",689217,0
"\W|$",689218,0
"\W|$",689219,0
"\W|$",689223,0
"\W|$",689230,0
"\W|$",689231,0
"\W|$",689233,0
"\W|$",688892,0
"\W|$",688893,0
"\W|$",688894,0
"\W|$",688895,0
"\W|$",686809,0
"\W|$",686810,0
"\W|$",686815,0
"\W|$",686817,0
"\W|$",686821,0
"\W|$",686822,0
"\W|$",686823,0
"\W|$",686825,0
"\W|$",686827,0
"\W|$",686829,0
"\W|$",686830,0
"\W|$",686832,0
"\W|$",686833,0
"\W|$",686839,0
"\W|$",687295,0
"\W|$",687296,0
"\W|$",687297,0
"\W|$",687300,0
"\W|$",687303,0
"\W|$",687307,0
"\W|$",687309,0
"\W|$",687311,0
"\W|$",687313,0
"\W|$",687314,0
"\W|$",687316,0
"\W|$",687319,0
"\W|$",687320,0
"\W|$",687321,0
"\W|$",687323,0
"\W|$",687325,0
"\W|$",687326,0
"\W|$",687329,0
"\W|$",688229,0
"\W|$",688232,0
"\W|$",688235,0
"\W|$",688240,0
"\W|$",688242,0
"\W|$",688244,0
"\W|$",688245,0
"\W|$",688247,0
"\W|$",688248,0
"\W|$",688253,0
"\W|$",688254,0
"\W|$",688255,0
"\W|$",688257,0
"\W|$",688258,0
"\W|$",688261,0
"\W|$",688263,0
"\W|$",688899,0
"\W|$",688901,0
"\W|$",688904,0
"\W|$",688689,0
"\W|$",688690,0
"\W|$",688691,0
"\W|$",688693,0
"\W|$",688694,0
"\W|$",688695,0
"\W|$",688700,0
"\W|$",688701,0
"\W|$",688702,0
"\W|$",688710,0
"\W|$",688713,0
"\W|$",686840,0
"\W|$",686841,0
"\W|$",686842,0
"\W|$",686844,0
"\W|$",686846,0
"\W|$",686847,0
"\W|$",686849,0
"\W|$",686850,0
"\W|$",686851,0
"\W|$",686852,0
"\W|$",686857,0
"\W|$",686865,0
"\W|$",686866,0
"\W|$",686868,0
"\W|$",686869,0
"\W|$",686870,0
"\W|$",686873,0
"\W|$",687330,0
"\W|$",687332,0
"\W|$",687333,0
"\W|$",687334,0
"\W|$",971583,0
"\W|$",687335,0
"\W|$",687336,0
"\W|$",687337,0
"\W|$",687339,0
"\W|$",687340,0
"\W|$",687342,0
"\W|$",687343,0
"\W|$",687346,0
"\W|$",687347,0
"\W|$",687349,0
"\W|$",687350,0
"\W|$",687352,0
"\W|$",687353,0
"\W|$",687360,0
"\W|$",687361,0
"\W|$",687362,0
"\W|$",687364,0
"\W|$",688266,0
"\W|$",688267,0
"\W|$",688268,0
"\W|$",688271,0
"\W|$",688274,0
"\W|$",688275,0
"\W|$",688276,0
"\W|$",688277,0
"\W|$",688278,0
"\W|$",688279,0
"\W|$",688281,0
"\W|$",688282,0
"\W|$",688283,0
"\W|$",688285,0
"\W|$",688288,0
"\W|$",688289,0
"\W|$",688291,0
"\W|$",688295,0
"\W|$",688718,0
"\W|$",688720,0
"\W|$",688722,0
"\W|$",688724,0
"\W|$",688725,0
"\W|$",688726,0
"\W|$",688728,0
"\W|$",688730,0
"\W|$",688731,0
"\W|$",688732,0
"\W|$",688734,0
"\W|$",688735,0
"\W|$",688736,0
"\W|$",688738,0
"\W|$",688740,0
"\W|$",688741,0
"\W|$",688744,0
"\W|$",686877,0
"\W|$",686878,0
"\W|$",687424,0
"\W|$",687425,0
"\W|$",687427,0
"\W|$",687428,0
"\W|$",687430,0
"\W|$",687432,0
"\W|$",687434,0
"\W|$",687435,0
"\W|$",687436,0
"\W|$",687437,0
"\W|$",687438,0
"\W|$",687439,0
"\W|$",687441,0
"\W|$",687442,0
"\W|$",687443,0
"\W|$",687445,0
"\W|$",687447,0
"\W|$",687450,0
"\W|$",687451,0
"\W|$",687365,0
"\W|$",687366,0
"\W|$",687367,0
"\W|$",687368,0
"\W|$",687369,0
"\W|$",687371,0
"\W|$",687374,0
"\W|$",687375,0
"\W|$",687376,0
"\W|$",687377,0
"\W|$",687379,0
"\W|$",687383,0
"\W|$",687385,0
"\W|$",687388,0
"\W|$",687390,0
"\W|$",687392,0
"\W|$",687396,0
"\W|$",688296,0
"\W|$",688299,0
"\W|$",688301,0
"\W|$",688302,0
"\W|$",688304,0
"\W|$",688305,0
"\W|$",688307,0
"\W|$",688309,0
"\W|$",688310,0
"\W|$",688311,0
"\W|$",688312,0
"\W|$",687808,0
"\W|$",687810,0
"\W|$",687811,0
"\W|$",687812,0
"\W|$",687813,0
"\W|$",687817,0
"\W|$",687818,0
"\W|$",687823,0
"\W|$",687824,0
"\W|$",688747,0
"\W|$",688749,0
"\W|$",688750,0
"\W|$",688751,0
"\W|$",688753,0
"\W|$",688757,0
"\W|$",688758,0
"\W|$",688759,0
"\W|$",688760,0
"\W|$",688761,0
"\W|$",688763,0
"\W|$",688765,0
"\W|$",688769,0
"\W|$",688771,0
"\W|$",688772,0
"\W|$",688775,0
"\W|$",688776,0
"\W|$",688778,0
"\W|$",688780,0
"\W|$",687457,0
"\W|$",687458,0
"\W|$",687460,0
"\W|$",687461,0
"\W|$",687462,0
"\W|$",687466,0
"\W|$",687468,0
"\W|$",687471,0
"\W|$",687472,0
"\W|$",687473,0
"\W|$",687474,0
"\W|$",687475,0
"\W|$",687478,0
"\W|$",687480,0
"\W|$",687481,0
"\W|$",687485,0
"\W|$",687488,0
"\W|$",687398,0
"\W|$",687399,0
"\W|$",687403,0
"\W|$",687404,0
"\W|$",687406,0
"\W|$",687408,0
"\W|$",687409,0
"\W|$",687410,0
"\W|$",687411,0
"\W|$",687412,0
"\W|$",687414,0
"\W|$",687415,0
"\W|$",687416,0
"\W|$",687418,0
"\W|$",687419,0
"\W|$",687421,0
"\W|$",687422,0
"\W|$",687950,0
"\W|$",687951,0
"\W|$",687954,0
"\W|$",687827,0
"\W|$",687828,0
"\W|$",687830,0
"\W|$",687831,0
"\W|$",687832,0
"\W|$",687835,0
"\W|$",687836,0
"\W|$",687838,0
"\W|$",687841,0
"\W|$",687843,0
"\W|$",687844,0
"\W|$",687846,0
"\W|$",687847,0
"\W|$",687849,0
"\W|$",687851,0
"\W|$",687852,0
"\W|$",687855,0
"\W|$",687856,0
"\W|$",688783,0
"\W|$",688785,0
"\W|$",688786,0
"\W|$",688788,0
"\W|$",688789,0
"\W|$",688791,0
"\W|$",688792,0
"\W|$",688793,0
"\W|$",688796,0
"\W|$",688797,0
"\W|$",688798,0
"\W|$",688799,0
"\W|$",688801,0
"\W|$",688802,0
"\W|$",688804,0
"\W|$",688805,0
"\W|$",688806,0
"\W|$",688807,0
"\W|$",688809,0
"\W|$",688814,0
"\W|$",688816,0
"\W|$",687489,0
"\W|$",687491,0
"\W|$",687493,0
"\W|$",687494,0
"\W|$",687495,0
"\W|$",687497,0
"\W|$",687499,0
"\W|$",687503,0
"\W|$",687505,0
"\W|$",687506,0
"\W|$",687507,0
"\W|$",687509,0
"\W|$",687511,0
"\W|$",687513,0
"\W|$",687514,0
"\W|$",687515,0
"\W|$",687516,0
"\W|$",687519,0
"\W|$",687520,0
"\W|$",687523,0
"\W|$",687955,0
"\W|$",687956,0
"\W|$",687958,0
"\W|$",687960,0
"\W|$",687961,0
"\W|$",687966,0
"\W|$",687967,0
"\W|$",687968,0
"\W|$",687971,0
"\W|$",687973,0
"\W|$",687974,0
"\W|$",687976,0
"\W|$",687978,0
"\W|$",687979,0
"\W|$",687980,0
"\W|$",687981,0
"\W|$",687982,0
"\W|$",687983,0
"\W|$",687986,0
"\W|$",687987,0
"\W|$",687858,0
"\W|$",687859,0
"\W|$",687863,0
"\W|$",687865,0
"\W|$",687866,0
"\W|$",687869,0
"\W|$",687870,0
"\W|$",687873,0
"\W|$",687874,0
"\W|$",687875,0
"\W|$",687878,0
"\W|$",687881,0
"\W|$",687884,0
"\W|$",687885,0
"\W|$",687886,0
"\W|$",687888,0
"\W|$",687889,0
"\W|$",687893,0
"\W|$",688817,0
"\W|$",688819,0
"\W|$",688820,0
"\W|$",688821,0
"\W|$",688829,0
"\W|$",688832,0
"\W|$",688833,0
"\W|$",688834,0
"\W|$",688835,0
"\W|$",688836,0
"\W|$",688837,0
"\W|$",688838,0
"\W|$",688839,0
"\W|$",688840,0
"\W|$",688843,0
"\W|$",688845,0
"\W|$",688846,0
"\W|$",688847,0
"\W|$",688852,0
"\W|$",687526,0
"\W|$",687527,0
"\W|$",687528,0
"\W|$",687529,0
"\W|$",687530,0
"\W|$",687533,0
"\W|$",687536,0
"\W|$",687537,0
"\W|$",687538,0
"\W|$",687539,0
"\W|$",687545,0
"\W|$",687546,0
"\W|$",687547,0
"\W|$",687548,0
"\W|$",687549,0
"\W|$",687989,0
"\W|$",687992,0
"\W|$",687994,0
"\W|$",687998,0
"\W|$",687999,0
"\W|$",688001,0
"\W|$",688003,0
"\W|$",688006,0
"\W|$",688007,0
"\W|$",688013,0
"\W|$",688015,0
"\W|$",688016,0
"\W|$",688018,0
"\W|$",688019,0
"\W|$",688021,0
"\W|$",688022,0
"\W|$",688024,0
"\W|$",688025,0
"\W|$",687894,0
"\W|$",687895,0
"\W|$",687897,0
"\W|$",687898,0
"\W|$",687899,0
"\W|$",687902,0
"\W|$",687904,0
"\W|$",687905,0
"\W|$",687906,0
"\W|$",687907,0
"\W|$",687909,0
"\W|$",687910,0
"\W|$",687911,0
"\W|$",687912,0
"\W|$",687913,0
"\W|$",687914,0
"\W|$",687915,0
"\W|$",687917,0
"\W|$",687923,0
"\W|$",687924,0
"\W|$",688854,0
"\W|$",688856,0
"\W|$",688857,0
"\W|$",688860,0
"\W|$",688861,0
"\W|$",688864,0
"\W|$",688865,0
"\W|$",688866,0
"\W|$",688868,0
"\W|$",688350,0
"\W|$",688351,0
"\W|$",688352,0
"\W|$",688361,0
"\W|$",688362,0
"\W|$",688366,0
"\W|$",688369,0
"\W|$",688370,0
"\W|$",687552,0
"\W|$",687553,0
"\W|$",687554,0
"\W|$",687555,0
"\W|$",687556,0
"\W|$",687561,0
"\W|$",687562,0
"\W|$",687564,0
"\W|$",687565,0
"\W|$",687567,0
"\W|$",687568,0
"\W|$",687569,0
"\W|$",687572,0
"\W|$",687576,0
"\W|$",687579,0
"\W|$",688086,0
"\W|$",688088,0
"\W|$",688090,0
"\W|$",688091,0
"\W|$",688092,0
"\W|$",688028,0
"\W|$",688029,0
"\W|$",688034,0
"\W|$",688035,0
"\W|$",688036,0
"\W|$",688038,0
"\W|$",688040,0
"\W|$",688043,0
"\W|$",688045,0
"\W|$",688047,0
"\W|$",688049,0
"\W|$",688050,0
"\W|$",688051,0
"\W|$",688052,0
"\W|$",688053,0
"\W|$",688054,0
"\W|$",688055,0
"\W|$",688057,0
"\W|$",688058,0
"\W|$",688059,0
"\W|$",688060,0
"\W|$",687926,0
"\W|$",687929,0
"\W|$",687932,0
"\W|$",687933,0
"\W|$",687934,0
"\W|$",687936,0
"\W|$",687937,0
"\W|$",687938,0
"\W|$",687939,0
"\W|$",687941,0
"\W|$",687942,0
"\W|$",687946,0
"\W|$",687949,0
"\W|$",688499,0
"\W|$",688502,0
"\W|$",688372,0
"\W|$",688375,0
"\W|$",688377,0
"\W|$",688380,0
"\W|$",688381,0
"\W|$",688382,0
"\W|$",688384,0
"\W|$",688387,0
"\W|$",688390,0
"\W|$",688391,0
"\W|$",688393,0
"\W|$",688394,0
"\W|$",688395,0
"\W|$",688397,0
"\W|$",688399,0
"\W|$",688403,0
"\W|$",688405,0
"\W|$",688094,0
"\W|$",688095,0
"\W|$",688096,0
"\W|$",688097,0
"\W|$",688098,0
"\W|$",688099,0
"\W|$",688100,0
"\W|$",688101,0
"\W|$",688105,0
"\W|$",688106,0
"\W|$",688107,0
"\W|$",688109,0
"\W|$",688110,0
"\W|$",688112,0
"\W|$",688113,0
"\W|$",688114,0
"\W|$",688116,0
"\W|$",688117,0
"\W|$",688120,0
"\W|$",688121,0
"\W|$",688122,0
"\W|$",688123,0
"\W|$",688062,0
"\W|$",688063,0
"\W|$",688064,0
"\W|$",688065,0
"\W|$",688068,0
"\W|$",688072,0
"\W|$",688074,0
"\W|$",688075,0
"\W|$",688077,0
"\W|$",688078,0
"\W|$",688080,0
"\W|$",688601,0
"\W|$",688604,0
"\W|$",688608,0
"\W|$",688505,0
"\W|$",688506,0
"\W|$",688509,0
"\W|$",688512,0
"\W|$",688516,0
"\W|$",688520,0
"\W|$",688522,0
"\W|$",688524,0
"\W|$",688526,0
"\W|$",688529,0
"\W|$",688533,0
"\W|$",688535,0
"\W|$",688537,0
"\W|$",688538,0
"\W|$",688406,0
"\W|$",688407,0
"\W|$",688409,0
"\W|$",688414,0
"\W|$",688415,0
"\W|$",688417,0
"\W|$",688420,0
"\W|$",688424,0
"\W|$",688426,0
"\W|$",688427,0
"\W|$",688428,0
"\W|$",688429,0
"\W|$",688430,0
"\W|$",688431,0
"\W|$",688432,0
"\W|$",688433,0
"\W|$",688435,0
"\W|$",688437,0
"\W|$",688124,0
"\W|$",688126,0
"\W|$",688128,0
"\W|$",688129,0
"\W|$",688130,0
"\W|$",688131,0
"\W|$",688313,0
"\W|$",688314,0
"\W|$",688315,0
"\W|$",688318,0
"\W|$",688320,0
"\W|$",688321,0
"\W|$",688322,0
"\W|$",688325,0
"\W|$",688330,0
"\W|$",688332,0
"\W|$",688333,0
"\W|$",688334,0
"\W|$",688335,0
"\W|$",688337,0
"\W|$",688338,0
"\W|$",689819,0
"\W|$",689821,0
"\W|$",689822,0
"\W|$",689825,0
"\W|$",689826,0
"\W|$",689828,0
"\W|$",689831,0
"\W|$",689832,0
"\W|$",689833,0
"\W|$",689835,0
"\W|$",689836,0
"\W|$",689837,0
"\W|$",689839,0
"\W|$",689841,0
"\W|$",689842,0
"\W|$",689848,0
"\W|$",689849,0
"\W|$",689851,0
"\W|$",684324,0
"\W|$",684332,0
"\W|$",684337,0
"\W|$",684357,0
"\W|$",684360,0
"\W|$",684364,0
"\W|$",684368,0
"\W|$",684371,0
"\W|$",684388,0
"\W|$",684395,0
"\W|$",684398,0
"\W|$",684424,0
"\W|$",684433,0
"\W|$",684435,0
"\W|$",689850,0
"\W|$",689854,0
"\W|$",689860,0
"\W|$",689878,0
"\W|$",689881,0
"\W|$",689885,0
"\W|$",689890,0
"\W|$",689898,0
"\W|$",689915,0
"\W|$",689921,0
"\W|$",689926,0
"\W|$",689951,0
"\W|$",689954,0
"\W|$",689960,0
"\W|$",689964,0
"\W|$",689966,0
"\W|$",686361,0
"\W|$",686364,0
"\W|$",686373,0
"\W|$",686378,0
"\W|$",686382,0
"\W|$",686397,0
"\W|$",686400,0
"\W|$",686403,0
"\W|$",686405,0
"\W|$",686412,0
"\W|$",686415,0
"\W|$",686440,0
"\W|$",688484,0
"\W|$",688487,0
"\W|$",688508,0
"\W|$",688511,0
"\W|$",688515,0
"\W|$",688521,0
"\W|$",688527,0
"\W|$",683739,0
"\W|$",683743,0
"\W|$",683750,0
"\W|$",683752,0
"\W|$",683771,0
"\W|$",683773,0
"\W|$",683778,0
"\W|$",683783,0
"\W|$",683786,0
"\W|$",683806,0
"\W|$",683810,0
"\W|$",683814,0
"\W|$",683820,0
"\W|$",683843,0
"\W|$",683854,0
"\W|$",683857,0
"\W|$",689971,0
"\W|$",689988,0
"\W|$",690000,0
"\W|$",721960,0
"\W|$",721963,0
"\W|$",684125,0
"\W|$",688542,0
"\W|$",688546,0
"\W|$",688549,0
"\W|$",688552,0
"\W|$",688555,0
"\W|$",688558,0
"\W|$",688567,0
"\W|$",688570,0
"\W|$",688589,0
"\W|$",688592,0
"\W|$",688597,0
"\W|$",688606,0
"\W|$",688621,0
"\W|$",686934,0
"\W|$",686940,0
"\W|$",686947,0
"\W|$",686950,0
"\W|$",686957,0
"\W|$",686973,0
"\W|$",686978,0
"\W|$",686982,0
"\W|$",686987,0
"\W|$",686992,0
"\W|$",687010,0
"\W|$",687016,0
"\W|$",687023,0
"\W|$",687027,0
"\W|$",687043,0
"\W|$",687047,0
"\W|$",687051,0
"\W|$",687056,0
"\W|$",683863,0
"\W|$",683889,0
"\W|$",683895,0
"\W|$",683899,0
"\W|$",683914,0
"\W|$",683918,0
"\W|$",683928,0
"\W|$",683933,0
"\W|$",683953,0
"\W|$",683956,0
"\W|$",683960,0
"\W|$",683968,0
"\W|$",687708,0
"\W|$",687712,0
"\W|$",687715,0
"\W|$",687723,0
"\W|$",685847,0
"\W|$",685851,0
"\W|$",685855,0
"\W|$",685860,0
"\W|$",685862,0
"\W|$",685866,0
"\W|$",685886,0
"\W|$",685891,0
"\W|$",685894,0
"\W|$",685898,0
"\W|$",685900,0
"\W|$",685903,0
"\W|$",685917,0
"\W|$",685919,0
"\W|$",685930,0
"\W|$",969522,0
"\W|$",687059,0
"\W|$",687062,0
"\W|$",689083,0
"\W|$",689087,0
"\W|$",689104,0
"\W|$",689108,0
"\W|$",689114,0
"\W|$",689120,0
"\W|$",689124,0
"\W|$",689144,0
"\W|$",689155,0
"\W|$",689158,0
"\W|$",689162,0
"\W|$",689188,0
"\W|$",689192,0
"\W|$",687728,0
"\W|$",687746,0
"\W|$",687750,0
"\W|$",687754,0
"\W|$",687757,0
"\W|$",687780,0
"\W|$",687784,0
"\W|$",687789,0
"\W|$",687794,0
"\W|$",687809,0
"\W|$",687815,0
"\W|$",687819,0
"\W|$",687822,0
"\W|$",687826,0
"\W|$",687829,0
"\W|$",687845,0
"\W|$",687848,0
"\W|$",689706,0
"\W|$",685934,0
"\W|$",685938,0
"\W|$",685941,0
"\W|$",685943,0
"\W|$",685958,0
"\W|$",689382,0
"\W|$",689383,0
"\W|$",689390,0
"\W|$",689391,0
"\W|$",689392,0
"\W|$",689398,0
"\W|$",689399,0
"\W|$",689400,0
"\W|$",689402,0
"\W|$",689403,0
"\W|$",689409,0
"\W|$",689410,0
"\W|$",689412,0
"\W|$",689852,0
"\W|$",689853,0
"\W|$",689855,0
"\W|$",689856,0
"\W|$",689857,0
"\W|$",689859,0
"\W|$",689862,0
"\W|$",689864,0
"\W|$",689866,0
"\W|$",689867,0
"\W|$",689868,0
"\W|$",689870,0
"\W|$",689875,0
"\W|$",689876,0
"\W|$",689877,0
"\W|$",689416,0
"\W|$",688908,0
"\W|$",688909,0
"\W|$",688910,0
"\W|$",688911,0
"\W|$",688913,0
"\W|$",688914,0
"\W|$",688915,0
"\W|$",688917,0
"\W|$",688918,0
"\W|$",688919,0
"\W|$",688922,0
"\W|$",688924,0
"\W|$",688927,0
"\W|$",688928,0
"\W|$",688929,0
"\W|$",688930,0
"\W|$",688933,0
"\W|$",688935,0
"\W|$",688937,0
"\W|$",688938,0
"\W|$",689879,0
"\W|$",689882,0
"\W|$",689883,0
"\W|$",689886,0
"\W|$",689887,0
"\W|$",689888,0
"\W|$",689891,0
"\W|$",689896,0
"\W|$",689899,0
"\W|$",689902,0
"\W|$",689903,0
"\W|$",689905,0
"\W|$",689906,0
"\W|$",689909,0
"\W|$",689910,0
"\W|$",683219,0
"\W|$",683222,0
"\W|$",683242,0
"\W|$",683245,0
"\W|$",683247,0
"\W|$",683258,0
"\W|$",683276,0
"\W|$",683280,0
"\W|$",688941,0
"\W|$",688942,0
"\W|$",688943,0
"\W|$",688945,0
"\W|$",688946,0
"\W|$",688947,0
"\W|$",688948,0
"\W|$",688949,0
"\W|$",688950,0
"\W|$",688951,0
"\W|$",688952,0
"\W|$",688955,0
"\W|$",688960,0
"\W|$",688963,0
"\W|$",688964,0
"\W|$",688965,0
"\W|$",688967,0
"\W|$",688969,0
"\W|$",688971,0
"\W|$",688972,0
"\W|$",689913,0
"\W|$",689916,0
"\W|$",689917,0
"\W|$",689924,0
"\W|$",689927,0
"\W|$",689928,0
"\W|$",689929,0
"\W|$",689932,0
"\W|$",689936,0
"\W|$",689938,0
"\W|$",689939,0
"\W|$",689941,0
"\W|$",689942,0
"\W|$",689945,0
"\W|$",689946,0
"\W|$",689947,0
"\W|$",683292,0
"\W|$",683296,0
"\W|$",683314,0
"\W|$",683317,0
"\W|$",683322,0
"\W|$",683330,0
"\W|$",683332,0
"\W|$",683355,0
"\W|$",683370,0
"\W|$",683388,0
"\W|$",688977,0
"\W|$",688981,0
"\W|$",688982,0
"\W|$",688985,0
"\W|$",688986,0
"\W|$",688987,0
"\W|$",688988,0
"\W|$",688989,0
"\W|$",688992,0
"\W|$",688993,0
"\W|$",688994,0
"\W|$",688995,0
"\W|$",688997,0
"\W|$",688999,0
"\W|$",689002,0
"\W|$",689948,0
"\W|$",689949,0
"\W|$",689950,0
"\W|$",689452,0
"\W|$",689454,0
"\W|$",689455,0
"\W|$",689456,0
"\W|$",689458,0
"\W|$",689459,0
"\W|$",689460,0
"\W|$",689461,0
"\W|$",689462,0
"\W|$",689463,0
"\W|$",689464,0
"\W|$",689465,0
"\W|$",689466,0
"\W|$",689467,0
"\W|$",689471,0
"\W|$",689472,0
"\W|$",689473,0
"\W|$",689474,0
"\W|$",689477,0
"\W|$",1132407,0
"\W|$",1132392,0
"\W|$",1132409,0
"\W|$",1132396,0
"\W|$",1132398,0
"\W|$",1132400,0
"\W|$",689004,0
"\W|$",689006,0
"\W|$",689007,0
"\W|$",689009,0
"\W|$",689011,0
"\W|$",689012,0
"\W|$",689013,0
"\W|$",689016,0
"\W|$",689017,0
"\W|$",689018,0
"\W|$",689020,0
"\W|$",689023,0
"\W|$",689024,0
"\W|$",689027,0
"\W|$",689029,0
"\W|$",689033,0
"\W|$",689480,0
"\W|$",689484,0
"\W|$",689486,0
"\W|$",689488,0
"\W|$",689490,0
"\W|$",689492,0
"\W|$",689493,0
"\W|$",689494,0
"\W|$",689498,0
"\W|$",689501,0
"\W|$",689502,0
"\W|$",689503,0
"\W|$",689504,0
"\W|$",689505,0
"\W|$",689508,0
"\W|$",689512,0
"\W|$",1315491,0
"\W|$",1315492,0
"\W|$",1315495,0
"\W|$",1315498,0
"\W|$",1315500,0
"\W|$",1315502,0
"\W|$",1315506,0
"\W|$",1322173,0
"\W|$",689035,0
"\W|$",689036,0
"\W|$",689037,0
"\W|$",689040,0
"\W|$",689042,0
"\W|$",689043,0
"\W|$",689044,0
"\W|$",689047,0
"\W|$",689049,0
"\W|$",689596,0
"\W|$",689597,0
"\W|$",689600,0
"\W|$",689603,0
"\W|$",689604,0
"\W|$",689605,0
"\W|$",689607,0
"\W|$",689609,0
"\W|$",689611,0
"\W|$",689612,0
"\W|$",689613,0
"\W|$",689614,0
"\W|$",689615,0
"\W|$",689616,0
"\W|$",689514,0
"\W|$",689515,0
"\W|$",689521,0
"\W|$",689522,0
"\W|$",689523,0
"\W|$",689527,0
"\W|$",689528,0
"\W|$",689529,0
"\W|$",689531,0
"\W|$",689532,0
"\W|$",689534,0
"\W|$",689535,0
"\W|$",689536,0
"\W|$",689537,0
"\W|$",689538,0
"\W|$",689542,0
"\W|$",689543,0
"\W|$",689545,0
"\W|$",689989,0
"\W|$",689995,0
"\W|$",689997,0
"\W|$",690004,0
"\W|$",690006,0
"\W|$",689617,0
"\W|$",689618,0
"\W|$",689619,0
"\W|$",689620,0
"\W|$",689622,0
"\W|$",689623,0
"\W|$",689625,0
"\W|$",689626,0
"\W|$",689630,0
"\W|$",689631,0
"\W|$",689639,0
"\W|$",689641,0
"\W|$",689642,0
"\W|$",689548,0
"\W|$",689549,0
"\W|$",689551,0
"\W|$",689552,0
"\W|$",689554,0
"\W|$",689555,0
"\W|$",689559,0
"\W|$",689563,0
"\W|$",689569,0
"\W|$",689570,0
"\W|$",689572,0
"\W|$",689574,0
"\W|$",689576,0
"\W|$",689577,0
"\W|$",689579,0
"\W|$",689581,0
"\W|$",690008,0
"\W|$",690009,0
"\W|$",690010,0
"\W|$",690011,0
"\W|$",690013,0
"\W|$",690014,0
"\W|$",690020,0
"\W|$",690022,0
"\W|$",690025,0
"\W|$",690028,0
"\W|$",690029,0
"\W|$",690031,0
"\W|$",690033,0
"\W|$",690038,0
"\W|$",690041,0
"\W|$",690042,0
"\W|$",683079,0
"\W|$",689582,0
"\W|$",689584,0
"\W|$",689587,0
"\W|$",689588,0
"\W|$",689590,0
"\W|$",689592,0
"\W|$",689595,0
"\W|$",969549,0
"\W|$",969558,0
"\W|$",690045,0
"\W|$",690046,0
"\W|$",690048,0
"\W|$",690049,0
"\W|$",690050,0
"\W|$",690051,0
"\W|$",690053,0
"\W|$",690054,0
"\W|$",690056,0
"\W|$",690057,0
"\W|$",690064,0
"\W|$",690066,0
"\W|$",690067,0
"\W|$",690071,0
"\W|$",690074,0
"\W|$",690075,0
"\W|$",690077,0
"\W|$",683113,0
"\W|$",683121,0
"\W|$",683126,0
"\W|$",683129,0
"\W|$",683143,0
"\W|$",683149,0
"\W|$",683161,0
"\W|$",683180,0
"\W|$",683185,0
"\W|$",683188,0
"\W|$",683208,0
"\W|$",683212,0
"\W|$",683215,0
"\W|$",1267571,0
"\W|$",1267579,0
"\W|$",1267581,0
"\W|$",690079,0
"\W|$",690080,0
"\W|$",690084,0
"\W|$",690085,0
"\W|$",690088,0
"\W|$",690089,0
"\W|$",690090,0
"\W|$",690091,0
"\W|$",690095,0
"\W|$",690096,0
"\W|$",690097,0
"\W|$",690098,0
"\W|$",690100,0
"\W|$",969528,0
"\W|$",1146912,0
"\W|$",1132346,0
"\W|$",1132350,0
"\W|$",1132354,0
"\W|$",1146920,0
"\W|$",1146928,0
"\W|$",689745,0
"\W|$",689746,0
"\W|$",689752,0
"\W|$",689753,0
"\W|$",1151269,0
"\W|$",1151271,0
"\W|$",1151285,0
"\W|$",684000,0
"\W|$",1151291,0
"\W|$",1151293,0
"\W|$",1313658,0
"\W|$",689755,0
"\W|$",689757,0
"\W|$",689758,0
"\W|$",689759,0
"\W|$",689760,0
"\W|$",689763,0
"\W|$",689764,0
"\W|$",689765,0
"\W|$",689766,0
"\W|$",689768,0
"\W|$",689769,0
"\W|$",689771,0
"\W|$",689775,0
"\W|$",689952,0
"\W|$",689953,0
"\W|$",689956,0
"\W|$",689957,0
"\W|$",689958,0
"\W|$",689959,0
"\W|$",684031,0
"\W|$",684035,0
"\W|$",684045,0
"\W|$",684069,0
"\W|$",684075,0
"\W|$",684080,0
"\W|$",684082,0
"\W|$",684097,0
"\W|$",684106,0
"\W|$",684116,0
"\W|$",684132,0
"\W|$",684139,0
"\W|$",684142,0
"\W|$",684146,0
"\W|$",684150,0
"\W|$",689965,0
"\W|$",689972,0
"\W|$",689973,0
"\W|$",689976,0
"\W|$",689977,0
"\W|$",689979,0
"\W|$",689980,0
"\W|$",689985,0
"\W|$",689778,0
"\W|$",689780,0
"\W|$",689782,0
"\W|$",684171,0
"\W|$",684176,0
"\W|$",684178,0
"\W|$",684181,0
"\W|$",684185,0
"\W|$",684209,0
"\W|$",684217,0
"\W|$",684236,0
"\W|$",684240,0
"\W|$",684248,0
"\W|$",684258,0
"\W|$",684280,0
"\W|$",684285,0
"\W|$",684289,0
"\W|$",684294,0
"\W|$",684314,0
"\W|$",684319,0
"\W|$",683986,0
"\W|$",683988,0
"\W|$",683991,0
"\W|$",687997,0
"\W|$",688002,0
"\W|$",688005,0
"\W|$",689786,0
"\W|$",689787,0
"\W|$",689790,0
"\W|$",689792,0
"\W|$",689793,0
"\W|$",689794,0
"\W|$",689795,0
"\W|$",689796,0
"\W|$",689797,0
"\W|$",689799,0
"\W|$",689802,0
"\W|$",689803,0
"\W|$",689804,0
"\W|$",689807,0
"\W|$",689808,0
"\W|$",689814,0
"\W|$",689815,0
"\W|$",689816,0
"\W|$",685979,0
"\W|$",685994,0
"\W|$",686000,0
"\W|$",686012,0
"\W|$",686016,0
"\W|$",686036,0
"\W|$",686041,0
"\W|$",686048,0
"\W|$",688808,0
"\W|$",688811,0
"\W|$",688813,0
"\W|$",688818,0
"\W|$",688822,0
"\W|$",688827,0
"\W|$",688441,0
"\W|$",688445,0
"\W|$",688449,0
"\W|$",688452,0
"\W|$",688467,0
"\W|$",688478,0
"\W|$",686764,0
"\W|$",686785,0
"\W|$",686789,0
"\W|$",686802,0
"\W|$",686291,0
"\W|$",686301,0
"\W|$",686319,0
"\W|$",686346,0
"\W|$",686351,0
"\W|$",686367,0
"\W|$",686380,0
"\W|$",683508,0
"\W|$",683540,0
"\W|$",683546,0
"\W|$",683556,0
"\W|$",683565,0
"\W|$",683575,0
"\W|$",683580,0
"\W|$",683596,0
"\W|$",737501,0
"\W|$",737504,0
"\W|$",737507,0
"\W|$",737510,0
"\W|$",737514,0
"\W|$",860325,0
"\W|$",860342,0
"\W|$",737519,0
"\W|$",737524,0
"\W|$",737527,0
"\W|$",737530,0
"\W|$",737558,0
"\W|$",737561,0
"\W|$",737564,0
"\W|$",737568,0
"\W|$",737581,0
"\W|$",686389,0
"\W|$",686416,0
"\W|$",686425,0
"\W|$",686437,0
"\W|$",686447,0
"\W|$",686461,0
"\W|$",686482,0
"\W|$",686492,0
"\W|$",686504,0
"\W|$",686573,0
"\W|$",686516,0
"\W|$",686523,0
"\W|$",686527,0
"\W|$",689974,0
"\W|$",690012,0
"\W|$",690021,0
"\W|$",690032,0
"\W|$",690047,0
"\W|$",690063,0
"\W|$",683632,0
"\W|$",683644,0
"\W|$",860340,0
"\W|$",860344,0
"\W|$",860346,0
"\W|$",860348,0
"\W|$",860350,0
"\W|$",683656,0
"\W|$",683687,0
"\W|$",683694,0
"\W|$",683710,0
"\W|$",683716,0
"\W|$",683720,0
"\W|$",683729,0
"\W|$",683735,0
"\W|$",687299,0
"\W|$",687302,0
"\W|$",687328,0
"\W|$",687344,0
"\W|$",687357,0
"\W|$",687363,0
"\W|$",687380,0
"\W|$",687402,0
"\W|$",687407,0
"\W|$",860343,0
"\W|$",860353,0
"\W|$",684572,0
"\W|$",684581,0
"\W|$",684593,0
"\W|$",684603,0
"\W|$",684616,0
"\W|$",684621,0
"\W|$",684635,0
"\W|$",684671,0
"\W|$",684688,0
"\W|$",687543,0
"\W|$",687560,0
"\W|$",687563,0
"\W|$",687566,0
"\W|$",687574,0
"\W|$",687592,0
"\W|$",687595,0
"\W|$",687598,0
"\W|$",687606,0
"\W|$",690092,0
"\W|$",728482,0
"\W|$",728583,0
"\W|$",728588,0
"\W|$",685110,0
"\W|$",728599,0
"\W|$",728610,0
"\W|$",686436,0
"\W|$",728621,0
"\W|$",728627,0
"\W|$",728637,0
"\W|$",728642,0
"\W|$",728649,0
"\W|$",728657,0
"\W|$",728663,0
"\W|$",728669,0
"\W|$",689987,0
"\W|$",687464,0
"\W|$",687631,0
"\W|$",687635,0
"\W|$",687639,0
"\W|$",687644,0
"\W|$",687647,0
"\W|$",687652,0
"\W|$",687670,0
"\W|$",687673,0
"\W|$",687676,0
"\W|$",687678,0
"\W|$",687690,0
"\W|$",687484,0
"\W|$",687498,0
"\W|$",687510,0
"\W|$",687521,0
"\W|$",687541,0
"\W|$",687551,0
"\W|$",687558,0
"\W|$",687571,0
"\W|$",687578,0
"\W|$",684693,0
"\W|$",860362,0
"\W|$",684710,0
"\W|$",684715,0
"\W|$",684734,0
"\W|$",684744,0
"\W|$",684765,0
"\W|$",684775,0
"\W|$",684799,0
"\W|$",684813,0
"\W|$",684828,0
"\W|$",684830,0
"\W|$",688376,0
"\W|$",688383,0
"\W|$",688392,0
"\W|$",688402,0
"\W|$",688411,0
"\W|$",688436,0
"\W|$",688451,0
"\W|$",688454,0
"\W|$",687610,0
"\W|$",687628,0
"\W|$",860331,0
"\W|$",860357,0
"\W|$",860360,0
"\W|$",685965,0
"\W|$",685970,0
"\W|$",688027,0
"\W|$",688037,0
"\W|$",688042,0
"\W|$",688071,0
"\W|$",688087,0
"\W|$",688104,0
"\W|$",688108,0
"\W|$",684727,0
"\W|$",684732,0
"\W|$",684736,0
"\W|$",685521,0
"\W|$",688844,0
"\W|$",688851,0
"\W|$",688859,0
"\W|$",688862,0
"\W|$",688881,0
"\W|$",688888,0
"\W|$",688900,0
"\W|$",688902,0
"\W|$",688921,0
"\W|$",688926,0
"\W|$",684992,0
"\W|$",684994,0
"\W|$",684999,0
"\W|$",685028,0
"\W|$",860326,0
"\W|$",686806,0
"\W|$",686824,0
"\W|$",686831,0
"\W|$",686837,0
"\W|$",686859,0
"\W|$",686863,0
"\W|$",686872,0
"\W|$",686879,0
"\W|$",686894,0
"\W|$",686897,0
"\W|$",686902,0
"\W|$",686904,0
"\W|$",686908,0
"\W|$",686912,0
"\W|$",685448,0
"\W|$",685452,0
"\W|$",685458,0
"\W|$",685462,0
"\W|$",686444,0
"\W|$",686448,0
"\W|$",686451,0
"\W|$",686454,0
"\W|$",686458,0
"\W|$",686476,0
"\W|$",689198,0
"\W|$",689202,0
"\W|$",689204,0
"\W|$",689234,0
"\W|$",685530,0
"\W|$",685535,0
"\W|$",685540,0
"\W|$",685555,0
"\W|$",685562,0
"\W|$",685567,0
"\W|$",685571,0
"\W|$",685575,0
"\W|$",685578,0
"\W|$",685593,0
"\W|$",685597,0
"\W|$",685601,0
"\W|$",685609,0
"\W|$",685613,0
"\W|$",685633,0
"\W|$",860355,0
"\W|$",685032,0
"\W|$",685055,0
"\W|$",685059,0
"\W|$",685063,0
"\W|$",685066,0
"\W|$",685069,0
"\W|$",685073,0
"\W|$",685090,0
"\W|$",685094,0
"\W|$",685099,0
"\W|$",685102,0
"\W|$",685106,0
"\W|$",685121,0
"\W|$",685125,0
"\W|$",685129,0
"\W|$",685132,0
"\W|$",860327,0
"\W|$",685491,0
"\W|$",685494,0
"\W|$",685498,0
"\W|$",685502,0
"\W|$",685518,0
"\W|$",683393,0
"\W|$",683404,0
"\W|$",683407,0
"\W|$",683426,0
"\W|$",683429,0
"\W|$",683433,0
"\W|$",683436,0
"\W|$",683439,0
"\W|$",683442,0
"\W|$",689711,0
"\W|$",689714,0
"\W|$",689720,0
"\W|$",689739,0
"\W|$",686076,0
"\W|$",686081,0
"\W|$",686085,0
"\W|$",686089,0
"\W|$",686108,0
"\W|$",689770,0
"\W|$",689772,0
"\W|$",689777,0
"\W|$",689781,0
"\W|$",689784,0
"\W|$",689788,0
"\W|$",689805,0
"\W|$",689820,0
"\W|$",689827,0
"\W|$",689847,0
"\W|$",688119,0
"\W|$",688136,0
"\W|$",688140,0
"\W|$",688143,0
"\W|$",688151,0
"\W|$",688156,0
"\W|$",686112,0
"\W|$",686116,0
"\W|$",688183,0
"\W|$",688187,0
"\W|$",688207,0
"\W|$",688211,0
"\W|$",688217,0
"\W|$",688223,0
"\W|$",688228,0
"\W|$",688231,0
"\W|$",688234,0
"\W|$",688252,0
"\W|$",688256,0
"\W|$",686126,0
"\W|$",686144,0
"\W|$",686148,0
"\W|$",686153,0
"\W|$",686157,0
"\W|$",686177,0
"\W|$",686181,0
"\W|$",686184,0
"\W|$",686189,0
"\W|$",686195,0
"\W|$",686200,0
"\W|$",686916,0
"\W|$",688931,0
"\W|$",688934,0
"\W|$",688939,0
"\W|$",688957,0
"\W|$",688172,0
"\W|$",690027,0
"\W|$",690034,0
"\W|$",690040,0
"\W|$",690044,0
"\W|$",690058,0
"\W|$",690062,0
"\W|$",690065,0
"\W|$",690073,0
"\W|$",690076,0
"\W|$",690099,0
"\W|$",686486,0
"\W|$",686489,0
"\W|$",686511,0
"\W|$",686515,0
"\W|$",686519,0
"\W|$",686522,0
"\W|$",686612,0
"\W|$",686615,0
"\W|$",686619,0
"\W|$",686635,0
"\W|$",685636,0
"\W|$",685641,0
"\W|$",685645,0
"\W|$",685648,0
"\W|$",685655,0
"\W|$",684742,0
"\W|$",1202417,0
"\W|$",1202419,0
"\W|$",685135,0
"\W|$",685141,0
"\W|$",685161,0
"\W|$",685167,0
"\W|$",685174,0
"\W|$",688962,0
"\W|$",688976,0
"\W|$",689001,0
"\W|$",689005,0
"\W|$",689008,0
"\W|$",689030,0
"\W|$",689038,0
"\W|$",689048,0
"\W|$",689065,0
"\W|$",689070,0
"\W|$",683466,0
"\W|$",683469,0
"\W|$",683472,0
"\W|$",683475,0
"\W|$",683479,0
"\W|$",686525,0
"\W|$",686561,0
"\W|$",686567,0
"\W|$",686572,0
"\W|$",686576,0
"\W|$",686583,0
"\W|$",686597,0
"\W|$",686603,0
"\W|$",688628,0
"\W|$",688638,0
"\W|$",688643,0
"\W|$",688659,0
"\W|$",684462,0
"\W|$",684466,0
"\W|$",684469,0
"\W|$",684482,0
"\W|$",684757,0
"\W|$",684759,0
"\W|$",684764,0
"\W|$",684766,0
"\W|$",684769,0
"\W|$",684776,0
"\W|$",684798,0
"\W|$",684802,0
"\W|$",684807,0
"\W|$",684812,0
"\W|$",684814,0
"\W|$",684842,0
"\W|$",684844,0
"\W|$",685197,0
"\W|$",685201,0
"\W|$",685205,0
"\W|$",685209,0
"\W|$",685227,0
"\W|$",685234,0
"\W|$",685236,0
"\W|$",685239,0
"\W|$",685248,0
"\W|$",685268,0
"\W|$",685270,0
"\W|$",685274,0
"\W|$",685276,0
"\W|$",685281,0
"\W|$",683486,0
"\W|$",683506,0
"\W|$",683509,0
"\W|$",683512,0
"\W|$",683516,0
"\W|$",683519,0
"\W|$",683523,0
"\W|$",683527,0
"\W|$",683545,0
"\W|$",683548,0
"\W|$",683555,0
"\W|$",683557,0
"\W|$",683561,0
"\W|$",683584,0
"\W|$",683590,0
"\W|$",683593,0
"\W|$",685679,0
"\W|$",685684,0
"\W|$",685688,0
"\W|$",684501,0
"\W|$",684504,0
"\W|$",684510,0
"\W|$",684530,0
"\W|$",684535,0
"\W|$",684541,0
"\W|$",684544,0
"\W|$",684553,0
"\W|$",684569,0
"\W|$",684573,0
"\W|$",684576,0
"\W|$",684582,0
"\W|$",720736,0
"\W|$",720774,0
"\W|$",720781,0
"\W|$",720797,0
"\W|$",688259,0
"\W|$",688264,0
"\W|$",688284,0
"\W|$",686217,0
"\W|$",686222,0
"\W|$",686231,0
"\W|$",686249,0
"\W|$",686252,0
"\W|$",685704,0
"\W|$",685711,0
"\W|$",685718,0
"\W|$",685736,0
"\W|$",685741,0
"\W|$",685745,0
"\W|$",685749,0
"\W|$",685773,0
"\W|$",685777,0
"\W|$",685780,0
"\W|$",685787,0
"\W|$",685791,0
"\W|$",685805,0
"\W|$",720826,0
"\W|$",720833,0
"\W|$",720842,0
"\W|$",720934,0
"\W|$",721861,0
"\W|$",721865,0
"\W|$",721871,0
"\W|$",721877,0
"\W|$",721881,0
"\W|$",721899,0
"\W|$",721904,0
"\W|$",721909,0
"\W|$",721914,0
"\W|$",721917,0
"\W|$",721920,0
"\W|$",721925,0
"\W|$",721939,0
"\W|$",969507,0
"\W|$",688303,0
"\W|$",688319,0
"\W|$",688323,0
"\W|$",688327,0
"\W|$",686640,0
"\W|$",686642,0
"\W|$",686653,0
"\W|$",686257,0
"\W|$",686265,0
"\W|$",686269,0
"\W|$",686274,0
"\W|$",686290,0
"\W|$",688336,0
"\W|$",688357,0
"\W|$",688360,0
"\W|$",688363,0
"\W|$",688367,0
"\W|$",688371,0
"\W|$",688374,0
"\W|$",688378,0
"\W|$",688396,0
"\W|$",686297,0
"\W|$",686302,0
"\W|$",686305,0
"\W|$",686310,0
"\W|$",686327,0
"\W|$",686338,0
"\W|$",686345,0
"\W|$",689075,0
"\W|$",689079,0
"\W|$",688662,0
"\W|$",688666,0
"\W|$",688670,0
"\W|$",688674,0
"\W|$",688678,0
"\W|$",686685,0
"\W|$",686689,0
"\W|$",686692,0
"\W|$",686696,0
"\W|$",686710,0
"\W|$",686719,0
"\W|$",686724,0
"\W|$",686730,0
"\W|$",686747,0
"\W|$",686750,0
"\W|$",686754,0
"\W|$",686756,0
"\W|$",688784,0
"\W|$",688790,0
"\W|$",684873,0
"\W|$",686761,0
"\W|$",685302,0
"\W|$",685307,0
"\W|$",685311,0
"\W|$",685315,0
"\W|$",685318,0
"\W|$",685321,0
"\W|$",685339,0
"\W|$",683601,0
"\W|$",688711,0
"\W|$",688714,0
"\W|$",688719,0
"\W|$",688737,0
"\W|$",688739,0
"\W|$",688748,0
"\W|$",688752,0
"\W|$",688770,0
"\W|$",688777,0
"\W|$",684585,0
"\W|$",684590,0
"\W|$",684614,0
"\W|$",684618,0
"\W|$",684900,0
"\W|$",684906,0
"\W|$",684908,0
"\W|$",684921,0
"\W|$",684925,0
"\W|$",684938,0
"\W|$",684942,0
"\W|$",684946,0
"\W|$",684954,0
"\W|$",684979,0
"\W|$",684982,0
"\W|$",684989,0
"\W|$",685343,0
"\W|$",685346,0
"\W|$",685349,0
"\W|$",685360,0
"\W|$",685381,0
"\W|$",685387,0
"\W|$",685415,0
"\W|$",685422,0
"\W|$",685426,0
"\W|$",685429,0
"\W|$",683631,0
"\W|$",683635,0
"\W|$",683654,0
"\W|$",683657,0
"\W|$",683660,0
"\W|$",683664,0
"\W|$",683668,0
"\W|$",683692,0
"\W|$",683695,0
"\W|$",683699,0
"\W|$",683701,0
"\W|$",683705,0
"\W|$",683709,0
"\W|$",685818,0
"\W|$",685825,0
"\W|$",685841,0
"\W|$",687857,0
"\W|$",860335,0
"\W|$",860336,0
"\W|$",684622,0
"\W|$",684625,0
"\W|$",684643,0
"\W|$",684652,0
"\W|$",684663,0
"\W|$",684666,0
"\W|$",684684,0
"\W|$",684689,0
"\W|$",684695,0
"\W|$",684699,0
"\W|$",684703,0
"\W|$",684722,0
"\W|$",860324,0
"\W|$",688400,0
"\W|$",688404,0
"\W|$",688408,0
"\W|$",688412,0
"\W|$",688416,0
"\W|$",688434,0
"\W|$",688438,0
"\W|$",687860,0
"\W|$",687864,0
"\W|$",687867,0
"\W|$",687887,0
"\W|$",687891,0
"\W|$",687896,0
"\W|$",687922,0
"\W|$",687927,0
"\W|$",687931,0
"\W|$",687935,0
"\W|$",687957,0
"\W|$",687962,0
"\W|$",687965,0
"\W|$",687969,0
"\W|$",687972,0
"\W|$",687988,0
"\W|$",687645,0
"\W|$",687661,0
"\W|$",687675,0
"\W|$",687693,0
"\W|$",687705,0
"\W|$",687731,0
"\W|$",687745,0
"\W|$",687760,0
"\W|$",687766,0
"\W|$",687779,0
"\W|$",687799,0
"\W|$",687814,0
"\W|$",687821,0
"\W|$",687837,0
"\W|$",687850,0
"\W|$",687862,0
"\W|$",687868,0
"\W|$",732459,0
"\W|$",732554,0
"\W|$",732561,0
"\W|$",732581,0
"\W|$",687246,0
"\W|$",687262,0
"\W|$",687266,0
"\W|$",687274,0
"\W|$",687279,0
"\W|$",687282,0
"\W|$",687301,0
"\W|$",687304,0
"\W|$",687308,0
"\W|$",687312,0
"\W|$",791578,0
"\W|$",791580,0
"\W|$",791581,0
"\W|$",794983,0
"\W|$",788727,0
"\W|$",788764,0
"\W|$",791958,0
"\W|$",769483,0
"\W|$",789587,0
"\W|$",789829,0
"\W|$",789864,0
"\W|$",789867,0
"\W|$",790975,0
"\W|$",758133,0
"\W|$",758193,0
"\W|$",769227,0
"\W|$",769145,0
"\W|$",794355,0
"\W|$",788755,0
"\W|$",790150,0
"\W|$",790153,0
"\W|$",793225,0
"\W|$",689280,0
"\W|$",689288,0
"\W|$",689302,0
"\W|$",689311,0
"\W|$",689336,0
"\W|$",689351,0
"\W|$",689353,0
"\W|$",689361,0
"\W|$",689365,0
"\W|$",689384,0
"\W|$",689395,0
"\W|$",742073,0
"\W|$",742092,0
"\W|$",742150,0
"\W|$",758367,0
"\W|$",788737,0
"\W|$",788758,0
"\W|$",788761,0
"\W|$",789795,0
"\W|$",789871,0
"\W|$",789931,0
"\W|$",790069,0
"\W|$",790135,0
"\W|$",787687,0
"\W|$",789532,0
"\W|$",789560,0
"\W|$",791705,0
"\W|$",791954,0
"\W|$",787691,0
"\W|$",788734,0
"\W|$",788792,0
"\W|$",794980,0
"\W|$",791579,0
"\W|$",788795,0
"\W|$",788799,0
"\W|$",787695,0
"\W|$",755371,0
"\W|$",755395,0
"\W|$",787711,0
"\W|$",788771,0
"\W|$",788774,0
"\W|$",788777,0
"\W|$",788730,0
"\W|$",788768,0
"\W|$",796831,0
"\W|$",797099,0
"\W|$",685694,0
"\W|$",685700,0
"\W|$",685729,0
"\W|$",685752,0
"\W|$",685759,0
"\W|$",685782,0
"\W|$",685797,0
"\W|$",685807,0
"\W|$",685838,0
"\W|$",685865,0
"\W|$",685876,0
"\W|$",685883,0
"\W|$",685899,0
"\W|$",685915,0
"\W|$",685925,0
"\W|$",685963,0
"\W|$",685983,0
"\W|$",685997,0
"\W|$",686014,0
"\W|$",686021,0
"\W|$",689407,0
"\W|$",689422,0
"\W|$",689444,0
"\W|$",737975,0
"\W|$",737978,0
"\W|$",737981,0
"\W|$",737984,0
"\W|$",737987,0
"\W|$",737990,0
"\W|$",737994,0
"\W|$",737997,0
"\W|$",738000,0
"\W|$",738003,0
"\W|$",738006,0
"\W|$",738011,0
"\W|$",738014,0
"\W|$",738017,0
"\W|$",738044,0
"\W|$",738048,0
"\W|$",738472,0
"\W|$",738484,0
"\W|$",738585,0
"\W|$",738589,0
"\W|$",738631,0
"\W|$",738771,0
"\W|$",738779,0
"\W|$",738782,0
"\W|$",738786,0
"\W|$",689457,0
"\W|$",689470,0
"\W|$",689479,0
"\W|$",689496,0
"\W|$",689506,0
"\W|$",689544,0
"\W|$",689568,0
"\W|$",689578,0
"\W|$",689589,0
"\W|$",689599,0
"\W|$",689621,0
"\W|$",689646,0
"\W|$",689651,0
"\W|$",689663,0
"\W|$",689678,0
"\W|$",796838,0
"\W|$",684865,0
"\W|$",757438,0
"\W|$",757446,0
"\W|$",757450,0
"\W|$",757454,0
"\W|$",758060,0
"\W|$",758071,0
"\W|$",758079,0
"\W|$",758221,0
"\W|$",758260,0
"\W|$",758356,0
"\W|$",758360,0
"\W|$",797095,0
"\W|$",684891,0
"\W|$",684901,0
"\W|$",684930,0
"\W|$",684939,0
"\W|$",684953,0
"\W|$",684964,0
"\W|$",684974,0
"\W|$",684985,0
"\W|$",684993,0
"\W|$",685010,0
"\W|$",685022,0
"\W|$",685034,0
"\W|$",685042,0
"\W|$",685053,0
"\W|$",685057,0
"\W|$",685061,0
"\W|$",685078,0
"\W|$",685086,0
"\W|$",685103,0
"\W|$",685105,0
"\W|$",731786,0
"\W|$",687191,0
"\W|$",687198,0
"\W|$",687201,0
"\W|$",687206,0
"\W|$",687209,0
"\W|$",687224,0
"\W|$",687228,0
"\W|$",689238,0
"\W|$",689243,0
"\W|$",689263,0
"\W|$",689269,0
"\W|$",689273,0
"\W|$",689277,0
"\W|$",689294,0
"\W|$",689309,0
"\W|$",689335,0
"\W|$",689342,0
"\W|$",768704,0
"\W|$",769077,0
"\W|$",769150,0
"\W|$",769159,0
"\W|$",769162,0
"\W|$",769215,0
"\W|$",769224,0
"\W|$",769467,0
"\W|$",769588,0
"\W|$",769591,0
"\W|$",769594,0
"\W|$",783931,0
"\W|$",770490,0
"\W|$",770570,0
"\W|$",770573,0
"\W|$",770576,0
"\W|$",683438,0
"\W|$",683460,0
"\W|$",683473,0
"\W|$",683487,0
"\W|$",683491,0
"\W|$",687064,0
"\W|$",687069,0
"\W|$",687089,0
"\W|$",687100,0
"\W|$",687105,0
"\W|$",687121,0
"\W|$",687137,0
"\W|$",687161,0
"\W|$",687172,0
"\W|$",687178,0
"\W|$",687194,0
"\W|$",687197,0
"\W|$",687220,0
"\W|$",731791,0
"\W|$",731800,0
"\W|$",731807,0
"\W|$",731813,0
"\W|$",731820,0
"\W|$",731879,0
"\W|$",731884,0
"\W|$",731892,0
"\W|$",731908,0
"\W|$",732406,0
"\W|$",732427,0
"\W|$",732453,0
"\W|$",688465,0
"\W|$",688476,0
"\W|$",688486,0
"\W|$",758559,0
"\W|$",758564,0
"\W|$",758641,0
"\W|$",758652,0
"\W|$",758658,0
"\W|$",758662,0
"\W|$",768253,0
"\W|$",768954,0
"\W|$",769039,0
"\W|$",769105,0
"\W|$",687048,0
"\W|$",687055,0
"\W|$",729658,0
"\W|$",729669,0
"\W|$",729675,0
"\W|$",730682,0
"\W|$",730698,0
"\W|$",730719,0
"\W|$",730731,0
"\W|$",730746,0
"\W|$",730760,0
"\W|$",730765,0
"\W|$",730768,0
"\W|$",730773,0
"\W|$",730778,0
"\W|$",730784,0
"\W|$",730789,0
"\W|$",730795,0
"\W|$",730805,0
"\W|$",730808,0
"\W|$",730812,0
"\W|$",730817,0
"\W|$",730825,0
"\W|$",730833,0
"\W|$",730842,0
"\W|$",730852,0
"\W|$",730859,0
"\W|$",730866,0
"\W|$",730873,0
"\W|$",687223,0
"\W|$",684348,0
"\W|$",684366,0
"\W|$",684378,0
"\W|$",684410,0
"\W|$",684421,0
"\W|$",684443,0
"\W|$",684445,0
"\W|$",684459,0
"\W|$",684471,0
"\W|$",684487,0
"\W|$",688494,0
"\W|$",688510,0
"\W|$",688543,0
"\W|$",688547,0
"\W|$",688556,0
"\W|$",688562,0
"\W|$",688577,0
"\W|$",688600,0
"\W|$",688615,0
"\W|$",688631,0
"\W|$",688645,0
"\W|$",737586,0
"\W|$",737589,0
"\W|$",737592,0
"\W|$",737595,0
"\W|$",737596,0
"\W|$",737599,0
"\W|$",737959,0
"\W|$",737962,0
"\W|$",737965,0
"\W|$",737969,0
"\W|$",737972,0
"\W|$",684331,0
"\W|$",687872,0
"\W|$",687877,0
"\W|$",687882,0
"\W|$",687925,0
"\W|$",687945,0
"\W|$",687977,0
"\W|$",687985,0
"\W|$",688011,0
"\W|$",688014,0
"\W|$",688023,0
"\W|$",688030,0
"\W|$",688041,0
"\W|$",688056,0
"\W|$",684495,0
"\W|$",687382,0
"\W|$",687395,0
"\W|$",687417,0
"\W|$",687420,0
"\W|$",687429,0
"\W|$",687431,0
"\W|$",687446,0
"\W|$",687449,0
"\W|$",686039,0
"\W|$",686060,0
"\W|$",686082,0
"\W|$",686098,0
"\W|$",732586,0
"\W|$",732589,0
"\W|$",732611,0
"\W|$",732623,0
"\W|$",732630,0
"\W|$",732636,0
"\W|$",732722,0
"\W|$",732726,0
"\W|$",732730,0
"\W|$",732797,0
"\W|$",732800,0
"\W|$",732831,0
"\W|$",732843,0
"\W|$",732869,0
"\W|$",732872,0
"\W|$",730800,0
"\W|$",734442,0
"\W|$",687317,0
"\W|$",687341,0
"\W|$",687345,0
"\W|$",687348,0
"\W|$",687351,0
"\W|$",687355,0
"\W|$",687359,0
"\W|$",689404,0
"\W|$",689408,0
"\W|$",689415,0
"\W|$",689418,0
"\W|$",689421,0
"\W|$",689426,0
"\W|$",689441,0
"\W|$",689445,0
"\W|$",785141,0
"\W|$",785148,0
"\W|$",785168,0
"\W|$",785177,0
"\W|$",785183,0
"\W|$",785187,0
"\W|$",785197,0
"\W|$",785208,0
"\W|$",785230,0
"\W|$",785173,0
"\W|$",785226,0
"\W|$",785235,0
"\W|$",785239,0
"\W|$",785242,0
"\W|$",785308,0
"\W|$",785372,0
"\W|$",785411,0
"\W|$",785427,0
"\W|$",785431,0
"\W|$",686532,0
"\W|$",686548,0
"\W|$",686556,0
"\W|$",686566,0
"\W|$",689346,0
"\W|$",689350,0
"\W|$",689368,0
"\W|$",689375,0
"\W|$",689381,0
"\W|$",689385,0
"\W|$",769193,0
"\W|$",769194,0
"\W|$",769197,0
"\W|$",769209,0
"\W|$",769230,0
"\W|$",769275,0
"\W|$",785435,0
"\W|$",687234,0
"\W|$",687241,0
"\W|$",687251,0
"\W|$",687283,0
"\W|$",687289,0
"\W|$",687292,0
"\W|$",730907,0
"\W|$",730915,0
"\W|$",730923,0
"\W|$",730931,0
"\W|$",730941,0
"\W|$",730946,0
"\W|$",730957,0
"\W|$",731002,0
"\W|$",731010,0
"\W|$",731039,0
"\W|$",731044,0
"\W|$",731082,0
"\W|$",731101,0
"\W|$",731157,0
"\W|$",731174,0
"\W|$",731252,0
"\W|$",731316,0
"\W|$",683753,0
"\W|$",683768,0
"\W|$",683782,0
"\W|$",683797,0
"\W|$",683813,0
"\W|$",768245,0
"\W|$",768812,0
"\W|$",768855,0
"\W|$",769080,0
"\W|$",769173,0
"\W|$",730879,0
"\W|$",730886,0
"\W|$",730893,0
"\W|$",730900,0
"\W|$",684508,0
"\W|$",684509,0
"\W|$",684537,0
"\W|$",684551,0
"\W|$",684560,0
"\W|$",688103,0
"\W|$",688118,0
"\W|$",688132,0
"\W|$",688157,0
"\W|$",688166,0
"\W|$",688186,0
"\W|$",688199,0
"\W|$",688209,0
"\W|$",688219,0
"\W|$",688230,0
"\W|$",688238,0
"\W|$",686109,0
"\W|$",686124,0
"\W|$",683071,0
"\W|$",683084,0
"\W|$",683092,0
"\W|$",683098,0
"\W|$",683112,0
"\W|$",683123,0
"\W|$",683135,0
"\W|$",683146,0
"\W|$",683162,0
"\W|$",683169,0
"\W|$",683196,0
"\W|$",683206,0
"\W|$",683227,0
"\W|$",683248,0
"\W|$",683252,0
"\W|$",683253,0
"\W|$",683264,0
"\W|$",688067,0
"\W|$",688089,0
"\W|$",735295,0
"\W|$",735299,0
"\W|$",735313,0
"\W|$",735316,0
"\W|$",735319,0
"\W|$",735323,0
"\W|$",735327,0
"\W|$",735330,0
"\W|$",735338,0
"\W|$",688246,0
"\W|$",687455,0
"\W|$",687463,0
"\W|$",687469,0
"\W|$",687486,0
"\W|$",687496,0
"\W|$",687504,0
"\W|$",687508,0
"\W|$",687532,0
"\W|$",687535,0
"\W|$",689547,0
"\W|$",689550,0
"\W|$",689553,0
"\W|$",689567,0
"\W|$",689571,0
"\W|$",689586,0
"\W|$",689591,0
"\W|$",689594,0
"\W|$",686129,0
"\W|$",686137,0
"\W|$",686149,0
"\W|$",686178,0
"\W|$",686190,0
"\W|$",686202,0
"\W|$",686212,0
"\W|$",686226,0
"\W|$",686244,0
"\W|$",686254,0
"\W|$",686259,0
"\W|$",686260,0
"\W|$",689725,0
"\W|$",689750,0
"\W|$",686575,0
"\W|$",689478,0
"\W|$",689482,0
"\W|$",689487,0
"\W|$",689510,0
"\W|$",689513,0
"\W|$",689520,0
"\W|$",689526,0
"\W|$",689533,0
"\W|$",689598,0
"\W|$",786024,0
"\W|$",786248,0
"\W|$",758364,0
"\W|$",686586,0
"\W|$",686595,0
"\W|$",686621,0
"\W|$",686636,0
"\W|$",686644,0
"\W|$",686652,0
"\W|$",686663,0
"\W|$",686674,0
"\W|$",686707,0
"\W|$",686729,0
"\W|$",686741,0
"\W|$",686765,0
"\W|$",686776,0
"\W|$",686786,0
"\W|$",686797,0
"\W|$",684004,0
"\W|$",728681,0
"\W|$",728688,0
"\W|$",728694,0
"\W|$",769486,0
"\W|$",769597,0
"\W|$",770507,0
"\W|$",770521,0
"\W|$",770528,0
"\W|$",770532,0
"\W|$",770540,0
"\W|$",770558,0
"\W|$",770566,0
"\W|$",770588,0
"\W|$",731357,0
"\W|$",731362,0
"\W|$",731424,0
"\W|$",731454,0
"\W|$",731466,0
"\W|$",731473,0
"\W|$",731481,0
"\W|$",731502,0
"\W|$",683828,0
"\W|$",683833,0
"\W|$",683851,0
"\W|$",683866,0
"\W|$",683884,0
"\W|$",683894,0
"\W|$",683904,0
"\W|$",683942,0
"\W|$",683995,0
"\W|$",684012,0
"\W|$",687589,0
"\W|$",687604,0
"\W|$",687624,0
"\W|$",768370,0
"\W|$",768948,0
"\W|$",769074,0
"\W|$",769165,0
"\W|$",769170,0
"\W|$",769179,0
"\W|$",769203,0
"\W|$",769206,0
"\W|$",769218,0
"\W|$",769221,0
"\W|$",769253,0
"\W|$",770487,0
"\W|$",770580,0
"\W|$",777931,0
"\W|$",777940,0
"\W|$",784066,0
"\W|$",683265,0
"\W|$",683281,0
"\W|$",683302,0
"\W|$",683320,0
"\W|$",683334,0
"\W|$",683340,0
"\W|$",683354,0
"\W|$",683371,0
"\W|$",683374,0
"\W|$",683387,0
"\W|$",683399,0
"\W|$",683411,0
"\W|$",683431,0
"\W|$",688265,0
"\W|$",688272,0
"\W|$",688286,0
"\W|$",688297,0
"\W|$",688308,0
"\W|$",688326,0
"\W|$",688344,0
"\W|$",688358,0
"\W|$",736386,0
"\W|$",736389,0
"\W|$",736392,0
"\W|$",736399,0
"\W|$",736402,0
"\W|$",736405,0
"\W|$",737465,0
"\W|$",737468,0
"\W|$",737471,0
"\W|$",737475,0
"\W|$",737479,0
"\W|$",737483,0
"\W|$",737487,0
"\W|$",737491,0
"\W|$",737495,0
"\W|$",687083,0
"\W|$",687087,0
"\W|$",687094,0
"\W|$",687098,0
"\W|$",687125,0
"\W|$",687154,0
"\W|$",687159,0
"\W|$",687163,0
"\W|$",687167,0
"\W|$",687171,0
"\W|$",689762,0
"\W|$",686826,0
"\W|$",686835,0
"\W|$",686864,0
"\W|$",686880,0
"\W|$",686887,0
"\W|$",686898,0
"\W|$",686922,0
"\W|$",686942,0
"\W|$",686954,0
"\W|$",686965,0
"\W|$",686976,0
"\W|$",686984,0
"\W|$",686996,0
"\W|$",687009,0
"\W|$",687021,0
"\W|$",687034,0
"\W|$",687038,0
"\W|$",735986,0
"\W|$",737499,0
"\W|$",689602,0
"\W|$",689628,0
"\W|$",689632,0
"\W|$",689640,0
"\W|$",689661,0
"\W|$",689671,0
"\W|$",689675,0
"\W|$",689681,0
"\W|$",689684,0
"\W|$",689773,0
"\W|$",689806,0
"\W|$",689818,0
"\W|$",689830,0
"\W|$",689838,0
"\W|$",689843,0
"\W|$",689861,0
"\W|$",689865,0
"\W|$",689873,0
"\W|$",689880,0
"\W|$",689900,0
"\W|$",689922,0
"\W|$",689931,0
"\W|$",689937,0
"\W|$",689963,0
"\W|$",758371,0
"\W|$",758477,0
"\W|$",684029,0
"\W|$",684037,0
"\W|$",684068,0
"\W|$",684114,0
"\W|$",684140,0
"\W|$",684147,0
"\W|$",684157,0
"\W|$",684167,0
"\W|$",684179,0
"\W|$",684190,0
"\W|$",684205,0
"\W|$",684216,0
"\W|$",684223,0
"\W|$",684246,0
"\W|$",684271,0
"\W|$",684274,0
"\W|$",684300,0
"\W|$",684313,0
"\W|$",728706,0
"\W|$",728713,0
"\W|$",728727,0
"\W|$",728730,0
"\W|$",728737,0
"\W|$",728743,0
"\W|$",728744,0
"\W|$",728752,0
"\W|$",728757,0
"\W|$",728762,0
"\W|$",728767,0
"\W|$",728773,0
"\W|$",689809,0
"\W|$",728788,0
"\W|$",728793,0
"\W|$",728799,0
"\W|$",684916,0
"\W|$",728816,0
"\W|$",728821,0
"\W|$",728846,0
"\W|$",728853,0
"\W|$",728857,0
"\W|$",742067,0
"\W|$",793190,0
"\W|$",793500,0
"\W|$",787677,0
"\W|$",787680,0
"\W|$",789543,0
"\W|$",790216,0
"\W|$",831153,0
"\W|$",833074,0
"\W|$",833194,0
"\W|$",833197,0
"\W|$",833201,0
"\W|$",841492,0
"\W|$",841495,0
"\W|$",841504,0
"\W|$",841768,0
"\W|$",841776,0
"\W|$",841783,0
"\W|$",841786,0
"\W|$",841789,0
"\W|$",841794,0
"\W|$",841797,0
"\W|$",841821,0
"\W|$",841827,0
"\W|$",841830,0
"\W|$",841935,0
"\W|$",841993,0
"\W|$",841994,0
"\W|$",856995,0
"\W|$",857235,0
"\W|$",857252,0
"\W|$",857258,0
"\W|$",857292,0
"\W|$",857308,0
"\W|$",857406,0
"\W|$",857421,0
"\W|$",857460,0
"\W|$",857475,0
"\W|$",857540,0
"\W|$",857546,0
"\W|$",857549,0
"\W|$",857552,0
"\W|$",857556,0
"\W|$",857571,0
"\W|$",797768,0
"\W|$",798401,0
"\W|$",798667,0
"\W|$",798674,0
"\W|$",798678,0
"\W|$",799473,0
"\W|$",799477,0
"\W|$",799480,0
"\W|$",800152,0
"\W|$",801753,0
"\W|$",801757,0
"\W|$",801762,0
"\W|$",801773,0
"\W|$",801776,0
"\W|$",801789,0
"\W|$",801792,0
"\W|$",801805,0
"\W|$",833205,0
"\W|$",833206,0
"\W|$",833207,0
"\W|$",833208,0
"\W|$",833209,0
"\W|$",833210,0
"\W|$",833212,0
"\W|$",833213,0
"\W|$",833214,0
"\W|$",833222,0
"\W|$",833223,0
"\W|$",833224,0
"\W|$",833228,0
"\W|$",833231,0
"\W|$",833233,0
"\W|$",833234,0
"\W|$",833235,0
"\W|$",833237,0
"\W|$",833239,0
"\W|$",833241,0
"\W|$",833243,0
"\W|$",833244,0
"\W|$",833247,0
"\W|$",833248,0
"\W|$",833251,0
"\W|$",833252,0
"\W|$",833261,0
"\W|$",833262,0
"\W|$",833264,0
"\W|$",833267,0
"\W|$",833268,0
"\W|$",833272,0
"\W|$",833273,0
"\W|$",833274,0
"\W|$",833275,0
"\W|$",833282,0
"\W|$",833283,0
"\W|$",833284,0
"\W|$",833285,0
"\W|$",833286,0
"\W|$",833287,0
"\W|$",842023,0
"\W|$",842026,0
"\W|$",848739,0
"\W|$",848769,0
"\W|$",848779,0
"\W|$",848782,0
"\W|$",848795,0
"\W|$",848805,0
"\W|$",848810,0
"\W|$",848817,0
"\W|$",848835,0
"\W|$",848848,0
"\W|$",848861,0
"\W|$",849080,0
"\W|$",849141,0
"\W|$",857602,0
"\W|$",857621,0
"\W|$",857627,0
"\W|$",857654,0
"\W|$",857662,0
"\W|$",857688,0
"\W|$",857716,0
"\W|$",857754,0
"\W|$",857758,0
"\W|$",857768,0
"\W|$",801947,0
"\W|$",802017,0
"\W|$",802079,0
"\W|$",802115,0
"\W|$",802169,0
"\W|$",806213,0
"\W|$",803006,0
"\W|$",806222,0
"\W|$",806409,0
"\W|$",806394,0
"\W|$",806420,0
"\W|$",806430,0
"\W|$",806443,0
"\W|$",806705,0
"\W|$",809423,0
"\W|$",815422,0
"\W|$",816015,0
"\W|$",839133,0
"\W|$",839150,0
"\W|$",839396,0
"\W|$",839374,0
"\W|$",839382,0
"\W|$",839419,0
"\W|$",849164,0
"\W|$",849179,0
"\W|$",849192,0
"\W|$",849198,0
"\W|$",849207,0
"\W|$",849242,0
"\W|$",849252,0
"\W|$",849275,0
"\W|$",849282,0
"\W|$",849293,0
"\W|$",849329,0
"\W|$",849336,0
"\W|$",849347,0
"\W|$",849358,0
"\W|$",856597,0
"\W|$",856641,0
"\W|$",856658,0
"\W|$",856661,0
"\W|$",856669,0
"\W|$",856676,0
"\W|$",856688,0
"\W|$",856717,0
"\W|$",856728,0
"\W|$",856731,0
"\W|$",856737,0
"\W|$",856756,0
"\W|$",856786,0
"\W|$",857833,0
"\W|$",857836,0
"\W|$",857839,0
"\W|$",857842,0
"\W|$",857845,0
"\W|$",857848,0
"\W|$",857851,0
"\W|$",857854,0
"\W|$",857857,0
"\W|$",857860,0
"\W|$",857863,0
"\W|$",857866,0
"\W|$",857869,0
"\W|$",857872,0
"\W|$",857875,0
"\W|$",857878,0
"\W|$",857881,0
"\W|$",857884,0
"\W|$",857887,0
"\W|$",857890,0
"\W|$",857893,0
"\W|$",857940,0
"\W|$",820676,0
"\W|$",834643,0
"\W|$",834649,0
"\W|$",834652,0
"\W|$",835308,0
"\W|$",835311,0
"\W|$",835317,0
"\W|$",835320,0
"\W|$",835323,0
"\W|$",835326,0
"\W|$",835329,0
"\W|$",835732,0
"\W|$",835780,0
"\W|$",835793,0
"\W|$",835830,0
"\W|$",835853,0
"\W|$",835909,0
"\W|$",835947,0
"\W|$",835948,0
"\W|$",835949,0
"\W|$",835950,0
"\W|$",836040,0
"\W|$",836282,0
"\W|$",856866,0
"\W|$",856869,0
"\W|$",856872,0
"\W|$",856875,0
"\W|$",856878,0
"\W|$",856881,0
"\W|$",856884,0
"\W|$",856954,0
"\W|$",856963,0
"\W|$",856981,0
"\W|$",857017,0
"\W|$",857091,0
"\W|$",857182,0
"\W|$",857191,0
"\W|$",857208,0
"\W|$",857230,0
"\W|$",857274,0
"\W|$",857323,0
"\W|$",857338,0
"\W|$",857345,0
"\W|$",857357,0
"\W|$",688658,0
"\W|$",688663,0
"\W|$",688692,0
"\W|$",688717,0
"\W|$",688756,0
"\W|$",688774,0
"\W|$",688779,0
"\W|$",794343,0
"\W|$",769233,0
"\W|$",788576,0
"\W|$",788668,0
"\W|$",789957,0
"\W|$",789815,0
"\W|$",790201,0
"\W|$",790205,0
"\W|$",791997,0
"\W|$",754874,0
"\W|$",789923,0
"\W|$",790154,0
"\W|$",790210,0
"\W|$",790213,0
"\W|$",790220,0
"\W|$",790224,0
"\W|$",827935,0
"\W|$",836508,0
"\W|$",836528,0
"\W|$",836554,0
"\W|$",836562,0
"\W|$",836566,0
"\W|$",836597,0
"\W|$",836605,0
"\W|$",836637,0
"\W|$",836647,0
"\W|$",836655,0
"\W|$",836663,0
"\W|$",836672,0
"\W|$",836760,0
"\W|$",836772,0
"\W|$",836875,0
"\W|$",836882,0
"\W|$",836901,0
"\W|$",836936,0
"\W|$",817780,0
"\W|$",820815,0
"\W|$",820818,0
"\W|$",820821,0
"\W|$",820824,0
"\W|$",820828,0
"\W|$",820834,0
"\W|$",820837,0
"\W|$",688782,0
"\W|$",688800,0
"\W|$",688803,0
"\W|$",688824,0
"\W|$",688842,0
"\W|$",688853,0
"\W|$",688863,0
"\W|$",688874,0
"\W|$",688884,0
"\W|$",788749,0
"\W|$",788752,0
"\W|$",788780,0
"\W|$",768815,0
"\W|$",786252,0
"\W|$",769470,0
"\W|$",787699,0
"\W|$",787722,0
"\W|$",788783,0
"\W|$",769035,0
"\W|$",685407,0
"\W|$",685412,0
"\W|$",685424,0
"\W|$",685442,0
"\W|$",685460,0
"\W|$",685481,0
"\W|$",685488,0
"\W|$",685513,0
"\W|$",685522,0
"\W|$",790693,0
"\W|$",788573,0
"\W|$",789802,0
"\W|$",790236,0
"\W|$",814863,0
"\W|$",814866,0
"\W|$",814869,0
"\W|$",836944,0
"\W|$",837087,0
"\W|$",837100,0
"\W|$",837113,0
"\W|$",837138,0
"\W|$",837149,0
"\W|$",837180,0
"\W|$",837231,0
"\W|$",837238,0
"\W|$",837244,0
"\W|$",837251,0
"\W|$",837258,0
"\W|$",837265,0
"\W|$",837419,0
"\W|$",837581,0
"\W|$",837711,0
"\W|$",837727,0
"\W|$",837734,0
"\W|$",837743,0
"\W|$",803015,0
"\W|$",806351,0
"\W|$",815323,0
"\W|$",815381,0
"\W|$",815414,0
"\W|$",769278,0
"\W|$",769281,0
"\W|$",787718,0
"\W|$",758472,0
"\W|$",788005,0
"\W|$",788026,0
"\W|$",795006,0
"\W|$",788786,0
"\W|$",758124,0
"\W|$",787986,0
"\W|$",788014,0
"\W|$",688912,0
"\W|$",688932,0
"\W|$",740220,0
"\W|$",740265,0
"\W|$",790988,0
"\W|$",794107,0
"\W|$",788563,0
"\W|$",788581,0
"\W|$",788689,0
"\W|$",788692,0
"\W|$",788698,0
"\W|$",788701,0
"\W|$",788704,0
"\W|$",788707,0
"\W|$",788767,0
"\W|$",789784,0
"\W|$",789789,0
"\W|$",789792,0
"\W|$",790527,0
"\W|$",790680,0
"\W|$",791945,0
"\W|$",685547,0
"\W|$",685558,0
"\W|$",685579,0
"\W|$",685585,0
"\W|$",685602,0
"\W|$",802992,0
"\W|$",803021,0
"\W|$",803027,0
"\W|$",803030,0
"\W|$",814098,0
"\W|$",814348,0
"\W|$",806260,0
"\W|$",806325,0
"\W|$",807522,0
"\W|$",814166,0
"\W|$",816385,0
"\W|$",741266,0
"\W|$",788017,0
"\W|$",788035,0
"\W|$",794358,0
"\W|$",787976,0
"\W|$",787981,0
"\W|$",788011,0
"\W|$",788029,0
"\W|$",788077,0
"\W|$",789934,0
"\W|$",685615,0
"\W|$",685623,0
"\W|$",685639,0
"\W|$",685651,0
"\W|$",685664,0
"\W|$",685678,0
"\W|$",689168,0
"\W|$",689194,0
"\W|$",689214,0
"\W|$",689222,0
"\W|$",689227,0
"\W|$",689239,0
"\W|$",689247,0
"\W|$",689256,0
"\W|$",791994,0
"\W|$",792225,0
"\W|$",788695,0
"\W|$",788740,0
"\W|$",788743,0
"\W|$",788746,0
"\W|$",790243,0
"\W|$",800094,0
"\W|$",816382,0
"\W|$",817153,0
"\W|$",817156,0
"\W|$",817159,0
"\W|$",799314,0
"\W|$",802033,0
"\W|$",802175,0
"\W|$",802182,0
"\W|$",802185,0
"\W|$",802194,0
"\W|$",758208,0
"\W|$",790051,0
"\W|$",785158,0
"\W|$",794996,0
"\W|$",787973,0
"\W|$",788023,0
"\W|$",795062,0
"\W|$",787600,0
"\W|$",787992,0
"\W|$",789798,0
"\W|$",787997,0
"\W|$",790246,0
"\W|$",791002,0
"\W|$",788645,0
"\W|$",788657,0
"\W|$",789855,0
"\W|$",789897,0
"\W|$",789900,0
"\W|$",790240,0
"\W|$",792298,0
"\W|$",754608,0
"\W|$",788649,0
"\W|$",788789,0
"\W|$",789826,0
"\W|$",789852,0
"\W|$",789858,0
"\W|$",789920,0
"\W|$",802059,0
"\W|$",803036,0
"\W|$",799301,0
"\W|$",799311,0
"\W|$",799317,0
"\W|$",799320,0
"\W|$",799323,0
"\W|$",799333,0
"\W|$",800140,0
"\W|$",801950,0
"\W|$",801957,0
"\W|$",802075,0
"\W|$",802090,0
"\W|$",802094,0
"\W|$",802098,0
"\W|$",802102,0
"\W|$",802106,0
"\W|$",814710,0
"\W|$",801747,0
"\W|$",801767,0
"\W|$",801770,0
"\W|$",801779,0
"\W|$",801799,0
"\W|$",802038,0
"\W|$",802084,0
"\W|$",802087,0
"\W|$",806331,0
"\W|$",806336,0
"\W|$",806343,0
"\W|$",806347,0
"\W|$",806356,0
"\W|$",806361,0
"\W|$",806366,0
"\W|$",806371,0
"\W|$",806385,0
"\W|$",788032,0
"\W|$",788085,0
"\W|$",790536,0
"\W|$",688328,0
"\W|$",791646,0
"\W|$",800155,0
"\W|$",800158,0
"\W|$",800161,0
"\W|$",800164,0
"\W|$",800167,0
"\W|$",802985,0
"\W|$",806296,0
"\W|$",806376,0
"\W|$",806399,0
"\W|$",806404,0
"\W|$",806425,0
"\W|$",814856,0
"\W|$",815326,0
"\W|$",815363,0
"\W|$",815581,0
"\W|$",816681,0
"\W|$",799308,0
"\W|$",800184,0
"\W|$",802988,0
"\W|$",803018,0
"\W|$",820772,0
"\W|$",821383,0
"\W|$",821386,0
"\W|$",821390,0
"\W|$",800985,0
"\W|$",807753,0
"\W|$",820695,0
"\W|$",820778,0
"\W|$",820840,0
"\W|$",821428,0
"\W|$",1013675,0
"\W|$",1013732,0
"\W|$",1013743,0
"\W|$",794372,0
"\W|$",790132,0
"\W|$",790147,0
"\W|$",790195,0
"\W|$",794875,0
"\W|$",794876,0
"\W|$",770515,0
"\W|$",685111,0
"\W|$",685126,0
"\W|$",798304,0
"\W|$",817806,0
"\W|$",820682,0
"\W|$",821017,0
"\W|$",798321,0
"\W|$",801795,0
"\W|$",803040,0
"\W|$",821422,0
"\W|$",822041,0
"\W|$",795053,0
"\W|$",827848,0
"\W|$",799291,0
"\W|$",799305,0
"\W|$",799326,0
"\W|$",799342,0
"\W|$",801783,0
"\W|$",801786,0
"\W|$",801802,0
"\W|$",806417,0
"\W|$",820688,0
"\W|$",827851,0
"\W|$",828605,0
"\W|$",685146,0
"\W|$",685159,0
"\W|$",685183,0
"\W|$",685193,0
"\W|$",685203,0
"\W|$",685212,0
"\W|$",685221,0
"\W|$",685244,0
"\W|$",685263,0
"\W|$",685278,0
"\W|$",685290,0
"\W|$",685297,0
"\W|$",793432,0
"\W|$",793511,0
"\W|$",798288,0
"\W|$",801954,0
"\W|$",821379,0
"\W|$",821393,0
"\W|$",821425,0
"\W|$",821452,0
"\W|$",821455,0
"\W|$",821479,0
"\W|$",821482,0
"\W|$",821510,0
"\W|$",821785,0
"\W|$",827827,0
"\W|$",828509,0
"\W|$",828510,0
"\W|$",828511,0
"\W|$",800143,0
"\W|$",800146,0
"\W|$",800149,0
"\W|$",835750,0
"\W|$",835887,0
"\W|$",835924,0
"\W|$",835951,0
"\W|$",836789,0
"\W|$",836893,0
"\W|$",837646,0
"\W|$",837750,0
"\W|$",837757,0
"\W|$",837771,0
"\W|$",857077,0
"\W|$",833108,0
"\W|$",833196,0
"\W|$",833202,0
"\W|$",833203,0
"\W|$",833204,0
"\W|$",833221,0
"\W|$",833254,0
"\W|$",789926,0
"\W|$",789937,0
"\W|$",789948,0
"\W|$",789966,0
"\W|$",791624,0
"\W|$",791626,0
"\W|$",793218,0
"\W|$",795520,0
"\W|$",790530,0
"\W|$",790533,0
"\W|$",793426,0
"\W|$",794078,0
"\W|$",795484,0
"\W|$",793429,0
"\W|$",794110,0
"\W|$",794977,0
"\W|$",685323,0
"\W|$",685347,0
"\W|$",685373,0
"\W|$",685388,0
"\W|$",688936,0
"\W|$",837794,0
"\W|$",837809,0
"\W|$",837832,0
"\W|$",837856,0
"\W|$",838054,0
"\W|$",838057,0
"\W|$",838070,0
"\W|$",838073,0
"\W|$",838076,0
"\W|$",838079,0
"\W|$",838082,0
"\W|$",838088,0
"\W|$",838094,0
"\W|$",838097,0
"\W|$",838354,0
"\W|$",838396,0
"\W|$",838402,0
"\W|$",833256,0
"\W|$",833258,0
"\W|$",834051,0
"\W|$",836537,0
"\W|$",835388,0
"\W|$",835678,0
"\W|$",835742,0
"\W|$",835765,0
"\W|$",835811,0
"\W|$",835900,0
"\W|$",835942,0
"\W|$",688944,0
"\W|$",688961,0
"\W|$",688968,0
"\W|$",688984,0
"\W|$",689003,0
"\W|$",689010,0
"\W|$",689019,0
"\W|$",689039,0
"\W|$",689058,0
"\W|$",689069,0
"\W|$",689085,0
"\W|$",790558,0
"\W|$",758172,0
"\W|$",793663,0
"\W|$",795056,0
"\W|$",795059,0
"\W|$",790072,0
"\W|$",790076,0
"\W|$",790129,0
"\W|$",790138,0
"\W|$",829158,0
"\W|$",838405,0
"\W|$",838416,0
"\W|$",838433,0
"\W|$",838440,0
"\W|$",838450,0
"\W|$",838459,0
"\W|$",838498,0
"\W|$",838549,0
"\W|$",838600,0
"\W|$",838618,0
"\W|$",838650,0
"\W|$",838755,0
"\W|$",838784,0
"\W|$",838797,0
"\W|$",838902,0
"\W|$",838905,0
"\W|$",838908,0
"\W|$",835969,0
"\W|$",835984,0
"\W|$",836005,0
"\W|$",836015,0
"\W|$",836018,0
"\W|$",836330,0
"\W|$",836335,0
"\W|$",836338,0
"\W|$",836914,0
"\W|$",836926,0
"\W|$",836955,0
"\W|$",836963,0
"\W|$",836976,0
"\W|$",836994,0
"\W|$",837011,0
"\W|$",837022,0
"\W|$",837334,0
"\W|$",790141,0
"\W|$",790144,0
"\W|$",790198,0
"\W|$",758104,0
"\W|$",793474,0
"\W|$",769027,0
"\W|$",769200,0
"\W|$",788724,0
"\W|$",789861,0
"\W|$",790048,0
"\W|$",790057,0
"\W|$",790075,0
"\W|$",791987,0
"\W|$",793478,0
"\W|$",793483,0
"\W|$",793506,0
"\W|$",794090,0
"\W|$",788660,0
"\W|$",689095,0
"\W|$",689105,0
"\W|$",689118,0
"\W|$",689127,0
"\W|$",689146,0
"\W|$",689164,0
"\W|$",797769,0
"\W|$",839370,0
"\W|$",840021,0
"\W|$",837824,0
"\W|$",838855,0
"\W|$",839087,0
"\W|$",839094,0
"\W|$",839362,0
"\W|$",839373,0
"\W|$",839375,0
"\W|$",839389,0
"\W|$",839432,0
"\W|$",741420,0
"\W|$",730738,0
"\W|$",741448,0
"\W|$",741455,0
"\W|$",741458,0
"\W|$",741461,0
"\W|$",741465,0
"\W|$",741468,0
"\W|$",741471,0
"\W|$",741474,0
"\W|$",741477,0
"\W|$",741480,0
"\W|$",789942,0
"\W|$",789945,0
"\W|$",789951,0
"\W|$",790054,0
"\W|$",790060,0
"\W|$",790063,0
"\W|$",790227,0
"\W|$",790233,0
"\W|$",1207718,0
"\W|$",1292372,0
"\W|$",1256088,0
"\W|$",840538,0
"\W|$",840541,0
"\W|$",840544,0
"\W|$",840562,0
"\W|$",840565,0
"\W|$",840568,0
"\W|$",840571,0
"\W|$",840574,0
"\W|$",840577,0
"\W|$",840581,0
"\W|$",840595,0
"\W|$",840602,0
"\W|$",840605,0
"\W|$",840615,0
"\W|$",840624,0
"\W|$",840636,0
"\W|$",840645,0
"\W|$",840648,0
"\W|$",840828,0
"\W|$",841144,0
"\W|$",840531,0
"\W|$",840534,0
"\W|$",840550,0
"\W|$",840584,0
"\W|$",840587,0
"\W|$",840590,0
"\W|$",840599,0
"\W|$",840630,0
"\W|$",840633,0
"\W|$",842025,0
"\W|$",842028,0
"\W|$",849107,0
"\W|$",849120,0
"\W|$",849126,0
"\W|$",849149,0
"\W|$",793415,0
"\W|$",793418,0
"\W|$",793421,0
"\W|$",758635,0
"\W|$",788570,0
"\W|$",789956,0
"\W|$",789960,0
"\W|$",789963,0
"\W|$",790230,0
"\W|$",791964,0
"\W|$",795478,0
"\W|$",789810,0
"\W|$",789823,0
"\W|$",789879,0
"\W|$",793063,0
"\W|$",742058,0
"\W|$",867660,0
"\W|$",868669,0
"\W|$",871069,0
"\W|$",871088,0
"\W|$",871156,0
"\W|$",1256086,0
"\W|$",872643,0
"\W|$",872650,0
"\W|$",885532,0
"\W|$",884494,0
"\W|$",874122,0
"\W|$",874156,0
"\W|$",874264,0
"\W|$",884822,0
"\W|$",884843,0
"\W|$",877289,0
"\W|$",877314,0
"\W|$",877316,0
"\W|$",877317,0
"\W|$",877318,0
"\W|$",877319,0
"\W|$",877320,0
"\W|$",877321,0
"\W|$",877335,0
"\W|$",877352,0
"\W|$",877393,0
"\W|$",877394,0
"\W|$",886897,0
"\W|$",884099,0
"\W|$",885978,0
"\W|$",885981,0
"\W|$",887156,0
"\W|$",885064,0
"\W|$",877807,0
"\W|$",878264,0
"\W|$",878628,0
"\W|$",878657,0
"\W|$",878775,0
"\W|$",887161,0
"\W|$",887169,0
"\W|$",887296,0
"\W|$",887297,0
"\W|$",860463,0
"\W|$",860466,0
"\W|$",860467,0
"\W|$",860469,0
"\W|$",860473,0
"\W|$",860475,0
"\W|$",860477,0
"\W|$",860479,0
"\W|$",860480,0
"\W|$",860481,0
"\W|$",860485,0
"\W|$",860489,0
"\W|$",861653,0
"\W|$",868578,0
"\W|$",874085,0
"\W|$",874101,0
"\W|$",878873,0
"\W|$",878906,0
"\W|$",861491,0
"\W|$",861497,0
"\W|$",861559,0
"\W|$",861675,0
"\W|$",873603,0
"\W|$",858375,0
"\W|$",858379,0
"\W|$",858384,0
"\W|$",858389,0
"\W|$",858734,0
"\W|$",858746,0
"\W|$",859151,0
"\W|$",860492,0
"\W|$",860496,0
"\W|$",860499,0
"\W|$",860501,0
"\W|$",860504,0
"\W|$",860507,0
"\W|$",860509,0
"\W|$",860511,0
"\W|$",860512,0
"\W|$",860514,0
"\W|$",860517,0
"\W|$",860518,0
"\W|$",860521,0
"\W|$",860526,0
"\W|$",865349,0
"\W|$",866824,0
"\W|$",884077,0
"\W|$",884078,0
"\W|$",884079,0
"\W|$",884080,0
"\W|$",884081,0
"\W|$",884082,0
"\W|$",884083,0
"\W|$",884091,0
"\W|$",861555,0
"\W|$",861557,0
"\W|$",858134,0
"\W|$",858824,0
"\W|$",858830,0
"\W|$",860541,0
"\W|$",860542,0
"\W|$",860545,0
"\W|$",860546,0
"\W|$",860550,0
"\W|$",858054,0
"\W|$",858280,0
"\W|$",858288,0
"\W|$",868472,0
"\W|$",868491,0
"\W|$",868492,0
"\W|$",868493,0
"\W|$",868497,0
"\W|$",868498,0
"\W|$",868499,0
"\W|$",858291,0
"\W|$",860552,0
"\W|$",860556,0
"\W|$",860558,0
"\W|$",860559,0
"\W|$",860564,0
"\W|$",860569,0
"\W|$",860573,0
"\W|$",860574,0
"\W|$",860576,0
"\W|$",860578,0
"\W|$",860581,0
"\W|$",860582,0
"\W|$",860585,0
"\W|$",860588,0
"\W|$",860590,0
"\W|$",860591,0
"\W|$",866515,0
"\W|$",868485,0
"\W|$",868486,0
"\W|$",868487,0
"\W|$",868488,0
"\W|$",868489,0
"\W|$",870954,0
"\W|$",866455,0
"\W|$",859873,0
"\W|$",860593,0
"\W|$",860595,0
"\W|$",860600,0
"\W|$",860604,0
"\W|$",860613,0
"\W|$",860619,0
"\W|$",860623,0
"\W|$",860626,0
"\W|$",860627,0
"\W|$",859820,0
"\W|$",871240,0
"\W|$",867540,0
"\W|$",868463,0
"\W|$",868464,0
"\W|$",868475,0
"\W|$",868477,0
"\W|$",868495,0
"\W|$",868500,0
"\W|$",868501,0
"\W|$",868502,0
"\W|$",868503,0
"\W|$",868705,0
"\W|$",860935,0
"\W|$",859980,0
"\W|$",859986,0
"\W|$",859991,0
"\W|$",860018,0
"\W|$",860632,0
"\W|$",860634,0
"\W|$",860636,0
"\W|$",860637,0
"\W|$",860639,0
"\W|$",860641,0
"\W|$",860642,0
"\W|$",860651,0
"\W|$",860652,0
"\W|$",860663,0
"\W|$",860664,0
"\W|$",860667,0
"\W|$",859797,0
"\W|$",872683,0
"\W|$",858764,0
"\W|$",861435,0
"\W|$",870256,0
"\W|$",870290,0
"\W|$",858623,0
"\W|$",860009,0
"\W|$",860668,0
"\W|$",860669,0
"\W|$",860672,0
"\W|$",860675,0
"\W|$",860679,0
"\W|$",860683,0
"\W|$",860685,0
"\W|$",860688,0
"\W|$",860690,0
"\W|$",860693,0
"\W|$",860694,0
"\W|$",860697,0
"\W|$",873824,0
"\W|$",873846,0
"\W|$",874094,0
"\W|$",874149,0
"\W|$",874287,0
"\W|$",872765,0
"\W|$",858754,0
"\W|$",858789,0
"\W|$",858815,0
"\W|$",859615,0
"\W|$",860701,0
"\W|$",860703,0
"\W|$",860710,0
"\W|$",860714,0
"\W|$",860725,0
"\W|$",860726,0
"\W|$",860727,0
"\W|$",860729,0
"\W|$",860730,0
"\W|$",858762,0
"\W|$",878731,0
"\W|$",878882,0
"\W|$",878891,0
"\W|$",878912,0
"\W|$",878915,0
"\W|$",878975,0
"\W|$",879104,0
"\W|$",881415,0
"\W|$",881418,0
"\W|$",884000,0
"\W|$",884001,0
"\W|$",884002,0
"\W|$",884006,0
"\W|$",884007,0
"\W|$",884008,0
"\W|$",884009,0
"\W|$",884010,0
"\W|$",872780,0
"\W|$",873192,0
"\W|$",877206,0
"\W|$",877291,0
"\W|$",877354,0
"\W|$",877355,0
"\W|$",877358,0
"\W|$",877402,0
"\W|$",861494,0
"\W|$",860732,0
"\W|$",860735,0
"\W|$",860738,0
"\W|$",860740,0
"\W|$",860741,0
"\W|$",860743,0
"\W|$",860744,0
"\W|$",860745,0
"\W|$",860748,0
"\W|$",860749,0
"\W|$",860750,0
"\W|$",860751,0
"\W|$",860753,0
"\W|$",860754,0
"\W|$",860755,0
"\W|$",860757,0
"\W|$",860760,0
"\W|$",860764,0
"\W|$",860766,0
"\W|$",860767,0
"\W|$",860772,0
"\W|$",860773,0
"\W|$",860774,0
"\W|$",884011,0
"\W|$",884012,0
"\W|$",884013,0
"\W|$",884014,0
"\W|$",884015,0
"\W|$",884016,0
"\W|$",884017,0
"\W|$",884018,0
"\W|$",884019,0
"\W|$",884020,0
"\W|$",884021,0
"\W|$",884022,0
"\W|$",884023,0
"\W|$",884024,0
"\W|$",884025,0
"\W|$",884026,0
"\W|$",884027,0
"\W|$",884028,0
"\W|$",884029,0
"\W|$",884030,0
"\W|$",884031,0
"\W|$",884032,0
"\W|$",884033,0
"\W|$",884034,0
"\W|$",884035,0
"\W|$",884036,0
"\W|$",884037,0
"\W|$",884038,0
"\W|$",884039,0
"\W|$",884040,0
"\W|$",884041,0
"\W|$",884042,0
"\W|$",884043,0
"\W|$",884044,0
"\W|$",884045,0
"\W|$",884046,0
"\W|$",884053,0
"\W|$",884064,0
"\W|$",884065,0
"\W|$",884066,0
"\W|$",884067,0
"\W|$",884085,0
"\W|$",884093,0
"\W|$",884094,0
"\W|$",884095,0
"\W|$",884096,0
"\W|$",884112,0
"\W|$",877425,0
"\W|$",877688,0
"\W|$",878797,0
"\W|$",879076,0
"\W|$",879239,0
"\W|$",879242,0
"\W|$",883988,0
"\W|$",883997,0
"\W|$",883998,0
"\W|$",883999,0
"\W|$",866470,0
"\W|$",866494,0
"\W|$",866624,0
"\W|$",866829,0
"\W|$",860776,0
"\W|$",860780,0
"\W|$",860783,0
"\W|$",860784,0
"\W|$",860785,0
"\W|$",860786,0
"\W|$",860787,0
"\W|$",860789,0
"\W|$",860792,0
"\W|$",860793,0
"\W|$",860796,0
"\W|$",860800,0
"\W|$",860801,0
"\W|$",860804,0
"\W|$",860806,0
"\W|$",860807,0
"\W|$",860808,0
"\W|$",860809,0
"\W|$",860812,0
"\W|$",860813,0
"\W|$",860815,0
"\W|$",860816,0
"\W|$",860818,0
"\W|$",884648,0
"\W|$",868660,0
"\W|$",884003,0
"\W|$",884004,0
"\W|$",884005,0
"\W|$",884047,0
"\W|$",884048,0
"\W|$",884049,0
"\W|$",884050,0
"\W|$",884051,0
"\W|$",884052,0
"\W|$",884054,0
"\W|$",884055,0
"\W|$",884056,0
"\W|$",884057,0
"\W|$",884060,0
"\W|$",884061,0
"\W|$",884062,0
"\W|$",884063,0
"\W|$",884068,0
"\W|$",884069,0
"\W|$",884070,0
"\W|$",884084,0
"\W|$",884086,0
"\W|$",884087,0
"\W|$",884089,0
"\W|$",884090,0
"\W|$",884092,0
"\W|$",884097,0
"\W|$",884098,0
"\W|$",884100,0
"\W|$",884101,0
"\W|$",884102,0
"\W|$",884103,0
"\W|$",884104,0
"\W|$",884105,0
"\W|$",884106,0
"\W|$",884107,0
"\W|$",884108,0
"\W|$",884109,0
"\W|$",884110,0
"\W|$",884111,0
"\W|$",884113,0
"\W|$",884114,0
"\W|$",884115,0
"\W|$",867537,0
"\W|$",868465,0
"\W|$",868466,0
"\W|$",868467,0
"\W|$",868468,0
"\W|$",868469,0
"\W|$",868470,0
"\W|$",868471,0
"\W|$",868474,0
"\W|$",868476,0
"\W|$",868481,0
"\W|$",868483,0
"\W|$",868484,0
"\W|$",868490,0
"\W|$",868496,0
"\W|$",868505,0
"\W|$",868506,0
"\W|$",868508,0
"\W|$",860820,0
"\W|$",860825,0
"\W|$",860826,0
"\W|$",860827,0
"\W|$",860829,0
"\W|$",860832,0
"\W|$",860836,0
"\W|$",860839,0
"\W|$",860841,0
"\W|$",860848,0
"\W|$",860850,0
"\W|$",860856,0
"\W|$",860858,0
"\W|$",860860,0
"\W|$",860862,0
"\W|$",884847,0
"\W|$",885014,0
"\W|$",885015,0
"\W|$",885032,0
"\W|$",885033,0
"\W|$",868509,0
"\W|$",868510,0
"\W|$",868511,0
"\W|$",868512,0
"\W|$",868513,0
"\W|$",868514,0
"\W|$",868515,0
"\W|$",877347,0
"\W|$",877423,0
"\W|$",860863,0
"\W|$",860867,0
"\W|$",860870,0
"\W|$",860875,0
"\W|$",860878,0
"\W|$",860882,0
"\W|$",860884,0
"\W|$",860885,0
"\W|$",861500,0
"\W|$",865352,0
"\W|$",885236,0
"\W|$",885239,0
"\W|$",885454,0
"\W|$",885459,0
"\W|$",884676,0
"\W|$",884677,0
"\W|$",884750,0
"\W|$",884751,0
"\W|$",878639,0
"\W|$",881398,0
"\W|$",881401,0
"\W|$",881407,0
"\W|$",881410,0
"\W|$",881423,0
"\W|$",881429,0
"\W|$",881435,0
"\W|$",881483,0
"\W|$",884059,0
"\W|$",884088,0
"\W|$",865354,0
"\W|$",866456,0
"\W|$",866482,0
"\W|$",866509,0
"\W|$",866803,0
"\W|$",867409,0
"\W|$",867410,0
"\W|$",867532,0
"\W|$",867659,0
"\W|$",902166,0
"\W|$",899154,0
"\W|$",899156,0
"\W|$",899157,0
"\W|$",899158,0
"\W|$",899162,0
"\W|$",899164,0
"\W|$",899166,0
"\W|$",899167,0
"\W|$",899168,0
"\W|$",899169,0
"\W|$",899170,0
"\W|$",899171,0
"\W|$",899172,0
"\W|$",899173,0
"\W|$",899175,0
"\W|$",899179,0
"\W|$",899182,0
"\W|$",899648,0
"\W|$",899649,0
"\W|$",899650,0
"\W|$",899653,0
"\W|$",899655,0
"\W|$",899657,0
"\W|$",899659,0
"\W|$",899660,0
"\W|$",899661,0
"\W|$",899662,0
"\W|$",899663,0
"\W|$",899664,0
"\W|$",899665,0
"\W|$",899666,0
"\W|$",899667,0
"\W|$",899668,0
"\W|$",899669,0
"\W|$",899670,0
"\W|$",899671,0
"\W|$",899672,0
"\W|$",899673,0
"\W|$",899674,0
"\W|$",899675,0
"\W|$",899678,0
"\W|$",905184,0
"\W|$",905187,0
"\W|$",905730,0
"\W|$",899153,0
"\W|$",899184,0
"\W|$",899187,0
"\W|$",899188,0
"\W|$",899190,0
"\W|$",899192,0
"\W|$",899193,0
"\W|$",899194,0
"\W|$",899195,0
"\W|$",899197,0
"\W|$",899199,0
"\W|$",899200,0
"\W|$",899205,0
"\W|$",899206,0
"\W|$",899208,0
"\W|$",899211,0
"\W|$",899679,0
"\W|$",899681,0
"\W|$",899682,0
"\W|$",899683,0
"\W|$",899684,0
"\W|$",899685,0
"\W|$",899686,0
"\W|$",899687,0
"\W|$",899689,0
"\W|$",899691,0
"\W|$",899692,0
"\W|$",899693,0
"\W|$",899694,0
"\W|$",899695,0
"\W|$",899698,0
"\W|$",899699,0
"\W|$",899700,0
"\W|$",899701,0
"\W|$",899702,0
"\W|$",899703,0
"\W|$",899704,0
"\W|$",899705,0
"\W|$",899707,0
"\W|$",899708,0
"\W|$",899709,0
"\W|$",899710,0
"\W|$",899711,0
"\W|$",899215,0
"\W|$",899216,0
"\W|$",899217,0
"\W|$",899218,0
"\W|$",899219,0
"\W|$",899220,0
"\W|$",899222,0
"\W|$",899223,0
"\W|$",899225,0
"\W|$",899229,0
"\W|$",899230,0
"\W|$",899233,0
"\W|$",899234,0
"\W|$",899235,0
"\W|$",899236,0
"\W|$",899237,0
"\W|$",899238,0
"\W|$",899239,0
"\W|$",899240,0
"\W|$",899241,0
"\W|$",899243,0
"\W|$",899245,0
"\W|$",899246,0
"\W|$",899712,0
"\W|$",899716,0
"\W|$",899717,0
"\W|$",899720,0
"\W|$",899721,0
"\W|$",899722,0
"\W|$",899724,0
"\W|$",899725,0
"\W|$",899726,0
"\W|$",899727,0
"\W|$",899728,0
"\W|$",899729,0
"\W|$",899731,0
"\W|$",899732,0
"\W|$",899733,0
"\W|$",899735,0
"\W|$",899737,0
"\W|$",899738,0
"\W|$",899739,0
"\W|$",899740,0
"\W|$",899741,0
"\W|$",899742,0
"\W|$",899745,0
"\W|$",907401,0
"\W|$",899248,0
"\W|$",899249,0
"\W|$",899250,0
"\W|$",899251,0
"\W|$",899252,0
"\W|$",899253,0
"\W|$",899254,0
"\W|$",899255,0
"\W|$",899256,0
"\W|$",899257,0
"\W|$",899258,0
"\W|$",899259,0
"\W|$",899260,0
"\W|$",899261,0
"\W|$",899262,0
"\W|$",899263,0
"\W|$",899264,0
"\W|$",899268,0
"\W|$",899269,0
"\W|$",899270,0
"\W|$",899271,0
"\W|$",899272,0
"\W|$",899273,0
"\W|$",899275,0
"\W|$",899276,0
"\W|$",899277,0
"\W|$",899278,0
"\W|$",899279,0
"\W|$",899746,0
"\W|$",899747,0
"\W|$",899748,0
"\W|$",899749,0
"\W|$",899750,0
"\W|$",899751,0
"\W|$",899752,0
"\W|$",899753,0
"\W|$",899754,0
"\W|$",899756,0
"\W|$",899757,0
"\W|$",899759,0
"\W|$",899760,0
"\W|$",899763,0
"\W|$",899764,0
"\W|$",899765,0
"\W|$",899766,0
"\W|$",899767,0
"\W|$",899768,0
"\W|$",899771,0
"\W|$",899775,0
"\W|$",899776,0
"\W|$",899777,0
"\W|$",899778,0
"\W|$",899779,0
"\W|$",892928,0
"\W|$",892950,0
"\W|$",892978,0
"\W|$",893408,0
"\W|$",893421,0
"\W|$",893439,0
"\W|$",893449,0
"\W|$",893452,0
"\W|$",893464,0
"\W|$",893479,0
"\W|$",899280,0
"\W|$",899282,0
"\W|$",899283,0
"\W|$",899284,0
"\W|$",899285,0
"\W|$",899286,0
"\W|$",899287,0
"\W|$",899288,0
"\W|$",899289,0
"\W|$",899290,0
"\W|$",899291,0
"\W|$",899292,0
"\W|$",899293,0
"\W|$",899294,0
"\W|$",899295,0
"\W|$",899296,0
"\W|$",899297,0
"\W|$",899298,0
"\W|$",899299,0
"\W|$",899300,0
"\W|$",899301,0
"\W|$",899302,0
"\W|$",899303,0
"\W|$",899305,0
"\W|$",899306,0
"\W|$",899307,0
"\W|$",899308,0
"\W|$",899310,0
"\W|$",899311,0
"\W|$",899312,0
"\W|$",899781,0
"\W|$",899782,0
"\W|$",899783,0
"\W|$",899791,0
"\W|$",899792,0
"\W|$",899793,0
"\W|$",899796,0
"\W|$",899798,0
"\W|$",899799,0
"\W|$",899800,0
"\W|$",899802,0
"\W|$",899804,0
"\W|$",899805,0
"\W|$",899807,0
"\W|$",899809,0
"\W|$",899810,0
"\W|$",899811,0
"\W|$",899812,0
"\W|$",899813,0
"\W|$",894161,0
"\W|$",902500,0
"\W|$",907149,0
"\W|$",899313,0
"\W|$",899314,0
"\W|$",899315,0
"\W|$",899316,0
"\W|$",899317,0
"\W|$",899318,0
"\W|$",899319,0
"\W|$",899320,0
"\W|$",899321,0
"\W|$",899322,0
"\W|$",899324,0
"\W|$",899325,0
"\W|$",899326,0
"\W|$",899327,0
"\W|$",899328,0
"\W|$",899329,0
"\W|$",899330,0
"\W|$",899332,0
"\W|$",899335,0
"\W|$",899336,0
"\W|$",899337,0
"\W|$",899338,0
"\W|$",899340,0
"\W|$",899341,0
"\W|$",899342,0
"\W|$",899343,0
"\W|$",899344,0
"\W|$",899345,0
"\W|$",899346,0
"\W|$",899814,0
"\W|$",899816,0
"\W|$",899818,0
"\W|$",899821,0
"\W|$",899822,0
"\W|$",899824,0
"\W|$",899825,0
"\W|$",899826,0
"\W|$",899827,0
"\W|$",899828,0
"\W|$",899829,0
"\W|$",899830,0
"\W|$",899831,0
"\W|$",899832,0
"\W|$",899833,0
"\W|$",899834,0
"\W|$",899835,0
"\W|$",899836,0
"\W|$",899837,0
"\W|$",899838,0
"\W|$",899839,0
"\W|$",899840,0
"\W|$",899841,0
"\W|$",899842,0
"\W|$",899843,0
"\W|$",899846,0
"\W|$",899847,0
"\W|$",889709,0
"\W|$",899347,0
"\W|$",899350,0
"\W|$",899351,0
"\W|$",899352,0
"\W|$",899353,0
"\W|$",899354,0
"\W|$",899355,0
"\W|$",899356,0
"\W|$",899357,0
"\W|$",899359,0
"\W|$",899360,0
"\W|$",899361,0
"\W|$",899362,0
"\W|$",899366,0
"\W|$",899367,0
"\W|$",899368,0
"\W|$",899369,0
"\W|$",899371,0
"\W|$",899372,0
"\W|$",899373,0
"\W|$",899374,0
"\W|$",899377,0
"\W|$",899378,0
"\W|$",899379,0
"\W|$",899848,0
"\W|$",899849,0
"\W|$",899851,0
"\W|$",899852,0
"\W|$",899853,0
"\W|$",899854,0
"\W|$",899855,0
"\W|$",899875,0
"\W|$",899876,0
"\W|$",899877,0
"\W|$",899878,0
"\W|$",899879,0
"\W|$",899880,0
"\W|$",897923,0
"\W|$",898955,0
"\W|$",898956,0
"\W|$",898957,0
"\W|$",898958,0
"\W|$",898959,0
"\W|$",898960,0
"\W|$",898961,0
"\W|$",898962,0
"\W|$",898964,0
"\W|$",898965,0
"\W|$",898966,0
"\W|$",898967,0
"\W|$",898969,0
"\W|$",898971,0
"\W|$",898972,0
"\W|$",898973,0
"\W|$",899380,0
"\W|$",899381,0
"\W|$",899382,0
"\W|$",899383,0
"\W|$",899384,0
"\W|$",899386,0
"\W|$",899389,0
"\W|$",899390,0
"\W|$",899391,0
"\W|$",899393,0
"\W|$",899394,0
"\W|$",899396,0
"\W|$",899397,0
"\W|$",899398,0
"\W|$",899400,0
"\W|$",899401,0
"\W|$",899402,0
"\W|$",899403,0
"\W|$",899406,0
"\W|$",899407,0
"\W|$",899409,0
"\W|$",899410,0
"\W|$",899411,0
"\W|$",894450,0
"\W|$",899881,0
"\W|$",899883,0
"\W|$",899884,0
"\W|$",899888,0
"\W|$",899889,0
"\W|$",899890,0
"\W|$",899891,0
"\W|$",899892,0
"\W|$",899893,0
"\W|$",899894,0
"\W|$",899895,0
"\W|$",899896,0
"\W|$",899897,0
"\W|$",899898,0
"\W|$",899899,0
"\W|$",899900,0
"\W|$",899901,0
"\W|$",899902,0
"\W|$",899903,0
"\W|$",899904,0
"\W|$",899905,0
"\W|$",899907,0
"\W|$",899909,0
"\W|$",899910,0
"\W|$",899911,0
"\W|$",899912,0
"\W|$",902938,0
"\W|$",902940,0
"\W|$",902943,0
"\W|$",902951,0
"\W|$",902955,0
"\W|$",902958,0
"\W|$",907585,0
"\W|$",907588,0
"\W|$",907665,0
"\W|$",907668,0
"\W|$",917083,0
"\W|$",893248,0
"\W|$",898976,0
"\W|$",898977,0
"\W|$",898978,0
"\W|$",898979,0
"\W|$",898980,0
"\W|$",898981,0
"\W|$",898985,0
"\W|$",898986,0
"\W|$",899414,0
"\W|$",899417,0
"\W|$",899418,0
"\W|$",899420,0
"\W|$",899421,0
"\W|$",899425,0
"\W|$",899426,0
"\W|$",899427,0
"\W|$",899428,0
"\W|$",899429,0
"\W|$",899430,0
"\W|$",899432,0
"\W|$",899435,0
"\W|$",899436,0
"\W|$",899438,0
"\W|$",899444,0
"\W|$",899913,0
"\W|$",899914,0
"\W|$",899915,0
"\W|$",899916,0
"\W|$",899917,0
"\W|$",899918,0
"\W|$",899919,0
"\W|$",899920,0
"\W|$",899921,0
"\W|$",899922,0
"\W|$",899923,0
"\W|$",899924,0
"\W|$",899925,0
"\W|$",899926,0
"\W|$",899927,0
"\W|$",899928,0
"\W|$",899929,0
"\W|$",899930,0
"\W|$",899931,0
"\W|$",899932,0
"\W|$",899933,0
"\W|$",899934,0
"\W|$",899935,0
"\W|$",899936,0
"\W|$",899937,0
"\W|$",899938,0
"\W|$",899939,0
"\W|$",899942,0
"\W|$",899944,0
"\W|$",899946,0
"\W|$",887503,0
"\W|$",887506,0
"\W|$",888625,0
"\W|$",898987,0
"\W|$",898988,0
"\W|$",898989,0
"\W|$",898990,0
"\W|$",898991,0
"\W|$",898992,0
"\W|$",898993,0
"\W|$",898994,0
"\W|$",898995,0
"\W|$",898996,0
"\W|$",898997,0
"\W|$",898998,0
"\W|$",898999,0
"\W|$",899001,0
"\W|$",899002,0
"\W|$",899003,0
"\W|$",899004,0
"\W|$",899005,0
"\W|$",899006,0
"\W|$",899008,0
"\W|$",899009,0
"\W|$",899011,0
"\W|$",899446,0
"\W|$",899448,0
"\W|$",899451,0
"\W|$",899452,0
"\W|$",899453,0
"\W|$",899455,0
"\W|$",899456,0
"\W|$",899457,0
"\W|$",899458,0
"\W|$",899459,0
"\W|$",899460,0
"\W|$",899461,0
"\W|$",899462,0
"\W|$",899464,0
"\W|$",899467,0
"\W|$",899468,0
"\W|$",899469,0
"\W|$",899470,0
"\W|$",899471,0
"\W|$",899472,0
"\W|$",899473,0
"\W|$",899474,0
"\W|$",899475,0
"\W|$",899476,0
"\W|$",899478,0
"\W|$",899947,0
"\W|$",899952,0
"\W|$",899953,0
"\W|$",899956,0
"\W|$",899957,0
"\W|$",899959,0
"\W|$",899964,0
"\W|$",899965,0
"\W|$",899966,0
"\W|$",899967,0
"\W|$",899968,0
"\W|$",899969,0
"\W|$",899970,0
"\W|$",899972,0
"\W|$",899973,0
"\W|$",899974,0
"\W|$",899975,0
"\W|$",899976,0
"\W|$",899977,0
"\W|$",899978,0
"\W|$",899979,0
"\W|$",899013,0
"\W|$",899014,0
"\W|$",899015,0
"\W|$",899017,0
"\W|$",899018,0
"\W|$",899019,0
"\W|$",899020,0
"\W|$",899021,0
"\W|$",899022,0
"\W|$",899023,0
"\W|$",899025,0
"\W|$",899026,0
"\W|$",899027,0
"\W|$",899029,0
"\W|$",899030,0
"\W|$",899031,0
"\W|$",899032,0
"\W|$",899033,0
"\W|$",899034,0
"\W|$",899035,0
"\W|$",899036,0
"\W|$",899037,0
"\W|$",899481,0
"\W|$",899482,0
"\W|$",899483,0
"\W|$",899485,0
"\W|$",899486,0
"\W|$",899487,0
"\W|$",899488,0
"\W|$",899489,0
"\W|$",899491,0
"\W|$",899492,0
"\W|$",899495,0
"\W|$",899497,0
"\W|$",899498,0
"\W|$",899499,0
"\W|$",899501,0
"\W|$",899502,0
"\W|$",899503,0
"\W|$",899505,0
"\W|$",899506,0
"\W|$",899507,0
"\W|$",899508,0
"\W|$",899509,0
"\W|$",899510,0
"\W|$",899511,0
"\W|$",899512,0
"\W|$",899980,0
"\W|$",899981,0
"\W|$",899984,0
"\W|$",899985,0
"\W|$",899986,0
"\W|$",899987,0
"\W|$",899988,0
"\W|$",899989,0
"\W|$",899990,0
"\W|$",899991,0
"\W|$",899992,0
"\W|$",899993,0
"\W|$",899997,0
"\W|$",899998,0
"\W|$",899999,0
"\W|$",900000,0
"\W|$",900001,0
"\W|$",900002,0
"\W|$",900003,0
"\W|$",900004,0
"\W|$",900005,0
"\W|$",900009,0
"\W|$",900011,0
"\W|$",900012,0
"\W|$",890136,0
"\W|$",899040,0
"\W|$",899043,0
"\W|$",899044,0
"\W|$",899046,0
"\W|$",899047,0
"\W|$",899048,0
"\W|$",899049,0
"\W|$",899050,0
"\W|$",899052,0
"\W|$",899053,0
"\W|$",899054,0
"\W|$",899055,0
"\W|$",899059,0
"\W|$",899513,0
"\W|$",899514,0
"\W|$",899515,0
"\W|$",899516,0
"\W|$",899517,0
"\W|$",899518,0
"\W|$",899519,0
"\W|$",899521,0
"\W|$",899524,0
"\W|$",899525,0
"\W|$",899527,0
"\W|$",899528,0
"\W|$",899529,0
"\W|$",899530,0
"\W|$",899531,0
"\W|$",899532,0
"\W|$",899533,0
"\W|$",899534,0
"\W|$",899535,0
"\W|$",899536,0
"\W|$",899537,0
"\W|$",899539,0
"\W|$",899540,0
"\W|$",899541,0
"\W|$",899542,0
"\W|$",899543,0
"\W|$",899545,0
"\W|$",900013,0
"\W|$",900014,0
"\W|$",900015,0
"\W|$",900016,0
"\W|$",900017,0
"\W|$",900019,0
"\W|$",900020,0
"\W|$",900021,0
"\W|$",900022,0
"\W|$",900023,0
"\W|$",900024,0
"\W|$",900025,0
"\W|$",900026,0
"\W|$",900027,0
"\W|$",900028,0
"\W|$",900031,0
"\W|$",900032,0
"\W|$",900033,0
"\W|$",900036,0
"\W|$",900037,0
"\W|$",900038,0
"\W|$",900039,0
"\W|$",900040,0
"\W|$",900042,0
"\W|$",900043,0
"\W|$",900045,0
"\W|$",890146,0
"\W|$",899063,0
"\W|$",899064,0
"\W|$",899067,0
"\W|$",899069,0
"\W|$",899072,0
"\W|$",899073,0
"\W|$",899075,0
"\W|$",899076,0
"\W|$",899077,0
"\W|$",899078,0
"\W|$",899079,0
"\W|$",899080,0
"\W|$",899081,0
"\W|$",899082,0
"\W|$",899083,0
"\W|$",899084,0
"\W|$",899085,0
"\W|$",899086,0
"\W|$",899087,0
"\W|$",899547,0
"\W|$",899549,0
"\W|$",899550,0
"\W|$",899552,0
"\W|$",899553,0
"\W|$",899554,0
"\W|$",899559,0
"\W|$",899560,0
"\W|$",899564,0
"\W|$",899565,0
"\W|$",899566,0
"\W|$",899571,0
"\W|$",899574,0
"\W|$",899578,0
"\W|$",900046,0
"\W|$",900047,0
"\W|$",900048,0
"\W|$",900049,0
"\W|$",900051,0
"\W|$",900052,0
"\W|$",900053,0
"\W|$",900054,0
"\W|$",900055,0
"\W|$",900057,0
"\W|$",900058,0
"\W|$",900059,0
"\W|$",900062,0
"\W|$",900067,0
"\W|$",900068,0
"\W|$",900069,0
"\W|$",900070,0
"\W|$",900072,0
"\W|$",900073,0
"\W|$",900075,0
"\W|$",900077,0
"\W|$",900078,0
"\W|$",899092,0
"\W|$",899096,0
"\W|$",899097,0
"\W|$",899100,0
"\W|$",899104,0
"\W|$",899106,0
"\W|$",899107,0
"\W|$",899108,0
"\W|$",899109,0
"\W|$",899110,0
"\W|$",899111,0
"\W|$",899112,0
"\W|$",899113,0
"\W|$",899114,0
"\W|$",899115,0
"\W|$",899116,0
"\W|$",899117,0
"\W|$",899118,0
"\W|$",899120,0
"\W|$",899121,0
"\W|$",899122,0
"\W|$",899579,0
"\W|$",899582,0
"\W|$",899583,0
"\W|$",899584,0
"\W|$",899585,0
"\W|$",899586,0
"\W|$",899587,0
"\W|$",899588,0
"\W|$",899591,0
"\W|$",899592,0
"\W|$",899593,0
"\W|$",899594,0
"\W|$",899596,0
"\W|$",899597,0
"\W|$",899598,0
"\W|$",943929,0
"\W|$",899606,0
"\W|$",899607,0
"\W|$",900080,0
"\W|$",900082,0
"\W|$",900083,0
"\W|$",900085,0
"\W|$",900090,0
"\W|$",900091,0
"\W|$",900093,0
"\W|$",900094,0
"\W|$",900096,0
"\W|$",900097,0
"\W|$",900098,0
"\W|$",900101,0
"\W|$",900102,0
"\W|$",900103,0
"\W|$",900104,0
"\W|$",900107,0
"\W|$",900108,0
"\W|$",900109,0
"\W|$",900111,0
"\W|$",899123,0
"\W|$",899124,0
"\W|$",899125,0
"\W|$",899130,0
"\W|$",899131,0
"\W|$",899132,0
"\W|$",899134,0
"\W|$",899135,0
"\W|$",899136,0
"\W|$",899137,0
"\W|$",899144,0
"\W|$",899145,0
"\W|$",899146,0
"\W|$",899147,0
"\W|$",899148,0
"\W|$",899149,0
"\W|$",899151,0
"\W|$",899617,0
"\W|$",899618,0
"\W|$",899620,0
"\W|$",899621,0
"\W|$",899622,0
"\W|$",899625,0
"\W|$",899627,0
"\W|$",899628,0
"\W|$",899629,0
"\W|$",899630,0
"\W|$",899631,0
"\W|$",899632,0
"\W|$",899633,0
"\W|$",899634,0
"\W|$",899635,0
"\W|$",899637,0
"\W|$",899640,0
"\W|$",899641,0
"\W|$",899644,0
"\W|$",900114,0
"\W|$",900115,0
"\W|$",900116,0
"\W|$",900117,0
"\W|$",900118,0
"\W|$",900119,0
"\W|$",900121,0
"\W|$",900122,0
"\W|$",902167,0
"\W|$",902168,0
"\W|$",902171,0
"\W|$",889361,0
"\W|$",889962,0
"\W|$",892936,0
"\W|$",892953,0
"\W|$",893473,0
"\W|$",893482,0
"\W|$",894266,0
"\W|$",894270,0
"\W|$",902782,0
"\W|$",887494,0
"\W|$",887497,0
"\W|$",887500,0
"\W|$",887512,0
"\W|$",887515,0
"\W|$",887518,0
"\W|$",887527,0
"\W|$",887530,0
"\W|$",887533,0
"\W|$",887542,0
"\W|$",887547,0
"\W|$",887553,0
"\W|$",905858,0
"\W|$",907407,0
"\W|$",907563,0
"\W|$",887482,0
"\W|$",887485,0
"\W|$",887524,0
"\W|$",887536,0
"\W|$",895818,0
"\W|$",903278,0
"\W|$",905001,0
"\W|$",905003,0
"\W|$",905005,0
"\W|$",905014,0
"\W|$",905016,0
"\W|$",907532,0
"\W|$",917080,0
"\W|$",887421,0
"\W|$",892730,0
"\W|$",892811,0
"\W|$",889966,0
"\W|$",889970,0
"\W|$",892939,0
"\W|$",894453,0
"\W|$",902978,0
"\W|$",902979,0
"\W|$",902980,0
"\W|$",902981,0
"\W|$",902985,0
"\W|$",893245,0
"\W|$",894143,0
"\W|$",903281,0
"\W|$",907653,0
"\W|$",907656,0
"\W|$",907659,0
"\W|$",907662,0
"\W|$",889211,0
"\W|$",905022,0
"\W|$",894262,0
"\W|$",895820,0
"\W|$",903075,0
"\W|$",903078,0
"\W|$",903081,0
"\W|$",903084,0
"\W|$",903087,0
"\W|$",903090,0
"\W|$",903093,0
"\W|$",903096,0
"\W|$",903099,0
"\W|$",892922,0
"\W|$",893476,0
"\W|$",887476,0
"\W|$",887479,0
"\W|$",907201,0
"\W|$",902982,0
"\W|$",888622,0
"\W|$",902362,0
"\W|$",907357,0
"\W|$",907404,0
"\W|$",907535,0
"\W|$",907728,0
"\W|$",904997,0
"\W|$",907223,0
"\W|$",887509,0
"\W|$",902174,0
"\W|$",932236,0
"\W|$",932248,0
"\W|$",932249,0
"\W|$",932252,0
"\W|$",932917,0
"\W|$",932970,0
"\W|$",933582,0
"\W|$",933817,0
"\W|$",934599,0
"\W|$",934719,0
"\W|$",934804,0
"\W|$",934867,0
"\W|$",934875,0
"\W|$",935193,0
"\W|$",928265,0
"\W|$",928295,0
"\W|$",931844,0
"\W|$",932556,0
"\W|$",932908,0
"\W|$",933578,0
"\W|$",933703,0
"\W|$",933706,0
"\W|$",933791,0
"\W|$",955170,0
"\W|$",932445,0
"\W|$",957919,0
"\W|$",942421,0
"\W|$",926624,0
"\W|$",926708,0
"\W|$",926768,0
"\W|$",926862,0
"\W|$",947959,0
"\W|$",947962,0
"\W|$",947986,0
"\W|$",950081,0
"\W|$",950094,0
"\W|$",950167,0
"\W|$",950174,0
"\W|$",943943,0
"\W|$",939247,0
"\W|$",943935,0
"\W|$",946361,0
"\W|$",947903,0
"\W|$",947929,0
"\W|$",947932,0
"\W|$",947983,0
"\W|$",948014,0
"\W|$",948023,0
"\W|$",949970,0
"\W|$",949976,0
"\W|$",949982,0
"\W|$",939235,0
"\W|$",939236,0
"\W|$",939241,0
"\W|$",939242,0
"\W|$",939244,0
"\W|$",939245,0
"\W|$",942420,0
"\W|$",943698,0
"\W|$",943964,0
"\W|$",938463,0
"\W|$",942765,0
"\W|$",943287,0
"\W|$",943191,0
"\W|$",943195,0
"\W|$",943205,0
"\W|$",943217,0
"\W|$",943237,0
"\W|$",948026,0
"\W|$",949990,0
"\W|$",950065,0
"\W|$",948546,0
"\W|$",948696,0
"\W|$",939234,0
"\W|$",952013,0
"\W|$",941843,0
"\W|$",941884,0
"\W|$",948164,0
"\W|$",948167,0
"\W|$",948172,0
"\W|$",948179,0
"\W|$",948185,0
"\W|$",948188,0
"\W|$",948194,0
"\W|$",948321,0
"\W|$",946825,0
"\W|$",949675,0
"\W|$",952549,0
"\W|$",982694,0
"\W|$",969546,0
"\W|$",969552,0
"\W|$",969555,0
"\W|$",969564,0
"\W|$",969567,0
"\W|$",969591,0
"\W|$",971598,0
"\W|$",971673,0
"\W|$",971692,0
"\W|$",971698,0
"\W|$",971702,0
"\W|$",971714,0
"\W|$",971717,0
"\W|$",971721,0
"\W|$",971728,0
"\W|$",971732,0
"\W|$",971736,0
"\W|$",971763,0
"\W|$",971780,0
"\W|$",971783,0
"\W|$",971786,0
"\W|$",971948,0
"\W|$",971956,0
"\W|$",971970,0
"\W|$",971982,0
"\W|$",971989,0
"\W|$",972007,0
"\W|$",972044,0
"\W|$",972062,0
"\W|$",972066,0
"\W|$",972091,0
"\W|$",972188,0
"\W|$",979436,0
"\W|$",979442,0
"\W|$",979445,0
"\W|$",979451,0
"\W|$",979481,0
"\W|$",979503,0
"\W|$",979512,0
"\W|$",979529,0
"\W|$",979533,0
"\W|$",979536,0
"\W|$",979541,0
"\W|$",979545,0
"\W|$",979549,0
"\W|$",980037,0
"\W|$",982698,0
"\W|$",1117391,0
"\W|$",969494,0
"\W|$",969499,0
"\W|$",969504,0
"\W|$",969510,0
"\W|$",969513,0
"\W|$",969573,0
"\W|$",969576,0
"\W|$",969582,0
"\W|$",969585,0
"\W|$",969588,0
"\W|$",969621,0
"\W|$",1010034,0
"\W|$",1010036,0
"\W|$",1010052,0
"\W|$",971567,0
"\W|$",971573,0
"\W|$",971595,0
"\W|$",971710,0
"\W|$",971739,0
"\W|$",971747,0
"\W|$",971750,0
"\W|$",971766,0
"\W|$",971770,0
"\W|$",971776,0
"\W|$",971913,0
"\W|$",971952,0
"\W|$",971962,0
"\W|$",971973,0
"\W|$",971976,0
"\W|$",971979,0
"\W|$",971985,0
"\W|$",971999,0
"\W|$",972021,0
"\W|$",972029,0
"\W|$",972048,0
"\W|$",972052,0
"\W|$",972055,0
"\W|$",972058,0
"\W|$",972076,0
"\W|$",972084,0
"\W|$",972087,0
"\W|$",972095,0
"\W|$",972101,0
"\W|$",972104,0
"\W|$",972107,0
"\W|$",972110,0
"\W|$",972130,0
"\W|$",972137,0
"\W|$",972144,0
"\W|$",972191,0
"\W|$",972194,0
"\W|$",972198,0
"\W|$",972202,0
"\W|$",972206,0
"\W|$",972209,0
"\W|$",972267,0
"\W|$",972283,0
"\W|$",972802,0
"\W|$",972805,0
"\W|$",972817,0
"\W|$",972821,0
"\W|$",972824,0
"\W|$",972828,0
"\W|$",972831,0
"\W|$",972833,0
"\W|$",972836,0
"\W|$",972846,0
"\W|$",972850,0
"\W|$",972856,0
"\W|$",972861,0
"\W|$",972864,0
"\W|$",972869,0
"\W|$",972873,0
"\W|$",972885,0
"\W|$",972890,0
"\W|$",979506,0
"\W|$",979509,0
"\W|$",979552,0
"\W|$",964211,0
"\W|$",931848,0
"\W|$",931854,0
"\W|$",931877,0
"\W|$",932237,0
"\W|$",932491,0
"\W|$",953927,0
"\W|$",931842,0
"\W|$",1006272,0
"\W|$",959184,0
"\W|$",959340,0
"\W|$",959855,0
"\W|$",964261,0
"\W|$",964301,0
"\W|$",964304,0
"\W|$",964330,0
"\W|$",964334,0
"\W|$",941848,0
"\W|$",932963,0
"\W|$",932976,0
"\W|$",942422,0
"\W|$",942423,0
"\W|$",942424,0
"\W|$",942427,0
"\W|$",942428,0
"\W|$",942429,0
"\W|$",942431,0
"\W|$",942432,0
"\W|$",942433,0
"\W|$",942435,0
"\W|$",942770,0
"\W|$",942780,0
"\W|$",943199,0
"\W|$",943202,0
"\W|$",943208,0
"\W|$",943220,0
"\W|$",947935,0
"\W|$",947941,0
"\W|$",947947,0
"\W|$",947950,0
"\W|$",947956,0
"\W|$",947974,0
"\W|$",947977,0
"\W|$",931837,0
"\W|$",931856,0
"\W|$",932832,0
"\W|$",939237,0
"\W|$",939240,0
"\W|$",939246,0
"\W|$",941888,0
"\W|$",959267,0
"\W|$",959327,0
"\W|$",959358,0
"\W|$",964073,0
"\W|$",933367,0
"\W|$",933700,0
"\W|$",933779,0
"\W|$",933803,0
"\W|$",933831,0
"\W|$",934811,0
"\W|$",934838,0
"\W|$",934859,0
"\W|$",934888,0
"\W|$",935020,0
"\W|$",939251,0
"\W|$",942436,0
"\W|$",942437,0
"\W|$",942438,0
"\W|$",942445,0
"\W|$",942446,0
"\W|$",942447,0
"\W|$",942449,0
"\W|$",942450,0
"\W|$",942451,0
"\W|$",942452,0
"\W|$",942453,0
"\W|$",942454,0
"\W|$",942455,0
"\W|$",942456,0
"\W|$",942457,0
"\W|$",942458,0
"\W|$",942459,0
"\W|$",942460,0
"\W|$",942463,0
"\W|$",942464,0
"\W|$",942465,0
"\W|$",943176,0
"\W|$",943181,0
"\W|$",943223,0
"\W|$",943240,0
"\W|$",946476,0
"\W|$",959470,0
"\W|$",964084,0
"\W|$",939243,0
"\W|$",941891,0
"\W|$",946354,0
"\W|$",958429,0
"\W|$",959307,0
"\W|$",959321,0
"\W|$",959346,0
"\W|$",959512,0
"\W|$",933357,0
"\W|$",934901,0
"\W|$",943359,0
"\W|$",933845,0
"\W|$",947938,0
"\W|$",947944,0
"\W|$",947965,0
"\W|$",947980,0
"\W|$",948485,0
"\W|$",948499,0
"\W|$",948753,0
"\W|$",943214,0
"\W|$",943243,0
"\W|$",950088,0
"\W|$",950091,0
"\W|$",958946,0
"\W|$",963078,0
"\W|$",963747,0
"\W|$",964103,0
"\W|$",964205,0
"\W|$",964214,0
"\W|$",964226,0
"\W|$",964239,0
"\W|$",964248,0
"\W|$",964251,0
"\W|$",964264,0
"\W|$",964273,0
"\W|$",964279,0
"\W|$",964282,0
"\W|$",964285,0
"\W|$",964294,0
"\W|$",959215,0
"\W|$",959235,0
"\W|$",959241,0
"\W|$",959597,0
"\W|$",959770,0
"\W|$",959781,0
"\W|$",964199,0
"\W|$",964217,0
"\W|$",964223,0
"\W|$",964242,0
"\W|$",964245,0
"\W|$",964254,0
"\W|$",964270,0
"\W|$",964276,0
"\W|$",964291,0
"\W|$",964298,0
"\W|$",979392,0
"\W|$",979395,0
"\W|$",979404,0
"\W|$",979413,0
"\W|$",979417,0
"\W|$",979423,0
"\W|$",979427,0
"\W|$",979430,0
"\W|$",969489,0
"\W|$",971676,0
"\W|$",958447,0
"\W|$",964087,0
"\W|$",973446,0
"\W|$",969543,0
"\W|$",979454,0
"\W|$",971586,0
"\W|$",971589,0
"\W|$",971684,0
"\W|$",971687,0
"\W|$",971695,0
"\W|$",971706,0
"\W|$",971724,0
"\W|$",971754,0
"\W|$",971760,0
"\W|$",971773,0
"\W|$",971793,0
"\W|$",971941,0
"\W|$",971958,0
"\W|$",971965,0
"\W|$",971967,0
"\W|$",972004,0
"\W|$",972010,0
"\W|$",972014,0
"\W|$",972017,0
"\W|$",972025,0
"\W|$",972033,0
"\W|$",972037,0
"\W|$",972069,0
"\W|$",972072,0
"\W|$",972098,0
"\W|$",972127,0
"\W|$",972134,0
"\W|$",972150,0
"\W|$",972213,0
"\W|$",972219,0
"\W|$",972808,0
"\W|$",972841,0
"\W|$",973855,0
"\W|$",979448,0
"\W|$",979461,0
"\W|$",979465,0
"\W|$",979471,0
"\W|$",980036,0
"\W|$",899971,0
"\W|$",1287810,0
"\W|$",1287812,0
"\W|$",1287814,0
"\W|$",1289144,0
"\W|$",1289145,0
"\W|$",1010054,0
"\W|$",1010058,0
"\W|$",1010060,0
"\W|$",1010064,0
"\W|$",932968,0
"\W|$",942439,0
"\W|$",942440,0
"\W|$",942442,0
"\W|$",942443,0
"\W|$",942444,0
"\W|$",942461,0
"\W|$",942462,0
"\W|$",942466,0
"\W|$",942467,0
"\W|$",942468,0
"\W|$",942469,0
"\W|$",942470,0
"\W|$",942472,0
"\W|$",942473,0
"\W|$",942475,0
"\W|$",942476,0
"\W|$",942477,0
"\W|$",942816,0
"\W|$",931850,0
"\W|$",932050,0
"\W|$",932247,0
"\W|$",932250,0
"\W|$",932251,0
"\W|$",952647,0
"\W|$",932243,0
"\W|$",933219,0
"\W|$",933911,0
"\W|$",935251,0
"\W|$",939248,0
"\W|$",942474,0
"\W|$",942478,0
"\W|$",942479,0
"\W|$",947906,0
"\W|$",947953,0
"\W|$",948011,0
"\W|$",948020,0
"\W|$",948029,0
"\W|$",948032,0
"\W|$",948035,0
"\W|$",950061,0
"\W|$",950084,0
"\W|$",950182,0
"\W|$",931836,0
"\W|$",931839,0
"\W|$",939238,0
"\W|$",939239,0
"\W|$",941912,0
"\W|$",941915,0
"\W|$",941922,0
"\W|$",948589,0
"\W|$",959042,0
"\W|$",959226,0
"\W|$",959249,0
"\W|$",959276,0
"\W|$",963745,0
"\W|$",973398,0
"\W|$",958426,0
"\W|$",958434,0
"\W|$",959108,0
"\W|$",959134,0
"\W|$",959222,0
"\W|$",959258,0
"\W|$",959310,0
"\W|$",959415,0
"\W|$",959812,0
"\W|$",959859,0
"\W|$",960957,0
"\W|$",964081,0
"\W|$",964193,0
"\W|$",964196,0
"\W|$",964202,0
"\W|$",964208,0
"\W|$",964220,0
"\W|$",964288,0
"\W|$",964322,0
"\W|$",964338,0
"\W|$",964573,0
"\W|$",974112,0
"\W|$",933729,0
"\W|$",933859,0
"\W|$",933878,0
"\W|$",933897,0
"\W|$",943998,0
"\W|$",944004,0
"\W|$",943938,0
"\W|$",943948,0
"\W|$",943971,0
"\W|$",947900,0
"\W|$",947909,0
"\W|$",947912,0
"\W|$",947918,0
"\W|$",947968,0
"\W|$",947971,0
"\W|$",948182,0
"\W|$",947915,0
"\W|$",948002,0
"\W|$",948005,0
"\W|$",948008,0
"\W|$",948169,0
"\W|$",948175,0
"\W|$",942775,0
"\W|$",947923,0
"\W|$",947926,0
"\W|$",969540,0
"\W|$",969561,0
"\W|$",969570,0
"\W|$",932947,0
"\W|$",933350,0
"\W|$",933574,0
"\W|$",934075,0
"\W|$",935195,0
"\W|$",939249,0
"\W|$",939250,0
"\W|$",939252,0
"\W|$",942425,0
"\W|$",942426,0
"\W|$",942430,0
"\W|$",942434,0
"\W|$",943954,0
"\W|$",943992,0
"\W|$",943995,0
"\W|$",969517,0
"\W|$",969525,0
"\W|$",969531,0
"\W|$",969534,0
"\W|$",969537,0
"\W|$",969579,0
"\W|$",969594,0
"\W|$",948191,0
"\W|$",951318,0
"\W|$",952808,0
"\W|$",959283,0
"\W|$",959740,0
"\W|$",959802,0
"\W|$",959807,0
"\W|$",963081,0
"\W|$",963084,0
"\W|$",979410,0
"\W|$",979433,0
"\W|$",971554,0
"\W|$",971564,0
"\W|$",971570,0
"\W|$",971576,0
"\W|$",971579,0
"\W|$",971592,0
"\W|$",971743,0
"\W|$",971757,0
"\W|$",971992,0
"\W|$",971996,0
"\W|$",972041,0
"\W|$",972080,0
"\W|$",972141,0
"\W|$",972147,0
"\W|$",972216,0
"\W|$",972280,0
"\W|$",972811,0
"\W|$",972814,0
"\W|$",972878,0
"\W|$",973010,0
"\W|$",979388,0
"\W|$",979398,0
"\W|$",979407,0
"\W|$",979420,0
"\W|$",979439,0
"\W|$",979478,0
"\W|$",979484,0
"\W|$",979500,0
"\W|$",979517,0
"\W|$",979555,0
"\W|$",979558,0
"\W|$",979564,0
"\W|$",964229,0
"\W|$",964235,0
"\W|$",964267,0
"\W|$",964317,0
"\W|$",1010032,0
"\W|$",1010050,0
"\W|$",1010056,0
"\W|$",1010062,0
"\W|$",971789,0
"\W|$",1146918,0
"\W|$",1159113,0
"\W|$",1159121,0
"\W|$",1159127,0
"\W|$",1159143,0
"\W|$",1159159,0
"\W|$",1176969,0
"\W|$",1150959,0
"\W|$",1159205,0
"\W|$",1159203,0
"\W|$",1150957,0
"\W|$",1159191,0
"\W|$",1159193,0
"\W|$",1176985,0
"\W|$",1176983,0
"\W|$",1127122,0
"\W|$",1125859,0
"\W|$",1176989,0
"\W|$",1176991,0
"\W|$",1094208,0
"\W|$",1176995,0
"\W|$",1127134,0
"\W|$",1041730,0
"\W|$",1041044,0
"\W|$",1041477,0
"\W|$",1041501,0
"\W|$",1041546,0
"\W|$",1041589,0
"\W|$",1041665,0
"\W|$",1041792,0
"\W|$",1041843,0
"\W|$",1044241,0
"\W|$",1044250,0
"\W|$",1044277,0
"\W|$",1110198,0
"\W|$",1110204,0
"\W|$",1110245,0
"\W|$",1110302,0
"\W|$",1094002,0
"\W|$",1171239,0
"\W|$",1171241,0
"\W|$",1171249,0
"\W|$",1176981,0
"\W|$",1176987,0
"\W|$",1176999,0
"\W|$",1151267,0
"\W|$",1207720,0
"\W|$",1151275,0
"\W|$",1090947,0
"\W|$",1041531,0
"\W|$",1217339,0
"\W|$",1217341,0
"\W|$",689744,0
"\W|$",1222761,0
"\W|$",1222763,0
"\W|$",1222779,0
"\W|$",1222781,0
"\W|$",1222789,0
"\W|$",1222791,0
"\W|$",1222795,0
"\W|$",1222801,0
"\W|$",1222803,0
"\W|$",1222805,0
"\W|$",1222815,0
"\W|$",1222817,0
"\W|$",1041047,0
"\W|$",1041067,0
"\W|$",1041093,0
"\W|$",1041594,0
"\W|$",1041621,0
"\W|$",1042070,0
"\W|$",1042080,0
"\W|$",1044244,0
"\W|$",1044283,0
"\W|$",1093938,0
"\W|$",1179665,0
"\W|$",1159085,0
"\W|$",1159099,0
"\W|$",1159117,0
"\W|$",1159109,0
"\W|$",1151277,0
"\W|$",1151281,0
"\W|$",1151289,0
"\W|$",1151283,0
"\W|$",1132352,0
"\W|$",1159131,0
"\W|$",1151287,0
"\W|$",1159149,0
"\W|$",1132348,0
"\W|$",1150941,0
"\W|$",1150955,0
"\W|$",1150933,0
"\W|$",1171245,0
"\W|$",1159173,0
"\W|$",1159125,0
"\W|$",1159161,0
"\W|$",1151279,0
"\W|$",1171243,0
"\W|$",1171251,0
"\W|$",1085027,0
"\W|$",1159135,0
"\W|$",1159139,0
"\W|$",1159169,0
"\W|$",1146926,0
"\W|$",1146922,0
"\W|$",1176973,0
"\W|$",1171247,0
"\W|$",1176971,0
"\W|$",1159183,0
"\W|$",1176977,0
"\W|$",1110167,0
"\W|$",1110170,0
"\W|$",1110176,0
"\W|$",1110179,0
"\W|$",1110182,0
"\W|$",1110192,0
"\W|$",1110195,0
"\W|$",1110201,0
"\W|$",1110207,0
"\W|$",1110210,0
"\W|$",1110213,0
"\W|$",1110224,0
"\W|$",1110228,0
"\W|$",1110233,0
"\W|$",1110291,0
"\W|$",1110299,0
"\W|$",1125712,0
"\W|$",1131907,0
"\W|$",1298927,0
"\W|$",1298971,0
"\W|$",1298974,0
"\W|$",1298977,0
"\W|$",1298987,0
"\W|$",1041472,0
"\W|$",1041534,0
"\W|$",1041555,0
"\W|$",1041620,0
"\W|$",1041643,0
"\W|$",1089409,0
"\W|$",1044274,0
"\W|$",1150931,0
"\W|$",1150935,0
"\W|$",1150945,0
"\W|$",1150953,0
"\W|$",1162842,0
"\W|$",1170324,0
"\W|$",1041490,0
"\W|$",1041552,0
"\W|$",1042040,0
"\W|$",1042050,0
"\W|$",1042060,0
"\W|$",1042125,0
"\W|$",1085055,0
"\W|$",1085089,0
"\W|$",1013729,0
"\W|$",1042167,0
"\W|$",1041496,0
"\W|$",1093904,0
"\W|$",1094163,0
"\W|$",1041807,0
"\W|$",1041815,0
"\W|$",1041855,0
"\W|$",1041861,0
"\W|$",1041867,0
"\W|$",1041873,0
"\W|$",1041879,0
"\W|$",1044295,0
"\W|$",1044238,0
"\W|$",1085042,0
"\W|$",1094185,0
"\W|$",1125704,0
"\W|$",1041825,0
"\W|$",1041849,0
"\W|$",1041988,0
"\W|$",1042090,0
"\W|$",1042101,0
"\W|$",1042115,0
"\W|$",1042120,0
"\W|$",1042143,0
"\W|$",1042195,0
"\W|$",1042214,0
"\W|$",1013677,0
"\W|$",1041338,0
"\W|$",1041581,0
"\W|$",1041586,0
"\W|$",1041831,0
"\W|$",1044265,0
"\W|$",1041057,0
"\W|$",1042030,0
"\W|$",1044247,0
"\W|$",1044259,0
"\W|$",972838,0
"\W|$",1085069,0
"\W|$",1085078,0
"\W|$",1090280,0
"\W|$",1041088,0
"\W|$",1041369,0
"\W|$",1041742,0
"\W|$",1041777,0
"\W|$",1041965,0
"\W|$",1042153,0
"\W|$",1042922,0
"\W|$",1044280,0
"\W|$",1044299,0
"\W|$",1279618,0
"\W|$",1279622,0
"\W|$",1279628,0
"\W|$",1279630,0
"\W|$",1279634,0
"\W|$",1279638,0
"\W|$",1279644,0
"\W|$",1279650,0
"\W|$",1279652,0
"\W|$",1279654,0
"\W|$",1013730,0
"\W|$",1013740,0
"\W|$",1041353,0
"\W|$",1041615,0
"\W|$",1041616,0
"\W|$",1041617,0
"\W|$",1089379,0
"\W|$",1041383,0
"\W|$",1041761,0
"\W|$",1041901,0
"\W|$",1093978,0
"\W|$",1041618,0
"\W|$",1041619,0
"\W|$",1042919,0
"\W|$",1110111,0
"\W|$",1110294,0
"\W|$",1127114,0
"\W|$",1127120,0
"\W|$",1127124,0
"\W|$",1127126,0
"\W|$",1127128,0
"\W|$",1127130,0
"\W|$",1127132,0
"\W|$",1127136,0
"\W|$",1013712,0
"\W|$",1013736,0
"\W|$",1013745,0
"\W|$",1041041,0
"\W|$",1041072,0
"\W|$",1041080,0
"\W|$",1041348,0
"\W|$",1041379,0
"\W|$",1041386,0
"\W|$",1041543,0
"\W|$",1041632,0
"\W|$",1041654,0
"\W|$",1041885,0
"\W|$",1042018,0
"\W|$",1159091,0
"\W|$",1159111,0
"\W|$",1159123,0
"\W|$",1159145,0
"\W|$",1159151,0
"\W|$",1159157,0
"\W|$",1159189,0
"\W|$",1159195,0
"\W|$",1159197,0
"\W|$",1159201,0
"\W|$",1013684,0
"\W|$",1161737,0
"\W|$",1161738,0
"\W|$",1161740,0
"\W|$",1161741,0
"\W|$",1161742,0
"\W|$",1161743,0
"\W|$",1161744,0
"\W|$",1161745,0
"\W|$",1161746,0
"\W|$",1161747,0
"\W|$",1161748,0
"\W|$",1161749,0
"\W|$",1161752,0
"\W|$",1176975,0
"\W|$",1159177,0
"\W|$",1159167,0
"\W|$",1159181,0
"\W|$",1159179,0
"\W|$",1150939,0
"\W|$",1150947,0
"\W|$",1150943,0
"\W|$",1146914,0
"\W|$",1277557,0
"\W|$",1277559,0
"\W|$",1277561,0
"\W|$",1277563,0
"\W|$",1277565,0
"\W|$",1277567,0
"\W|$",1277569,0
"\W|$",1277571,0
"\W|$",1277573,0
"\W|$",1277576,0
"\W|$",1277578,0
"\W|$",1277580,0
"\W|$",1277582,0
"\W|$",1277584,0
"\W|$",1277586,0
"\W|$",1277588,0
"\W|$",1277590,0
"\W|$",1277592,0
"\W|$",1277594,0
"\W|$",1277596,0
"\W|$",1277598,0
"\W|$",1277600,0
"\W|$",1277602,0
"\W|$",1277604,0
"\W|$",1277606,0
"\W|$",1277608,0
"\W|$",1277610,0
"\W|$",1277612,0
"\W|$",1277614,0
"\W|$",1277616,0
"\W|$",1277618,0
"\W|$",1277620,0
"\W|$",1277622,0
"\W|$",1277624,0
"\W|$",1277626,0
"\W|$",1277628,0
"\W|$",1277630,0
"\W|$",1277632,0
"\W|$",1277634,0
"\W|$",1277636,0
"\W|$",1277638,0
"\W|$",1277640,0
"\W|$",1277642,0
"\W|$",1277644,0
"\W|$",1277646,0
"\W|$",1277648,0
"\W|$",1277650,0
"\W|$",1277652,0
"\W|$",1277654,0
"\W|$",1277656,0
"\W|$",1277658,0
"\W|$",1277660,0
"\W|$",1277662,0
"\W|$",1277664,0
"\W|$",1277666,0
"\W|$",1277668,0
"\W|$",1277670,0
"\W|$",1277672,0
"\W|$",1277674,0
"\W|$",1277676,0
"\W|$",1277678,0
"\W|$",1277680,0
"\W|$",1277682,0
"\W|$",1277684,0
"\W|$",1277686,0
"\W|$",1277688,0
"\W|$",1277690,0
"\W|$",1277692,0
"\W|$",1277694,0
"\W|$",1277696,0
"\W|$",1167512,0
"\W|$",1277698,0
"\W|$",1277700,0
"\W|$",1277703,0
"\W|$",1277705,0
"\W|$",1277707,0
"\W|$",1277709,0
"\W|$",1277711,0
"\W|$",1277713,0
"\W|$",1277715,0
"\W|$",1277718,0
"\W|$",1277720,0
"\W|$",1277722,0
"\W|$",1277724,0
"\W|$",1277726,0
"\W|$",1277728,0
"\W|$",1277730,0
"\W|$",1277732,0
"\W|$",1277734,0
"\W|$",1277736,0
"\W|$",1277738,0
"\W|$",1277740,0
"\W|$",1277742,0
"\W|$",1277744,0
"\W|$",1277746,0
"\W|$",1277748,0
"\W|$",1277750,0
"\W|$",1277752,0
"\W|$",1277754,0
"\W|$",1277756,0
"\W|$",1277758,0
"\W|$",1277760,0
"\W|$",1277762,0
"\W|$",1277764,0
"\W|$",1277766,0
"\W|$",1277768,0
"\W|$",1277770,0
"\W|$",1277772,0
"\W|$",1277774,0
"\W|$",1277776,0
"\W|$",1277778,0
"\W|$",1277780,0
"\W|$",1277782,0
"\W|$",1277784,0
"\W|$",1277786,0
"\W|$",1277788,0
"\W|$",1277790,0
"\W|$",1277792,0
"\W|$",1277794,0
"\W|$",1277796,0
"\W|$",1277798,0
"\W|$",1277800,0
"\W|$",1277802,0
"\W|$",1277804,0
"\W|$",1277806,0
"\W|$",1277808,0
"\W|$",1277810,0
"\W|$",1277812,0
"\W|$",1277814,0
"\W|$",1277816,0
"\W|$",1277818,0
"\W|$",1277820,0
"\W|$",1277822,0
"\W|$",1277824,0
"\W|$",1277826,0
"\W|$",1277828,0
"\W|$",1277830,0
"\W|$",1277832,0
"\W|$",1361910,0
"\W|$",1361912,0
"\W|$",1361913,0
"\W|$",1361914,0
"\W|$",1361915,0
"\W|$",1363473,0
"\W|$",1298972,0
"\W|$",1298981,0
"\W|$",1333041,0
"\W|$",1298948,0
"\W|$",1298930,0
"\W|$",1298988,0
"\W|$",1298991,0
"\W|$",1298992,0
"\W|$",1298932,0
"\W|$",1298997,0
"\W|$",1298956,0
"\W|$",1298999,0
"\W|$",1299003,0
"\W|$",1298934,0
"\W|$",1298962,0
"\W|$",1299010,0
"\W|$",1298964,0
"\W|$",1298937,0
"\W|$",1299015,0
"\W|$",1299016,0
"\W|$",1299020,0
"\W|$",1298939,0
"\W|$",1299021,0
"\W|$",1298940,0
"\W|$",1041526,0
"\W|$",1285862,0
"\W|$",1225582,0
"\W|$",1225584,0
"\W|$",1225586,0
"\W|$",1225588,0
"\W|$",1225590,0
"\W|$",1225592,0
"\W|$",1225594,0
"\W|$",1225596,0
"\W|$",1225598,0
"\W|$",1225600,0
"\W|$",1238777,0
"\W|$",1238779,0
"\W|$",1238781,0
"\W|$",1238783,0
"\W|$",1238785,0
"\W|$",1238787,0
"\W|$",1238789,0
"\W|$",1238791,0
"\W|$",1238793,0
"\W|$",1238795,0
"\W|$",1238797,0
"\W|$",1238799,0
"\W|$",1238801,0
"\W|$",1238803,0
"\W|$",1238805,0
"\W|$",1238807,0
"\W|$",1285858,0
"\W|$",1285870,0
"\W|$",1298947,0
"\W|$",1298986,0
"\W|$",1298950,0
"\W|$",1041954,0
"\W|$",1041891,0
"\W|$",1279636,0
"\W|$",1279658,0
"\W|$",860510,0
"\W|$",1159105,0
"\W|$",1159137,0
"\W|$",1159129,0
"\W|$",1159153,0
"\W|$",1315494,0
"\W|$",1041077,0
"\W|$",1041083,0
"\W|$",1298961,0
"\W|$",1281864,0
"\W|$",1281866,0
"\W|$",1281870,0
"\W|$",1281872,0
"\W|$",1281874,0
"\W|$",1281876,0
"\W|$",1281878,0
"\W|$",1281880,0
"\W|$",1281882,0
"\W|$",1281884,0
"\W|$",1281886,0
"\W|$",1281888,0
"\W|$",1281890,0
"\W|$",1281892,0
"\W|$",1281894,0
"\W|$",1281896,0
"\W|$",1281898,0
"\W|$",1281900,0
"\W|$",1281902,0
"\W|$",1281904,0
"\W|$",1281906,0
"\W|$",1281908,0
"\W|$",1281910,0
"\W|$",1281912,0
"\W|$",1281914,0
"\W|$",1281916,0
"\W|$",1281918,0
"\W|$",1281920,0
"\W|$",1281922,0
"\W|$",1298938,0
"\W|$",1299019,0
"\W|$",1094174,0
"\W|$",1176997,0
"\W|$",1159095,0
"\W|$",1159097,0
"\W|$",1159185,0
"\W|$",1094025,0
"\W|$",1093954,0
"\W|$",1279626,0
"\W|$",1315505,0
"\W|$",1315504,0
"\W|$",1315501,0
"\W|$",1041690,0
"\W|$",1041757,0
"\W|$",1225019,0
"\W|$",1222811,0
"\W|$",1222809,0
"\W|$",1222813,0
"\W|$",1222775,0
"\W|$",1222821,0
"\W|$",1222777,0
"\W|$",1222787,0
"\W|$",1222773,0
"\W|$",1222819,0
"\W|$",1222807,0
"\W|$",1222799,0
"\W|$",1222783,0
"\W|$",1222793,0
"\W|$",1222797,0
"\W|$",1222785,0
"\W|$",1256090,0
"\W|$",1256092,0
"\W|$",1256094,0
"\W|$",1298983,0
"\W|$",1298968,0
"\W|$",932906,0
"\W|$",1041719,0
"\W|$",1041747,0
"\W|$",1041374,0
"\W|$",1041343,0
"\W|$",1044271,0
"\W|$",1315503,0
"\W|$",1159155,0
"\W|$",1361911,0
"\W|$",1159133,0
"\W|$",1041687,0
"\W|$",1146910,0
"\W|$",1176993,0
"\W|$",1227875,0
"\W|$",1252904,0
"\W|$",1252906,0
"\W|$",1252908,0
"\W|$",1252910,0
"\W|$",1252912,0
"\W|$",1252914,0
"\W|$",1252916,0
"\W|$",1252918,0
"\W|$",1252920,0
"\W|$",1252922,0
"\W|$",1252924,0
"\W|$",1252926,0
"\W|$",1252928,0
"\W|$",1252930,0
"\W|$",1252932,0
"\W|$",1252934,0
"\W|$",1252936,0
"\W|$",1362520,0
"\W|$",1362521,0
"\W|$",1298982,0
"\W|$",1299028,0
"\W|$",1298985,0
"\W|$",1298951,0
"\W|$",1299000,0
"\W|$",1298935,0
"\W|$",1298936,0
"\W|$",1298965,0
"\W|$",1268944,0
"\W|$",1268946,0
"\W|$",1268948,0
"\W|$",1268950,0
"\W|$",1298979,0
"\W|$",1298955,0
"\W|$",1298959,0
"\W|$",1299023,0
"\W|$",1041514,0
"\W|$",856702,0
"\W|$",1315493,0
"\W|$",1298963,0
"\W|$",1299013,0
"\W|$",1271335,0
"\W|$",1271337,0
"\W|$",1271339,0
"\W|$",1271341,0
"\W|$",1271343,0
"\W|$",1271345,0
"\W|$",1271347,0
"\W|$",1279640,0
"\W|$",1284773,0
"\W|$",1284771,0
"\W|$",1298989,0
"\W|$",1298953,0
"\W|$",1225169,0
"\W|$",1225171,0
"\W|$",1225173,0
"\W|$",1225175,0
"\W|$",1225177,0
"\W|$",1225181,0
"\W|$",1225183,0
"\W|$",1225185,0
"\W|$",1225187,0
"\W|$",1225189,0
"\W|$",1225191,0
"\W|$",1225193,0
"\W|$",1225195,0
"\W|$",1225197,0
"\W|$",1225199,0
"\W|$",1225201,0
"\W|$",1225203,0
"\W|$",1225205,0
"\W|$",1225207,0
"\W|$",1225209,0
"\W|$",1225211,0
"\W|$",1225215,0
"\W|$",1225217,0
"\W|$",1225219,0
"\W|$",1225221,0
"\W|$",1225223,0
"\W|$",1225225,0
"\W|$",1284835,0
"\W|$",1284795,0
"\W|$",1284787,0
"\W|$",1284821,0
"\W|$",1284825,0
"\W|$",1284809,0
"\W|$",1284849,0
"\W|$",1284869,0
"\W|$",1284863,0
"\W|$",1284875,0
"\W|$",1284769,0
"\W|$",1281868,0
"\W|$",1159165,0
"\W|$",860696,0
"\W|$",1041811,0
"\W|$",1159141,0
"\W|$",877397,0
"\W|$",1041487,0
"\W|$",1309261,0
"\W|$",1309281,0
"\W|$",1309285,0
"\W|$",1309287,0
"\W|$",1298995,0
"\W|$",1299002,0
"\W|$",1299004,0
"\W|$",1299007,0
"\W|$",1299018,0
"\W|$",1299022,0
"\W|$",1298931,0
"\W|$",1298933,0
"\W|$",1298967,0
"\W|$",1298969,0
"\W|$",1298976,0
"\W|$",1299008,0
"\W|$",1299011,0
"\W|$",1299026,0
"\W|$",1299027,0
"\W|$",1299029,0
"\W|$",1299030,0
"\W|$",1299032,0
"\W|$",1298946,0
"\W|$",860656,0
"\W|$",1044256,0
"\W|$",1299043,0
"\W|$",1299044,0
"\W|$",1298929,0
"\W|$",1298942,0
"\W|$",1298943,0
"\W|$",1298944,0
"\W|$",1298945,0
"\W|$",1298949,0
"\W|$",1298952,0
"\W|$",1298954,0
"\W|$",1298957,0
"\W|$",1298958,0
"\W|$",1252492,0
"\W|$",1252494,0
"\W|$",1041991,0
"\W|$",1287816,0
"\W|$",1283074,0
"\W|$",1283076,0
"\W|$",1283078,0
"\W|$",1283080,0
"\W|$",1283082,0
"\W|$",1283084,0
"\W|$",1283086,0
"\W|$",1283088,0
"\W|$",1283090,0
"\W|$",1283092,0
"\W|$",1283094,0
"\W|$",1283096,0
"\W|$",1283098,0
"\W|$",1283100,0
"\W|$",1283102,0
"\W|$",1283104,0
"\W|$",1283106,0
"\W|$",1283108,0
"\W|$",1283110,0
"\W|$",1283112,0
"\W|$",1283114,0
"\W|$",1283116,0
"\W|$",1284877,0
"\W|$",1299033,0
"\W|$",1333042,0
"\W|$",1298990,0
"\W|$",1298998,0
"\W|$",1299009,0
"\W|$",1298966,0
"\W|$",1299014,0
"\W|$",1299017,0
"\W|$",1298996,0
"\W|$",1299001,0
"\W|$",1283118,0
"\W|$",1284775,0
"\W|$",1284777,0
"\W|$",1284779,0
"\W|$",1284781,0
"\W|$",1284783,0
"\W|$",1284785,0
"\W|$",1284789,0
"\W|$",1284791,0
"\W|$",1284793,0
"\W|$",1284797,0
"\W|$",1284799,0
"\W|$",1284801,0
"\W|$",1284803,0
"\W|$",1284805,0
"\W|$",1284807,0
"\W|$",1284811,0
"\W|$",1284813,0
"\W|$",1284815,0
"\W|$",1284817,0
"\W|$",1284819,0
"\W|$",1284823,0
"\W|$",1284827,0
"\W|$",1284829,0
"\W|$",1284831,0
"\W|$",1284837,0
"\W|$",1284839,0
"\W|$",1284841,0
"\W|$",1284843,0
"\W|$",1284845,0
"\W|$",1284847,0
"\W|$",1284851,0
"\W|$",1284853,0
"\W|$",1284855,0
"\W|$",1284857,0
"\W|$",1284859,0
"\W|$",1284861,0
"\W|$",1284865,0
"\W|$",1284867,0
"\W|$",1284871,0
"\W|$",1284873,0
"\W|$",1285854,0
"\W|$",1285856,0
"\W|$",1285860,0
"\W|$",1285864,0
"\W|$",1285866,0
"\W|$",1285868,0
"\W|$",1285872,0
"\W|$",1041519,0
"\W|$",1285876,0
"\W|$",1309291,0
"\W|$",1315775,0
"\W|$",1284833,0
"\W|$",1353055,0
"\W|$",1353056,0
"\W|$",1127118,0
"\W|$",1309263,0
"\W|$",1298978,0
"\W|$",1298960,0
"\W|$",1299005,0
"\W|$",1299006,0
"\W|$",1299012,0
"\W|$",899697,0
"\W|$",1277469,0
"\W|$",1277471,0
"\W|$",1277473,0
"\W|$",1277475,0
"\W|$",1277477,0
"\W|$",1277479,0
"\W|$",1277481,0
"\W|$",1277485,0
"\W|$",1277487,0
"\W|$",1277489,0
"\W|$",1277491,0
"\W|$",1277493,0
"\W|$",1277495,0
"\W|$",1277497,0
"\W|$",1277499,0
"\W|$",1277501,0
"\W|$",1277503,0
"\W|$",1277505,0
"\W|$",1277507,0
"\W|$",1277509,0
"\W|$",1277511,0
"\W|$",1277513,0
"\W|$",1277515,0
"\W|$",1277517,0
"\W|$",1277519,0
"\W|$",1277521,0
"\W|$",1277523,0
"\W|$",1277525,0
"\W|$",1277527,0
"\W|$",1277529,0
"\W|$",1277531,0
"\W|$",1277533,0
"\W|$",1277535,0
"\W|$",1277537,0
"\W|$",1277539,0
"\W|$",1277541,0
"\W|$",1277543,0
"\W|$",1277545,0
"\W|$",1277547,0
"\W|$",1277549,0
"\W|$",1277551,0
"\W|$",1277553,0
"\W|$",1277555,0
"\W|$",1270111,0
"\W|$",1279614,0
"\W|$",1279620,0
"\W|$",1302634,0
"\W|$",1041701,0
"\W|$",1298928,0
"\W|$",1285521,0
"\W|$",1270934,0
"\W|$",1279624,0
"\W|$",1285523,0
"\W|$",1349437,0
"\W|$",1349438,0
"\W|$",1349439,0
"\W|$",1349442,0
"\W|$",1349444,0
"\W|$",1349445,0
"\W|$",1349446,0
"\W|$",1349447,0
"\W|$",1349448,0
"\W|$",1349449,0
"\W|$",1349450,0
"\W|$",1349451,0
"\W|$",1349452,0
"\W|$",1349453,0
"\W|$",1349454,0
"\W|$",1352331,0
"\W|$",1352336,0
"\W|$",1352337,0
"\W|$",1352341,0
"\W|$",1352344,0
"\W|$",1352345,0
"\W|$",1352347,0
"\W|$",1285582,0
"\W|$",838850,0
"\W|$",1127110,0
"\W|$",1298984,0
"\W|$",1127112,0
"\W|$",1302640,0
"\W|$",1159101,0
"\W|$",1044253,0
"\W|$",1041359,0
"\W|$",1041364,0
"\W|$",1041103,0
"\W|$",1302650,0
"\W|$",1302668,0
"\W|$",1302670,0
"\W|$",1349441,0
"\W|$",1302630,0
"\W|$",1302459,0
"\W|$",1302461,0
"\W|$",1302493,0
"\W|$",1302495,0
"\W|$",1302497,0
"\W|$",1302499,0
"\W|$",1302501,0
"\W|$",1302503,0
"\W|$",1302505,0
"\W|$",1302507,0
"\W|$",1302509,0
"\W|$",1302511,0
"\W|$",1302513,0
"\W|$",1302515,0
"\W|$",1302517,0
"\W|$",1302519,0
"\W|$",1302521,0
"\W|$",1302523,0
"\W|$",1302525,0
"\W|$",1302527,0
"\W|$",1302529,0
"\W|$",1302531,0
"\W|$",1302533,0
"\W|$",1302535,0
"\W|$",1302537,0
"\W|$",1302539,0
"\W|$",1302624,0
"\W|$",1302626,0
"\W|$",1302628,0
"\W|$",1302632,0
"\W|$",1302636,0
"\W|$",1302646,0
"\W|$",1302654,0
"\W|$",1302656,0
"\W|$",1302658,0
"\W|$",1302662,0
"\W|$",1302666,0
"\W|$",1352334,0
"\W|$",1352333,0
"\W|$",1352338,0
"\W|$",1352340,0
"\W|$",1352335,0
"\W|$",1352332,0
"\W|$",1228073,0
"\W|$",1242955,0
"\W|$",1242959,0
"\W|$",1242961,0
"\W|$",1242967,0
"\W|$",1242971,0
"\W|$",1242975,0
"\W|$",1259888,0
"\W|$",1259890,0
"\W|$",1159089,0
"\W|$",1085061,0
"\W|$",877395,0
"\W|$",1093866,0
"\W|$",1270115,0
"\W|$",1375132,0
"\W|$",1375136,0
"\W|$",1375137,0
"\W|$",1375142,0
"\W|$",1375143,0
"\W|$",1375152,0
"\W|$",942471,0
"\W|$",1222871,0
"\W|$",1222863,0
"\W|$",1222877,0
"\W|$",1269120,0
"\W|$",1278493,0
"\W|$",1269124,0
"\W|$",1269126,0
"\W|$",1269128,0
"\W|$",1269130,0
"\W|$",1269132,0
"\W|$",1269134,0
"\W|$",1269136,0
"\W|$",1269138,0
"\W|$",1269140,0
"\W|$",1278495,0
"\W|$",1278497,0
"\W|$",1278499,0
"\W|$",1278501,0
"\W|$",1278503,0
"\W|$",1278505,0
"\W|$",1278507,0
"\W|$",1278509,0
"\W|$",1278511,0
"\W|$",1282234,0
"\W|$",1302644,0
"\W|$",1302642,0
"\W|$",1233808,0
"\W|$",1233802,0
"\W|$",1225711,0
"\W|$",1271528,0
"\W|$",1271530,0
"\W|$",1377512,0
"\W|$",1377513,0
"\W|$",1285402,0
"\W|$",1285404,0
"\W|$",1285406,0
"\W|$",1285408,0
"\W|$",1285410,0
"\W|$",1285412,0
"\W|$",1285414,0
"\W|$",1285416,0
"\W|$",1285418,0
"\W|$",1285420,0
"\W|$",1285422,0
"\W|$",1285424,0
"\W|$",1285614,0
"\W|$",1285616,0
"\W|$",1285618,0
"\W|$",1285620,0
"\W|$",1285622,0
"\W|$",1285624,0
"\W|$",1285626,0
"\W|$",1285628,0
"\W|$",1285630,0
"\W|$",899761,0
"\W|$",833240,0
"\W|$",1268579,0
"\W|$",1345193,0
"\W|$",1345194,0
"\W|$",1346895,0
"\W|$",1366367,0
"\W|$",1366368,0
"\W|$",881403,0
"\W|$",1159199,0
"\W|$",1159147,0
"\W|$",1151265,0
"\W|$",1242963,0
"\W|$",1242977,0
"\W|$",1242979,0
"\W|$",1242969,0
"\W|$",1242973,0
"\W|$",1315499,0
"\W|$",1150951,0
"\W|$",1150937,0
"\W|$",1159115,0
"\W|$",1150949,0
"\W|$",1233814,0
"\W|$",1233786,0
"\W|$",934751,0
"\W|$",941918,0
"\W|$",1041062,0
"\W|$",1041098,0
"\W|$",1233816,0
"\W|$",1233810,0
"\W|$",1251777,0
"\W|$",1251779,0
"\W|$",1251781,0
"\W|$",1268463,0
"\W|$",1268465,0
"\W|$",1268467,0
"\W|$",1268469,0
"\W|$",1268471,0
"\W|$",1268473,0
"\W|$",1268475,0
"\W|$",1268477,0
"\W|$",1268479,0
"\W|$",1268483,0
"\W|$",1268485,0
"\W|$",1268489,0
"\W|$",1268491,0
"\W|$",1268493,0
"\W|$",1268495,0
"\W|$",1268497,0
"\W|$",1268499,0
"\W|$",1268501,0
"\W|$",1268503,0
"\W|$",1268505,0
"\W|$",1268509,0
"\W|$",1268513,0
"\W|$",1268515,0
"\W|$",1268517,0
"\W|$",1268519,0
"\W|$",1268521,0
"\W|$",1268523,0
"\W|$",1268525,0
"\W|$",1268527,0
"\W|$",1268531,0
"\W|$",1268533,0
"\W|$",1268535,0
"\W|$",1268537,0
"\W|$",1268539,0
"\W|$",1268543,0
"\W|$",1268545,0
"\W|$",1268547,0
"\W|$",1268549,0
"\W|$",1268551,0
"\W|$",1268553,0
"\W|$",1268555,0
"\W|$",1268557,0
"\W|$",1268561,0
"\W|$",1268563,0
"\W|$",1268565,0
"\W|$",1268567,0
"\W|$",1268571,0
"\W|$",1268573,0
"\W|$",1268575,0
"\W|$",1242965,0
"\W|$",1233788,0
"\W|$",1233824,0
"\W|$",1233796,0
"\W|$",1349443,0
"\W|$",1315507,0
"\W|$",1315497,0
"\W|$",899191,0
"\W|$",1349440,0
"\W|$",1315496,0
"\W|$",1344273,0
"\W|$",1041052,0
"\W|$",1040919,0
"\W|$",1279632,0
"\W|$",857458,0
"\W|$",1279646,0
"\W|$",1242957,0
"\W|$",1279648,0
"\W|$",1302660,0
"\W|$",931882,0
"\W|$",1302652,0
"\W|$",1302664,0
"\W|$",1232155,0
"\W|$",1232161,0
"\W|$",1232163,0
"\W|$",1232165,0
"\W|$",1232167,0
"\W|$",1232183,0
"\W|$",1275198,0
"\W|$",1275202,0
"\W|$",1275214,0
"\W|$",1275218,0
"\W|$",1275220,0
"\W|$",1275222,0
"\W|$",1275224,0
"\W|$",1275227,0
"\W|$",1275229,0
"\W|$",1275231,0
"\W|$",899445,0
"\W|$",1146924,0
"\W|$",1275212,0
"\W|$",1275204,0
"\W|$",1275206,0
"\W|$",1275208,0
"\W|$",1239373,0
"\W|$",1239375,0
"\W|$",1239377,0
"\W|$",1239379,0
"\W|$",1239381,0
"\W|$",1239383,0
"\W|$",1239385,0
"\W|$",1239387,0
"\W|$",1239389,0
"\W|$",1239391,0
"\W|$",1239393,0
"\W|$",1239395,0
"\W|$",1239397,0
"\W|$",1239399,0
"\W|$",1239401,0
"\W|$",1239403,0
"\W|$",1239405,0
"\W|$",1239407,0
"\W|$",1268577,0
"\W|$",1268583,0
"\W|$",1270938,0
"\W|$",1270940,0
"\W|$",1270944,0
"\W|$",1270946,0
"\W|$",1270950,0
"\W|$",1270952,0
"\W|$",1270954,0
"\W|$",1270956,0
"\W|$",1270958,0
"\W|$",1270960,0
"\W|$",1270962,0
"\W|$",1270968,0
"\W|$",1270970,0
"\W|$",1270974,0
"\W|$",1270976,0
"\W|$",1270978,0
"\W|$",1270980,0
"\W|$",1270982,0
"\W|$",1270988,0
"\W|$",1270990,0
"\W|$",1270992,0
"\W|$",1270994,0
"\W|$",1270996,0
"\W|$",1271000,0
"\W|$",1271002,0
"\W|$",1271006,0
"\W|$",1271008,0
"\W|$",1271012,0
"\W|$",1271016,0
"\W|$",1271020,0
"\W|$",1271022,0
"\W|$",1271026,0
"\W|$",1271028,0
"\W|$",1271032,0
"\W|$",1271034,0
"\W|$",1271036,0
"\W|$",1268703,0
"\W|$",1268705,0
"\W|$",1252839,0
"\W|$",1252841,0
"\W|$",1041676,0
"\W|$",1044262,0
"\W|$",1044268,0
"\W|$",964078,0
"\W|$",941929,0
"\W|$",943974,0
"\W|$",1233784,0
"\W|$",1233790,0
"\W|$",1233792,0
"\W|$",1233794,0
"\W|$",1233800,0
"\W|$",1233804,0
"\W|$",1233806,0
"\W|$",1233812,0
"\W|$",1233818,0
"\W|$",1233822,0
"\W|$",1233826,0
"\W|$",1222823,0
"\W|$",1222825,0
"\W|$",1222827,0
"\W|$",1222829,0
"\W|$",1222831,0
"\W|$",1222833,0
"\W|$",1222835,0
"\W|$",1222837,0
"\W|$",1222841,0
"\W|$",1222843,0
"\W|$",1222845,0
"\W|$",1222847,0
"\W|$",1222849,0
"\W|$",1222851,0
"\W|$",1222853,0
"\W|$",1222855,0
"\W|$",1222857,0
"\W|$",1222859,0
"\W|$",1222861,0
"\W|$",1222865,0
"\W|$",1222867,0
"\W|$",1222869,0
"\W|$",1222873,0
"\W|$",1222875,0
"\W|$",1222879,0
"\W|$",899484,0
"\W|$",1041837,0
"\W|$",1042190,0
"\W|$",1044286,0
"\W|$",899794,0
"\W|$",1044302,0
"\W|$",1146916,0
"\W|$",1268559,0
"\W|$",1268569,0
"\W|$",1268541,0
"\W|$",1268529,0
"\W|$",1268581,0
"\W|$",1270984,0
"\W|$",1270972,0
"\W|$",1270966,0
"\W|$",1270986,0
"\W|$",1270948,0
"\W|$",1270942,0
"\W|$",1270964,0
"\W|$",1271030,0
"\W|$",1271024,0
"\W|$",1271018,0
"\W|$",1279136,0
"\W|$",1279138,0
"\W|$",1279140,0
"\W|$",1285584,0
"\W|$",1271014,0
"\W|$",1271010,0
"\W|$",1271004,0
"\W|$",1270998,0
"\W|$",1344546,0
"\W|$",1344228,0
"\W|$",1344233,0
"\W|$",1344234,0
"\W|$",1344235,0
"\W|$",1344236,0
"\W|$",1344237,0
"\W|$",1344238,0
"\W|$",1344239,0
"\W|$",1344240,0
"\W|$",1344241,0
"\W|$",1344242,0
"\W|$",1344243,0
"\W|$",1344244,0
"\W|$",1344245,0
"\W|$",1344246,0
"\W|$",1344248,0
"\W|$",1344249,0
"\W|$",1344252,0
"\W|$",1344253,0
"\W|$",1344264,0
"\W|$",1344268,0
"\W|$",1344269,0
"\W|$",1344270,0
"\W|$",1344272,0
"\W|$",1344274,0
"\W|$",1344275,0
"\W|$",1344278,0
"\W|$",1302648,0
"\W|$",1302489,0
"\W|$",1302487,0
"\W|$",1302485,0
"\W|$",1302483,0
"\W|$",1302491,0
"\W|$",1041506,0
"\W|$",1041597,0
"\W|$",1179990,0
"\W|$",1132405,0
"\W|$",1159087,0
"\W|$",1159107,0
"\W|$",1233782,0
"Metzgeria\W|Metzgeria$",687447,0
"Orthotrichum\W|Orthotrichum$",683348,0
"Orthotrichum\W|Orthotrichum$",900073,0
"Orthotrichum\W|Orthotrichum$",946476,0
"Sphagnum fallax\W|Sphagnum fallax$",685030,0
"Sphagnum fallax\W|Sphagnum fallax$",683900,0
"Sphagnum fallax\W|Sphagnum fallax$",683072,0
"Sphagnum fallax\W|Sphagnum fallax$",684415,0
"Sphagnum fallax\W|Sphagnum fallax$",683137,0
"Sphagnum fallax\W|Sphagnum fallax$",684085,0
"Sphagnum fallax\W|Sphagnum fallax$",685525,0
"Sphagnum fallax\W|Sphagnum fallax$",686220,0
"Sphagnum fallax\W|Sphagnum fallax$",689331,0
"Sphagnum fallax\W|Sphagnum fallax$",686852,0
"Sphagnum fallax\W|Sphagnum fallax$",688846,0
"Sphagnum fallax\W|Sphagnum fallax$",688511,0
"Sphagnum fallax\W|Sphagnum fallax$",684125,0
"Sphagnum fallax\W|Sphagnum fallax$",685066,0
"Sphagnum fallax\W|Sphagnum fallax$",688211,0
"Sphagnum fallax\W|Sphagnum fallax$",689070,0
"Sphagnum fallax\W|Sphagnum fallax$",683516,0
"Sphagnum fallax\W|Sphagnum fallax$",684576,0
"Sphagnum fallax\W|Sphagnum fallax$",721939,0
"Sphagnum fallax\W|Sphagnum fallax$",685339,0
"Sphagnum fallax\W|Sphagnum fallax$",685752,0
"Sphagnum fallax\W|Sphagnum fallax$",683438,0
"Sphagnum fallax\W|Sphagnum fallax$",800140,0
"Sphagnum fallax\W|Sphagnum fallax$",800158,0
"Sphagnum fallax\W|Sphagnum fallax$",800184,0
"Sphagnum fallax\W|Sphagnum fallax$",800143,0
"Sphagnum fallax\W|Sphagnum fallax$",800149,0
"Sphagnum fallax\W|Sphagnum fallax$",689146,0
"Sphagnum fallax\W|Sphagnum fallax$",899410,0
"Sphagnum fallax\W|Sphagnum fallax$",899497,0
"Sphagnum fallax\W|Sphagnum fallax$",899541,0
"Sphagnum fallax\W|Sphagnum fallax$",1131907,0
"Sphagnum fallax\W|Sphagnum fallax$",1159155,0
"Brachydontium\W|Brachydontium$",687447,0
"Hypnum\W|Hypnum$",684832,0
"Hypnum\W|Hypnum$",684571,0
"Hypnum\W|Hypnum$",683191,0
"Hypnum\W|Hypnum$",683622,0
"Hypnum\W|Hypnum$",683517,0
"Hypnum\W|Hypnum$",686464,0
"Hypnum\W|Hypnum$",685163,0
"Hypnum\W|Hypnum$",685368,0
"Hypnum\W|Hypnum$",685788,0
"Hypnum\W|Hypnum$",689733,0
"Hypnum\W|Hypnum$",689430,0
"Hypnum\W|Hypnum$",688193,0
"Hypnum\W|Hypnum$",687398,0
"Hypnum\W|Hypnum$",689885,0
"Hypnum\W|Hypnum$",686934,0
"Hypnum\W|Hypnum$",689899,0
"Hypnum\W|Hypnum$",690048,0
"Hypnum\W|Hypnum$",684217,0
"Hypnum\W|Hypnum$",688921,0
"Hypnum\W|Hypnum$",685028,0
"Hypnum\W|Hypnum$",688628,0
"Hypnum\W|Hypnum$",684553,0
"Hypnum\W|Hypnum$",684569,0
"Hypnum\W|Hypnum$",688719,0
"Hypnum\W|Hypnum$",742073,0
"Hypnum\W|Hypnum$",849164,0
"Hypnum\W|Hypnum$",835732,0
"Hypnum\W|Hypnum$",800140,0
"Hypnum\W|Hypnum$",800149,0
"Hypnum\W|Hypnum$",899701,0
"Hypnum\W|Hypnum$",898964,0
"Hypnum\W|Hypnum$",899541,0
"Hypnum\W|Hypnum$",900072,0
"Hypnum\W|Hypnum$",900073,0
"Hypnum\W|Hypnum$",1159195,0
"Esenbeckia\W|Esenbeckia$",688254,0
"Tortella\W|Tortella$",687152,0
"Tortella\W|Tortella$",685175,0
"Tortella\W|Tortella$",689376,0
"Tortella\W|Tortella$",688720,0
"Tortella\W|Tortella$",687434,0
"Tortella\W|Tortella$",687412,0
"Tortella\W|Tortella$",683806,0
"Tortella\W|Tortella$",833221,0
"Tortella\W|Tortella$",899130,0
"Thuidium\W|Thuidium$",683191,0
"Thuidium\W|Thuidium$",683622,0
"Thuidium\W|Thuidium$",686507,0
"Thuidium\W|Thuidium$",686512,0
"Thuidium\W|Thuidium$",686709,0
"Thuidium\W|Thuidium$",685735,0
"Thuidium\W|Thuidium$",685788,0
"Thuidium\W|Thuidium$",689733,0
"Thuidium\W|Thuidium$",687225,0
"Thuidium\W|Thuidium$",688193,0
"Thuidium\W|Thuidium$",687924,0
"Thuidium\W|Thuidium$",687949,0
"Thuidium\W|Thuidium$",686934,0
"Thuidium\W|Thuidium$",689899,0
"Thuidium\W|Thuidium$",689577,0
"Thuidium\W|Thuidium$",690048,0
"Thuidium\W|Thuidium$",683188,0
"Thuidium\W|Thuidium$",684217,0
"Thuidium\W|Thuidium$",688844,0
"Thuidium\W|Thuidium$",688921,0
"Thuidium\W|Thuidium$",688183,0
"Thuidium\W|Thuidium$",683486,0
"Thuidium\W|Thuidium$",684553,0
"Thuidium\W|Thuidium$",685318,0
"Thuidium\W|Thuidium$",688719,0
"Thuidium\W|Thuidium$",684916,0
"Thuidium\W|Thuidium$",806705,0
"Thuidium\W|Thuidium$",835732,0
"Thuidium\W|Thuidium$",800161,0
"Thuidium\W|Thuidium$",878628,0
"Thuidium\W|Thuidium$",867537,0
"Thuidium\W|Thuidium$",899397,0
"Thuidium\W|Thuidium$",900046,0
"Thuidium\W|Thuidium$",959108,0
"Thuidium\W|Thuidium$",1159151,0
"Thuidium\W|Thuidium$",1159195,0
"Thuidium\W|Thuidium$",1225019,0
"Diplophyllum\W|Diplophyllum$",684346,0
"Diplophyllum\W|Diplophyllum$",687412,0
"Diplophyllum\W|Diplophyllum$",777931,0
"Rhytidiopsis\W|Rhytidiopsis$",788005,0
"Rhytidiopsis\W|Rhytidiopsis$",787600,0
"Rhytidiopsis\W|Rhytidiopsis$",942428,0
"Rhytidiadelphus\W|Rhytidiadelphus$",684062,0
"Rhytidiadelphus\W|Rhytidiadelphus$",684967,0
"Rhytidiadelphus\W|Rhytidiadelphus$",684376,0
"Rhytidiadelphus\W|Rhytidiadelphus$",684079,0
"Rhytidiadelphus\W|Rhytidiadelphus$",684253,0
"Rhytidiadelphus\W|Rhytidiadelphus$",686311,0
"Rhytidiadelphus\W|Rhytidiadelphus$",687144,0
"Rhytidiadelphus\W|Rhytidiadelphus$",686037,0
"Rhytidiadelphus\W|Rhytidiadelphus$",686709,0
"Rhytidiadelphus\W|Rhytidiadelphus$",686607,0
"Rhytidiadelphus\W|Rhytidiadelphus$",686625,0
"Rhytidiadelphus\W|Rhytidiadelphus$",685666,0
"Rhytidiadelphus\W|Rhytidiadelphus$",687179,0
"Rhytidiadelphus\W|Rhytidiadelphus$",683296,0
"Rhytidiadelphus\W|Rhytidiadelphus$",683188,0
"Rhytidiadelphus\W|Rhytidiadelphus$",1267571,0
"Rhytidiadelphus\W|Rhytidiadelphus$",687178,0
"Rhytidiadelphus\W|Rhytidiadelphus$",777931,0
"Rhytidiadelphus\W|Rhytidiadelphus$",777940,0
"Rhytidiadelphus\W|Rhytidiadelphus$",684916,0
"Rhytidiadelphus\W|Rhytidiadelphus$",788005,0
"Rhytidiadelphus\W|Rhytidiadelphus$",791945,0
"Rhytidiadelphus\W|Rhytidiadelphus$",787981,0
"Rhytidiadelphus\W|Rhytidiadelphus$",787973,0
"Rhytidiadelphus\W|Rhytidiadelphus$",787600,0
"Rhytidiadelphus\W|Rhytidiadelphus$",872765,0
"Rhytidiadelphus\W|Rhytidiadelphus$",899662,0
"Rhytidiadelphus\W|Rhytidiadelphus$",898964,0
"Rhytidiadelphus\W|Rhytidiadelphus$",1176983,0
"Rhytidiadelphus\W|Rhytidiadelphus$",1222853,0
"Ptilidium\W|Ptilidium$",688522,0
"Ptilidium\W|Ptilidium$",688376,0
"Ptilidium\W|Ptilidium$",683584,0
"Ptilidium\W|Ptilidium$",1344241,0
"Platygyrium\W|Platygyrium$",689899,0
"Aulacomnium turgidum\W|Aulacomnium turgidum$",860370,0
"Aulacomnium turgidum\W|Aulacomnium turgidum$",1041690,0
"Aulacomnium turgidum\W|Aulacomnium turgidum$",1344228,0
"Aulacomnium turgidum\W|Aulacomnium turgidum$",1344241,0
"Sphagnum tenellum\W|Sphagnum tenellum$",689913,0
"Polytrichastrum\W|Polytrichastrum$",687412,0
"Polytrichastrum\W|Polytrichastrum$",729675,0
"Polytrichastrum\W|Polytrichastrum$",849164,0
"Polytrichastrum\W|Polytrichastrum$",688961,0
"Polytrichastrum\W|Polytrichastrum$",899297,0
"Polytrichastrum\W|Polytrichastrum$",900073,0
"Sphagnum bartlettianum\W|Sphagnum bartlettianum$",683900,0
"Sphagnum bartlettianum\W|Sphagnum bartlettianum$",683831,0
"Sphagnum bartlettianum\W|Sphagnum bartlettianum$",687806,0
"Sphagnum bartlettianum\W|Sphagnum bartlettianum$",684726,0
"Sphagnum bartlettianum\W|Sphagnum bartlettianum$",689331,0
"Sphagnum bartlettianum\W|Sphagnum bartlettianum$",688511,0
"Sphagnum bartlettianum\W|Sphagnum bartlettianum$",683960,0
"Sphagnum bartlettianum\W|Sphagnum bartlettianum$",684727,0
"Sphagnum bartlettianum\W|Sphagnum bartlettianum$",736386,0
"Sphagnum bartlettianum\W|Sphagnum bartlettianum$",736389,0
"Sphagnum bartlettianum\W|Sphagnum bartlettianum$",836882,0
"Sphagnum bartlettianum\W|Sphagnum bartlettianum$",689146,0
"Sphagnum bartlettianum\W|Sphagnum bartlettianum$",860526,0
"Sphagnum bartlettianum\W|Sphagnum bartlettianum$",899505,0
"Sphagnum bartlettianum\W|Sphagnum bartlettianum$",899507,0
"Sphagnum bartlettianum\W|Sphagnum bartlettianum$",899508,0
"Brothera\W|Brothera$",685146,0
"Dicranodontium\W|Dicranodontium$",689733,0
"Conocephalum salebrosum\W|Conocephalum salebrosum$",683093,0
"Bryocrumia\W|Bryocrumia$",686958,0
"Rhodobryum\W|Rhodobryum$",683622,0
"Rhodobryum\W|Rhodobryum$",685146,0
"Polytricha\W|Polytricha$",687412,0
"Polytricha\W|Polytricha$",729675,0
"Polytricha\W|Polytricha$",849164,0
"Polytricha\W|Polytricha$",688961,0
"Polytricha\W|Polytricha$",899297,0
"Polytricha\W|Polytricha$",899884,0
"Polytricha\W|Polytricha$",900073,0
"Lescuraea\W|Lescuraea$",899884,0
"Dumortiera\W|Dumortiera$",684788,0
"Dumortiera\W|Dumortiera$",689906,0
"Dumortiera\W|Dumortiera$",878639,0
"Dumortiera\W|Dumortiera$",899966,0
"Pleurochaete\W|Pleurochaete$",686507,0
"Pleurochaete\W|Pleurochaete$",688370,0
"Pleurochaete\W|Pleurochaete$",687829,0
"Pleurochaete\W|Pleurochaete$",688844,0
"Pleurochaete\W|Pleurochaete$",899397,0
"Callicladium\W|Callicladium$",688095,0
"Callicladium\W|Callicladium$",688522,0
"Callicladium\W|Callicladium$",689899,0
"Callicladium\W|Callicladium$",800152,0
"Mniaceae\W|Mniaceae$",872765,0
"Sphagnum mendocinum\W|Sphagnum mendocinum$",683648,0
"Sphagnum mendocinum\W|Sphagnum mendocinum$",856676,0
"Sphagnum mendocinum\W|Sphagnum mendocinum$",899079,0
"Sphagnum mendocinum\W|Sphagnum mendocinum$",1299043,0
"Calliergon\W|Calliergon$",683879,0
"Calliergon\W|Calliergon$",688675,0
"Calliergon\W|Calliergon$",687808,0
"Calliergon\W|Calliergon$",683960,0
"Calliergon\W|Calliergon$",683188,0
"Calliergon\W|Calliergon$",685318,0
"Calliergon\W|Calliergon$",683904,0
"Calliergon\W|Calliergon$",684916,0
"Calliergon\W|Calliergon$",688961,0
"Calliergon\W|Calliergon$",893248,0
"Calliergon\W|Calliergon$",894266,0
"Calliergon\W|Calliergon$",948485,0
"Calliergon\W|Calliergon$",959740,0
"Calliergon\W|Calliergon$",1176983,0
"Calliergon\W|Calliergon$",1131907,0
"Calliergon\W|Calliergon$",1344241,0
"Plagiomnium\W|Plagiomnium$",683622,0
"Plagiomnium\W|Plagiomnium$",684249,0
"Plagiomnium\W|Plagiomnium$",686958,0
"Plagiomnium\W|Plagiomnium$",687144,0
"Plagiomnium\W|Plagiomnium$",687179,0
"Plagiomnium\W|Plagiomnium$",688675,0
"Plagiomnium\W|Plagiomnium$",689899,0
"Plagiomnium\W|Plagiomnium$",684217,0
"Plagiomnium\W|Plagiomnium$",683486,0
"Plagiomnium\W|Plagiomnium$",683995,0
"Plagiomnium\W|Plagiomnium$",800161,0
"Plagiomnium\W|Plagiomnium$",878628,0
"Plagiomnium\W|Plagiomnium$",1344228,0
"Sphenolobopsis\W|Sphenolobopsis$",687447,0
"Polytrichadelphus\W|Polytrichadelphus$",899884,0
"Rhabdoweisia\W|Rhabdoweisia$",685347,0
"Polytrichum hyperboreum\W|Polytrichum hyperboreum$",860574,0
"Polytrichum hyperboreum\W|Polytrichum hyperboreum$",1041615,0
"Sphagnum balticum\W|Sphagnum balticum$",686403,0
"Trichocolea tomentella\W|Trichocolea tomentella$",1176983,0
"Trichocolea tomentella\W|Trichocolea tomentella$",1159151,0
"Orthotrichum lescurii\W|Orthotrichum lescurii$",946476,0
"Limbella fryei\W|Limbella fryei$",688613,0
"Sphagnum russowii\W|Sphagnum russowii$",683137,0
"Sphagnum russowii\W|Sphagnum russowii$",899410,0
"Sphagnum russowii\W|Sphagnum russowii$",1361912,0
"Sphagnum affine\W|Sphagnum affine$",683900,0
"Sphagnum affine\W|Sphagnum affine$",683831,0
"Sphagnum affine\W|Sphagnum affine$",684726,0
"Sphagnum affine\W|Sphagnum affine$",684747,0
"Sphagnum affine\W|Sphagnum affine$",689442,0
"Sphagnum affine\W|Sphagnum affine$",689331,0
"Sphagnum affine\W|Sphagnum affine$",690011,0
"Sphagnum affine\W|Sphagnum affine$",684727,0
"Sphagnum affine\W|Sphagnum affine$",768704,0
"Sphagnum affine\W|Sphagnum affine$",800184,0
"Sphagnum affine\W|Sphagnum affine$",793432,0
"Sphagnum affine\W|Sphagnum affine$",899505,0
"Sphagnum affine\W|Sphagnum affine$",899507,0
"Sphagnum affine\W|Sphagnum affine$",899606,0
"Leptodon\W|Leptodon$",683834,0
"Leptodon\W|Leptodon$",687447,0
"Leucolejeunea\W|Leucolejeunea$",684346,0
"Rhizomnium\W|Rhizomnium$",683900,0
"Rhizomnium\W|Rhizomnium$",684376,0
"Rhizomnium\W|Rhizomnium$",683831,0
"Rhizomnium\W|Rhizomnium$",685735,0
"Rhizomnium\W|Rhizomnium$",689331,0
"Rhizomnium\W|Rhizomnium$",688193,0
"Rhizomnium\W|Rhizomnium$",683188,0
"Rhizomnium\W|Rhizomnium$",686719,0
"Rhizomnium\W|Rhizomnium$",788005,0
"Rhizomnium\W|Rhizomnium$",791945,0
"Rhizomnium\W|Rhizomnium$",787973,0
"Rhizomnium\W|Rhizomnium$",800161,0
"Rhizomnium\W|Rhizomnium$",899162,0
"Rhizomnium\W|Rhizomnium$",899662,0
"Sphagnum flavicomans\W|Sphagnum flavicomans$",685148,0
"Sphagnum flavicomans\W|Sphagnum flavicomans$",689442,0
"Sphagnum flavicomans\W|Sphagnum flavicomans$",688278,0
"Sphagnum flavicomans\W|Sphagnum flavicomans$",688211,0
"Sphagnum flavicomans\W|Sphagnum flavicomans$",683516,0
"Sphagnum flavicomans\W|Sphagnum flavicomans$",736386,0
"Sphagnum flavicomans\W|Sphagnum flavicomans$",689146,0
"Sphagnum flavicomans\W|Sphagnum flavicomans$",899606,0
"Sphagnum pacificum\W|Sphagnum pacificum$",686908,0
"Sphagnum pacificum\W|Sphagnum pacificum$",856676,0
"Sphagnum pacificum\W|Sphagnum pacificum$",1299043,0
"Syrrhopodon texanus\W|Syrrhopodon texanus$",688038,0
"Pohlia\W|Pohlia$",689156,0
"Pohlia\W|Pohlia$",849164,0
"Pohlia\W|Pohlia$",899297,0
"Pohlia\W|Pohlia$",900072,0
"Pohlia\W|Pohlia$",900073,0
"Meesia\W|Meesia$",683904,0
"Scapania bolanderi\W|Scapania bolanderi$",788005,0
"Sarmentypnum\W|Sarmentypnum$",894266,0
"Sarmentypnum\W|Sarmentypnum$",894262,0
"Trichocolea\W|Trichocolea$",1176983,0
"Trichocolea\W|Trichocolea$",1159151,0
"Plagiochila caduciloba\W|Plagiochila caduciloba$",686958,0
"Rhytidium\W|Rhytidium$",683960,0
"Rhytidium\W|Rhytidium$",860477,0
"Rhytidium\W|Rhytidium$",899508,0
"Flexitrichum\W|Flexitrichum$",860574,0
"Flexitrichum\W|Flexitrichum$",1041615,0
"Dicranum\W|Dicranum$",684832,0
"Dicranum\W|Dicranum$",684967,0
"Dicranum\W|Dicranum$",683348,0
"Dicranum\W|Dicranum$",683349,0
"Dicranum\W|Dicranum$",684346,0
"Dicranum\W|Dicranum$",860385,0
"Dicranum\W|Dicranum$",683437,0
"Dicranum\W|Dicranum$",860408,0
"Dicranum\W|Dicranum$",683077,0
"Dicranum\W|Dicranum$",684099,0
"Dicranum\W|Dicranum$",683191,0
"Dicranum\W|Dicranum$",683622,0
"Dicranum\W|Dicranum$",683517,0
"Dicranum\W|Dicranum$",683834,0
"Dicranum\W|Dicranum$",684245,0
"Dicranum\W|Dicranum$",686355,0
"Dicranum\W|Dicranum$",686886,0
"Dicranum\W|Dicranum$",686890,0
"Dicranum\W|Dicranum$",686125,0
"Dicranum\W|Dicranum$",686533,0
"Dicranum\W|Dicranum$",686512,0
"Dicranum\W|Dicranum$",685368,0
"Dicranum\W|Dicranum$",685731,0
"Dicranum\W|Dicranum$",685740,0
"Dicranum\W|Dicranum$",685756,0
"Dicranum\W|Dicranum$",689094,0
"Dicranum\W|Dicranum$",689733,0
"Dicranum\W|Dicranum$",689430,0
"Dicranum\W|Dicranum$",689330,0
"Dicranum\W|Dicranum$",688193,0
"Dicranum\W|Dicranum$",686832,0
"Dicranum\W|Dicranum$",687398,0
"Dicranum\W|Dicranum$",688375,0
"Dicranum\W|Dicranum$",688095,0
"Dicranum\W|Dicranum$",688522,0
"Dicranum\W|Dicranum$",689885,0
"Dicranum\W|Dicranum$",686934,0
"Dicranum\W|Dicranum$",687809,0
"Dicranum\W|Dicranum$",689899,0
"Dicranum\W|Dicranum$",683296,0
"Dicranum\W|Dicranum$",689577,0
"Dicranum\W|Dicranum$",690022,0
"Dicranum\W|Dicranum$",690048,0
"Dicranum\W|Dicranum$",689765,0
"Dicranum\W|Dicranum$",684217,0
"Dicranum\W|Dicranum$",683710,0
"Dicranum\W|Dicranum$",685028,0
"Dicranum\W|Dicranum$",683584,0
"Dicranum\W|Dicranum$",684873,0
"Dicranum\W|Dicranum$",688719,0
"Dicranum\W|Dicranum$",685818,0
"Dicranum\W|Dicranum$",684985,0
"Dicranum\W|Dicranum$",689294,0
"Dicranum\W|Dicranum$",686595,0
"Dicranum\W|Dicranum$",777931,0
"Dicranum\W|Dicranum$",849141,0
"Dicranum\W|Dicranum$",835732,0
"Dicranum\W|Dicranum$",787600,0
"Dicranum\W|Dicranum$",838549,0
"Dicranum\W|Dicranum$",1207718,0
"Dicranum\W|Dicranum$",884822,0
"Dicranum\W|Dicranum$",860492,0
"Dicranum\W|Dicranum$",872683,0
"Dicranum\W|Dicranum$",877354,0
"Dicranum\W|Dicranum$",898964,0
"Dicranum\W|Dicranum$",899888,0
"Dicranum\W|Dicranum$",892953,0
"Dicranum\W|Dicranum$",933817,0
"Dicranum\W|Dicranum$",931854,0
"Dicranum\W|Dicranum$",933803,0
"Dicranum\W|Dicranum$",948589,0
"Dicranum\W|Dicranum$",932947,0
"Dicranum\W|Dicranum$",1150959,0
"Dicranum\W|Dicranum$",1150957,0
"Dicranum\W|Dicranum$",1207720,0
"Dicranum\W|Dicranum$",1042080,0
"Dicranum\W|Dicranum$",1042090,0
"Dicranum\W|Dicranum$",1159201,0
"Dicranum\W|Dicranum$",1150949,0
"Dicranum\W|Dicranum$",899484,0
"Dicranum\W|Dicranum$",1344241,0
"Riccia nigrella\W|Riccia nigrella$",949675,0
"Polytrichum\W|Polytrichum$",683348,0
"Polytrichum\W|Polytrichum$",683349,0
"Polytrichum\W|Polytrichum$",683900,0
"Polytrichum\W|Polytrichum$",860385,0
"Polytrichum\W|Polytrichum$",683437,0
"Polytrichum\W|Polytrichum$",860408,0
"Polytrichum\W|Polytrichum$",683072,0
"Polytrichum\W|Polytrichum$",860370,0
"Polytrichum\W|Polytrichum$",684436,0
"Polytrichum\W|Polytrichum$",684085,0
"Polytrichum\W|Polytrichum$",683191,0
"Polytrichum\W|Polytrichum$",683648,0
"Polytrichum\W|Polytrichum$",685098,0
"Polytrichum\W|Polytrichum$",683831,0
"Polytrichum\W|Polytrichum$",685487,0
"Polytrichum\W|Polytrichum$",686374,0
"Polytrichum\W|Polytrichum$",686886,0
"Polytrichum\W|Polytrichum$",686890,0
"Polytrichum\W|Polytrichum$",686910,0
"Polytrichum\W|Polytrichum$",687798,0
"Polytrichum\W|Polytrichum$",685988,0
"Polytrichum\W|Polytrichum$",686125,0
"Polytrichum\W|Polytrichum$",686533,0
"Polytrichum\W|Polytrichum$",685368,0
"Polytrichum\W|Polytrichum$",686637,0
"Polytrichum\W|Polytrichum$",685731,0
"Polytrichum\W|Polytrichum$",685756,0
"Polytrichum\W|Polytrichum$",685409,0
"Polytrichum\W|Polytrichum$",685918,0
"Polytrichum\W|Polytrichum$",689731,0
"Polytrichum\W|Polytrichum$",689331,0
"Polytrichum\W|Polytrichum$",688660,0
"Polytrichum\W|Polytrichum$",689156,0
"Polytrichum\W|Polytrichum$",688288,0
"Polytrichum\W|Polytrichum$",687447,0
"Polytrichum\W|Polytrichum$",687414,0
"Polytrichum\W|Polytrichum$",688846,0
"Polytrichum\W|Polytrichum$",687949,0
"Polytrichum\W|Polytrichum$",688110,0
"Polytrichum\W|Polytrichum$",688522,0
"Polytrichum\W|Polytrichum$",688606,0
"Polytrichum\W|Polytrichum$",686934,0
"Polytrichum\W|Polytrichum$",686982,0
"Polytrichum\W|Polytrichum$",683914,0
"Polytrichum\W|Polytrichum$",687809,0
"Polytrichum\W|Polytrichum$",689532,0
"Polytrichum\W|Polytrichum$",690048,0
"Polytrichum\W|Polytrichum$",689765,0
"Polytrichum\W|Polytrichum$",684217,0
"Polytrichum\W|Polytrichum$",688827,0
"Polytrichum\W|Polytrichum$",860340,0
"Polytrichum\W|Polytrichum$",728583,0
"Polytrichum\W|Polytrichum$",687510,0
"Polytrichum\W|Polytrichum$",685028,0
"Polytrichum\W|Polytrichum$",686894,0
"Polytrichum\W|Polytrichum$",860355,0
"Polytrichum\W|Polytrichum$",685094,0
"Polytrichum\W|Polytrichum$",688119,0
"Polytrichum\W|Polytrichum$",689030,0
"Polytrichum\W|Polytrichum$",688259,0
"Polytrichum\W|Polytrichum$",685339,0
"Polytrichum\W|Polytrichum$",688719,0
"Polytrichum\W|Polytrichum$",689294,0
"Polytrichum\W|Polytrichum$",729675,0
"Polytrichum\W|Polytrichum$",686595,0
"Polytrichum\W|Polytrichum$",728743,0
"Polytrichum\W|Polytrichum$",800152,0
"Polytrichum\W|Polytrichum$",849141,0
"Polytrichum\W|Polytrichum$",849164,0
"Polytrichum\W|Polytrichum$",836882,0
"Polytrichum\W|Polytrichum$",807522,0
"Polytrichum\W|Polytrichum$",800140,0
"Polytrichum\W|Polytrichum$",800158,0
"Polytrichum\W|Polytrichum$",800167,0
"Polytrichum\W|Polytrichum$",800184,0
"Polytrichum\W|Polytrichum$",685146,0
"Polytrichum\W|Polytrichum$",793432,0
"Polytrichum\W|Polytrichum$",800146,0
"Polytrichum\W|Polytrichum$",800149,0
"Polytrichum\W|Polytrichum$",860477,0
"Polytrichum\W|Polytrichum$",860492,0
"Polytrichum\W|Polytrichum$",860526,0
"Polytrichum\W|Polytrichum$",860574,0
"Polytrichum\W|Polytrichum$",877354,0
"Polytrichum\W|Polytrichum$",860740,0
"Polytrichum\W|Polytrichum$",877425,0
"Polytrichum\W|Polytrichum$",899158,0
"Polytrichum\W|Polytrichum$",899665,0
"Polytrichum\W|Polytrichum$",899192,0
"Polytrichum\W|Polytrichum$",899279,0
"Polytrichum\W|Polytrichum$",899297,0
"Polytrichum\W|Polytrichum$",899362,0
"Polytrichum\W|Polytrichum$",898964,0
"Polytrichum\W|Polytrichum$",898965,0
"Polytrichum\W|Polytrichum$",899884,0
"Polytrichum\W|Polytrichum$",899888,0
"Polytrichum\W|Polytrichum$",899460,0
"Polytrichum\W|Polytrichum$",899959,0
"Polytrichum\W|Polytrichum$",899541,0
"Polytrichum\W|Polytrichum$",900046,0
"Polytrichum\W|Polytrichum$",900073,0
"Polytrichum\W|Polytrichum$",899125,0
"Polytrichum\W|Polytrichum$",933791,0
"Polytrichum\W|Polytrichum$",931854,0
"Polytrichum\W|Polytrichum$",931842,0
"Polytrichum\W|Polytrichum$",933779,0
"Polytrichum\W|Polytrichum$",959108,0
"Polytrichum\W|Polytrichum$",932947,0
"Polytrichum\W|Polytrichum$",1150959,0
"Polytrichum\W|Polytrichum$",1150957,0
"Polytrichum\W|Polytrichum$",1042070,0
"Polytrichum\W|Polytrichum$",1131907,0
"Polytrichum\W|Polytrichum$",1042125,0
"Polytrichum\W|Polytrichum$",1041615,0
"Polytrichum\W|Polytrichum$",1159201,0
"Polytrichum\W|Polytrichum$",1159155,0
"Polytrichum\W|Polytrichum$",1150949,0
"Polytrichum\W|Polytrichum$",899484,0
"Polytrichum\W|Polytrichum$",1344241,0
"Polytrichum\W|Polytrichum$",1159087,0
"Amblystegium\W|Amblystegium$",683879,0
"Amblystegium\W|Amblystegium$",684015,0
"Amblystegium\W|Amblystegium$",683188,0
"Amblystegium\W|Amblystegium$",742073,0
"Sphagnum fimbriatum\W|Sphagnum fimbriatum$",683137,0
"Sphagnum fimbriatum\W|Sphagnum fimbriatum$",684554,0
"Sphagnum fimbriatum\W|Sphagnum fimbriatum$",685525,0
"Sphagnum fimbriatum\W|Sphagnum fimbriatum$",689867,0
"Sphagnum fimbriatum\W|Sphagnum fimbriatum$",686048,0
"Sphagnum fimbriatum\W|Sphagnum fimbriatum$",684553,0
"Sphagnum fimbriatum\W|Sphagnum fimbriatum$",684576,0
"Sphagnum fimbriatum\W|Sphagnum fimbriatum$",683438,0
"Sphagnum fimbriatum\W|Sphagnum fimbriatum$",902958,0
"Sphagnum fimbriatum\W|Sphagnum fimbriatum$",899059,0
"Bryoandersonia\W|Bryoandersonia$",685143,0
"Bryoandersonia\W|Bryoandersonia$",684346,0
"Bryoandersonia\W|Bryoandersonia$",688921,0
"Bryoandersonia\W|Bryoandersonia$",683486,0
"Bryoandersonia\W|Bryoandersonia$",835732,0
"Bryoandersonia\W|Bryoandersonia$",878628,0
"Hepatica nobilis\W|Hepatica nobilis$",683359,0
"Hepatica nobilis\W|Hepatica nobilis$",684412,0
"Hepatica nobilis\W|Hepatica nobilis$",684117,0
"Hepatica nobilis\W|Hepatica nobilis$",684493,0
"Hepatica nobilis\W|Hepatica nobilis$",683622,0
"Hepatica nobilis\W|Hepatica nobilis$",685489,0
"Hepatica nobilis\W|Hepatica nobilis$",687025,0
"Hepatica nobilis\W|Hepatica nobilis$",687168,0
"Hepatica nobilis\W|Hepatica nobilis$",687063,0
"Hepatica nobilis\W|Hepatica nobilis$",685400,0
"Hepatica nobilis\W|Hepatica nobilis$",685836,0
"Hepatica nobilis\W|Hepatica nobilis$",686267,0
"Hepatica nobilis\W|Hepatica nobilis$",688475,0
"Hepatica nobilis\W|Hepatica nobilis$",687751,0
"Hepatica nobilis\W|Hepatica nobilis$",686779,0
"Hepatica nobilis\W|Hepatica nobilis$",688765,0
"Hepatica nobilis\W|Hepatica nobilis$",687951,0
"Hepatica nobilis\W|Hepatica nobilis$",687966,0
"Hepatica nobilis\W|Hepatica nobilis$",687556,0
"Hepatica nobilis\W|Hepatica nobilis$",688029,0
"Hepatica nobilis\W|Hepatica nobilis$",689399,0
"Hepatica nobilis\W|Hepatica nobilis$",689862,0
"Hepatica nobilis\W|Hepatica nobilis$",689579,0
"Hepatica nobilis\W|Hepatica nobilis$",686789,0
"Hepatica nobilis\W|Hepatica nobilis$",686389,0
"Hepatica nobilis\W|Hepatica nobilis$",686189,0
"Hepatica nobilis\W|Hepatica nobilis$",686756,0
"Hepatica nobilis\W|Hepatica nobilis$",688748,0
"Hepatica nobilis\W|Hepatica nobilis$",687197,0
"Hepatica nobilis\W|Hepatica nobilis$",758564,0
"Hepatica nobilis\W|Hepatica nobilis$",686765,0
"Hepatica nobilis\W|Hepatica nobilis$",841935,0
"Hepatica nobilis\W|Hepatica nobilis$",833268,0
"Hepatica nobilis\W|Hepatica nobilis$",833283,0
"Hepatica nobilis\W|Hepatica nobilis$",833284,0
"Hepatica nobilis\W|Hepatica nobilis$",842023,0
"Hepatica nobilis\W|Hepatica nobilis$",797769,0
"Hepatica nobilis\W|Hepatica nobilis$",842025,0
"Hepatica nobilis\W|Hepatica nobilis$",877316,0
"Hepatica nobilis\W|Hepatica nobilis$",899384,0
"Hepatica nobilis\W|Hepatica nobilis$",899965,0
"Hepatica nobilis\W|Hepatica nobilis$",931837,0
"Hepatica nobilis\W|Hepatica nobilis$",931836,0
"Hepatica nobilis\W|Hepatica nobilis$",931839,0
"Hylocomium\W|Hylocomium$",684062,0
"Hylocomium\W|Hylocomium$",860385,0
"Hylocomium\W|Hylocomium$",684376,0
"Hylocomium\W|Hylocomium$",860370,0
"Hylocomium\W|Hylocomium$",684079,0
"Hylocomium\W|Hylocomium$",683834,0
"Hylocomium\W|Hylocomium$",684253,0
"Hylocomium\W|Hylocomium$",686355,0
"Hylocomium\W|Hylocomium$",686886,0
"Hylocomium\W|Hylocomium$",686037,0
"Hylocomium\W|Hylocomium$",686709,0
"Hylocomium\W|Hylocomium$",686607,0
"Hylocomium\W|Hylocomium$",685368,0
"Hylocomium\W|Hylocomium$",686625,0
"Hylocomium\W|Hylocomium$",860279,0
"Hylocomium\W|Hylocomium$",687179,0
"Hylocomium\W|Hylocomium$",687447,0
"Hylocomium\W|Hylocomium$",687548,0
"Hylocomium\W|Hylocomium$",689885,0
"Hylocomium\W|Hylocomium$",688606,0
"Hylocomium\W|Hylocomium$",683296,0
"Hylocomium\W|Hylocomium$",689577,0
"Hylocomium\W|Hylocomium$",683188,0
"Hylocomium\W|Hylocomium$",1267571,0
"Hylocomium\W|Hylocomium$",688259,0
"Hylocomium\W|Hylocomium$",742092,0
"Hylocomium\W|Hylocomium$",777931,0
"Hylocomium\W|Hylocomium$",777940,0
"Hylocomium\W|Hylocomium$",842026,0
"Hylocomium\W|Hylocomium$",788005,0
"Hylocomium\W|Hylocomium$",791945,0
"Hylocomium\W|Hylocomium$",787981,0
"Hylocomium\W|Hylocomium$",787973,0
"Hylocomium\W|Hylocomium$",787600,0
"Hylocomium\W|Hylocomium$",787997,0
"Hylocomium\W|Hylocomium$",872650,0
"Hylocomium\W|Hylocomium$",860477,0
"Hylocomium\W|Hylocomium$",860496,0
"Hylocomium\W|Hylocomium$",860509,0
"Hylocomium\W|Hylocomium$",860512,0
"Hylocomium\W|Hylocomium$",860664,0
"Hylocomium\W|Hylocomium$",872765,0
"Hylocomium\W|Hylocomium$",860750,0
"Hylocomium\W|Hylocomium$",860809,0
"Hylocomium\W|Hylocomium$",860829,0
"Hylocomium\W|Hylocomium$",860882,0
"Hylocomium\W|Hylocomium$",898964,0
"Hylocomium\W|Hylocomium$",898965,0
"Hylocomium\W|Hylocomium$",948696,0
"Hylocomium\W|Hylocomium$",942428,0
"Hylocomium\W|Hylocomium$",1041047,0
"Hylocomium\W|Hylocomium$",1042070,0
"Hylocomium\W|Hylocomium$",1042080,0
"Hylocomium\W|Hylocomium$",1042125,0
"Hylocomium\W|Hylocomium$",1042090,0
"Hylocomium\W|Hylocomium$",1042115,0
"Hylocomium\W|Hylocomium$",1042120,0
"Hylocomium\W|Hylocomium$",1159151,0
"Hylocomium\W|Hylocomium$",1270115,0
"Hylocomium\W|Hylocomium$",1041062,0
"Hylocomium\W|Hylocomium$",1222853,0
"Hylocomium\W|Hylocomium$",899484,0
"Pleuroziopsis\W|Pleuroziopsis$",1041514,0
"Bryum weigelii\W|Bryum weigelii$",899461,0
"Sphaerophorus fragilis\W|Sphaerophorus fragilis$",860275,0
"Cladonia stellaris\W|Cladonia stellaris$",683348,0
"Cladonia stellaris\W|Cladonia stellaris$",860385,0
"Cladonia stellaris\W|Cladonia stellaris$",685487,0
"Cladonia stellaris\W|Cladonia stellaris$",685740,0
"Cladonia stellaris\W|Cladonia stellaris$",688606,0
"Cladonia stellaris\W|Cladonia stellaris$",689532,0
"Cladonia stellaris\W|Cladonia stellaris$",684258,0
"Cladonia stellaris\W|Cladonia stellaris$",796838,0
"Cladonia stellaris\W|Cladonia stellaris$",892953,0
"Cladonia stellaris\W|Cladonia stellaris$",1042070,0
"Cladonia stellaris\W|Cladonia stellaris$",1042040,0
"Cladonia stellaris\W|Cladonia stellaris$",1042030,0
"Cladonia stellaris\W|Cladonia stellaris$",1344241,0
"Coccotrema maritimum\W|Coccotrema maritimum$",860669,0
"Bryoria nitidula\W|Bryoria nitidula$",860275,0
"Protoparmeliopsis muralis\W|Protoparmeliopsis muralis$",685775,0
"Protoparmeliopsis muralis\W|Protoparmeliopsis muralis$",689359,0
"Protoparmeliopsis muralis\W|Protoparmeliopsis muralis$",689631,0
"Sarcogyne clavus\W|Sarcogyne clavus$",684783,0
"Sarcogyne clavus\W|Sarcogyne clavus$",796831,0
"Pertusaria\W|Pertusaria$",860574,0
"Pertusaria\W|Pertusaria$",1041991,0
"Tremolecia atrata\W|Tremolecia atrata$",1159091,0
"Dactylina arctica\W|Dactylina arctica$",1042070,0
"Dactylina arctica\W|Dactylina arctica$",1344241,0
"Alectoria ochroleuca\W|Alectoria ochroleuca$",860275,0
"Alectoria ochroleuca\W|Alectoria ochroleuca$",860355,0
"Rhizocarpon reductum\W|Rhizocarpon reductum$",796831,0
"Enchylium\W|Enchylium$",683464,0
"Enchylium\W|Enchylium$",688367,0
"Hypogymnia physodes\W|Hypogymnia physodes$",796831,0
"Punctelia rudecta\W|Punctelia rudecta$",686569,0
"Punctelia rudecta\W|Punctelia rudecta$",684217,0
"Bryocaulon divergens\W|Bryocaulon divergens$",860275,0
"Bryocaulon divergens\W|Bryocaulon divergens$",860574,0
"Bryocaulon divergens\W|Bryocaulon divergens$",1042040,0
"Bryocaulon divergens\W|Bryocaulon divergens$",1042030,0
"Bryocaulon divergens\W|Bryocaulon divergens$",1041615,0
"Enchylium tenax\W|Enchylium tenax$",683464,0
"Enchylium tenax\W|Enchylium tenax$",688367,0
"Ophioparma ventosa\W|Ophioparma ventosa$",900054,0
"Ophioparma ventosa\W|Ophioparma ventosa$",1159091,0
"Lepraria\W|Lepraria$",684346,0
"Lepraria\W|Lepraria$",860409,0
"Lepraria\W|Lepraria$",796831,0
"Lepraria\W|Lepraria$",796838,0
"Lepraria\W|Lepraria$",685347,0
"Lepraria\W|Lepraria$",860501,0
"Lepraria\W|Lepraria$",899158,0
"Lepraria\W|Lepraria$",899884,0
"Trapeliopsis granulosa\W|Trapeliopsis granulosa$",796838,0
"Trapeliopsis granulosa\W|Trapeliopsis granulosa$",899461,0
"Psilolechia lucida\W|Psilolechia lucida$",796838,0
"Umbilicaria proboscidea\W|Umbilicaria proboscidea$",849164,0
"Umbilicaria proboscidea\W|Umbilicaria proboscidea$",900054,0
"Umbilicaria proboscidea\W|Umbilicaria proboscidea$",900073,0
"Umbilicaria proboscidea\W|Umbilicaria proboscidea$",1159091,0
"Sphaerophorus\W|Sphaerophorus$",860275,0
"Dimelaena oreina\W|Dimelaena oreina$",796831,0
"Dimelaena oreina\W|Dimelaena oreina$",836338,0
"Dimelaena oreina\W|Dimelaena oreina$",1256086,0
"Melanelia hepatizon\W|Melanelia hepatizon$",900054,0
"Melanelia hepatizon\W|Melanelia hepatizon$",1159091,0
"Umbilicaria torrefacta\W|Umbilicaria torrefacta$",900054,0
"Umbilicaria torrefacta\W|Umbilicaria torrefacta$",1159091,0
"Cladonia strepsilis\W|Cladonia strepsilis$",686127,0
"Cladonia strepsilis\W|Cladonia strepsilis$",685233,0
"Cladonia strepsilis\W|Cladonia strepsilis$",689330,0
"Cladonia strepsilis\W|Cladonia strepsilis$",688929,0
"Cladonia strepsilis\W|Cladonia strepsilis$",684217,0
"Cladonia strepsilis\W|Cladonia strepsilis$",687760,0
"Cladonia strepsilis\W|Cladonia strepsilis$",685146,0
"Umbilicaria muhlenbergii\W|Umbilicaria muhlenbergii$",684783,0
"Umbilicaria muhlenbergii\W|Umbilicaria muhlenbergii$",686464,0
"Umbilicaria muhlenbergii\W|Umbilicaria muhlenbergii$",796831,0
"Umbilicaria muhlenbergii\W|Umbilicaria muhlenbergii$",796838,0
"Umbilicaria muhlenbergii\W|Umbilicaria muhlenbergii$",1256086,0
"Umbilicaria muhlenbergii\W|Umbilicaria muhlenbergii$",900042,0
"Lasallia papulosa\W|Lasallia papulosa$",684783,0
"Lasallia papulosa\W|Lasallia papulosa$",684346,0
"Lasallia papulosa\W|Lasallia papulosa$",687798,0
"Lasallia papulosa\W|Lasallia papulosa$",686464,0
"Lasallia papulosa\W|Lasallia papulosa$",686512,0
"Lasallia papulosa\W|Lasallia papulosa$",685271,0
"Lasallia papulosa\W|Lasallia papulosa$",688719,0
"Lasallia papulosa\W|Lasallia papulosa$",796831,0
"Lasallia papulosa\W|Lasallia papulosa$",796838,0
"Lasallia papulosa\W|Lasallia papulosa$",836338,0
"Lasallia papulosa\W|Lasallia papulosa$",1256086,0
"Lasallia papulosa\W|Lasallia papulosa$",877423,0
"Lasallia papulosa\W|Lasallia papulosa$",900042,0
"Lasallia papulosa\W|Lasallia papulosa$",900054,0
"Lasallia papulosa\W|Lasallia papulosa$",1159091,0
"Cladonia coccifera\W|Cladonia coccifera$",796838,0
"Gyalolechia\W|Gyalolechia$",683464,0
"Gyalolechia\W|Gyalolechia$",687725,0
"Gyalolechia\W|Gyalolechia$",687371,0
"Gyalolechia\W|Gyalolechia$",688367,0
"Gyalolechia\W|Gyalolechia$",793511,0
"Flavoparmelia baltimorensis\W|Flavoparmelia baltimorensis$",686512,0
"Flavoparmelia baltimorensis\W|Flavoparmelia baltimorensis$",685271,0
"Flavoparmelia baltimorensis\W|Flavoparmelia baltimorensis$",686934,0
"Flavoparmelia baltimorensis\W|Flavoparmelia baltimorensis$",687510,0
"Flavoparmelia baltimorensis\W|Flavoparmelia baltimorensis$",796838,0
"Flavoparmelia baltimorensis\W|Flavoparmelia baltimorensis$",685347,0
"Microcalicium arenarium\W|Microcalicium arenarium$",796838,0
"Parmelina\W|Parmelina$",687510,0
"Diploschistes muscorum\W|Diploschistes muscorum$",857182,0
"Peltigera aphthosa\W|Peltigera aphthosa$",684903,0
"Lecidea lapicida\W|Lecidea lapicida$",1159091,0
"Cladonia terrae-novae\W|Cladonia terrae-novae$",685148,0
"Cladonia terrae-novae\W|Cladonia terrae-novae$",687760,0
"Cladonia terrae-novae\W|Cladonia terrae-novae$",899606,0
"Lasallia caroliniana\W|Lasallia caroliniana$",796838,0
"Lasallia caroliniana\W|Lasallia caroliniana$",877423,0
"Lasallia caroliniana\W|Lasallia caroliniana$",900042,0
"Phlyctis\W|Phlyctis$",684346,0
"Phlyctis\W|Phlyctis$",835678,0
"Xanthoparmelia conspersa\W|Xanthoparmelia conspersa$",684984,0
"Xanthoparmelia conspersa\W|Xanthoparmelia conspersa$",688482,0
"Xanthoparmelia conspersa\W|Xanthoparmelia conspersa$",688719,0
"Xanthoparmelia conspersa\W|Xanthoparmelia conspersa$",796831,0
"Xanthoparmelia conspersa\W|Xanthoparmelia conspersa$",849164,0
"Xanthoparmelia conspersa\W|Xanthoparmelia conspersa$",802098,0
"Xanthoparmelia conspersa\W|Xanthoparmelia conspersa$",835678,0
"Xanthoparmelia conspersa\W|Xanthoparmelia conspersa$",900073,0
"Flavoparmelia caperata\W|Flavoparmelia caperata$",688719,0
"Xanthoria\W|Xanthoria$",857654,0
"Xanthoria\W|Xanthoria$",860492,0
"Xanthoria\W|Xanthoria$",860669,0
"Usnea\W|Usnea$",684346,0
"Usnea\W|Usnea$",687398,0
"Usnea\W|Usnea$",796838,0
"Usnea\W|Usnea$",899485,0
"Usnea\W|Usnea$",1041514,0
"Cornicularia\W|Cornicularia$",899279,0
"Protoparmelia\W|Protoparmelia$",1159091,0
"Orphniospora moriopsis\W|Orphniospora moriopsis$",1159091,0
"Cladonia rangiferina\W|Cladonia rangiferina$",684783,0
"Cladonia rangiferina\W|Cladonia rangiferina$",685148,0
"Cladonia rangiferina\W|Cladonia rangiferina$",683348,0
"Cladonia rangiferina\W|Cladonia rangiferina$",684346,0
"Cladonia rangiferina\W|Cladonia rangiferina$",683124,0
"Cladonia rangiferina\W|Cladonia rangiferina$",685107,0
"Cladonia rangiferina\W|Cladonia rangiferina$",684046,0
"Cladonia rangiferina\W|Cladonia rangiferina$",685487,0
"Cladonia rangiferina\W|Cladonia rangiferina$",686464,0
"Cladonia rangiferina\W|Cladonia rangiferina$",686125,0
"Cladonia rangiferina\W|Cladonia rangiferina$",684733,0
"Cladonia rangiferina\W|Cladonia rangiferina$",685740,0
"Cladonia rangiferina\W|Cladonia rangiferina$",685409,0
"Cladonia rangiferina\W|Cladonia rangiferina$",689688,0
"Cladonia rangiferina\W|Cladonia rangiferina$",689442,0
"Cladonia rangiferina\W|Cladonia rangiferina$",689376,0
"Cladonia rangiferina\W|Cladonia rangiferina$",689532,0
"Cladonia rangiferina\W|Cladonia rangiferina$",684258,0
"Cladonia rangiferina\W|Cladonia rangiferina$",688719,0
"Cladonia rangiferina\W|Cladonia rangiferina$",796831,0
"Cladonia rangiferina\W|Cladonia rangiferina$",796838,0
"Cladonia rangiferina\W|Cladonia rangiferina$",800167,0
"Cladonia rangiferina\W|Cladonia rangiferina$",816681,0
"Cladonia rangiferina\W|Cladonia rangiferina$",899771,0
"Cladonia rangiferina\W|Cladonia rangiferina$",898966,0
"Cladonia rangiferina\W|Cladonia rangiferina$",899410,0
"Cladonia rangiferina\W|Cladonia rangiferina$",900042,0
"Cladonia rangiferina\W|Cladonia rangiferina$",899606,0
"Cladonia rangiferina\W|Cladonia rangiferina$",892953,0
"Cladonia rangiferina\W|Cladonia rangiferina$",948589,0
"Cladonia rangiferina\W|Cladonia rangiferina$",1042070,0
"Cladonia rangiferina\W|Cladonia rangiferina$",1085027,0
"Cladonia rangiferina\W|Cladonia rangiferina$",1042125,0
"Cladonia rangiferina\W|Cladonia rangiferina$",1344241,0
"Solorina crocea\W|Solorina crocea$",860275,0
"Solorina crocea\W|Solorina crocea$",729675,0
"Solorina crocea\W|Solorina crocea$",849164,0
"Solorina crocea\W|Solorina crocea$",900073,0
"Scutellaria\W|Scutellaria$",684808,0
"Scutellaria\W|Scutellaria$",684874,0
"Scutellaria\W|Scutellaria$",683381,0
"Scutellaria\W|Scutellaria$",683530,0
"Scutellaria\W|Scutellaria$",683536,0
"Scutellaria\W|Scutellaria$",683450,0
"Scutellaria\W|Scutellaria$",684003,0
"Scutellaria\W|Scutellaria$",683073,0
"Scutellaria\W|Scutellaria$",683102,0
"Scutellaria\W|Scutellaria$",684540,0
"Scutellaria\W|Scutellaria$",684416,0
"Scutellaria\W|Scutellaria$",683724,0
"Scutellaria\W|Scutellaria$",683798,0
"Scutellaria\W|Scutellaria$",687000,0
"Scutellaria\W|Scutellaria$",687012,0
"Scutellaria\W|Scutellaria$",687025,0
"Scutellaria\W|Scutellaria$",685557,0
"Scutellaria\W|Scutellaria$",685511,0
"Scutellaria\W|Scutellaria$",686431,0
"Scutellaria\W|Scutellaria$",684630,0
"Scutellaria\W|Scutellaria$",684638,0
"Scutellaria\W|Scutellaria$",684674,0
"Scutellaria\W|Scutellaria$",685169,0
"Scutellaria\W|Scutellaria$",687275,0
"Scutellaria\W|Scutellaria$",687063,0
"Scutellaria\W|Scutellaria$",685340,0
"Scutellaria\W|Scutellaria$",685271,0
"Scutellaria\W|Scutellaria$",685725,0
"Scutellaria\W|Scutellaria$",685726,0
"Scutellaria\W|Scutellaria$",686629,0
"Scutellaria\W|Scutellaria$",686637,0
"Scutellaria\W|Scutellaria$",686662,0
"Scutellaria\W|Scutellaria$",685867,0
"Scutellaria\W|Scutellaria$",689724,0
"Scutellaria\W|Scutellaria$",689730,0
"Scutellaria\W|Scutellaria$",687203,0
"Scutellaria\W|Scutellaria$",687666,0
"Scutellaria\W|Scutellaria$",687668,0
"Scutellaria\W|Scutellaria$",688588,0
"Scutellaria\W|Scutellaria$",688599,0
"Scutellaria\W|Scutellaria$",687744,0
"Scutellaria\W|Scutellaria$",687751,0
"Scutellaria\W|Scutellaria$",688189,0
"Scutellaria\W|Scutellaria$",687343,0
"Scutellaria\W|Scutellaria$",687443,0
"Scutellaria\W|Scutellaria$",688370,0
"Scutellaria\W|Scutellaria$",688029,0
"Scutellaria\W|Scutellaria$",688054,0
"Scutellaria\W|Scutellaria$",688334,0
"Scutellaria\W|Scutellaria$",687780,0
"Scutellaria\W|Scutellaria$",688918,0
"Scutellaria\W|Scutellaria$",689631,0
"Scutellaria\W|Scutellaria$",689765,0
"Scutellaria\W|Scutellaria$",689974,0
"Scutellaria\W|Scutellaria$",685521,0
"Scutellaria\W|Scutellaria$",685066,0
"Scutellaria\W|Scutellaria$",688151,0
"Scutellaria\W|Scutellaria$",690099,0
"Scutellaria\W|Scutellaria$",688323,0
"Scutellaria\W|Scutellaria$",688748,0
"Scutellaria\W|Scutellaria$",687705,0
"Scutellaria\W|Scutellaria$",687304,0
"Scutellaria\W|Scutellaria$",738472,0
"Scutellaria\W|Scutellaria$",758559,0
"Scutellaria\W|Scutellaria$",732630,0
"Scutellaria\W|Scutellaria$",731002,0
"Scutellaria\W|Scutellaria$",688089,0
"Scutellaria\W|Scutellaria$",687167,0
"Scutellaria\W|Scutellaria$",802017,0
"Scutellaria\W|Scutellaria$",836882,0
"Scutellaria\W|Scutellaria$",814098,0
"Scutellaria\W|Scutellaria$",814348,0
"Scutellaria\W|Scutellaria$",814166,0
"Scutellaria\W|Scutellaria$",801799,0
"Scutellaria\W|Scutellaria$",800985,0
"Scutellaria\W|Scutellaria$",801802,0
"Scutellaria\W|Scutellaria$",828605,0
"Scutellaria\W|Scutellaria$",742058,0
"Scutellaria\W|Scutellaria$",871088,0
"Scutellaria\W|Scutellaria$",860526,0
"Scutellaria\W|Scutellaria$",871240,0
"Scutellaria\W|Scutellaria$",860694,0
"Scutellaria\W|Scutellaria$",877358,0
"Scutellaria\W|Scutellaria$",885459,0
"Scutellaria\W|Scutellaria$",899684,0
"Scutellaria\W|Scutellaria$",899705,0
"Scutellaria\W|Scutellaria$",899722,0
"Scutellaria\W|Scutellaria$",899783,0
"Scutellaria\W|Scutellaria$",899792,0
"Scutellaria\W|Scutellaria$",899875,0
"Scutellaria\W|Scutellaria$",899947,0
"Scutellaria\W|Scutellaria$",899505,0
"Scutellaria\W|Scutellaria$",900015,0
"Scutellaria\W|Scutellaria$",900024,0
"Scutellaria\W|Scutellaria$",900027,0
"Scutellaria\W|Scutellaria$",899596,0
"Scutellaria\W|Scutellaria$",934599,0
"Scutellaria\W|Scutellaria$",933578,0
"Scutellaria\W|Scutellaria$",943698,0
"Scutellaria\W|Scutellaria$",946476,0
"Scutellaria\W|Scutellaria$",1284833,0
"Scutellaria\W|Scutellaria$",1352334,0
"Scutellaria\W|Scutellaria$",1302489,0
"Athallia holocarpa\W|Athallia holocarpa$",899279,0
"Cladonia caroliniana\W|Cladonia caroliniana$",684984,0
"Cladonia caroliniana\W|Cladonia caroliniana$",686127,0
"Cladonia caroliniana\W|Cladonia caroliniana$",685233,0
"Cladonia caroliniana\W|Cladonia caroliniana$",689330,0
"Cladonia caroliniana\W|Cladonia caroliniana$",686934,0
"Cladonia caroliniana\W|Cladonia caroliniana$",688929,0
"Cladonia caroliniana\W|Cladonia caroliniana$",688719,0
"Cladonia caroliniana\W|Cladonia caroliniana$",685883,0
"Cladonia caroliniana\W|Cladonia caroliniana$",877425,0
"Cladonia caroliniana\W|Cladonia caroliniana$",900046,0
"Cladonia caroliniana\W|Cladonia caroliniana$",959108,0
"Buellia\W|Buellia$",683464,0
"Buellia\W|Buellia$",688367,0
"Buellia\W|Buellia$",849164,0
"Buellia\W|Buellia$",900073,0
"Microcalicium\W|Microcalicium$",796838,0
"Cetraria\W|Cetraria$",860370,0
"Cetraria\W|Cetraria$",686569,0
"Cetraria\W|Cetraria$",684733,0
"Cetraria\W|Cetraria$",860275,0
"Cetraria\W|Cetraria$",689731,0
"Cetraria\W|Cetraria$",683806,0
"Cetraria\W|Cetraria$",860355,0
"Cetraria\W|Cetraria$",857182,0
"Cetraria\W|Cetraria$",860477,0
"Cetraria\W|Cetraria$",860664,0
"Cetraria\W|Cetraria$",860740,0
"Cetraria\W|Cetraria$",899158,0
"Cetraria\W|Cetraria$",899279,0
"Cetraria\W|Cetraria$",899410,0
"Cetraria\W|Cetraria$",899461,0
"Cetraria\W|Cetraria$",1309263,0
"Cetraria\W|Cetraria$",899484,0
"Cetraria\W|Cetraria$",1344241,0
"Placynthium nigrum\W|Placynthium nigrum$",687152,0
"Placynthium nigrum\W|Placynthium nigrum$",683806,0
"Placynthium nigrum\W|Placynthium nigrum$",689631,0
"Placynthium nigrum\W|Placynthium nigrum$",833221,0
"Ramalina intermedia\W|Ramalina intermedia$",796838,0
"Umbilicaria mammulata\W|Umbilicaria mammulata$",684346,0
"Umbilicaria mammulata\W|Umbilicaria mammulata$",686512,0
"Umbilicaria mammulata\W|Umbilicaria mammulata$",685271,0
"Umbilicaria mammulata\W|Umbilicaria mammulata$",686934,0
"Umbilicaria mammulata\W|Umbilicaria mammulata$",688719,0
"Umbilicaria mammulata\W|Umbilicaria mammulata$",685347,0
"Umbilicaria mammulata\W|Umbilicaria mammulata$",1256086,0
"Umbilicaria mammulata\W|Umbilicaria mammulata$",900042,0
"Physcia subtilis\W|Physcia subtilis$",796831,0
"Psora decipiens\W|Psora decipiens$",684993,0
"Psora decipiens\W|Psora decipiens$",857182,0
"Psora decipiens\W|Psora decipiens$",946476,0
"Dactylina\W|Dactylina$",899279,0
"Dactylina\W|Dactylina$",1042070,0
"Dactylina\W|Dactylina$",1344241,0
"Lichen\W|Lichen$",683312,0
"Lichen\W|Lichen$",684346,0
"Lichen\W|Lichen$",860385,0
"Lichen\W|Lichen$",683939,0
"Lichen\W|Lichen$",683124,0
"Lichen\W|Lichen$",683747,0
"Lichen\W|Lichen$",683649,0
"Lichen\W|Lichen$",686394,0
"Lichen\W|Lichen$",686975,0
"Lichen\W|Lichen$",685544,0
"Lichen\W|Lichen$",685573,0
"Lichen\W|Lichen$",686453,0
"Lichen\W|Lichen$",686125,0
"Lichen\W|Lichen$",684730,0
"Lichen\W|Lichen$",685204,0
"Lichen\W|Lichen$",685233,0
"Lichen\W|Lichen$",685740,0
"Lichen\W|Lichen$",685775,0
"Lichen\W|Lichen$",685897,0
"Lichen\W|Lichen$",686365,0
"Lichen\W|Lichen$",688348,0
"Lichen\W|Lichen$",689688,0
"Lichen\W|Lichen$",687744,0
"Lichen\W|Lichen$",688224,0
"Lichen\W|Lichen$",688350,0
"Lichen\W|Lichen$",688372,0
"Lichen\W|Lichen$",684371,0
"Lichen\W|Lichen$",688606,0
"Lichen\W|Lichen$",686934,0
"Lichen\W|Lichen$",689124,0
"Lichen\W|Lichen$",688914,0
"Lichen\W|Lichen$",688929,0
"Lichen\W|Lichen$",688981,0
"Lichen\W|Lichen$",689465,0
"Lichen\W|Lichen$",689765,0
"Lichen\W|Lichen$",684217,0
"Lichen\W|Lichen$",689796,0
"Lichen\W|Lichen$",686802,0
"Lichen\W|Lichen$",728599,0
"Lichen\W|Lichen$",685462,0
"Lichen\W|Lichen$",687760,0
"Lichen\W|Lichen$",687274,0
"Lichen\W|Lichen$",685883,0
"Lichen\W|Lichen$",689335,0
"Lichen\W|Lichen$",785183,0
"Lichen\W|Lichen$",785226,0
"Lichen\W|Lichen$",688118,0
"Lichen\W|Lichen$",735327,0
"Lichen\W|Lichen$",689865,0
"Lichen\W|Lichen$",758477,0
"Lichen\W|Lichen$",728757,0
"Lichen\W|Lichen$",728773,0
"Lichen\W|Lichen$",849164,0
"Lichen\W|Lichen$",849329,0
"Lichen\W|Lichen$",857338,0
"Lichen\W|Lichen$",807522,0
"Lichen\W|Lichen$",802098,0
"Lichen\W|Lichen$",835678,0
"Lichen\W|Lichen$",836338,0
"Lichen\W|Lichen$",860492,0
"Lichen\W|Lichen$",860808,0
"Lichen\W|Lichen$",899158,0
"Lichen\W|Lichen$",899184,0
"Lichen\W|Lichen$",899235,0
"Lichen\W|Lichen$",899301,0
"Lichen\W|Lichen$",899781,0
"Lichen\W|Lichen$",898966,0
"Lichen\W|Lichen$",899410,0
"Lichen\W|Lichen$",899436,0
"Lichen\W|Lichen$",899025,0
"Lichen\W|Lichen$",900011,0
"Lichen\W|Lichen$",900046,0
"Lichen\W|Lichen$",900054,0
"Lichen\W|Lichen$",900070,0
"Lichen\W|Lichen$",900072,0
"Lichen\W|Lichen$",900073,0
"Lichen\W|Lichen$",892953,0
"Lichen\W|Lichen$",905022,0
"Lichen\W|Lichen$",964226,0
"Lichen\W|Lichen$",964217,0
"Lichen\W|Lichen$",959108,0
"Lichen\W|Lichen$",964193,0
"Lichen\W|Lichen$",964196,0
"Lichen\W|Lichen$",964208,0
"Lichen\W|Lichen$",1085027,0
"Lichen\W|Lichen$",1150931,0
"Lichen\W|Lichen$",1042040,0
"Lichen\W|Lichen$",1041496,0
"Lichen\W|Lichen$",1042030,0
"Lichen\W|Lichen$",1279622,0
"Lichen\W|Lichen$",1302642,0
"Lichen\W|Lichen$",1285408,0
"Lichen\W|Lichen$",1344241,0
"Cladonia squamosa\W|Cladonia squamosa$",684346,0
"Cladonia squamosa\W|Cladonia squamosa$",688719,0
"Cladonia squamosa\W|Cladonia squamosa$",687760,0
"Cladonia squamosa\W|Cladonia squamosa$",796831,0
"Cladonia squamosa\W|Cladonia squamosa$",796838,0
"Ochrolechia frigida\W|Ochrolechia frigida$",860355,0
"Gowardia nigricans\W|Gowardia nigricans$",860275,0
"Stereocaulon glaucescens\W|Stereocaulon glaucescens$",796838,0
"Stereocaulon glaucescens\W|Stereocaulon glaucescens$",1256086,0
"Parmelia saxatilis\W|Parmelia saxatilis$",686569,0
"Letharia\W|Letharia$",687836,0
"Siphula ceratites\W|Siphula ceratites$",894266,0
"Siphula ceratites\W|Siphula ceratites$",894262,0
"Cladina\W|Cladina$",684756,0
"Cladina\W|Cladina$",684783,0
"Cladina\W|Cladina$",683348,0
"Cladina\W|Cladina$",860385,0
"Cladina\W|Cladina$",683939,0
"Cladina\W|Cladina$",683562,0
"Cladina\W|Cladina$",683948,0
"Cladina\W|Cladina$",683124,0
"Cladina\W|Cladina$",683175,0
"Cladina\W|Cladina$",684099,0
"Cladina\W|Cladina$",685076,0
"Cladina\W|Cladina$",683517,0
"Cladina\W|Cladina$",685107,0
"Cladina\W|Cladina$",684046,0
"Cladina\W|Cladina$",685487,0
"Cladina\W|Cladina$",686890,0
"Cladina\W|Cladina$",686107,0
"Cladina\W|Cladina$",686125,0
"Cladina\W|Cladina$",686569,0
"Cladina\W|Cladina$",684733,0
"Cladina\W|Cladina$",685233,0
"Cladina\W|Cladina$",685342,0
"Cladina\W|Cladina$",685740,0
"Cladina\W|Cladina$",685409,0
"Cladina\W|Cladina$",688482,0
"Cladina\W|Cladina$",689688,0
"Cladina\W|Cladina$",689442,0
"Cladina\W|Cladina$",689187,0
"Cladina\W|Cladina$",687342,0
"Cladina\W|Cladina$",688350,0
"Cladina\W|Cladina$",687937,0
"Cladina\W|Cladina$",689832,0
"Cladina\W|Cladina$",688606,0
"Cladina\W|Cladina$",687757,0
"Cladina\W|Cladina$",687809,0
"Cladina\W|Cladina$",689857,0
"Cladina\W|Cladina$",689512,0
"Cladina\W|Cladina$",684258,0
"Cladina\W|Cladina$",860340,0
"Cladina\W|Cladina$",687510,0
"Cladina\W|Cladina$",688119,0
"Cladina\W|Cladina$",683584,0
"Cladina\W|Cladina$",720774,0
"Cladina\W|Cladina$",685818,0
"Cladina\W|Cladina$",687760,0
"Cladina\W|Cladina$",796831,0
"Cladina\W|Cladina$",796838,0
"Cladina\W|Cladina$",684985,0
"Cladina\W|Cladina$",686595,0
"Cladina\W|Cladina$",849141,0
"Cladina\W|Cladina$",816681,0
"Cladina\W|Cladina$",821785,0
"Cladina\W|Cladina$",860511,0
"Cladina\W|Cladina$",899665,0
"Cladina\W|Cladina$",899246,0
"Cladina\W|Cladina$",899741,0
"Cladina\W|Cladina$",899771,0
"Cladina\W|Cladina$",899316,0
"Cladina\W|Cladina$",898966,0
"Cladina\W|Cladina$",899410,0
"Cladina\W|Cladina$",899889,0
"Cladina\W|Cladina$",899891,0
"Cladina\W|Cladina$",899017,0
"Cladina\W|Cladina$",899027,0
"Cladina\W|Cladina$",900012,0
"Cladina\W|Cladina$",900042,0
"Cladina\W|Cladina$",899606,0
"Cladina\W|Cladina$",892953,0
"Cladina\W|Cladina$",933791,0
"Cladina\W|Cladina$",933779,0
"Cladina\W|Cladina$",948589,0
"Cladina\W|Cladina$",932947,0
"Cladina\W|Cladina$",1041047,0
"Cladina\W|Cladina$",1042070,0
"Cladina\W|Cladina$",1042125,0
"Cladina\W|Cladina$",1041062,0
"Cladina\W|Cladina$",1344241,0
"Cladonia portentosa ssp. pacifica\W|Cladonia portentosa ssp. pacifica$",899665,0
"Psora russellii\W|Psora russellii$",685775,0
"Psora russellii\W|Psora russellii$",689359,0
"Psora russellii\W|Psora russellii$",689631,0
"Cladonia subradiata\W|Cladonia subradiata$",687342,0
"Coccocarpia\W|Coccocarpia$",685143,0
"Xanthoparmelia plittii\W|Xanthoparmelia plittii$",688719,0
"Xanthoparmelia plittii\W|Xanthoparmelia plittii$",796831,0
"Xanthoparmelia plittii\W|Xanthoparmelia plittii$",835732,0
"Umbilicaria hyperborea\W|Umbilicaria hyperborea$",688797,0
"Umbilicaria hyperborea\W|Umbilicaria hyperborea$",860355,0
"Umbilicaria hyperborea\W|Umbilicaria hyperborea$",860574,0
"Umbilicaria hyperborea\W|Umbilicaria hyperborea$",900054,0
"Umbilicaria hyperborea\W|Umbilicaria hyperborea$",1159091,0
"Umbilicaria hyperborea\W|Umbilicaria hyperborea$",1041991,0
"Porpidia\W|Porpidia$",684346,0
"Porpidia\W|Porpidia$",683560,0
"Porpidia\W|Porpidia$",860409,0
"Porpidia\W|Porpidia$",796838,0
"Porpidia\W|Porpidia$",860501,0
"Porpidia\W|Porpidia$",1159091,0
"Tremolecia\W|Tremolecia$",1159091,0
"Letharia vulpina\W|Letharia vulpina$",687836,0
"Cladonia\W|Cladonia$",684756,0
"Cladonia\W|Cladonia$",684783,0
"Cladonia\W|Cladonia$",684980,0
"Cladonia\W|Cladonia$",684984,0
"Cladonia\W|Cladonia$",685148,0
"Cladonia\W|Cladonia$",683348,0
"Cladonia\W|Cladonia$",684346,0
"Cladonia\W|Cladonia$",860385,0
"Cladonia\W|Cladonia$",683939,0
"Cladonia\W|Cladonia$",683437,0
"Cladonia\W|Cladonia$",683562,0
"Cladonia\W|Cladonia$",683948,0
"Cladonia\W|Cladonia$",860409,0
"Cladonia\W|Cladonia$",683124,0
"Cladonia\W|Cladonia$",683175,0
"Cladonia\W|Cladonia$",684099,0
"Cladonia\W|Cladonia$",685076,0
"Cladonia\W|Cladonia$",685091,0
"Cladonia\W|Cladonia$",685098,0
"Cladonia\W|Cladonia$",683517,0
"Cladonia\W|Cladonia$",685107,0
"Cladonia\W|Cladonia$",684046,0
"Cladonia\W|Cladonia$",684269,0
"Cladonia\W|Cladonia$",685487,0
"Cladonia\W|Cladonia$",686890,0
"Cladonia\W|Cladonia$",687615,0
"Cladonia\W|Cladonia$",687152,0
"Cladonia\W|Cladonia$",686464,0
"Cladonia\W|Cladonia$",685616,0
"Cladonia\W|Cladonia$",686107,0
"Cladonia\W|Cladonia$",686117,0
"Cladonia\W|Cladonia$",686125,0
"Cladonia\W|Cladonia$",686127,0
"Cladonia\W|Cladonia$",686507,0
"Cladonia\W|Cladonia$",686512,0
"Cladonia\W|Cladonia$",685163,0
"Cladonia\W|Cladonia$",686569,0
"Cladonia\W|Cladonia$",686593,0
"Cladonia\W|Cladonia$",684730,0
"Cladonia\W|Cladonia$",684733,0
"Cladonia\W|Cladonia$",685204,0
"Cladonia\W|Cladonia$",685233,0
"Cladonia\W|Cladonia$",687110,0
"Cladonia\W|Cladonia$",685342,0
"Cladonia\W|Cladonia$",685731,0
"Cladonia\W|Cladonia$",685740,0
"Cladonia\W|Cladonia$",860275,0
"Cladonia\W|Cladonia$",685409,0
"Cladonia\W|Cladonia$",686261,0
"Cladonia\W|Cladonia$",686270,0
"Cladonia\W|Cladonia$",688348,0
"Cladonia\W|Cladonia$",689688,0
"Cladonia\W|Cladonia$",689731,0
"Cladonia\W|Cladonia$",689442,0
"Cladonia\W|Cladonia$",689330,0
"Cladonia\W|Cladonia$",689354,0
"Cladonia\W|Cladonia$",689376,0
"Cladonia\W|Cladonia$",687658,0
"Cladonia\W|Cladonia$",688579,0
"Cladonia\W|Cladonia$",689187,0
"Cladonia\W|Cladonia$",686832,0
"Cladonia\W|Cladonia$",687316,0
"Cladonia\W|Cladonia$",687342,0
"Cladonia\W|Cladonia$",688350,0
"Cladonia\W|Cladonia$",687937,0
"Cladonia\W|Cladonia$",689832,0
"Cladonia\W|Cladonia$",688606,0
"Cladonia\W|Cladonia$",686934,0
"Cladonia\W|Cladonia$",683960,0
"Cladonia\W|Cladonia$",689124,0
"Cladonia\W|Cladonia$",687757,0
"Cladonia\W|Cladonia$",687809,0
"Cladonia\W|Cladonia$",689857,0
"Cladonia\W|Cladonia$",688929,0
"Cladonia\W|Cladonia$",688948,0
"Cladonia\W|Cladonia$",689006,0
"Cladonia\W|Cladonia$",689512,0
"Cladonia\W|Cladonia$",689532,0
"Cladonia\W|Cladonia$",684217,0
"Cladonia\W|Cladonia$",684258,0
"Cladonia\W|Cladonia$",684319,0
"Cladonia\W|Cladonia$",860340,0
"Cladonia\W|Cladonia$",687510,0
"Cladonia\W|Cladonia$",688844,0
"Cladonia\W|Cladonia$",860355,0
"Cladonia\W|Cladonia$",688119,0
"Cladonia\W|Cladonia$",683584,0
"Cladonia\W|Cladonia$",720774,0
"Cladonia\W|Cladonia$",688259,0
"Cladonia\W|Cladonia$",688719,0
"Cladonia\W|Cladonia$",685818,0
"Cladonia\W|Cladonia$",687760,0
"Cladonia\W|Cladonia$",796831,0
"Cladonia\W|Cladonia$",685883,0
"Cladonia\W|Cladonia$",796838,0
"Cladonia\W|Cladonia$",684953,0
"Cladonia\W|Cladonia$",684985,0
"Cladonia\W|Cladonia$",729675,0
"Cladonia\W|Cladonia$",687382,0
"Cladonia\W|Cladonia$",688157,0
"Cladonia\W|Cladonia$",686595,0
"Cladonia\W|Cladonia$",777931,0
"Cladonia\W|Cladonia$",689865,0
"Cladonia\W|Cladonia$",849141,0
"Cladonia\W|Cladonia$",849164,0
"Cladonia\W|Cladonia$",857182,0
"Cladonia\W|Cladonia$",807522,0
"Cladonia\W|Cladonia$",800158,0
"Cladonia\W|Cladonia$",800167,0
"Cladonia\W|Cladonia$",816681,0
"Cladonia\W|Cladonia$",685146,0
"Cladonia\W|Cladonia$",821785,0
"Cladonia\W|Cladonia$",833204,0
"Cladonia\W|Cladonia$",833221,0
"Cladonia\W|Cladonia$",836018,0
"Cladonia\W|Cladonia$",836338,0
"Cladonia\W|Cladonia$",836914,0
"Cladonia\W|Cladonia$",860467,0
"Cladonia\W|Cladonia$",860477,0
"Cladonia\W|Cladonia$",860496,0
"Cladonia\W|Cladonia$",860501,0
"Cladonia\W|Cladonia$",860511,0
"Cladonia\W|Cladonia$",860512,0
"Cladonia\W|Cladonia$",858134,0
"Cladonia\W|Cladonia$",860664,0
"Cladonia\W|Cladonia$",877354,0
"Cladonia\W|Cladonia$",877355,0
"Cladonia\W|Cladonia$",860740,0
"Cladonia\W|Cladonia$",877425,0
"Cladonia\W|Cladonia$",860801,0
"Cladonia\W|Cladonia$",860829,0
"Cladonia\W|Cladonia$",877423,0
"Cladonia\W|Cladonia$",899158,0
"Cladonia\W|Cladonia$",899665,0
"Cladonia\W|Cladonia$",899184,0
"Cladonia\W|Cladonia$",899246,0
"Cladonia\W|Cladonia$",899739,0
"Cladonia\W|Cladonia$",899741,0
"Cladonia\W|Cladonia$",899771,0
"Cladonia\W|Cladonia$",907149,0
"Cladonia\W|Cladonia$",899316,0
"Cladonia\W|Cladonia$",899362,0
"Cladonia\W|Cladonia$",898966,0
"Cladonia\W|Cladonia$",899397,0
"Cladonia\W|Cladonia$",899410,0
"Cladonia\W|Cladonia$",899889,0
"Cladonia\W|Cladonia$",899891,0
"Cladonia\W|Cladonia$",899892,0
"Cladonia\W|Cladonia$",899436,0
"Cladonia\W|Cladonia$",898989,0
"Cladonia\W|Cladonia$",899959,0
"Cladonia\W|Cladonia$",899017,0
"Cladonia\W|Cladonia$",899025,0
"Cladonia\W|Cladonia$",899027,0
"Cladonia\W|Cladonia$",900011,0
"Cladonia\W|Cladonia$",900012,0
"Cladonia\W|Cladonia$",900020,0
"Cladonia\W|Cladonia$",900042,0
"Cladonia\W|Cladonia$",900046,0
"Cladonia\W|Cladonia$",900073,0
"Cladonia\W|Cladonia$",899606,0
"Cladonia\W|Cladonia$",899130,0
"Cladonia\W|Cladonia$",892953,0
"Cladonia\W|Cladonia$",933791,0
"Cladonia\W|Cladonia$",931854,0
"Cladonia\W|Cladonia$",931842,0
"Cladonia\W|Cladonia$",933779,0
"Cladonia\W|Cladonia$",948589,0
"Cladonia\W|Cladonia$",959108,0
"Cladonia\W|Cladonia$",932947,0
"Cladonia\W|Cladonia$",1150959,0
"Cladonia\W|Cladonia$",1150957,0
"Cladonia\W|Cladonia$",1222803,0
"Cladonia\W|Cladonia$",1041047,0
"Cladonia\W|Cladonia$",1042070,0
"Cladonia\W|Cladonia$",1085027,0
"Cladonia\W|Cladonia$",1042040,0
"Cladonia\W|Cladonia$",1042125,0
"Cladonia\W|Cladonia$",1041496,0
"Cladonia\W|Cladonia$",1042030,0
"Cladonia\W|Cladonia$",1279622,0
"Cladonia\W|Cladonia$",1041991,0
"Cladonia\W|Cladonia$",1309263,0
"Cladonia\W|Cladonia$",1270115,0
"Cladonia\W|Cladonia$",1150949,0
"Cladonia\W|Cladonia$",1041062,0
"Cladonia\W|Cladonia$",1275204,0
"Cladonia\W|Cladonia$",899484,0
"Cladonia\W|Cladonia$",1344241,0
"Cladonia\W|Cladonia$",1159087,0
"Cetraria arenaria\W|Cetraria arenaria$",686569,0
"Cetraria arenaria\W|Cetraria arenaria$",683806,0
"Cladonia subtenuis\W|Cladonia subtenuis$",683175,0
"Cladonia subtenuis\W|Cladonia subtenuis$",684046,0
"Cladonia subtenuis\W|Cladonia subtenuis$",686107,0
"Cladonia subtenuis\W|Cladonia subtenuis$",685342,0
"Cladonia subtenuis\W|Cladonia subtenuis$",687342,0
"Cladonia subtenuis\W|Cladonia subtenuis$",688350,0
"Cladonia subtenuis\W|Cladonia subtenuis$",687937,0
"Cladonia subtenuis\W|Cladonia subtenuis$",687757,0
"Cladonia subtenuis\W|Cladonia subtenuis$",684217,0
"Cladonia subtenuis\W|Cladonia subtenuis$",687510,0
"Cladonia subtenuis\W|Cladonia subtenuis$",720774,0
"Cladonia subtenuis\W|Cladonia subtenuis$",899741,0
"Cladonia subtenuis\W|Cladonia subtenuis$",898966,0
"Cladonia subtenuis\W|Cladonia subtenuis$",899027,0
"Cladonia pocillum\W|Cladonia pocillum$",687152,0
"Cladonia pocillum\W|Cladonia pocillum$",833221,0
"Peltigera canina\W|Peltigera canina$",686569,0
"Peltigera canina\W|Peltigera canina$",689376,0
"Fuscidea praeruptorum\W|Fuscidea praeruptorum$",684783,0
"Sarcogyne\W|Sarcogyne$",684783,0
"Sarcogyne\W|Sarcogyne$",796831,0
"Gyalolechia bracteata\W|Gyalolechia bracteata$",683464,0
"Gyalolechia bracteata\W|Gyalolechia bracteata$",688367,0
"Alectoria fallacina\W|Alectoria fallacina$",683834,0
"Phlyctis petraea\W|Phlyctis petraea$",684346,0
"Phlyctis petraea\W|Phlyctis petraea$",835678,0
"Ramalina\W|Ramalina$",796838,0
"Ramalina\W|Ramalina$",857654,0
"Ramalina\W|Ramalina$",860492,0
"Arctoparmelia\W|Arctoparmelia$",684783,0
"Arctoparmelia\W|Arctoparmelia$",860275,0
"Arctoparmelia\W|Arctoparmelia$",688797,0
"Arctoparmelia\W|Arctoparmelia$",860355,0
"Arctoparmelia\W|Arctoparmelia$",796831,0
"Arctoparmelia\W|Arctoparmelia$",900054,0
"Arctoparmelia\W|Arctoparmelia$",1159091,0
"Gowardia\W|Gowardia$",860275,0
"Circinaria hispida\W|Circinaria hispida$",857182,0
"Cladonia pleurota\W|Cladonia pleurota$",796838,0
"Lepraria lobificans\W|Lepraria lobificans$",684346,0
"Solorina\W|Solorina$",860275,0
"Solorina\W|Solorina$",729675,0
"Solorina\W|Solorina$",849164,0
"Solorina\W|Solorina$",900073,0
"Cladonia macilenta\W|Cladonia macilenta$",796831,0
"Rhizoplaca\W|Rhizoplaca$",849164,0
"Rhizoplaca\W|Rhizoplaca$",900073,0
"Cladonia prostrata\W|Cladonia prostrata$",683948,0
"Cladonia prostrata\W|Cladonia prostrata$",683175,0
"Cladonia prostrata\W|Cladonia prostrata$",686107,0
"Cladonia prostrata\W|Cladonia prostrata$",685342,0
"Cladonia prostrata\W|Cladonia prostrata$",687937,0
"Cladonia prostrata\W|Cladonia prostrata$",684953,0
"Cladonia prostrata\W|Cladonia prostrata$",899739,0
"Cladonia prostrata\W|Cladonia prostrata$",899741,0
"Cladonia prostrata\W|Cladonia prostrata$",899027,0
"Hypotrachyna virginica\W|Hypotrachyna virginica$",683834,0
"Cladonia mitis\W|Cladonia mitis$",685148,0
"Cladonia mitis\W|Cladonia mitis$",686125,0
"Cladonia mitis\W|Cladonia mitis$",899606,0
"Parmelia omphalodes\W|Parmelia omphalodes$",796838,0
"Cladonia ecmocyna\W|Cladonia ecmocyna$",729675,0
"Lepraria neglecta\W|Lepraria neglecta$",684346,0
"Lepraria neglecta\W|Lepraria neglecta$",685347,0
"Lepraria neglecta\W|Lepraria neglecta$",899158,0
"Lepraria neglecta\W|Lepraria neglecta$",899884,0
"Aspicilia\W|Aspicilia$",796831,0
"Aspicilia\W|Aspicilia$",796838,0
"Aspicilia\W|Aspicilia$",902166,0
"Umbilicaria polyphylla\W|Umbilicaria polyphylla$",1159091,0
"Cladonia furcata\W|Cladonia furcata$",686512,0
"Cladonia furcata\W|Cladonia furcata$",689832,0
"Cladonia furcata\W|Cladonia furcata$",684217,0
"Cladonia furcata\W|Cladonia furcata$",796838,0
"Cladonia furcata\W|Cladonia furcata$",900012,0
"Cladonia cervicornis\W|Cladonia cervicornis$",899665,0
"Cladonia pyxidata\W|Cladonia pyxidata$",684099,0
"Cladonia pyxidata\W|Cladonia pyxidata$",685487,0
"Cladonia pyxidata\W|Cladonia pyxidata$",685163,0
"Cladonia pyxidata\W|Cladonia pyxidata$",688719,0
"Cladonia pyxidata\W|Cladonia pyxidata$",849164,0
"Cladonia pyxidata\W|Cladonia pyxidata$",899158,0
"Cladonia pyxidata\W|Cladonia pyxidata$",900020,0
"Cladonia pyxidata\W|Cladonia pyxidata$",900073,0
"Cladonia pyxidata\W|Cladonia pyxidata$",899130,0
"Arctoparmelia centrifuga\W|Arctoparmelia centrifuga$",684783,0
"Arctoparmelia centrifuga\W|Arctoparmelia centrifuga$",860275,0
"Arctoparmelia centrifuga\W|Arctoparmelia centrifuga$",688797,0
"Arctoparmelia centrifuga\W|Arctoparmelia centrifuga$",860355,0
"Arctoparmelia centrifuga\W|Arctoparmelia centrifuga$",796831,0
"Arctoparmelia centrifuga\W|Arctoparmelia centrifuga$",900054,0
"Arctoparmelia centrifuga\W|Arctoparmelia centrifuga$",1159091,0
"Fuscidea\W|Fuscidea$",684783,0
"Fuscidea\W|Fuscidea$",860409,0
"Fuscidea\W|Fuscidea$",796831,0
"Fuscidea\W|Fuscidea$",796838,0
"Fuscidea\W|Fuscidea$",860501,0
"Porpidia lowiana\W|Porpidia lowiana$",683560,0
"Cladonia portentosa\W|Cladonia portentosa$",849141,0
"Cladonia portentosa\W|Cladonia portentosa$",860511,0
"Cladonia portentosa\W|Cladonia portentosa$",899665,0
"Cladonia portentosa\W|Cladonia portentosa$",932947,0
"Peltigera rufescens\W|Peltigera rufescens$",684569,0
"Parmotrema\W|Parmotrema$",684217,0
"Parmotrema\W|Parmotrema$",835732,0
"Usnea amblyoclada\W|Usnea amblyoclada$",684346,0
"Pseudephebe minuscula\W|Pseudephebe minuscula$",860275,0
"Lasallia\W|Lasallia$",684783,0
"Lasallia\W|Lasallia$",684346,0
"Lasallia\W|Lasallia$",860409,0
"Lasallia\W|Lasallia$",687798,0
"Lasallia\W|Lasallia$",686464,0
"Lasallia\W|Lasallia$",686512,0
"Lasallia\W|Lasallia$",685271,0
"Lasallia\W|Lasallia$",688719,0
"Lasallia\W|Lasallia$",796831,0
"Lasallia\W|Lasallia$",796838,0
"Lasallia\W|Lasallia$",836338,0
"Lasallia\W|Lasallia$",1256086,0
"Lasallia\W|Lasallia$",860501,0
"Lasallia\W|Lasallia$",858134,0
"Lasallia\W|Lasallia$",877423,0
"Lasallia\W|Lasallia$",900042,0
"Lasallia\W|Lasallia$",900054,0
"Lasallia\W|Lasallia$",1159091,0
"Circinaria\W|Circinaria$",857182,0
"Punctelia hypoleucites\W|Punctelia hypoleucites$",685233,0
"Punctelia hypoleucites\W|Punctelia hypoleucites$",689330,0
"Punctelia hypoleucites\W|Punctelia hypoleucites$",688929,0
"Tetramelas papillatus\W|Tetramelas papillatus$",683464,0
"Tetramelas papillatus\W|Tetramelas papillatus$",688367,0
"Diploschistes scruposus\W|Diploschistes scruposus$",796838,0
"Alectoria sarmentosa\W|Alectoria sarmentosa$",1041496,0
"Cladonia evansii\W|Cladonia evansii$",683948,0
"Cladonia evansii\W|Cladonia evansii$",683175,0
"Cladonia evansii\W|Cladonia evansii$",686107,0
"Cladonia evansii\W|Cladonia evansii$",685342,0
"Cladonia evansii\W|Cladonia evansii$",689187,0
"Cladonia evansii\W|Cladonia evansii$",687342,0
"Cladonia evansii\W|Cladonia evansii$",688350,0
"Cladonia evansii\W|Cladonia evansii$",687937,0
"Cladonia evansii\W|Cladonia evansii$",687757,0
"Cladonia evansii\W|Cladonia evansii$",689857,0
"Cladonia evansii\W|Cladonia evansii$",720774,0
"Cladonia evansii\W|Cladonia evansii$",684985,0
"Cladonia evansii\W|Cladonia evansii$",821785,0
"Cladonia evansii\W|Cladonia evansii$",899246,0
"Cladonia evansii\W|Cladonia evansii$",899741,0
"Cladonia evansii\W|Cladonia evansii$",899017,0
"Cladonia evansii\W|Cladonia evansii$",899027,0
"Usnea filipendula\W|Usnea filipendula$",1041514,0
"Cladonia arbuscula\W|Cladonia arbuscula$",685148,0
"Cladonia arbuscula\W|Cladonia arbuscula$",683348,0
"Cladonia arbuscula\W|Cladonia arbuscula$",860385,0
"Cladonia arbuscula\W|Cladonia arbuscula$",684099,0
"Cladonia arbuscula\W|Cladonia arbuscula$",686117,0
"Cladonia arbuscula\W|Cladonia arbuscula$",686125,0
"Cladonia arbuscula\W|Cladonia arbuscula$",686569,0
"Cladonia arbuscula\W|Cladonia arbuscula$",685740,0
"Cladonia arbuscula\W|Cladonia arbuscula$",860275,0
"Cladonia arbuscula\W|Cladonia arbuscula$",685409,0
"Cladonia arbuscula\W|Cladonia arbuscula$",689442,0
"Cladonia arbuscula\W|Cladonia arbuscula$",684258,0
"Cladonia arbuscula\W|Cladonia arbuscula$",800167,0
"Cladonia arbuscula\W|Cladonia arbuscula$",899606,0
"Cladonia arbuscula\W|Cladonia arbuscula$",892953,0
"Cladonia arbuscula\W|Cladonia arbuscula$",1042070,0
"Cladonia arbuscula\W|Cladonia arbuscula$",1344241,0
"Lecidea\W|Lecidea$",849164,0
"Lecidea\W|Lecidea$",899461,0
"Lecidea\W|Lecidea$",900073,0
"Lecidea\W|Lecidea$",1159091,0
"Lecanora rubina\W|Lecanora rubina$",849164,0
"Lecanora rubina\W|Lecanora rubina$",900073,0
"Porpidia flavicunda\W|Porpidia flavicunda$",1159091,0
"Pleopsidium\W|Pleopsidium$",685233,0
"Pleopsidium\W|Pleopsidium$",689330,0
"Pleopsidium\W|Pleopsidium$",688929,0
"Pleopsidium\W|Pleopsidium$",685883,0
"Pleopsidium\W|Pleopsidium$",685146,0
"Pleopsidium\W|Pleopsidium$",900046,0
"Pleopsidium\W|Pleopsidium$",959108,0
"Rusavskia\W|Rusavskia$",849164,0
"Rusavskia\W|Rusavskia$",900073,0
"Flavocetraria\W|Flavocetraria$",860370,0
"Flavocetraria\W|Flavocetraria$",860275,0
"Flavocetraria\W|Flavocetraria$",860477,0
"Flavocetraria\W|Flavocetraria$",899279,0
"Flavocetraria\W|Flavocetraria$",1042080,0
"Flavocetraria\W|Flavocetraria$",1042040,0
"Flavocetraria\W|Flavocetraria$",1042050,0
"Flavocetraria\W|Flavocetraria$",1042060,0
"Flavocetraria\W|Flavocetraria$",1042090,0
"Flavocetraria\W|Flavocetraria$",1042030,0
"Flavocetraria\W|Flavocetraria$",1344241,0
"Hypogymnia\W|Hypogymnia$",796831,0
"Hypotrachyna\W|Hypotrachyna$",683834,0
"Rhizocarpon geographicum\W|Rhizocarpon geographicum$",683560,0
"Rhizocarpon geographicum\W|Rhizocarpon geographicum$",860275,0
"Rhizocarpon geographicum\W|Rhizocarpon geographicum$",688797,0
"Rhizocarpon geographicum\W|Rhizocarpon geographicum$",689532,0
"Rhizocarpon geographicum\W|Rhizocarpon geographicum$",860355,0
"Rhizocarpon geographicum\W|Rhizocarpon geographicum$",796838,0
"Rhizocarpon geographicum\W|Rhizocarpon geographicum$",849164,0
"Rhizocarpon geographicum\W|Rhizocarpon geographicum$",860574,0
"Rhizocarpon geographicum\W|Rhizocarpon geographicum$",900054,0
"Rhizocarpon geographicum\W|Rhizocarpon geographicum$",900073,0
"Rhizocarpon geographicum\W|Rhizocarpon geographicum$",1042040,0
"Rhizocarpon geographicum\W|Rhizocarpon geographicum$",1042030,0
"Rhizocarpon geographicum\W|Rhizocarpon geographicum$",1159091,0
"Rhizocarpon geographicum\W|Rhizocarpon geographicum$",1041991,0
"Porpidia tuberculosa\W|Porpidia tuberculosa$",683560,0
"Porpidia tuberculosa\W|Porpidia tuberculosa$",796838,0
"Parmelia\W|Parmelia$",686569,0
"Parmelia\W|Parmelia$",685233,0
"Parmelia\W|Parmelia$",688482,0
"Parmelia\W|Parmelia$",689330,0
"Parmelia\W|Parmelia$",688797,0
"Parmelia\W|Parmelia$",688929,0
"Parmelia\W|Parmelia$",796838,0
"Parmelia\W|Parmelia$",849164,0
"Parmelia\W|Parmelia$",900073,0
"Flavoparmelia\W|Flavoparmelia$",860409,0
"Flavoparmelia\W|Flavoparmelia$",686512,0
"Flavoparmelia\W|Flavoparmelia$",685271,0
"Flavoparmelia\W|Flavoparmelia$",686934,0
"Flavoparmelia\W|Flavoparmelia$",687510,0
"Flavoparmelia\W|Flavoparmelia$",688719,0
"Flavoparmelia\W|Flavoparmelia$",796838,0
"Flavoparmelia\W|Flavoparmelia$",685347,0
"Flavoparmelia\W|Flavoparmelia$",860501,0
"Caloplaca\W|Caloplaca$",860409,0
"Caloplaca\W|Caloplaca$",689631,0
"Caloplaca\W|Caloplaca$",857654,0
"Caloplaca\W|Caloplaca$",849164,0
"Caloplaca\W|Caloplaca$",860492,0
"Caloplaca\W|Caloplaca$",860501,0
"Caloplaca\W|Caloplaca$",860669,0
"Caloplaca\W|Caloplaca$",899279,0
"Caloplaca\W|Caloplaca$",900073,0
"Teloschistes\W|Teloschistes$",684469,0
"Nephroma\W|Nephroma$",860664,0
"Nephroma\W|Nephroma$",1041496,0
"Cetraria aculeata\W|Cetraria aculeata$",860275,0
"Cetraria aculeata\W|Cetraria aculeata$",899279,0
"Pseudoparmelia\W|Pseudoparmelia$",687510,0
"Stereocaulon vulcani\W|Stereocaulon vulcani$",860816,0
"Cladonia ochrochlora\W|Cladonia ochrochlora$",796831,0
"Cladonia dimorphoclada\W|Cladonia dimorphoclada$",685091,0
"Cladonia dimorphoclada\W|Cladonia dimorphoclada$",683960,0
"Melanelia\W|Melanelia$",684783,0
"Melanelia\W|Melanelia$",683560,0
"Melanelia\W|Melanelia$",796831,0
"Melanelia\W|Melanelia$",796838,0
"Melanelia\W|Melanelia$",1256086,0
"Melanelia\W|Melanelia$",900042,0
"Melanelia\W|Melanelia$",900054,0
"Melanelia\W|Melanelia$",1159091,0
"Porpidia albocaerulescens\W|Porpidia albocaerulescens$",684346,0
"Myelochroa obsessa\W|Myelochroa obsessa$",687510,0
"Masonhalea\W|Masonhalea$",1042040,0
"Masonhalea\W|Masonhalea$",1042030,0
"Cladonia psoromica\W|Cladonia psoromica$",683960,0
"Umbilicaria\W|Umbilicaria$",684783,0
"Umbilicaria\W|Umbilicaria$",684346,0
"Umbilicaria\W|Umbilicaria$",860409,0
"Umbilicaria\W|Umbilicaria$",686464,0
"Umbilicaria\W|Umbilicaria$",685616,0
"Umbilicaria\W|Umbilicaria$",686512,0
"Umbilicaria\W|Umbilicaria$",685271,0
"Umbilicaria\W|Umbilicaria$",688235,0
"Umbilicaria\W|Umbilicaria$",687388,0
"Umbilicaria\W|Umbilicaria$",688797,0
"Umbilicaria\W|Umbilicaria$",686934,0
"Umbilicaria\W|Umbilicaria$",689532,0
"Umbilicaria\W|Umbilicaria$",860340,0
"Umbilicaria\W|Umbilicaria$",860355,0
"Umbilicaria\W|Umbilicaria$",683584,0
"Umbilicaria\W|Umbilicaria$",688719,0
"Umbilicaria\W|Umbilicaria$",796831,0
"Umbilicaria\W|Umbilicaria$",796838,0
"Umbilicaria\W|Umbilicaria$",849164,0
"Umbilicaria\W|Umbilicaria$",685347,0
"Umbilicaria\W|Umbilicaria$",1256086,0
"Umbilicaria\W|Umbilicaria$",878628,0
"Umbilicaria\W|Umbilicaria$",860501,0
"Umbilicaria\W|Umbilicaria$",858134,0
"Umbilicaria\W|Umbilicaria$",860559,0
"Umbilicaria\W|Umbilicaria$",860574,0
"Umbilicaria\W|Umbilicaria$",877423,0
"Umbilicaria\W|Umbilicaria$",902166,0
"Umbilicaria\W|Umbilicaria$",900042,0
"Umbilicaria\W|Umbilicaria$",900054,0
"Umbilicaria\W|Umbilicaria$",900073,0
"Umbilicaria\W|Umbilicaria$",933791,0
"Umbilicaria\W|Umbilicaria$",933779,0
"Umbilicaria\W|Umbilicaria$",1042040,0
"Umbilicaria\W|Umbilicaria$",1042030,0
"Umbilicaria\W|Umbilicaria$",1159091,0
"Umbilicaria\W|Umbilicaria$",1041991,0
"Thamnolia vermicularis\W|Thamnolia vermicularis$",860275,0
"Thamnolia vermicularis\W|Thamnolia vermicularis$",860355,0
"Thamnolia vermicularis\W|Thamnolia vermicularis$",860574,0
"Thamnolia vermicularis\W|Thamnolia vermicularis$",1042080,0
"Thamnolia vermicularis\W|Thamnolia vermicularis$",1042050,0
"Thamnolia vermicularis\W|Thamnolia vermicularis$",1042060,0
"Thamnolia vermicularis\W|Thamnolia vermicularis$",1042090,0
"Thamnolia vermicularis\W|Thamnolia vermicularis$",1041615,0
"Thamnolia vermicularis\W|Thamnolia vermicularis$",1041991,0
"Thamnolia vermicularis\W|Thamnolia vermicularis$",1344241,0
"Diploschistes\W|Diploschistes$",796838,0
"Diploschistes\W|Diploschistes$",857182,0
"Physcia\W|Physcia$",860409,0
"Physcia\W|Physcia$",796831,0
"Physcia\W|Physcia$",860501,0
"Cladonia stygia\W|Cladonia stygia$",800167,0
"Usnea halei\W|Usnea halei$",796838,0
"Cladonia crispata\W|Cladonia crispata$",685148,0
"Cladonia crispata\W|Cladonia crispata$",685409,0
"Cladonia crispata\W|Cladonia crispata$",796831,0
"Cladonia crispata\W|Cladonia crispata$",796838,0
"Cladonia crispata\W|Cladonia crispata$",899606,0
"Toninia\W|Toninia$",793511,0
"Pleopsidium chlorophanum\W|Pleopsidium chlorophanum$",685233,0
"Pleopsidium chlorophanum\W|Pleopsidium chlorophanum$",689330,0
"Pleopsidium chlorophanum\W|Pleopsidium chlorophanum$",688929,0
"Pleopsidium chlorophanum\W|Pleopsidium chlorophanum$",685883,0
"Pleopsidium chlorophanum\W|Pleopsidium chlorophanum$",685146,0
"Pleopsidium chlorophanum\W|Pleopsidium chlorophanum$",900046,0
"Pleopsidium chlorophanum\W|Pleopsidium chlorophanum$",959108,0
"Teloschistes flavicans\W|Teloschistes flavicans$",684469,0
"Evernia\W|Evernia$",687836,0
"Coccocarpia palmicola\W|Coccocarpia palmicola$",685143,0
"Psora\W|Psora$",860452,0
"Psora\W|Psora$",684907,0
"Psora\W|Psora$",685018,0
"Psora\W|Psora$",683530,0
"Psora\W|Psora$",683570,0
"Psora\W|Psora$",683747,0
"Psora\W|Psora$",683762,0
"Psora\W|Psora$",683229,0
"Psora\W|Psora$",684613,0
"Psora\W|Psora$",685501,0
"Psora\W|Psora$",684694,0
"Psora\W|Psora$",685775,0
"Psora\W|Psora$",688144,0
"Psora\W|Psora$",688611,0
"Psora\W|Psora$",689359,0
"Psora\W|Psora$",687724,0
"Psora\W|Psora$",686755,0
"Psora\W|Psora$",686809,0
"Psora\W|Psora$",686865,0
"Psora\W|Psora$",687343,0
"Psora\W|Psora$",687371,0
"Psora\W|Psora$",687528,0
"Psora\W|Psora$",687723,0
"Psora\W|Psora$",689120,0
"Psora\W|Psora$",689936,0
"Psora\W|Psora$",688997,0
"Psora\W|Psora$",689452,0
"Psora\W|Psora$",689995,0
"Psora\W|Psora$",689631,0
"Psora\W|Psora$",690053,0
"Psora\W|Psora$",684671,0
"Psora\W|Psora$",688071,0
"Psora\W|Psora$",688416,0
"Psora\W|Psora$",684993,0
"Psora\W|Psora$",685105,0
"Psora\W|Psora$",769080,0
"Psora\W|Psora$",683071,0
"Psora\W|Psora$",686202,0
"Psora\W|Psora$",689478,0
"Psora\W|Psora$",686786,0
"Psora\W|Psora$",687589,0
"Psora\W|Psora$",769253,0
"Psora\W|Psora$",683431,0
"Psora\W|Psora$",684114,0
"Psora\W|Psora$",857182,0
"Psora\W|Psora$",685221,0
"Psora\W|Psora$",793478,0
"Psora\W|Psora$",860480,0
"Psora\W|Psora$",860672,0
"Psora\W|Psora$",879239,0
"Psora\W|Psora$",899320,0
"Psora\W|Psora$",899390,0
"Psora\W|Psora$",899900,0
"Psora\W|Psora$",899026,0
"Psora\W|Psora$",900036,0
"Psora\W|Psora$",899083,0
"Psora\W|Psora$",899086,0
"Psora\W|Psora$",900051,0
"Psora\W|Psora$",900052,0
"Psora\W|Psora$",900053,0
"Psora\W|Psora$",900062,0
"Psora\W|Psora$",900078,0
"Psora\W|Psora$",899100,0
"Psora\W|Psora$",900085,0
"Psora\W|Psora$",900096,0
"Psora\W|Psora$",899632,0
"Psora\W|Psora$",899633,0
"Psora\W|Psora$",895818,0
"Psora\W|Psora$",935193,0
"Psora\W|Psora$",946476,0
"Psora\W|Psora$",964279,0
"Psora\W|Psora$",964282,0
"Psora\W|Psora$",964276,0
"Psora\W|Psora$",964298,0
"Psora\W|Psora$",964267,0
"Psora\W|Psora$",1125859,0
"Psora\W|Psora$",1127120,0
"Psora\W|Psora$",1127136,0
"Psora\W|Psora$",1309263,0
"Psora\W|Psora$",1127110,0
"Psora\W|Psora$",1127112,0
"Fuscidea recensa\W|Fuscidea recensa$",684783,0
"Fuscidea recensa\W|Fuscidea recensa$",796831,0
"Fuscidea recensa\W|Fuscidea recensa$",796838,0
"Aspicilia cinerea\W|Aspicilia cinerea$",796831,0
"Aspicilia cinerea\W|Aspicilia cinerea$",796838,0
"Bryocaulon\W|Bryocaulon$",860275,0
"Bryocaulon\W|Bryocaulon$",860574,0
"Bryocaulon\W|Bryocaulon$",1042040,0
"Bryocaulon\W|Bryocaulon$",1042030,0
"Bryocaulon\W|Bryocaulon$",1041615,0
"Collema tenax\W|Collema tenax$",683464,0
"Collema tenax\W|Collema tenax$",688367,0
"Rhizocarpon\W|Rhizocarpon$",683560,0
"Rhizocarpon\W|Rhizocarpon$",860275,0
"Rhizocarpon\W|Rhizocarpon$",688797,0
"Rhizocarpon\W|Rhizocarpon$",689532,0
"Rhizocarpon\W|Rhizocarpon$",860340,0
"Rhizocarpon\W|Rhizocarpon$",860355,0
"Rhizocarpon\W|Rhizocarpon$",796831,0
"Rhizocarpon\W|Rhizocarpon$",796838,0
"Rhizocarpon\W|Rhizocarpon$",849164,0
"Rhizocarpon\W|Rhizocarpon$",860574,0
"Rhizocarpon\W|Rhizocarpon$",900054,0
"Rhizocarpon\W|Rhizocarpon$",900073,0
"Rhizocarpon\W|Rhizocarpon$",1042040,0
"Rhizocarpon\W|Rhizocarpon$",1042030,0
"Rhizocarpon\W|Rhizocarpon$",1159091,0
"Rhizocarpon\W|Rhizocarpon$",1041991,0
"Lasallia pensylvanica\W|Lasallia pensylvanica$",687798,0
"Lasallia pensylvanica\W|Lasallia pensylvanica$",688719,0
"Lasallia pensylvanica\W|Lasallia pensylvanica$",796831,0
"Lasallia pensylvanica\W|Lasallia pensylvanica$",836338,0
"Lasallia pensylvanica\W|Lasallia pensylvanica$",1256086,0
"Lasallia pensylvanica\W|Lasallia pensylvanica$",900042,0
"Lecidea atrobrunnea\W|Lecidea atrobrunnea$",849164,0
"Lecidea atrobrunnea\W|Lecidea atrobrunnea$",900073,0
"Collema\W|Collema$",683464,0
"Collema\W|Collema$",687725,0
"Collema\W|Collema$",687371,0
"Collema\W|Collema$",688367,0
"Collema\W|Collema$",792298,0
"Collema\W|Collema$",793511,0
"Protoparmelia badia\W|Protoparmelia badia$",1159091,0
"Cladonia uncialis\W|Cladonia uncialis$",685148,0
"Cladonia uncialis\W|Cladonia uncialis$",685409,0
"Cladonia uncialis\W|Cladonia uncialis$",686934,0
"Cladonia uncialis\W|Cladonia uncialis$",796831,0
"Cladonia uncialis\W|Cladonia uncialis$",899606,0
"Cladonia uncialis\W|Cladonia uncialis$",1042070,0
"Ophioparma lapponica\W|Ophioparma lapponica$",860574,0
"Ophioparma lapponica\W|Ophioparma lapponica$",1041991,0
"Xanthoparmelia\W|Xanthoparmelia$",684984,0
"Xanthoparmelia\W|Xanthoparmelia$",685233,0
"Xanthoparmelia\W|Xanthoparmelia$",688482,0
"Xanthoparmelia\W|Xanthoparmelia$",689330,0
"Xanthoparmelia\W|Xanthoparmelia$",689765,0
"Xanthoparmelia\W|Xanthoparmelia$",688119,0
"Xanthoparmelia\W|Xanthoparmelia$",688719,0
"Xanthoparmelia\W|Xanthoparmelia$",796831,0
"Xanthoparmelia\W|Xanthoparmelia$",685883,0
"Xanthoparmelia\W|Xanthoparmelia$",849164,0
"Xanthoparmelia\W|Xanthoparmelia$",835732,0
"Xanthoparmelia\W|Xanthoparmelia$",857182,0
"Xanthoparmelia\W|Xanthoparmelia$",802098,0
"Xanthoparmelia\W|Xanthoparmelia$",835678,0
"Xanthoparmelia\W|Xanthoparmelia$",836338,0
"Xanthoparmelia\W|Xanthoparmelia$",902166,0
"Xanthoparmelia\W|Xanthoparmelia$",899362,0
"Xanthoparmelia\W|Xanthoparmelia$",900046,0
"Xanthoparmelia\W|Xanthoparmelia$",900073,0
"Xanthoparmelia\W|Xanthoparmelia$",959108,0
"Xanthoparmelia\W|Xanthoparmelia$",1352336,0
"Xanthoparmelia\W|Xanthoparmelia$",1275204,0
"Xanthoparmelia\W|Xanthoparmelia$",1159087,0
"Myelochroa\W|Myelochroa$",687510,0
"Nephroma arcticum\W|Nephroma arcticum$",860664,0
"Nephroma arcticum\W|Nephroma arcticum$",1041496,0
"Lecanora polytropa\W|Lecanora polytropa$",1159091,0
"Alectoria\W|Alectoria$",683834,0
"Alectoria\W|Alectoria$",860275,0
"Alectoria\W|Alectoria$",860355,0
"Alectoria\W|Alectoria$",860574,0
"Alectoria\W|Alectoria$",1042040,0
"Alectoria\W|Alectoria$",1041496,0
"Alectoria\W|Alectoria$",1042030,0
"Alectoria\W|Alectoria$",1041615,0
"Thamnolia subuliformis\W|Thamnolia subuliformis$",899279,0
"Cladonia grayi\W|Cladonia grayi$",684217,0
"Fulgensia\W|Fulgensia$",683464,0
"Fulgensia\W|Fulgensia$",687725,0
"Fulgensia\W|Fulgensia$",687371,0
"Fulgensia\W|Fulgensia$",688367,0
"Fulgensia\W|Fulgensia$",793511,0
"Punctelia\W|Punctelia$",686569,0
"Punctelia\W|Punctelia$",685233,0
"Punctelia\W|Punctelia$",689330,0
"Punctelia\W|Punctelia$",688929,0
"Punctelia\W|Punctelia$",684217,0
"Trapeliopsis\W|Trapeliopsis$",796838,0
"Trapeliopsis\W|Trapeliopsis$",899461,0
"Cetraria islandica\W|Cetraria islandica$",684733,0
"Cetraria islandica\W|Cetraria islandica$",899158,0
"Cetraria islandica\W|Cetraria islandica$",899410,0
"Cetraria islandica\W|Cetraria islandica$",899461,0
"Cetraria islandica\W|Cetraria islandica$",1344241,0
"Cladonia robbinsii\W|Cladonia robbinsii$",684217,0
"Dimelaena\W|Dimelaena$",860409,0
"Dimelaena\W|Dimelaena$",796831,0
"Dimelaena\W|Dimelaena$",836338,0
"Dimelaena\W|Dimelaena$",1256086,0
"Dimelaena\W|Dimelaena$",860501,0
"Cladonia cristatella\W|Cladonia cristatella$",685098,0
"Cladonia cristatella\W|Cladonia cristatella$",686569,0
"Cladonia cristatella\W|Cladonia cristatella$",685409,0
"Vulpicida\W|Vulpicida$",860574,0
"Vulpicida\W|Vulpicida$",899279,0
"Peltigera\W|Peltigera$",684903,0
"Peltigera\W|Peltigera$",686569,0
"Peltigera\W|Peltigera$",689376,0
"Peltigera\W|Peltigera$",1267571,0
"Peltigera\W|Peltigera$",684569,0
"Peltigera\W|Peltigera$",857182,0
"Peltigera\W|Peltigera$",836914,0
"Peltigera\W|Peltigera$",860664,0
"Peltigera\W|Peltigera$",1309263,0
"Ophioparma\W|Ophioparma$",860574,0
"Ophioparma\W|Ophioparma$",900054,0
"Ophioparma\W|Ophioparma$",1159091,0
"Ophioparma\W|Ophioparma$",1041991,0
"Cladonia mateocyatha\W|Cladonia mateocyatha$",685146,0
"Psilolechia\W|Psilolechia$",796838,0
"Acarospora\W|Acarospora$",685233,0
"Acarospora\W|Acarospora$",689330,0
"Acarospora\W|Acarospora$",688929,0
"Acarospora\W|Acarospora$",685883,0
"Acarospora\W|Acarospora$",685146,0
"Acarospora\W|Acarospora$",900046,0
"Acarospora\W|Acarospora$",959108,0
"Pseudephebe\W|Pseudephebe$",860275,0
"Pseudephebe\W|Pseudephebe$",1042040,0
"Pseudephebe\W|Pseudephebe$",1042030,0
"Parmotrema hypotropum\W|Parmotrema hypotropum$",684217,0
"Parmotrema hypotropum\W|Parmotrema hypotropum$",835732,0
"Cetraria laevigata\W|Cetraria laevigata$",1344241,0
"Melanelia stygia\W|Melanelia stygia$",684783,0
"Melanelia stygia\W|Melanelia stygia$",683560,0
"Melanelia stygia\W|Melanelia stygia$",796831,0
"Melanelia stygia\W|Melanelia stygia$",796838,0
"Melanelia stygia\W|Melanelia stygia$",1256086,0
"Melanelia stygia\W|Melanelia stygia$",900042,0
"Melanelia stygia\W|Melanelia stygia$",900054,0
"Melanelia stygia\W|Melanelia stygia$",1159091,0
"Protoparmeliopsis\W|Protoparmeliopsis$",685775,0
"Protoparmeliopsis\W|Protoparmeliopsis$",689359,0
"Protoparmeliopsis\W|Protoparmeliopsis$",689631,0
"Lepraria caesiella\W|Lepraria caesiella$",684346,0
"Stereocaulon\W|Stereocaulon$",860385,0
"Stereocaulon\W|Stereocaulon$",860409,0
"Stereocaulon\W|Stereocaulon$",860370,0
"Stereocaulon\W|Stereocaulon$",860340,0
"Stereocaulon\W|Stereocaulon$",688119,0
"Stereocaulon\W|Stereocaulon$",796838,0
"Stereocaulon\W|Stereocaulon$",849179,0
"Stereocaulon\W|Stereocaulon$",1256086,0
"Stereocaulon\W|Stereocaulon$",860477,0
"Stereocaulon\W|Stereocaulon$",860501,0
"Stereocaulon\W|Stereocaulon$",858134,0
"Stereocaulon\W|Stereocaulon$",860574,0
"Stereocaulon\W|Stereocaulon$",860619,0
"Stereocaulon\W|Stereocaulon$",860664,0
"Stereocaulon\W|Stereocaulon$",860816,0
"Stereocaulon\W|Stereocaulon$",899362,0
"Stereocaulon\W|Stereocaulon$",1042040,0
"Stereocaulon\W|Stereocaulon$",1042030,0
"Stereocaulon\W|Stereocaulon$",1041615,0
"Stereocaulon\W|Stereocaulon$",1159091,0
"Stereocaulon\W|Stereocaulon$",1041991,0
"Stereocaulon\W|Stereocaulon$",1159087,0
"Ochrolechia\W|Ochrolechia$",860355,0
"Lepra\W|Lepra$",684346,0
"Lepra\W|Lepra$",860409,0
"Lepra\W|Lepra$",796831,0
"Lepra\W|Lepra$",796838,0
"Lepra\W|Lepra$",685347,0
"Lepra\W|Lepra$",860501,0
"Lepra\W|Lepra$",899158,0
"Lepra\W|Lepra$",899884,0
"Thamnolia\W|Thamnolia$",860275,0
"Thamnolia\W|Thamnolia$",860355,0
"Thamnolia\W|Thamnolia$",860574,0
"Thamnolia\W|Thamnolia$",899279,0
"Thamnolia\W|Thamnolia$",1042080,0
"Thamnolia\W|Thamnolia$",1042040,0
"Thamnolia\W|Thamnolia$",1042050,0
"Thamnolia\W|Thamnolia$",1042060,0
"Thamnolia\W|Thamnolia$",1042090,0
"Thamnolia\W|Thamnolia$",1042030,0
"Thamnolia\W|Thamnolia$",1041615,0
"Thamnolia\W|Thamnolia$",1041991,0
"Thamnolia\W|Thamnolia$",1344241,0
"Lecanora\W|Lecanora$",685775,0
"Lecanora\W|Lecanora$",689359,0
"Lecanora\W|Lecanora$",689631,0
"Lecanora\W|Lecanora$",796831,0
"Lecanora\W|Lecanora$",849164,0
"Lecanora\W|Lecanora$",860792,0
"Lecanora\W|Lecanora$",860807,0
"Lecanora\W|Lecanora$",900073,0
"Lecanora\W|Lecanora$",1159091,0
"Tetramelas\W|Tetramelas$",683464,0
"Tetramelas\W|Tetramelas$",688367,0
"Parmelia sulcata\W|Parmelia sulcata$",796838,0
"Coccotrema\W|Coccotrema$",860669,0
"Bryoria\W|Bryoria$",860275,0
"Cladonia leporina\W|Cladonia leporina$",683175,0
"Cladonia leporina\W|Cladonia leporina$",686107,0
"Cladonia leporina\W|Cladonia leporina$",685342,0
"Cladonia leporina\W|Cladonia leporina$",687658,0
"Cladonia leporina\W|Cladonia leporina$",687342,0
"Cladonia leporina\W|Cladonia leporina$",688350,0
"Cladonia leporina\W|Cladonia leporina$",687937,0
"Cladonia leporina\W|Cladonia leporina$",684953,0
"Cladonia leporina\W|Cladonia leporina$",899246,0
"Cladonia leporina\W|Cladonia leporina$",899739,0
"Cladonia leporina\W|Cladonia leporina$",899741,0
"Cladonia leporina\W|Cladonia leporina$",899017,0
"Cladonia leporina\W|Cladonia leporina$",899027,0
"Rhizocarpon rubescens\W|Rhizocarpon rubescens$",796838,0
"Siphula\W|Siphula$",856676,0
"Siphula\W|Siphula$",894266,0
"Siphula\W|Siphula$",894262,0
"Siphula\W|Siphula$",1299043,0
"Cladonia borealis\W|Cladonia borealis$",729675,0
"Physconia\W|Physconia$",857182,0
"Athallia\W|Athallia$",899279,0
"Placynthium\W|Placynthium$",687152,0
"Placynthium\W|Placynthium$",683806,0
"Placynthium\W|Placynthium$",689631,0
"Placynthium\W|Placynthium$",833221,0
"Placynthium\W|Placynthium$",946476,0
"Urospora\W|Urospora$",686527,0
"Chondrus\W|Chondrus$",860460,0
"Chondrus\W|Chondrus$",683186,0
"Chondrus\W|Chondrus$",860327,0
"Chondrus\W|Chondrus$",857688,0
"Chondrus\W|Chondrus$",934811,0
"Bryopsis plumosa\W|Bryopsis plumosa$",683186,0
"Bryopsis plumosa\W|Bryopsis plumosa$",686527,0
"Hawaiia\W|Hawaiia$",867660,0
"Hawaiia\W|Hawaiia$",860729,0
"Hawaiia\W|Hawaiia$",860741,0
"Hawaiia\W|Hawaiia$",860751,0
"Hawaiia\W|Hawaiia$",860836,0
"Hawaiia\W|Hawaiia$",860875,0
"Hypnea\W|Hypnea$",860327,0
"Rhizoclonium\W|Rhizoclonium$",860460,0
"Rhizoclonium\W|Rhizoclonium$",686527,0
"Rhizoclonium\W|Rhizoclonium$",860327,0
"Rhizoclonium\W|Rhizoclonium$",857688,0
"Ascophyllum nodosum\W|Ascophyllum nodosum$",860460,0
"Ascophyllum nodosum\W|Ascophyllum nodosum$",860325,0
"Ascophyllum nodosum\W|Ascophyllum nodosum$",686527,0
"Ascophyllum nodosum\W|Ascophyllum nodosum$",860327,0
"Ascophyllum nodosum\W|Ascophyllum nodosum$",689365,0
"Ascophyllum nodosum\W|Ascophyllum nodosum$",683265,0
"Ascophyllum nodosum\W|Ascophyllum nodosum$",857688,0
"Ascophyllum nodosum\W|Ascophyllum nodosum$",860714,0
"Ascophyllum nodosum\W|Ascophyllum nodosum$",934811,0
"Ascophyllum nodosum\W|Ascophyllum nodosum$",1176977,0
"Ascophyllum nodosum\W|Ascophyllum nodosum$",1176975,0
"Grinnellia\W|Grinnellia$",857688,0
"Postelsia palmiformis\W|Postelsia palmiformis$",860327,0
"Ascophyllum\W|Ascophyllum$",860460,0
"Ascophyllum\W|Ascophyllum$",860325,0
"Ascophyllum\W|Ascophyllum$",686527,0
"Ascophyllum\W|Ascophyllum$",860327,0
"Ascophyllum\W|Ascophyllum$",689365,0
"Ascophyllum\W|Ascophyllum$",683265,0
"Ascophyllum\W|Ascophyllum$",857688,0
"Ascophyllum\W|Ascophyllum$",860714,0
"Ascophyllum\W|Ascophyllum$",934811,0
"Ascophyllum\W|Ascophyllum$",1176977,0
"Ascophyllum\W|Ascophyllum$",1176975,0
"Sargassum\W|Sargassum$",860460,0
"Urospora penicilliformis\W|Urospora penicilliformis$",686527,0
"Pylaiella\W|Pylaiella$",683186,0
"Caulerpa\W|Caulerpa$",860460,0
"Ulothrix\W|Ulothrix$",686527,0
"Nemalion multifidum\W|Nemalion multifidum$",683186,0
"Nemalion multifidum\W|Nemalion multifidum$",686527,0
"Volvox\W|Volvox$",684864,0
"Volvox\W|Volvox$",683991,0
"Punctaria latifolia\W|Punctaria latifolia$",857688,0
"Macrocystis\W|Macrocystis$",860669,0
"Leathesia\W|Leathesia$",860460,0
"Polysiphonia\W|Polysiphonia$",683186,0
"Polysiphonia\W|Polysiphonia$",860327,0
"Ulva lactuca\W|Ulva lactuca$",860460,0
"Ulva lactuca\W|Ulva lactuca$",686527,0
"Ulva lactuca\W|Ulva lactuca$",860327,0
"Ulva lactuca\W|Ulva lactuca$",857688,0
"Ulva lactuca\W|Ulva lactuca$",800094,0
"Ulva lactuca\W|Ulva lactuca$",934811,0
"Ulva lactuca\W|Ulva lactuca$",1176977,0
"Ulva lactuca\W|Ulva lactuca$",1176975,0
"Batophora\W|Batophora$",860460,0
"Nitella\W|Nitella$",860327,0
"Nitella\W|Nitella$",894262,0
"Fucus spiralis\W|Fucus spiralis$",860460,0
"Fucus spiralis\W|Fucus spiralis$",686527,0
"Fucus spiralis\W|Fucus spiralis$",857688,0
"Halimeda\W|Halimeda$",860460,0
"Ceramium strictum\W|Ceramium strictum$",857688,0
"Mammillaria\W|Mammillaria$",688590,0
"Mammillaria\W|Mammillaria$",833228,0
"Mammillaria\W|Mammillaria$",806351,0
"Mammillaria\W|Mammillaria$",806356,0
"Mammillaria\W|Mammillaria$",860585,0
"Mammillaria\W|Mammillaria$",899291,0
"Mammillaria\W|Mammillaria$",899292,0
"Mammillaria\W|Mammillaria$",899319,0
"Mammillaria\W|Mammillaria$",899403,0
"Mammillaria\W|Mammillaria$",972010,0
"Laurencia\W|Laurencia$",860460,0
"Alaria marginata\W|Alaria marginata$",860669,0
"Alaria\W|Alaria$",683186,0
"Alaria\W|Alaria$",860327,0
"Alaria\W|Alaria$",860669,0
"Alaria\W|Alaria$",934811,0
"Ectocarpus\W|Ectocarpus$",683186,0
"Ectocarpus\W|Ectocarpus$",686527,0
"Ectocarpus\W|Ectocarpus$",860327,0
"Nemalion\W|Nemalion$",683186,0
"Nemalion\W|Nemalion$",686527,0
"Rhipocephalus\W|Rhipocephalus$",860460,0
"Chondrus crispus\W|Chondrus crispus$",860460,0
"Chondrus crispus\W|Chondrus crispus$",683186,0
"Chondrus crispus\W|Chondrus crispus$",860327,0
"Chondrus crispus\W|Chondrus crispus$",857688,0
"Chondrus crispus\W|Chondrus crispus$",934811,0
"Eualaria\W|Eualaria$",860669,0
"Postelsia palmaeformis\W|Postelsia palmaeformis$",860669,0
"Colpomenia sinuosa\W|Colpomenia sinuosa$",860327,0
"Dictyota\W|Dictyota$",860460,0
"Fucus vesiculosus\W|Fucus vesiculosus$",860460,0
"Fucus vesiculosus\W|Fucus vesiculosus$",686527,0
"Fucus vesiculosus\W|Fucus vesiculosus$",689365,0
"Fucus vesiculosus\W|Fucus vesiculosus$",857688,0
"Fucus vesiculosus\W|Fucus vesiculosus$",1176977,0
"Fucus vesiculosus\W|Fucus vesiculosus$",1176975,0
"Ceramium\W|Ceramium$",860460,0
"Ceramium\W|Ceramium$",683186,0
"Ceramium\W|Ceramium$",860327,0
"Ceramium\W|Ceramium$",857688,0
"Ceramium\W|Ceramium$",934811,0
"Fucus distichus\W|Fucus distichus$",686527,0
"Fucus distichus\W|Fucus distichus$",860669,0
"Pylaiella littoralis\W|Pylaiella littoralis$",683186,0
"Gracilaria\W|Gracilaria$",860460,0
"Gracilaria\W|Gracilaria$",860327,0
"Porphyra\W|Porphyra$",683186,0
"Porphyra\W|Porphyra$",686527,0
"Porphyra\W|Porphyra$",860327,0
"Porphyra\W|Porphyra$",860669,0
"Porphyra\W|Porphyra$",934811,0
"Rhizoclonium riparium\W|Rhizoclonium riparium$",860460,0
"Rhizoclonium riparium\W|Rhizoclonium riparium$",860327,0
"Rhizoclonium riparium\W|Rhizoclonium riparium$",857688,0
"Chara\W|Chara$",683872,0
"Chara\W|Chara$",684128,0
"Chara\W|Chara$",684173,0
"Chara\W|Chara$",684192,0
"Chara\W|Chara$",684198,0
"Chara\W|Chara$",684751,0
"Chara\W|Chara$",684789,0
"Chara\W|Chara$",684839,0
"Chara\W|Chara$",684864,0
"Chara\W|Chara$",684976,0
"Chara\W|Chara$",685006,0
"Chara\W|Chara$",860460,0
"Chara\W|Chara$",685116,0
"Chara\W|Chara$",685143,0
"Chara\W|Chara$",683349,0
"Chara\W|Chara$",683341,0
"Chara\W|Chara$",683881,0
"Chara\W|Chara$",683903,0
"Chara\W|Chara$",683906,0
"Chara\W|Chara$",684021,0
"Chara\W|Chara$",683533,0
"Chara\W|Chara$",683939,0
"Chara\W|Chara$",684375,0
"Chara\W|Chara$",683419,0
"Chara\W|Chara$",683538,0
"Chara\W|Chara$",683560,0
"Chara\W|Chara$",683957,0
"Chara\W|Chara$",860409,0
"Chara\W|Chara$",683581,0
"Chara\W|Chara$",683078,0
"Chara\W|Chara$",683672,0
"Chara\W|Chara$",683144,0
"Chara\W|Chara$",683677,0
"Chara\W|Chara$",683678,0
"Chara\W|Chara$",684074,0
"Chara\W|Chara$",683160,0
"Chara\W|Chara$",683177,0
"Chara\W|Chara$",683728,0
"Chara\W|Chara$",683492,0
"Chara\W|Chara$",683809,0
"Chara\W|Chara$",860416,0
"Chara\W|Chara$",685070,0
"Chara\W|Chara$",683834,0
"Chara\W|Chara$",684047,0
"Chara\W|Chara$",684253,0
"Chara\W|Chara$",685944,0
"Chara\W|Chara$",686406,0
"Chara\W|Chara$",686293,0
"Chara\W|Chara$",686328,0
"Chara\W|Chara$",686899,0
"Chara\W|Chara$",686995,0
"Chara\W|Chara$",687006,0
"Chara\W|Chara$",687008,0
"Chara\W|Chara$",687025,0
"Chara\W|Chara$",860313,0
"Chara\W|Chara$",687600,0
"Chara\W|Chara$",687641,0
"Chara\W|Chara$",687145,0
"Chara\W|Chara$",687147,0
"Chara\W|Chara$",860317,0
"Chara\W|Chara$",685967,0
"Chara\W|Chara$",686044,0
"Chara\W|Chara$",686057,0
"Chara\W|Chara$",685628,0
"Chara\W|Chara$",686035,0
"Chara\W|Chara$",686487,0
"Chara\W|Chara$",686497,0
"Chara\W|Chara$",684638,0
"Chara\W|Chara$",686119,0
"Chara\W|Chara$",686127,0
"Chara\W|Chara$",686533,0
"Chara\W|Chara$",686534,0
"Chara\W|Chara$",686507,0
"Chara\W|Chara$",684660,0
"Chara\W|Chara$",685150,0
"Chara\W|Chara$",686570,0
"Chara\W|Chara$",685173,0
"Chara\W|Chara$",684730,0
"Chara\W|Chara$",687104,0
"Chara\W|Chara$",685306,0
"Chara\W|Chara$",685316,0
"Chara\W|Chara$",685368,0
"Chara\W|Chara$",685827,0
"Chara\W|Chara$",685712,0
"Chara\W|Chara$",685724,0
"Chara\W|Chara$",686634,0
"Chara\W|Chara$",685400,0
"Chara\W|Chara$",685733,0
"Chara\W|Chara$",685735,0
"Chara\W|Chara$",685747,0
"Chara\W|Chara$",686662,0
"Chara\W|Chara$",685884,0
"Chara\W|Chara$",685441,0
"Chara\W|Chara$",686365,0
"Chara\W|Chara$",686266,0
"Chara\W|Chara$",688455,0
"Chara\W|Chara$",689052,0
"Chara\W|Chara$",689091,0
"Chara\W|Chara$",689092,0
"Chara\W|Chara$",689666,0
"Chara\W|Chara$",689672,0
"Chara\W|Chara$",689691,0
"Chara\W|Chara$",689712,0
"Chara\W|Chara$",689728,0
"Chara\W|Chara$",689731,0
"Chara\W|Chara$",689442,0
"Chara\W|Chara$",689293,0
"Chara\W|Chara$",689330,0
"Chara\W|Chara$",689367,0
"Chara\W|Chara$",689376,0
"Chara\W|Chara$",687668,0
"Chara\W|Chara$",688651,0
"Chara\W|Chara$",688582,0
"Chara\W|Chara$",688584,0
"Chara\W|Chara$",687700,0
"Chara\W|Chara$",687753,0
"Chara\W|Chara$",687755,0
"Chara\W|Chara$",687280,0
"Chara\W|Chara$",686830,0
"Chara\W|Chara$",686839,0
"Chara\W|Chara$",687320,0
"Chara\W|Chara$",687347,0
"Chara\W|Chara$",687352,0
"Chara\W|Chara$",688275,0
"Chara\W|Chara$",688720,0
"Chara\W|Chara$",687434,0
"Chara\W|Chara$",687450,0
"Chara\W|Chara$",687383,0
"Chara\W|Chara$",687823,0
"Chara\W|Chara$",687412,0
"Chara\W|Chara$",687951,0
"Chara\W|Chara$",687886,0
"Chara\W|Chara$",687548,0
"Chara\W|Chara$",688021,0
"Chara\W|Chara$",687899,0
"Chara\W|Chara$",687910,0
"Chara\W|Chara$",688865,0
"Chara\W|Chara$",688370,0
"Chara\W|Chara$",688054,0
"Chara\W|Chara$",688429,0
"Chara\W|Chara$",688321,0
"Chara\W|Chara$",689881,0
"Chara\W|Chara$",683899,0
"Chara\W|Chara$",685919,0
"Chara\W|Chara$",687780,0
"Chara\W|Chara$",689410,0
"Chara\W|Chara$",688929,0
"Chara\W|Chara$",688930,0
"Chara\W|Chara$",688945,0
"Chara\W|Chara$",688948,0
"Chara\W|Chara$",683317,0
"Chara\W|Chara$",689459,0
"Chara\W|Chara$",689504,0
"Chara\W|Chara$",689508,0
"Chara\W|Chara$",689522,0
"Chara\W|Chara$",689527,0
"Chara\W|Chara$",689534,0
"Chara\W|Chara$",689989,0
"Chara\W|Chara$",689617,0
"Chara\W|Chara$",689625,0
"Chara\W|Chara$",689579,0
"Chara\W|Chara$",690009,0
"Chara\W|Chara$",690014,0
"Chara\W|Chara$",1146920,0
"Chara\W|Chara$",684294,0
"Chara\W|Chara$",683991,0
"Chara\W|Chara$",689795,0
"Chara\W|Chara$",686048,0
"Chara\W|Chara$",686425,0
"Chara\W|Chara$",860340,0
"Chara\W|Chara$",860350,0
"Chara\W|Chara$",683656,0
"Chara\W|Chara$",728599,0
"Chara\W|Chara$",688454,0
"Chara\W|Chara$",684727,0
"Chara\W|Chara$",686897,0
"Chara\W|Chara$",685562,0
"Chara\W|Chara$",683442,0
"Chara\W|Chara$",688119,0
"Chara\W|Chara$",686112,0
"Chara\W|Chara$",685636,0
"Chara\W|Chara$",685641,0
"Chara\W|Chara$",1202417,0
"Chara\W|Chara$",685174,0
"Chara\W|Chara$",685205,0
"Chara\W|Chara$",684576,0
"Chara\W|Chara$",686719,0
"Chara\W|Chara$",685318,0
"Chara\W|Chara$",688739,0
"Chara\W|Chara$",688770,0
"Chara\W|Chara$",683657,0
"Chara\W|Chara$",683668,0
"Chara\W|Chara$",685818,0
"Chara\W|Chara$",860335,0
"Chara\W|Chara$",684722,0
"Chara\W|Chara$",687645,0
"Chara\W|Chara$",689302,0
"Chara\W|Chara$",742073,0
"Chara\W|Chara$",787691,0
"Chara\W|Chara$",685883,0
"Chara\W|Chara$",738472,0
"Chara\W|Chara$",738589,0
"Chara\W|Chara$",684974,0
"Chara\W|Chara$",732722,0
"Chara\W|Chara$",732726,0
"Chara\W|Chara$",687317,0
"Chara\W|Chara$",686532,0
"Chara\W|Chara$",686190,0
"Chara\W|Chara$",777931,0
"Chara\W|Chara$",683371,0
"Chara\W|Chara$",687038,0
"Chara\W|Chara$",689684,0
"Chara\W|Chara$",728816,0
"Chara\W|Chara$",841935,0
"Chara\W|Chara$",857252,0
"Chara\W|Chara$",857406,0
"Chara\W|Chara$",857475,0
"Chara\W|Chara$",833214,0
"Chara\W|Chara$",833234,0
"Chara\W|Chara$",833235,0
"Chara\W|Chara$",833239,0
"Chara\W|Chara$",833241,0
"Chara\W|Chara$",833287,0
"Chara\W|Chara$",848779,0
"Chara\W|Chara$",848810,0
"Chara\W|Chara$",848861,0
"Chara\W|Chara$",849080,0
"Chara\W|Chara$",849141,0
"Chara\W|Chara$",857716,0
"Chara\W|Chara$",802115,0
"Chara\W|Chara$",806409,0
"Chara\W|Chara$",849164,0
"Chara\W|Chara$",835830,0
"Chara\W|Chara$",835950,0
"Chara\W|Chara$",836040,0
"Chara\W|Chara$",836528,0
"Chara\W|Chara$",836597,0
"Chara\W|Chara$",836882,0
"Chara\W|Chara$",836936,0
"Chara\W|Chara$",685488,0
"Chara\W|Chara$",837100,0
"Chara\W|Chara$",837113,0
"Chara\W|Chara$",837244,0
"Chara\W|Chara$",837727,0
"Chara\W|Chara$",806351,0
"Chara\W|Chara$",814166,0
"Chara\W|Chara$",802182,0
"Chara\W|Chara$",802090,0
"Chara\W|Chara$",802094,0
"Chara\W|Chara$",801767,0
"Chara\W|Chara$",806336,0
"Chara\W|Chara$",806356,0
"Chara\W|Chara$",791646,0
"Chara\W|Chara$",806404,0
"Chara\W|Chara$",685111,0
"Chara\W|Chara$",806417,0
"Chara\W|Chara$",685183,0
"Chara\W|Chara$",685203,0
"Chara\W|Chara$",685221,0
"Chara\W|Chara$",835951,0
"Chara\W|Chara$",837750,0
"Chara\W|Chara$",837771,0
"Chara\W|Chara$",833221,0
"Chara\W|Chara$",795520,0
"Chara\W|Chara$",795484,0
"Chara\W|Chara$",837832,0
"Chara\W|Chara$",689039,0
"Chara\W|Chara$",793663,0
"Chara\W|Chara$",838433,0
"Chara\W|Chara$",838450,0
"Chara\W|Chara$",838549,0
"Chara\W|Chara$",838650,0
"Chara\W|Chara$",835984,0
"Chara\W|Chara$",839432,0
"Chara\W|Chara$",849126,0
"Chara\W|Chara$",793418,0
"Chara\W|Chara$",758635,0
"Chara\W|Chara$",1256086,0
"Chara\W|Chara$",884822,0
"Chara\W|Chara$",877320,0
"Chara\W|Chara$",877335,0
"Chara\W|Chara$",886897,0
"Chara\W|Chara$",878775,0
"Chara\W|Chara$",861497,0
"Chara\W|Chara$",860501,0
"Chara\W|Chara$",860512,0
"Chara\W|Chara$",860526,0
"Chara\W|Chara$",858134,0
"Chara\W|Chara$",860541,0
"Chara\W|Chara$",860546,0
"Chara\W|Chara$",858280,0
"Chara\W|Chara$",858291,0
"Chara\W|Chara$",860559,0
"Chara\W|Chara$",860574,0
"Chara\W|Chara$",860578,0
"Chara\W|Chara$",860581,0
"Chara\W|Chara$",860590,0
"Chara\W|Chara$",870954,0
"Chara\W|Chara$",860604,0
"Chara\W|Chara$",860613,0
"Chara\W|Chara$",860626,0
"Chara\W|Chara$",872683,0
"Chara\W|Chara$",874287,0
"Chara\W|Chara$",858815,0
"Chara\W|Chara$",861494,0
"Chara\W|Chara$",860745,0
"Chara\W|Chara$",860750,0
"Chara\W|Chara$",860774,0
"Chara\W|Chara$",877688,0
"Chara\W|Chara$",866494,0
"Chara\W|Chara$",860862,0
"Chara\W|Chara$",885015,0
"Chara\W|Chara$",885033,0
"Chara\W|Chara$",878639,0
"Chara\W|Chara$",881398,0
"Chara\W|Chara$",866803,0
"Chara\W|Chara$",899157,0
"Chara\W|Chara$",899657,0
"Chara\W|Chara$",899666,0
"Chara\W|Chara$",905730,0
"Chara\W|Chara$",899694,0
"Chara\W|Chara$",899698,0
"Chara\W|Chara$",899233,0
"Chara\W|Chara$",899236,0
"Chara\W|Chara$",899237,0
"Chara\W|Chara$",899243,0
"Chara\W|Chara$",899726,0
"Chara\W|Chara$",899741,0
"Chara\W|Chara$",899256,0
"Chara\W|Chara$",899257,0
"Chara\W|Chara$",899258,0
"Chara\W|Chara$",899746,0
"Chara\W|Chara$",899747,0
"Chara\W|Chara$",899749,0
"Chara\W|Chara$",899766,0
"Chara\W|Chara$",899767,0
"Chara\W|Chara$",899779,0
"Chara\W|Chara$",899291,0
"Chara\W|Chara$",899293,0
"Chara\W|Chara$",899792,0
"Chara\W|Chara$",899318,0
"Chara\W|Chara$",899322,0
"Chara\W|Chara$",899362,0
"Chara\W|Chara$",899879,0
"Chara\W|Chara$",898955,0
"Chara\W|Chara$",898965,0
"Chara\W|Chara$",899384,0
"Chara\W|Chara$",899396,0
"Chara\W|Chara$",899894,0
"Chara\W|Chara$",907585,0
"Chara\W|Chara$",907588,0
"Chara\W|Chara$",893248,0
"Chara\W|Chara$",898985,0
"Chara\W|Chara$",899425,0
"Chara\W|Chara$",899934,0
"Chara\W|Chara$",898990,0
"Chara\W|Chara$",899005,0
"Chara\W|Chara$",899974,0
"Chara\W|Chara$",899482,0
"Chara\W|Chara$",899483,0
"Chara\W|Chara$",899489,0
"Chara\W|Chara$",899492,0
"Chara\W|Chara$",899499,0
"Chara\W|Chara$",900009,0
"Chara\W|Chara$",899516,0
"Chara\W|Chara$",899541,0
"Chara\W|Chara$",899566,0
"Chara\W|Chara$",900051,0
"Chara\W|Chara$",900078,0
"Chara\W|Chara$",899092,0
"Chara\W|Chara$",943929,0
"Chara\W|Chara$",899606,0
"Chara\W|Chara$",900103,0
"Chara\W|Chara$",900111,0
"Chara\W|Chara$",899618,0
"Chara\W|Chara$",899620,0
"Chara\W|Chara$",899628,0
"Chara\W|Chara$",899630,0
"Chara\W|Chara$",899632,0
"Chara\W|Chara$",899633,0
"Chara\W|Chara$",899634,0
"Chara\W|Chara$",899635,0
"Chara\W|Chara$",900116,0
"Chara\W|Chara$",900117,0
"Chara\W|Chara$",902171,0
"Chara\W|Chara$",894266,0
"Chara\W|Chara$",893245,0
"Chara\W|Chara$",907659,0
"Chara\W|Chara$",894262,0
"Chara\W|Chara$",907201,0
"Chara\W|Chara$",933817,0
"Chara\W|Chara$",928265,0
"Chara\W|Chara$",933706,0
"Chara\W|Chara$",950094,0
"Chara\W|Chara$",943943,0
"Chara\W|Chara$",938463,0
"Chara\W|Chara$",972062,0
"Chara\W|Chara$",969588,0
"Chara\W|Chara$",932237,0
"Chara\W|Chara$",953927,0
"Chara\W|Chara$",941888,0
"Chara\W|Chara$",933803,0
"Chara\W|Chara$",948499,0
"Chara\W|Chara$",972072,0
"Chara\W|Chara$",972098,0
"Chara\W|Chara$",931850,0
"Chara\W|Chara$",931839,0
"Chara\W|Chara$",959108,0
"Chara\W|Chara$",932947,0
"Chara\W|Chara$",964235,0
"Chara\W|Chara$",1125859,0
"Chara\W|Chara$",1176987,0
"Chara\W|Chara$",1176999,0
"Chara\W|Chara$",1159085,0
"Chara\W|Chara$",1159131,0
"Chara\W|Chara$",1159149,0
"Chara\W|Chara$",1042040,0
"Chara\W|Chara$",1085089,0
"Chara\W|Chara$",1042030,0
"Chara\W|Chara$",1085078,0
"Chara\W|Chara$",1090280,0
"Chara\W|Chara$",1089379,0
"Chara\W|Chara$",1159189,0
"Chara\W|Chara$",1159201,0
"Chara\W|Chara$",1225584,0
"Chara\W|Chara$",1225586,0
"Chara\W|Chara$",1284769,0
"Chara\W|Chara$",1281868,0
"Chara\W|Chara$",1159165,0
"Chara\W|Chara$",1279620,0
"Chara\W|Chara$",1159101,0
"Chara\W|Chara$",1302628,0
"Chara\W|Chara$",1302632,0
"Chara\W|Chara$",1352334,0
"Chara\W|Chara$",1302642,0
"Chara\W|Chara$",1225711,0
"Chara\W|Chara$",1285410,0
"Chara\W|Chara$",1151265,0
"Chara\W|Chara$",964078,0
"Chara\W|Chara$",899484,0
"Chara\W|Chara$",1344241,0
"Chara\W|Chara$",1302485,0
"Chara\W|Chara$",1302483,0
"Chara\W|Chara$",1302491,0
"Chara\W|Chara$",1159087,0
"Punctaria\W|Punctaria$",857688,0
"Chorda filum\W|Chorda filum$",857688,0
"Fucus\W|Fucus$",860460,0
"Fucus\W|Fucus$",686527,0
"Fucus\W|Fucus$",860327,0
"Fucus\W|Fucus$",689365,0
"Fucus\W|Fucus$",857688,0
"Fucus\W|Fucus$",860669,0
"Fucus\W|Fucus$",934811,0
"Fucus\W|Fucus$",1176977,0
"Fucus\W|Fucus$",1176975,0
"Endocladia\W|Endocladia$",860669,0
"Chorda\W|Chorda$",857688,0
"Spyridia\W|Spyridia$",860327,0
"Ulva\W|Ulva$",860460,0
"Ulva\W|Ulva$",686527,0
"Ulva\W|Ulva$",860327,0
"Ulva\W|Ulva$",689365,0
"Ulva\W|Ulva$",857688,0
"Ulva\W|Ulva$",800094,0
"Ulva\W|Ulva$",860669,0
"Ulva\W|Ulva$",934811,0
"Ulva\W|Ulva$",1176977,0
"Ulva\W|Ulva$",1176975,0
"Colpomenia\W|Colpomenia$",860327,0
"Callithamnion\W|Callithamnion$",683186,0
"Dasya\W|Dasya$",857688,0
"Desmarestia\W|Desmarestia$",860327,0
"Champia\W|Champia$",860327,0
"Macrocystis pyrifera\W|Macrocystis pyrifera$",860669,0
"Cladophora\W|Cladophora$",860460,0
"Cladophora\W|Cladophora$",683186,0
"Cladophora\W|Cladophora$",686527,0
"Cladophora\W|Cladophora$",860327,0
"Cladophora\W|Cladophora$",934811,0
"Chara vulgaris\W|Chara vulgaris$",689410,0
"Fucus evanescens\W|Fucus evanescens$",860460,0
"Fucus evanescens\W|Fucus evanescens$",857688,0
"Endocladia muricata\W|Endocladia muricata$",860669,0
"Codium fragile\W|Codium fragile$",860327,0
"Nereocystis luetkeana\W|Nereocystis luetkeana$",860669,0
"Nereocystis\W|Nereocystis$",860669,0
"Grinnellia americana\W|Grinnellia americana$",857688,0
"Bryopsis\W|Bryopsis$",860460,0
"Bryopsis\W|Bryopsis$",683186,0
"Bryopsis\W|Bryopsis$",686527,0
"Bryopsis\W|Bryopsis$",860327,0
"Palmaria\W|Palmaria$",860669,0
"Laminaria\W|Laminaria$",860460,0
"Laminaria\W|Laminaria$",683186,0
"Laminaria\W|Laminaria$",860327,0
"Laminaria\W|Laminaria$",857688,0
"Laminaria\W|Laminaria$",860669,0
"Laminaria\W|Laminaria$",934811,0
"Agardhiella\W|Agardhiella$",860460,0
"Agardhiella\W|Agardhiella$",860327,0
"Chondria\W|Chondria$",860460,0
"Sanguina\W|Sanguina$",684949,0
"Sanguina\W|Sanguina$",683359,0
"Sanguina\W|Sanguina$",683335,0
"Sanguina\W|Sanguina$",684412,0
"Sanguina\W|Sanguina$",683102,0
"Sanguina\W|Sanguina$",683736,0
"Sanguina\W|Sanguina$",683622,0
"Sanguina\W|Sanguina$",687000,0
"Sanguina\W|Sanguina$",687025,0
"Sanguina\W|Sanguina$",687633,0
"Sanguina\W|Sanguina$",685533,0
"Sanguina\W|Sanguina$",686453,0
"Sanguina\W|Sanguina$",686106,0
"Sanguina\W|Sanguina$",686534,0
"Sanguina\W|Sanguina$",685169,0
"Sanguina\W|Sanguina$",685314,0
"Sanguina\W|Sanguina$",685243,0
"Sanguina\W|Sanguina$",685727,0
"Sanguina\W|Sanguina$",685400,0
"Sanguina\W|Sanguina$",686267,0
"Sanguina\W|Sanguina$",687751,0
"Sanguina\W|Sanguina$",686779,0
"Sanguina\W|Sanguina$",686787,0
"Sanguina\W|Sanguina$",688757,0
"Sanguina\W|Sanguina$",687966,0
"Sanguina\W|Sanguina$",688053,0
"Sanguina\W|Sanguina$",687942,0
"Sanguina\W|Sanguina$",688077,0
"Sanguina\W|Sanguina$",683889,0
"Sanguina\W|Sanguina$",688985,0
"Sanguina\W|Sanguina$",689579,0
"Sanguina\W|Sanguina$",686615,0
"Sanguina\W|Sanguina$",685636,0
"Sanguina\W|Sanguina$",688748,0
"Sanguina\W|Sanguina$",687922,0
"Sanguina\W|Sanguina$",755371,0
"Sanguina\W|Sanguina$",758564,0
"Sanguina\W|Sanguina$",689404,0
"Sanguina\W|Sanguina$",833283,0
"Sanguina\W|Sanguina$",833284,0
"Sanguina\W|Sanguina$",842023,0
"Sanguina\W|Sanguina$",802115,0
"Sanguina\W|Sanguina$",838650,0
"Sanguina\W|Sanguina$",793418,0
"Sanguina\W|Sanguina$",795478,0
"Sanguina\W|Sanguina$",877318,0
"Sanguina\W|Sanguina$",899766,0
"Sanguina\W|Sanguina$",899360,0
"Sanguina\W|Sanguina$",899384,0
"Sanguina\W|Sanguina$",899389,0
"Sanguina\W|Sanguina$",899425,0
"Sanguina\W|Sanguina$",900045,0
"Sanguina\W|Sanguina$",933706,0
"Sanguina\W|Sanguina$",931837,0
"Sanguina\W|Sanguina$",931836,0
"Sanguina\W|Sanguina$",931839,0
"Sanguina\W|Sanguina$",933859,0
"Sanguina\W|Sanguina$",933878,0
"Sanguina\W|Sanguina$",1159203,0
"Sanguina\W|Sanguina$",1150941,0
"Sanguina\W|Sanguina$",1279644,0
"Sanguina\W|Sanguina$",1150943,0
"Sanguina\W|Sanguina$",1159115,0
"Sanguina\W|Sanguina$",1233784,0
"Saccharina\W|Saccharina$",860669,0
"Rhodophyta\W|Rhodophyta$",685056,0
"Rhodophyta\W|Rhodophyta$",899171,0
"Ceramium rubrum\W|Ceramium rubrum$",683186,0
"Ceramium rubrum\W|Ceramium rubrum$",857688,0
"Ceramium rubrum\W|Ceramium rubrum$",934811,0
"Codium\W|Codium$",860327,0
"Chaetomorpha\W|Chaetomorpha$",860327,0
"Postelsia\W|Postelsia$",860327,0
"Postelsia\W|Postelsia$",860669,0
"Candelariella\W|Candelariella$",899279,0
"Catapyrenium cinereum\W|Catapyrenium cinereum$",900020,0
"Candelariella aurella\W|Candelariella aurella$",899279,0
"Dermatocarpon luridum\W|Dermatocarpon luridum$",685143,0
"Dermatocarpon luridum\W|Dermatocarpon luridum$",685711,0
"Microcoleus\W|Microcoleus$",686149,0
"Microcoleus\W|Microcoleus$",1159177,0
"Chrysothrix chlorina\W|Chrysothrix chlorina$",796838,0
"Chrysothrix chlorina\W|Chrysothrix chlorina$",1256086,0
"Lyngbya\W|Lyngbya$",688731,0
"Lyngbya\W|Lyngbya$",900009,0
"Lyngbya\W|Lyngbya$",1159101,0
"Hydrocoleum\W|Hydrocoleum$",686149,0
"Hydrocoleum\W|Hydrocoleum$",1159177,0
"Dermatocarpon miniatum\W|Dermatocarpon miniatum$",685146,0
"Dermatocarpon\W|Dermatocarpon$",685143,0
"Dermatocarpon\W|Dermatocarpon$",687152,0
"Dermatocarpon\W|Dermatocarpon$",685233,0
"Dermatocarpon\W|Dermatocarpon$",685775,0
"Dermatocarpon\W|Dermatocarpon$",689330,0
"Dermatocarpon\W|Dermatocarpon$",689359,0
"Dermatocarpon\W|Dermatocarpon$",688929,0
"Dermatocarpon\W|Dermatocarpon$",689631,0
"Dermatocarpon\W|Dermatocarpon$",685711,0
"Dermatocarpon\W|Dermatocarpon$",684993,0
"Dermatocarpon\W|Dermatocarpon$",685146,0
"Dermatocarpon\W|Dermatocarpon$",833221,0
"Dermatocarpon\W|Dermatocarpon$",900020,0
"Dermatocarpon\W|Dermatocarpon$",946476,0
"Catapyrenium\W|Catapyrenium$",900020,0
"Thyrea confusa\W|Thyrea confusa$",946476,0
"Oscillatoria\W|Oscillatoria$",860460,0
"Oscillatoria\W|Oscillatoria$",686149,0
"Oscillatoria\W|Oscillatoria$",1159177,0
"Flakea\W|Flakea$",686958,0
"Nostoc commune\W|Nostoc commune$",683728,0
"Nostoc commune\W|Nostoc commune$",683229,0
"Nostoc commune\W|Nostoc commune$",683773,0
"Nostoc commune\W|Nostoc commune$",685535,0
"Nostoc commune\W|Nostoc commune$",686157,0
"Nostoc commune\W|Nostoc commune$",857716,0
"Nostoc commune\W|Nostoc commune$",849329,0
"Nostoc commune\W|Nostoc commune$",849336,0
"Nostoc commune\W|Nostoc commune$",857182,0
"Nostoc commune\W|Nostoc commune$",857357,0
"Nostoc commune\W|Nostoc commune$",878975,0
"Nostoc commune\W|Nostoc commune$",899432,0
"Nostoc commune\W|Nostoc commune$",946476,0
"Nostoc commune\W|Nostoc commune$",1281868,0
"Nostoc commune\W|Nostoc commune$",1352336,0
"Nostoc commune\W|Nostoc commune$",1285408,0
"Nostoc\W|Nostoc$",683728,0
"Nostoc\W|Nostoc$",683229,0
"Nostoc\W|Nostoc$",689359,0
"Nostoc\W|Nostoc$",687493,0
"Nostoc\W|Nostoc$",683773,0
"Nostoc\W|Nostoc$",688971,0
"Nostoc\W|Nostoc$",689989,0
"Nostoc\W|Nostoc$",685535,0
"Nostoc\W|Nostoc$",686157,0
"Nostoc\W|Nostoc$",857716,0
"Nostoc\W|Nostoc$",849329,0
"Nostoc\W|Nostoc$",849336,0
"Nostoc\W|Nostoc$",857182,0
"Nostoc\W|Nostoc$",857357,0
"Nostoc\W|Nostoc$",878975,0
"Nostoc\W|Nostoc$",899432,0
"Nostoc\W|Nostoc$",905014,0
"Nostoc\W|Nostoc$",946476,0
"Nostoc\W|Nostoc$",1281868,0
"Nostoc\W|Nostoc$",1352331,0
"Nostoc\W|Nostoc$",1352336,0
"Nostoc\W|Nostoc$",1285408,0
"Nostoc\W|Nostoc$",1275212,0
"Chrysothrix insulizans\W|Chrysothrix insulizans$",684346,0
"Calothrix\W|Calothrix$",860460,0
"Scytonema\W|Scytonema$",688091,0
"Placidium\W|Placidium$",685233,0
"Placidium\W|Placidium$",685775,0
"Placidium\W|Placidium$",689330,0
"Placidium\W|Placidium$",689359,0
"Placidium\W|Placidium$",688929,0
"Placidium\W|Placidium$",689631,0
"Placidium\W|Placidium$",684993,0
"Placidium\W|Placidium$",946476,0
"Hydropunctaria maura\W|Hydropunctaria maura$",860669,0
"Chrysothrix\W|Chrysothrix$",684346,0
"Chrysothrix\W|Chrysothrix$",796838,0
"Chrysothrix\W|Chrysothrix$",1256086,0
"Symploca\W|Symploca$",684832,0
"Symploca\W|Symploca$",685116,0
"Symploca\W|Symploca$",683072,0
"Symploca\W|Symploca$",683127,0
"Symploca\W|Symploca$",683826,0
"Symploca\W|Symploca$",686944,0
"Symploca\W|Symploca$",687806,0
"Symploca\W|Symploca$",685511,0
"Symploca\W|Symploca$",686717,0
"Symploca\W|Symploca$",685182,0
"Symploca\W|Symploca$",684747,0
"Symploca\W|Symploca$",685683,0
"Symploca\W|Symploca$",685735,0
"Symploca\W|Symploca$",686282,0
"Symploca\W|Symploca$",689089,0
"Symploca\W|Symploca$",689672,0
"Symploca\W|Symploca$",689355,0
"Symploca\W|Symploca$",688675,0
"Symploca\W|Symploca$",686788,0
"Symploca\W|Symploca$",688193,0
"Symploca\W|Symploca$",687808,0
"Symploca\W|Symploca$",688013,0
"Symploca\W|Symploca$",683857,0
"Symploca\W|Symploca$",689899,0
"Symploca\W|Symploca$",689612,0
"Symploca\W|Symploca$",689957,0
"Symploca\W|Symploca$",688628,0
"Symploca\W|Symploca$",684553,0
"Symploca\W|Symploca$",685318,0
"Symploca\W|Symploca$",687799,0
"Symploca\W|Symploca$",791581,0
"Symploca\W|Symploca$",758658,0
"Symploca\W|Symploca$",684410,0
"Symploca\W|Symploca$",731010,0
"Symploca\W|Symploca$",688103,0
"Symploca\W|Symploca$",686149,0
"Symploca\W|Symploca$",802017,0
"Symploca\W|Symploca$",835853,0
"Symploca\W|Symploca$",837180,0
"Symploca\W|Symploca$",685623,0
"Symploca\W|Symploca$",877320,0
"Symploca\W|Symploca$",860526,0
"Symploca\W|Symploca$",870954,0
"Symploca\W|Symploca$",860627,0
"Symploca\W|Symploca$",885459,0
"Symploca\W|Symploca$",899759,0
"Symploca\W|Symploca$",899498,0
"Symploca\W|Symploca$",899513,0
"Symploca\W|Symploca$",899532,0
"Symploca\W|Symploca$",899540,0
"Symploca\W|Symploca$",933578,0
"Symploca\W|Symploca$",948499,0
"Symploca\W|Symploca$",1159161,0
"Symploca\W|Symploca$",1131907,0
"Symploca\W|Symploca$",1093978,0
"Symploca\W|Symploca$",1159177,0
"Dermatocarpon dolomiticum\W|Dermatocarpon dolomiticum$",946476,0
"Atla\W|Atla$",684307,0
"Atla\W|Atla$",860460,0
"Atla\W|Atla$",860385,0
"Atla\W|Atla$",686928,0
"Atla\W|Atla$",685335,0
"Atla\W|Atla$",685814,0
"Atla\W|Atla$",860279,0
"Atla\W|Atla$",687855,0
"Atla\W|Atla$",689017,0
"Atla\W|Atla$",689957,0
"Atla\W|Atla$",860325,0
"Atla\W|Atla$",688211,0
"Atla\W|Atla$",791580,0
"Atla\W|Atla$",688030,0
"Atla\W|Atla$",688166,0
"Atla\W|Atla$",736389,0
"Atla\W|Atla$",816015,0
"Atla\W|Atla$",754608,0
"Atla\W|Atla$",836994,0
"Atla\W|Atla$",872650,0
"Atla\W|Atla$",877393,0
"Atla\W|Atla$",877394,0
"Atla\W|Atla$",887169,0
"Atla\W|Atla$",860693,0
"Atla\W|Atla$",860714,0
"Atla\W|Atla$",899235,0
"Atla\W|Atla$",899735,0
"Atla\W|Atla$",898958,0
"Atla\W|Atla$",899027,0
"Atla\W|Atla$",899524,0
"Atla\W|Atla$",899125,0
"Atla\W|Atla$",907535,0
"Atla\W|Atla$",926708,0
"Atla\W|Atla$",933574,0
"Atla\W|Atla$",1179665,0
"Atla\W|Atla$",1085027,0
"Atla\W|Atla$",1146914,0
"Atla\W|Atla$",1159097,0
"Atla\W|Atla$",1302636,0
"Atla\W|Atla$",1151265,0
"Flakea papillata\W|Flakea papillata$",686958,0
"Nodularia\W|Nodularia$",686149,0
"Nodularia\W|Nodularia$",1159177,0
"Nodularia harveyana\W|Nodularia harveyana$",686149,0
"Nodularia harveyana\W|Nodularia harveyana$",1159177,0
"Hydropunctaria\W|Hydropunctaria$",860669,0
"Thyrea\W|Thyrea$",946476,0
"Candelaria\W|Candelaria$",849164,0
"Candelaria\W|Candelaria$",900073,0
"Vaucheria\W|Vaucheria$",860327,0
"Vaucheria\W|Vaucheria$",849080,0
"Vaucheria\W|Vaucheria$",860669,0
"Vaucheria longicaulis\W|Vaucheria longicaulis$",849080,0
"Vaucheria longicaulis\W|Vaucheria longicaulis$",860669,0
"Polytrichum lyallii\W|Polytrichum lyallii$",899884,0
"Metzgeria temperata\W|Metzgeria temperata$",687447,0
"Racomitrium sudeticum\W|Racomitrium sudeticum$",900073,0
"Racomitrium ericoides\W|Racomitrium ericoides$",899665,0
"Racomitrium ericoides\W|Racomitrium ericoides$",899839,0
"Mnium punctatum\W|Mnium punctatum$",685735,0
"Mnium punctatum\W|Mnium punctatum$",683188,0
"Sphagnum nemoreum\W|Sphagnum nemoreum$",683077,0
"Sphagnum nemoreum\W|Sphagnum nemoreum$",683296,0
"Sphagnum nemoreum\W|Sphagnum nemoreum$",686048,0
"Sphagnum nemoreum\W|Sphagnum nemoreum$",686898,0
"Sphagnum nemoreum\W|Sphagnum nemoreum$",907535,0
"Racomitrium canescens\W|Racomitrium canescens$",683562,0
"Racomitrium canescens\W|Racomitrium canescens$",860408,0
"Racomitrium canescens\W|Racomitrium canescens$",685627,0
"Racomitrium canescens\W|Racomitrium canescens$",686676,0
"Racomitrium canescens\W|Racomitrium canescens$",860492,0
"Racomitrium canescens\W|Racomitrium canescens$",860511,0
"Racomitrium canescens\W|Racomitrium canescens$",899791,0
"Racomitrium canescens\W|Racomitrium canescens$",899839,0
"Racomitrium canescens\W|Racomitrium canescens$",1222795,0
"Racomitrium canescens\W|Racomitrium canescens$",1222803,0
"Racomitrium canescens\W|Racomitrium canescens$",1222805,0
"Racomitrium canescens\W|Racomitrium canescens$",1222787,0
"Racomitrium canescens\W|Racomitrium canescens$",1222841,0
"Polytrichadelphus lyallii\W|Polytrichadelphus lyallii$",899884,0
"Georgia\W|Georgia$",684808,0
"Georgia\W|Georgia$",683910,0
"Georgia\W|Georgia$",683449,0
"Georgia\W|Georgia$",683553,0
"Georgia\W|Georgia$",860408,0
"Georgia\W|Georgia$",683670,0
"Georgia\W|Georgia$",683672,0
"Georgia\W|Georgia$",684620,0
"Georgia\W|Georgia$",684270,0
"Georgia\W|Georgia$",686997,0
"Georgia\W|Georgia$",687063,0
"Georgia\W|Georgia$",684749,0
"Georgia\W|Georgia$",686150,0
"Georgia\W|Georgia$",687074,0
"Georgia\W|Georgia$",685395,0
"Georgia\W|Georgia$",686662,0
"Georgia\W|Georgia$",686694,0
"Georgia\W|Georgia$",685887,0
"Georgia\W|Georgia$",688462,0
"Georgia\W|Georgia$",687186,0
"Georgia\W|Georgia$",688599,0
"Georgia\W|Georgia$",687694,0
"Georgia\W|Georgia$",688722,0
"Georgia\W|Georgia$",687396,0
"Georgia\W|Georgia$",687533,0
"Georgia\W|Georgia$",689854,0
"Georgia\W|Georgia$",689862,0
"Georgia\W|Georgia$",689017,0
"Georgia\W|Georgia$",689027,0
"Georgia\W|Georgia$",689504,0
"Georgia\W|Georgia$",689521,0
"Georgia\W|Georgia$",689582,0
"Georgia\W|Georgia$",684185,0
"Georgia\W|Georgia$",684209,0
"Georgia\W|Georgia$",683656,0
"Georgia\W|Georgia$",686859,0
"Georgia\W|Georgia$",683407,0
"Georgia\W|Georgia$",688234,0
"Georgia\W|Georgia$",683486,0
"Georgia\W|Georgia$",686274,0
"Georgia\W|Georgia$",687896,0
"Georgia\W|Georgia$",687779,0
"Georgia\W|Georgia$",684964,0
"Georgia\W|Georgia$",783931,0
"Georgia\W|Georgia$",687420,0
"Georgia\W|Georgia$",689571,0
"Georgia\W|Georgia$",689602,0
"Georgia\W|Georgia$",689937,0
"Georgia\W|Georgia$",833197,0
"Georgia\W|Georgia$",849141,0
"Georgia\W|Georgia$",857602,0
"Georgia\W|Georgia$",849329,0
"Georgia\W|Georgia$",856866,0
"Georgia\W|Georgia$",688884,0
"Georgia\W|Georgia$",814348,0
"Georgia\W|Georgia$",835388,0
"Georgia\W|Georgia$",838405,0
"Georgia\W|Georgia$",860492,0
"Georgia\W|Georgia$",899742,0
"Georgia\W|Georgia$",899356,0
"Georgia\W|Georgia$",898955,0
"Georgia\W|Georgia$",898980,0
"Georgia\W|Georgia$",899517,0
"Georgia\W|Georgia$",905014,0
"Georgia\W|Georgia$",932237,0
"Georgia\W|Georgia$",935251,0
"Georgia\W|Georgia$",932947,0
"Georgia\W|Georgia$",1094174,0
"Georgia\W|Georgia$",1285408,0
"Georgia\W|Georgia$",1302485,0
"Hepatica\W|Hepatica$",683359,0
"Hepatica\W|Hepatica$",684412,0
"Hepatica\W|Hepatica$",684117,0
"Hepatica\W|Hepatica$",684493,0
"Hepatica\W|Hepatica$",683622,0
"Hepatica\W|Hepatica$",685489,0
"Hepatica\W|Hepatica$",687025,0
"Hepatica\W|Hepatica$",687168,0
"Hepatica\W|Hepatica$",687063,0
"Hepatica\W|Hepatica$",685400,0
"Hepatica\W|Hepatica$",685836,0
"Hepatica\W|Hepatica$",686267,0
"Hepatica\W|Hepatica$",688475,0
"Hepatica\W|Hepatica$",687751,0
"Hepatica\W|Hepatica$",686779,0
"Hepatica\W|Hepatica$",688765,0
"Hepatica\W|Hepatica$",687951,0
"Hepatica\W|Hepatica$",687966,0
"Hepatica\W|Hepatica$",687556,0
"Hepatica\W|Hepatica$",688029,0
"Hepatica\W|Hepatica$",689399,0
"Hepatica\W|Hepatica$",689862,0
"Hepatica\W|Hepatica$",689579,0
"Hepatica\W|Hepatica$",686789,0
"Hepatica\W|Hepatica$",686389,0
"Hepatica\W|Hepatica$",686189,0
"Hepatica\W|Hepatica$",686756,0
"Hepatica\W|Hepatica$",688748,0
"Hepatica\W|Hepatica$",687197,0
"Hepatica\W|Hepatica$",758564,0
"Hepatica\W|Hepatica$",686765,0
"Hepatica\W|Hepatica$",841935,0
"Hepatica\W|Hepatica$",833268,0
"Hepatica\W|Hepatica$",833283,0
"Hepatica\W|Hepatica$",833284,0
"Hepatica\W|Hepatica$",842023,0
"Hepatica\W|Hepatica$",797769,0
"Hepatica\W|Hepatica$",842025,0
"Hepatica\W|Hepatica$",877316,0
"Hepatica\W|Hepatica$",899384,0
"Hepatica\W|Hepatica$",899965,0
"Hepatica\W|Hepatica$",931837,0
"Hepatica\W|Hepatica$",931836,0
"Hepatica\W|Hepatica$",931839,0
"Hepatica\W|Hepatica$",933859,0
"Hepatica\W|Hepatica$",933878,0
"Polytrichum sexangulare\W|Polytrichum sexangulare$",899460,0
"Anomodon attenuatus\W|Anomodon attenuatus$",683622,0
"Anomodon attenuatus\W|Anomodon attenuatus$",685695,0
"Anomodon attenuatus\W|Anomodon attenuatus$",688921,0
"Anomodon attenuatus\W|Anomodon attenuatus$",683695,0
"Anomodon attenuatus\W|Anomodon attenuatus$",878639,0
"Anomodon attenuatus\W|Anomodon attenuatus$",905014,0
"Anomodon attenuatus\W|Anomodon attenuatus$",1159199,0
"Cynodon\W|Cynodon$",685101,0
"Cynodon\W|Cynodon$",685892,0
"Cynodon\W|Cynodon$",689064,0
"Cynodon\W|Cynodon$",737527,0
"Cynodon\W|Cynodon$",688108,0
"Cynodon\W|Cynodon$",690073,0
"Cynodon\W|Cynodon$",686996,0
"Cynodon\W|Cynodon$",857716,0
"Cynodon\W|Cynodon$",794996,0
"Cynodon\W|Cynodon$",788657,0
"Cynodon\W|Cynodon$",860018,0
"Cynodon\W|Cynodon$",860729,0
"Cynodon\W|Cynodon$",860774,0
"Cynodon\W|Cynodon$",860776,0
"Cynodon\W|Cynodon$",860884,0
"Cynodon\W|Cynodon$",881398,0
"Cynodon\W|Cynodon$",899846,0
"Cynodon\W|Cynodon$",903278,0
"Cynodon\W|Cynodon$",903281,0
"Cynodon\W|Cynodon$",971989,0
"Cynodon\W|Cynodon$",972873,0
"Cynodon\W|Cynodon$",953927,0
"Cynodon\W|Cynodon$",860510,0
"Cynodon\W|Cynodon$",1281866,0
"Cynodon\W|Cynodon$",1284773,0
"Cynodon\W|Cynodon$",1302634,0
"Cynodon\W|Cynodon$",899445,0
"Cynodon\W|Cynodon$",1179990,0
"Bryum pseudotriquetrum\W|Bryum pseudotriquetrum$",685175,0
"Bryum pseudotriquetrum\W|Bryum pseudotriquetrum$",689052,0
"Bryum pseudotriquetrum\W|Bryum pseudotriquetrum$",687808,0
"Bryum pseudotriquetrum\W|Bryum pseudotriquetrum$",683904,0
"Bryum pseudotriquetrum\W|Bryum pseudotriquetrum$",741266,0
"Bryum pseudotriquetrum\W|Bryum pseudotriquetrum$",833221,0
"Bryum pseudotriquetrum\W|Bryum pseudotriquetrum$",899657,0
"Limprichtia revolvens\W|Limprichtia revolvens$",687808,0
"Limprichtia revolvens\W|Limprichtia revolvens$",689882,0
"Limprichtia revolvens\W|Limprichtia revolvens$",689508,0
"Limprichtia revolvens\W|Limprichtia revolvens$",1146920,0
"Limprichtia revolvens\W|Limprichtia revolvens$",741266,0
"Limprichtia revolvens\W|Limprichtia revolvens$",860745,0
"Limprichtia revolvens\W|Limprichtia revolvens$",893248,0
"Limprichtia revolvens\W|Limprichtia revolvens$",893245,0
"Limprichtia revolvens\W|Limprichtia revolvens$",948485,0
"Limprichtia revolvens\W|Limprichtia revolvens$",1361912,0
"Lemna\W|Lemna$",683873,0
"Lemna\W|Lemna$",684937,0
"Lemna\W|Lemna$",685115,0
"Lemna\W|Lemna$",683368,0
"Lemna\W|Lemna$",683538,0
"Lemna\W|Lemna$",683733,0
"Lemna\W|Lemna$",685039,0
"Lemna\W|Lemna$",686994,0
"Lemna\W|Lemna$",685511,0
"Lemna\W|Lemna$",685598,0
"Lemna\W|Lemna$",686469,0
"Lemna\W|Lemna$",685634,0
"Lemna\W|Lemna$",686547,0
"Lemna\W|Lemna$",685892,0
"Lemna\W|Lemna$",689061,0
"Lemna\W|Lemna$",689103,0
"Lemna\W|Lemna$",689289,0
"Lemna\W|Lemna$",686760,0
"Lemna\W|Lemna$",686869,0
"Lemna\W|Lemna$",687424,0
"Lemna\W|Lemna$",688098,0
"Lemna\W|Lemna$",683292,0
"Lemna\W|Lemna$",684132,0
"Lemna\W|Lemna$",687407,0
"Lemna\W|Lemna$",860357,0
"Lemna\W|Lemna$",685066,0
"Lemna\W|Lemna$",685205,0
"Lemna\W|Lemna$",688678,0
"Lemna\W|Lemna$",683631,0
"Lemna\W|Lemna$",688132,0
"Lemna\W|Lemna$",683252,0
"Lemna\W|Lemna$",686226,0
"Lemna\W|Lemna$",686652,0
"Lemna\W|Lemna$",688297,0
"Lemna\W|Lemna$",684205,0
"Lemna\W|Lemna$",798674,0
"Lemna\W|Lemna$",799473,0
"Lemna\W|Lemna$",839396,0
"Lemna\W|Lemna$",837180,0
"Lemna\W|Lemna$",685615,0
"Lemna\W|Lemna$",838755,0
"Lemna\W|Lemna$",871088,0
"Lemna\W|Lemna$",861653,0
"Lemna\W|Lemna$",860576,0
"Lemna\W|Lemna$",860604,0
"Lemna\W|Lemna$",871240,0
"Lemna\W|Lemna$",881483,0
"Lemna\W|Lemna$",899167,0
"Lemna\W|Lemna$",899170,0
"Lemna\W|Lemna$",899182,0
"Lemna\W|Lemna$",899716,0
"Lemna\W|Lemna$",899722,0
"Lemna\W|Lemna$",894161,0
"Lemna\W|Lemna$",907665,0
"Lemna\W|Lemna$",899942,0
"Lemna\W|Lemna$",899946,0
"Lemna\W|Lemna$",899947,0
"Lemna\W|Lemna$",899973,0
"Lemna\W|Lemna$",899974,0
"Lemna\W|Lemna$",899977,0
"Lemna\W|Lemna$",899596,0
"Lemna\W|Lemna$",899607,0
"Lemna\W|Lemna$",900116,0
"Lemna\W|Lemna$",900117,0
"Lemna\W|Lemna$",894270,0
"Lemna\W|Lemna$",894143,0
"Lemna\W|Lemna$",907659,0
"Lemna\W|Lemna$",894262,0
"Lemna\W|Lemna$",928265,0
"Lemna\W|Lemna$",950094,0
"Lemna\W|Lemna$",934901,0
"Lemna\W|Lemna$",1094208,0
"Lemna\W|Lemna$",1094185,0
"Lemna\W|Lemna$",1159181,0
"Lemna\W|Lemna$",1159179,0
"Lemna\W|Lemna$",1283084,0
"Lemna\W|Lemna$",833240,0
"Willia\W|Willia$",683381,0
"Willia\W|Willia$",689322,0
"Willia\W|Willia$",684765,0
"Willia\W|Willia$",721939,0
"Willia\W|Willia$",857338,0
"Willia\W|Willia$",881429,0
"Willia\W|Willia$",881435,0
"Willia\W|Willia$",899354,0
"Plagiomnium carolinianum\W|Plagiomnium carolinianum$",686958,0
"Drepanocladus revolvens\W|Drepanocladus revolvens$",687808,0
"Drepanocladus revolvens\W|Drepanocladus revolvens$",689882,0
"Drepanocladus revolvens\W|Drepanocladus revolvens$",689508,0
"Drepanocladus revolvens\W|Drepanocladus revolvens$",1146920,0
"Drepanocladus revolvens\W|Drepanocladus revolvens$",948485,0
"Drepanocladus revolvens\W|Drepanocladus revolvens$",1361912,0
"Steerecleus serrulatus\W|Steerecleus serrulatus$",685735,0
"Steerecleus serrulatus\W|Steerecleus serrulatus$",689899,0
"Fissidens cristatus\W|Fissidens cristatus$",687924,0
"Brachythecium plumosum\W|Brachythecium plumosum$",683622,0
"Eurhynchium praelongum\W|Eurhynchium praelongum$",688613,0
"Eurhynchium praelongum\W|Eurhynchium praelongum$",787986,0
"Eurhynchium praelongum\W|Eurhynchium praelongum$",787976,0
"Eurhynchium praelongum\W|Eurhynchium praelongum$",787992,0
"Cladopodiella fluitans\W|Cladopodiella fluitans$",689070,0
"Drepanocladus uncinatus\W|Drepanocladus uncinatus$",687179,0
"Gymnanthe\W|Gymnanthe$",690071,0
"Gymnanthe\W|Gymnanthe$",860335,0
"Gymnanthe\W|Gymnanthe$",838402,0
"Gymnanthe\W|Gymnanthe$",860785,0
"Gymnanthe\W|Gymnanthe$",860885,0
"Gymnanthe\W|Gymnanthe$",889962,0
"Gymnanthe\W|Gymnanthe$",889966,0
"Aulocomnium palustre\W|Aulocomnium palustre$",1299044,0
"Grimmia haleakalae\W|Grimmia haleakalae$",860792,0
"Platyhypnidium riparioides\W|Platyhypnidium riparioides$",688921,0
"Amblystegium riparium\W|Amblystegium riparium$",683879,0
"Amblystegium riparium\W|Amblystegium riparium$",683188,0
"Plagiochila corniculata\W|Plagiochila corniculata$",687447,0
"Hypnum revolutum\W|Hypnum revolutum$",685163,0
"Hypnum revolutum\W|Hypnum revolutum$",684569,0
"Hypnum revolutum\W|Hypnum revolutum$",849164,0
"Hypnum revolutum\W|Hypnum revolutum$",899701,0
"Hypnum revolutum\W|Hypnum revolutum$",900072,0
"Hypnum revolutum\W|Hypnum revolutum$",900073,0
"Hypnum lindbergii\W|Hypnum lindbergii$",742073,0
"Thamnobryum alleghaniense\W|Thamnobryum alleghaniense$",686958,0
"Plagiochila sharpii\W|Plagiochila sharpii$",686958,0
"Dicranum montanum\W|Dicranum montanum$",688095,0
"Dicranum montanum\W|Dicranum montanum$",688522,0
"Dicranum montanum\W|Dicranum montanum$",690022,0
"Leersia\W|Leersia$",683873,0
"Leersia\W|Leersia$",684159,0
"Leersia\W|Leersia$",684165,0
"Leersia\W|Leersia$",684937,0
"Leersia\W|Leersia$",684956,0
"Leersia\W|Leersia$",683368,0
"Leersia\W|Leersia$",683896,0
"Leersia\W|Leersia$",683445,0
"Leersia\W|Leersia$",683450,0
"Leersia\W|Leersia$",683595,0
"Leersia\W|Leersia$",683099,0
"Leersia\W|Leersia$",683125,0
"Leersia\W|Leersia$",683672,0
"Leersia\W|Leersia$",683165,0
"Leersia\W|Leersia$",683192,0
"Leersia\W|Leersia$",683741,0
"Leersia\W|Leersia$",683779,0
"Leersia\W|Leersia$",683518,0
"Leersia\W|Leersia$",684226,0
"Leersia\W|Leersia$",685112,0
"Leersia\W|Leersia$",686969,0
"Leersia\W|Leersia$",686994,0
"Leersia\W|Leersia$",687042,0
"Leersia\W|Leersia$",687582,0
"Leersia\W|Leersia$",687603,0
"Leersia\W|Leersia$",687621,0
"Leersia\W|Leersia$",685525,0
"Leersia\W|Leersia$",686418,0
"Leersia\W|Leersia$",685634,0
"Leersia\W|Leersia$",686087,0
"Leersia\W|Leersia$",684630,0
"Leersia\W|Leersia$",686699,0
"Leersia\W|Leersia$",684685,0
"Leersia\W|Leersia$",686717,0
"Leersia\W|Leersia$",687255,0
"Leersia\W|Leersia$",684747,0
"Leersia\W|Leersia$",685208,0
"Leersia\W|Leersia$",686134,0
"Leersia\W|Leersia$",685256,0
"Leersia\W|Leersia$",685367,0
"Leersia\W|Leersia$",685713,0
"Leersia\W|Leersia$",685830,0
"Leersia\W|Leersia$",685852,0
"Leersia\W|Leersia$",685739,0
"Leersia\W|Leersia$",686687,0
"Leersia\W|Leersia$",685410,0
"Leersia\W|Leersia$",685450,0
"Leersia\W|Leersia$",686282,0
"Leersia\W|Leersia$",685675,0
"Leersia\W|Leersia$",685677,0
"Leersia\W|Leersia$",688618,0
"Leersia\W|Leersia$",689654,0
"Leersia\W|Leersia$",689691,0
"Leersia\W|Leersia$",689364,0
"Leersia\W|Leersia$",687659,0
"Leersia\W|Leersia$",687668,0
"Leersia\W|Leersia$",687749,0
"Leersia\W|Leersia$",688163,0
"Leersia\W|Leersia$",687774,0
"Leersia\W|Leersia$",688193,0
"Leersia\W|Leersia$",688892,0
"Leersia\W|Leersia$",686823,0
"Leersia\W|Leersia$",686827,0
"Leersia\W|Leersia$",686839,0
"Leersia\W|Leersia$",687295,0
"Leersia\W|Leersia$",688254,0
"Leersia\W|Leersia$",688722,0
"Leersia\W|Leersia$",687424,0
"Leersia\W|Leersia$",687430,0
"Leersia\W|Leersia$",687379,0
"Leersia\W|Leersia$",687396,0
"Leersia\W|Leersia$",687843,0
"Leersia\W|Leersia$",687855,0
"Leersia\W|Leersia$",688809,0
"Leersia\W|Leersia$",688013,0
"Leersia\W|Leersia$",687899,0
"Leersia\W|Leersia$",688051,0
"Leersia\W|Leersia$",687926,0
"Leersia\W|Leersia$",688520,0
"Leersia\W|Leersia$",689850,0
"Leersia\W|Leersia$",689854,0
"Leersia\W|Leersia$",688592,0
"Leersia\W|Leersia$",685866,0
"Leersia\W|Leersia$",689899,0
"Leersia\W|Leersia$",689909,0
"Leersia\W|Leersia$",689910,0
"Leersia\W|Leersia$",688972,0
"Leersia\W|Leersia$",688995,0
"Leersia\W|Leersia$",689615,0
"Leersia\W|Leersia$",689572,0
"Leersia\W|Leersia$",690011,0
"Leersia\W|Leersia$",684217,0
"Leersia\W|Leersia$",687997,0
"Leersia\W|Leersia$",688813,0
"Leersia\W|Leersia$",683508,0
"Leersia\W|Leersia$",686863,0
"Leersia\W|Leersia$",685452,0
"Leersia\W|Leersia$",689198,0
"Leersia\W|Leersia$",685540,0
"Leersia\W|Leersia$",685055,0
"Leersia\W|Leersia$",685099,0
"Leersia\W|Leersia$",688234,0
"Leersia\W|Leersia$",684535,0
"Leersia\W|Leersia$",720736,0
"Leersia\W|Leersia$",685787,0
"Leersia\W|Leersia$",721909,0
"Leersia\W|Leersia$",721925,0
"Leersia\W|Leersia$",688323,0
"Leersia\W|Leersia$",685339,0
"Leersia\W|Leersia$",684908,0
"Leersia\W|Leersia$",683631,0
"Leersia\W|Leersia$",684689,0
"Leersia\W|Leersia$",688434,0
"Leersia\W|Leersia$",687887,0
"Leersia\W|Leersia$",687957,0
"Leersia\W|Leersia$",687304,0
"Leersia\W|Leersia$",791581,0
"Leersia\W|Leersia$",689336,0
"Leersia\W|Leersia$",742150,0
"Leersia\W|Leersia$",791579,0
"Leersia\W|Leersia$",787711,0
"Leersia\W|Leersia$",687224,0
"Leersia\W|Leersia$",689238,0
"Leersia\W|Leersia$",768704,0
"Leersia\W|Leersia$",732427,0
"Leersia\W|Leersia$",758652,0
"Leersia\W|Leersia$",758658,0
"Leersia\W|Leersia$",684378,0
"Leersia\W|Leersia$",687420,0
"Leersia\W|Leersia$",732843,0
"Leersia\W|Leersia$",687351,0
"Leersia\W|Leersia$",687359,0
"Leersia\W|Leersia$",689421,0
"Leersia\W|Leersia$",731101,0
"Leersia\W|Leersia$",683252,0
"Leersia\W|Leersia$",683253,0
"Leersia\W|Leersia$",687496,0
"Leersia\W|Leersia$",689750,0
"Leersia\W|Leersia$",686636,0
"Leersia\W|Leersia$",737471,0
"Leersia\W|Leersia$",689632,0
"Leersia\W|Leersia$",684205,0
"Leersia\W|Leersia$",787677,0
"Leersia\W|Leersia$",833241,0
"Leersia\W|Leersia$",857627,0
"Leersia\W|Leersia$",802017,0
"Leersia\W|Leersia$",839396,0
"Leersia\W|Leersia$",836282,0
"Leersia\W|Leersia$",857091,0
"Leersia\W|Leersia$",688863,0
"Leersia\W|Leersia$",837149,0
"Leersia\W|Leersia$",837180,0
"Leersia\W|Leersia$",788077,0
"Leersia\W|Leersia$",689168,0
"Leersia\W|Leersia$",802182,0
"Leersia\W|Leersia$",802090,0
"Leersia\W|Leersia$",794875,0
"Leersia\W|Leersia$",822041,0
"Leersia\W|Leersia$",795053,0
"Leersia\W|Leersia$",791626,0
"Leersia\W|Leersia$",795520,0
"Leersia\W|Leersia$",689019,0
"Leersia\W|Leersia$",795059,0
"Leersia\W|Leersia$",838755,0
"Leersia\W|Leersia$",836994,0
"Leersia\W|Leersia$",793415,0
"Leersia\W|Leersia$",793421,0
"Leersia\W|Leersia$",758635,0
"Leersia\W|Leersia$",871088,0
"Leersia\W|Leersia$",877317,0
"Leersia\W|Leersia$",877319,0
"Leersia\W|Leersia$",887296,0
"Leersia\W|Leersia$",860473,0
"Leersia\W|Leersia$",861653,0
"Leersia\W|Leersia$",860521,0
"Leersia\W|Leersia$",860588,0
"Leersia\W|Leersia$",860627,0
"Leersia\W|Leersia$",861435,0
"Leersia\W|Leersia$",860693,0
"Leersia\W|Leersia$",858815,0
"Leersia\W|Leersia$",877688,0
"Leersia\W|Leersia$",866624,0
"Leersia\W|Leersia$",861500,0
"Leersia\W|Leersia$",885459,0
"Leersia\W|Leersia$",881483,0
"Leersia\W|Leersia$",866803,0
"Leersia\W|Leersia$",899182,0
"Leersia\W|Leersia$",899650,0
"Leersia\W|Leersia$",899685,0
"Leersia\W|Leersia$",899707,0
"Leersia\W|Leersia$",899722,0
"Leersia\W|Leersia$",899749,0
"Leersia\W|Leersia$",899750,0
"Leersia\W|Leersia$",899753,0
"Leersia\W|Leersia$",899759,0
"Leersia\W|Leersia$",899765,0
"Leersia\W|Leersia$",899315,0
"Leersia\W|Leersia$",899902,0
"Leersia\W|Leersia$",902958,0
"Leersia\W|Leersia$",898981,0
"Leersia\W|Leersia$",899973,0
"Leersia\W|Leersia$",899979,0
"Leersia\W|Leersia$",899513,0
"Leersia\W|Leersia$",899517,0
"Leersia\W|Leersia$",899532,0
"Leersia\W|Leersia$",899535,0
"Leersia\W|Leersia$",899540,0
"Leersia\W|Leersia$",899552,0
"Leersia\W|Leersia$",899594,0
"Leersia\W|Leersia$",899596,0
"Leersia\W|Leersia$",934599,0
"Leersia\W|Leersia$",933578,0
"Leersia\W|Leersia$",926708,0
"Leersia\W|Leersia$",938463,0
"Leersia\W|Leersia$",946354,0
"Leersia\W|Leersia$",933574,0
"Leersia\W|Leersia$",1159191,0
"Leersia\W|Leersia$",1159193,0
"Leersia\W|Leersia$",1094208,0
"Leersia\W|Leersia$",1171249,0
"Leersia\W|Leersia$",689744,0
"Leersia\W|Leersia$",1159099,0
"Leersia\W|Leersia$",1171247,0
"Leersia\W|Leersia$",1159183,0
"Leersia\W|Leersia$",1093904,0
"Leersia\W|Leersia$",1094185,0
"Leersia\W|Leersia$",1225584,0
"Leersia\W|Leersia$",1159095,0
"Leersia\W|Leersia$",1159097,0
"Leersia\W|Leersia$",1279626,0
"Leersia\W|Leersia$",1284833,0
"Leersia\W|Leersia$",1279624,0
"Leersia\W|Leersia$",1352334,0
"Leersia\W|Leersia$",1093866,0
"Leersia\W|Leersia$",899761,0
"Leersia\W|Leersia$",934751,0
"Cladopodiella\W|Cladopodiella$",689070,0
"Oncophorus raui\W|Oncophorus raui$",686958,0
"Dicranum flagellare\W|Dicranum flagellare$",683077,0
"Dicranum flagellare\W|Dicranum flagellare$",688375,0
"Dicranum flagellare\W|Dicranum flagellare$",688522,0
"Dicranum flagellare\W|Dicranum flagellare$",690022,0
"Sphagnum miyabeanum\W|Sphagnum miyabeanum$",1299043,0
"Decodon\W|Decodon$",683363,0
"Decodon\W|Decodon$",683879,0
"Decodon\W|Decodon$",684554,0
"Decodon\W|Decodon$",685525,0
"Decodon\W|Decodon$",686699,0
"Decodon\W|Decodon$",684668,0
"Decodon\W|Decodon$",685207,0
"Decodon\W|Decodon$",685928,0
"Decodon\W|Decodon$",688618,0
"Decodon\W|Decodon$",689189,0
"Decodon\W|Decodon$",686803,0
"Decodon\W|Decodon$",687295,0
"Decodon\W|Decodon$",686869,0
"Decodon\W|Decodon$",687415,0
"Decodon\W|Decodon$",688003,0
"Decodon\W|Decodon$",684398,0
"Decodon\W|Decodon$",688511,0
"Decodon\W|Decodon$",689144,0
"Decodon\W|Decodon$",688986,0
"Decodon\W|Decodon$",688436,0
"Decodon\W|Decodon$",685066,0
"Decodon\W|Decodon$",721909,0
"Decodon\W|Decodon$",684722,0
"Decodon\W|Decodon$",731157,0
"Decodon\W|Decodon$",687504,0
"Decodon\W|Decodon$",686636,0
"Decodon\W|Decodon$",836282,0
"Decodon\W|Decodon$",821452,0
"Decodon\W|Decodon$",790558,0
"Decodon\W|Decodon$",838755,0
"Decodon\W|Decodon$",689146,0
"Decodon\W|Decodon$",858384,0
"Decodon\W|Decodon$",877402,0
"Decodon\W|Decodon$",861500,0
"Decodon\W|Decodon$",899722,0
"Decodon\W|Decodon$",902958,0
"Decodon\W|Decodon$",907668,0
"Decodon\W|Decodon$",917083,0
"Decodon\W|Decodon$",899046,0
"Decodon\W|Decodon$",899059,0
"Decodon\W|Decodon$",899521,0
"Decodon\W|Decodon$",899596,0
"Decodon\W|Decodon$",917080,0
"Decodon\W|Decodon$",1171249,0
"Decodon\W|Decodon$",1159139,0
"Decodon\W|Decodon$",1094163,0
"Decodon\W|Decodon$",1094174,0
"Decodon\W|Decodon$",1279626,0
"Decodon\W|Decodon$",833240,0
"Jamesoniella autumnalis\W|Jamesoniella autumnalis$",688522,0
"Atractylocarpus costaricensis\W|Atractylocarpus costaricensis$",685182,0
"Atractylocarpus costaricensis\W|Atractylocarpus costaricensis$",899513,0
"Mnium cuspidatum\W|Mnium cuspidatum$",688675,0
"Limprichtia\W|Limprichtia$",687808,0
"Limprichtia\W|Limprichtia$",689882,0
"Limprichtia\W|Limprichtia$",689508,0
"Limprichtia\W|Limprichtia$",1146920,0
"Limprichtia\W|Limprichtia$",741266,0
"Limprichtia\W|Limprichtia$",860745,0
"Limprichtia\W|Limprichtia$",893248,0
"Limprichtia\W|Limprichtia$",893245,0
"Limprichtia\W|Limprichtia$",948485,0
"Limprichtia\W|Limprichtia$",1361912,0
"Diphyscium cumberlandianum\W|Diphyscium cumberlandianum$",688038,0
"Platyhypnidium\W|Platyhypnidium$",688921,0
"? usneoides\W|? usneoides$",683896,0
"? usneoides\W|? usneoides$",684375,0
"? usneoides\W|? usneoides$",683672,0
"? usneoides\W|? usneoides$",683678,0
"? usneoides\W|? usneoides$",684491,0
"? usneoides\W|? usneoides$",685093,0
"? usneoides\W|? usneoides$",683821,0
"? usneoides\W|? usneoides$",686284,0
"? usneoides\W|? usneoides$",686285,0
"? usneoides\W|? usneoides$",686314,0
"? usneoides\W|? usneoides$",686057,0
"? usneoides\W|? usneoides$",685300,0
"? usneoides\W|? usneoides$",685713,0
"? usneoides\W|? usneoides$",685874,0
"? usneoides\W|? usneoides$",689279,0
"? usneoides\W|? usneoides$",687182,0
"? usneoides\W|? usneoides$",687753,0
"? usneoides\W|? usneoides$",687507,0
"? usneoides\W|? usneoides$",687515,0
"? usneoides\W|? usneoides$",687981,0
"? usneoides\W|? usneoides$",687982,0
"? usneoides\W|? usneoides$",688350,0
"? usneoides\W|? usneoides$",688053,0
"? usneoides\W|? usneoides$",683918,0
"? usneoides\W|? usneoides$",687708,0
"? usneoides\W|? usneoides$",688985,0
"? usneoides\W|? usneoides$",689630,0
"? usneoides\W|? usneoides$",684181,0
"? usneoides\W|? usneoides$",686346,0
"? usneoides\W|? usneoides$",683580,0
"? usneoides\W|? usneoides$",686425,0
"? usneoides\W|? usneoides$",689714,0
"? usneoides\W|? usneoides$",689008,0
"? usneoides\W|? usneoides$",720774,0
"? usneoides\W|? usneoides$",686345,0
"? usneoides\W|? usneoides$",689589,0
"? usneoides\W|? usneoides$",732636,0
"? usneoides\W|? usneoides$",731157,0
"? usneoides\W|? usneoides$",683252,0
"? usneoides\W|? usneoides$",687508,0
"? usneoides\W|? usneoides$",684147,0
"? usneoides\W|? usneoides$",833201,0
"? usneoides\W|? usneoides$",856866,0
"? usneoides\W|? usneoides$",856878,0
"? usneoides\W|? usneoides$",688884,0
"? usneoides\W|? usneoides$",817159,0
"? usneoides\W|? usneoides$",899689,0
"? usneoides\W|? usneoides$",899692,0
"? usneoides\W|? usneoides$",899894,0
"? usneoides\W|? usneoides$",898986,0
"? usneoides\W|? usneoides$",898987,0
"? usneoides\W|? usneoides$",932236,0
"? usneoides\W|? usneoides$",928265,0
"? usneoides\W|? usneoides$",1094174,0
"? usneoides\W|? usneoides$",1279640,0
"Hypnum curvifolium\W|Hypnum curvifolium$",689430,0
"Hypnum curvifolium\W|Hypnum curvifolium$",689885,0
"Hypnum curvifolium\W|Hypnum curvifolium$",688921,0
"Brachythecium reflexum\W|Brachythecium reflexum$",688095,0
"Brachythecium reflexum\W|Brachythecium reflexum$",688522,0
"Campylium radicale\W|Campylium radicale$",689899,0
"Calliergon trifarium\W|Calliergon trifarium$",683904,0
"Steerecleus\W|Steerecleus$",685735,0
"Steerecleus\W|Steerecleus$",689899,0
"Limnobium\W|Limnobium$",688098,0
"Limnobium\W|Limnobium$",683252,0
"Limnobium\W|Limnobium$",899046,0
"Limnobium\W|Limnobium$",1094208,0
"Limnobium\W|Limnobium$",1279626,0
"Jungermannia gracillima\W|Jungermannia gracillima$",689899,0
"Dicranum fulvum\W|Dicranum fulvum$",683191,0
"Dicranum fulvum\W|Dicranum fulvum$",683622,0
"Dicranum fulvum\W|Dicranum fulvum$",686512,0
"Dicranum fulvum\W|Dicranum fulvum$",690048,0
"Tortula ruralis\W|Tortula ruralis$",683562,0
"Tortula ruralis\W|Tortula ruralis$",683464,0
"Tortula ruralis\W|Tortula ruralis$",687152,0
"Tortula ruralis\W|Tortula ruralis$",688720,0
"Tortula ruralis\W|Tortula ruralis$",684798,0
"Tortula ruralis\W|Tortula ruralis$",688367,0
"Tortula ruralis\W|Tortula ruralis$",729675,0
"Tortula ruralis\W|Tortula ruralis$",833221,0
"Tortula ruralis\W|Tortula ruralis$",899307,0
"Tortula ruralis\W|Tortula ruralis$",899461,0
"Ctenium\W|Ctenium$",684152,0
"Ctenium\W|Ctenium$",684188,0
"Ctenium\W|Ctenium$",684751,0
"Ctenium\W|Ctenium$",684787,0
"Ctenium\W|Ctenium$",683067,0
"Ctenium\W|Ctenium$",683587,0
"Ctenium\W|Ctenium$",683119,0
"Ctenium\W|Ctenium$",684562,0
"Ctenium\W|Ctenium$",683763,0
"Ctenium\W|Ctenium$",684030,0
"Ctenium\W|Ctenium$",685879,0
"Ctenium\W|Ctenium$",688576,0
"Ctenium\W|Ctenium$",688443,0
"Ctenium\W|Ctenium$",689119,0
"Ctenium\W|Ctenium$",689337,0
"Ctenium\W|Ctenium$",688871,0
"Ctenium\W|Ctenium$",686767,0
"Ctenium\W|Ctenium$",687752,0
"Ctenium\W|Ctenium$",688240,0
"Ctenium\W|Ctenium$",688245,0
"Ctenium\W|Ctenium$",688772,0
"Ctenium\W|Ctenium$",688845,0
"Ctenium\W|Ctenium$",687545,0
"Ctenium\W|Ctenium$",687904,0
"Ctenium\W|Ctenium$",687780,0
"Ctenium\W|Ctenium$",688937,0
"Ctenium\W|Ctenium$",687302,0
"Ctenium\W|Ctenium$",685530,0
"Ctenium\W|Ctenium$",689788,0
"Ctenium\W|Ctenium$",688223,0
"Ctenium\W|Ctenium$",732730,0
"Ctenium\W|Ctenium$",732797,0
"Ctenium\W|Ctenium$",689900,0
"Ctenium\W|Ctenium$",837138,0
"Ctenium\W|Ctenium$",802094,0
"Ctenium\W|Ctenium$",838405,0
"Ctenium\W|Ctenium$",837011,0
"Ctenium\W|Ctenium$",860521,0
"Ctenium\W|Ctenium$",899285,0
"Ctenium\W|Ctenium$",899286,0
"Ctenium\W|Ctenium$",899429,0
"Ctenium\W|Ctenium$",899430,0
"Ctenium\W|Ctenium$",926624,0
"Ctenium\W|Ctenium$",933574,0
"Ctenium\W|Ctenium$",1159099,0
"Amblystegium juratzkanum\W|Amblystegium juratzkanum$",684015,0
"Leucolejeunea clypeata\W|Leucolejeunea clypeata$",684346,0
"Hypnum imponens\W|Hypnum imponens$",684832,0
"Hypnum imponens\W|Hypnum imponens$",684571,0
"Hypnum imponens\W|Hypnum imponens$",683191,0
"Hypnum imponens\W|Hypnum imponens$",683622,0
"Hypnum imponens\W|Hypnum imponens$",683517,0
"Hypnum imponens\W|Hypnum imponens$",686464,0
"Hypnum imponens\W|Hypnum imponens$",685368,0
"Hypnum imponens\W|Hypnum imponens$",685788,0
"Hypnum imponens\W|Hypnum imponens$",689733,0
"Hypnum imponens\W|Hypnum imponens$",688193,0
"Hypnum imponens\W|Hypnum imponens$",687398,0
"Hypnum imponens\W|Hypnum imponens$",686934,0
"Hypnum imponens\W|Hypnum imponens$",689899,0
"Hypnum imponens\W|Hypnum imponens$",690048,0
"Hypnum imponens\W|Hypnum imponens$",684217,0
"Hypnum imponens\W|Hypnum imponens$",688921,0
"Hypnum imponens\W|Hypnum imponens$",685028,0
"Hypnum imponens\W|Hypnum imponens$",688628,0
"Hypnum imponens\W|Hypnum imponens$",684553,0
"Hypnum imponens\W|Hypnum imponens$",688719,0
"Hypnum imponens\W|Hypnum imponens$",835732,0
"Hypnum imponens\W|Hypnum imponens$",800140,0
"Hypnum imponens\W|Hypnum imponens$",800149,0
"Hypnum imponens\W|Hypnum imponens$",899541,0
"Hypnum imponens\W|Hypnum imponens$",1159195,0
"Bryhnia graminicolor\W|Bryhnia graminicolor$",688921,0
"Pseudoleskea radicosa\W|Pseudoleskea radicosa$",899884,0
"Sphagnum viridum\W|Sphagnum viridum$",685525,0
"Eurhynchium oreganum\W|Eurhynchium oreganum$",686311,0
"Eurhynchium oreganum\W|Eurhynchium oreganum$",787986,0
"Eurhynchium oreganum\W|Eurhynchium oreganum$",791945,0
"Eurhynchium oreganum\W|Eurhynchium oreganum$",787981,0
"Eurhynchium oreganum\W|Eurhynchium oreganum$",787973,0
"Eurhynchium oreganum\W|Eurhynchium oreganum$",787600,0
"Eurhynchium oreganum\W|Eurhynchium oreganum$",787992,0
"Eurhynchium oreganum\W|Eurhynchium oreganum$",787997,0
"Eurhynchium oreganum\W|Eurhynchium oreganum$",899662,0
"Eurhynchium oreganum\W|Eurhynchium oreganum$",1222853,0
"Brachypodium\W|Brachypodium$",856658,0
"Brachypodium\W|Brachypodium$",899921,0
"Brachypodium\W|Brachypodium$",969555,0
"Anomodon rostratus\W|Anomodon rostratus$",683622,0
"Anomodon rostratus\W|Anomodon rostratus$",685592,0
"Anomodon rostratus\W|Anomodon rostratus$",878639,0
"Mnium affine\W|Mnium affine$",686958,0
"Bryhnia novae-angliae\W|Bryhnia novae-angliae$",685735,0
"Bryhnia novae-angliae\W|Bryhnia novae-angliae$",689899,0
"? albidum\W|? albidum$",684064,0
"? albidum\W|? albidum$",683856,0
"? albidum\W|? albidum$",684130,0
"? albidum\W|? albidum$",684143,0
"? albidum\W|? albidum$",684165,0
"? albidum\W|? albidum$",684166,0
"? albidum\W|? albidum$",684808,0
"? albidum\W|? albidum$",684859,0
"? albidum\W|? albidum$",685133,0
"? albidum\W|? albidum$",683319,0
"? albidum\W|? albidum$",683341,0
"? albidum\W|? albidum$",683906,0
"? albidum\W|? albidum$",684346,0
"? albidum\W|? albidum$",683530,0
"? albidum\W|? albidum$",683939,0
"? albidum\W|? albidum$",684349,0
"? albidum\W|? albidum$",684375,0
"? albidum\W|? albidum$",684406,0
"? albidum\W|? albidum$",684542,0
"? albidum\W|? albidum$",683683,0
"? albidum\W|? albidum$",684506,0
"? albidum\W|? albidum$",684514,0
"? albidum\W|? albidum$",683637,0
"? albidum\W|? albidum$",683781,0
"? albidum\W|? albidum$",685092,0
"? albidum\W|? albidum$",684261,0
"? albidum\W|? albidum$",685489,0
"? albidum\W|? albidum$",687020,0
"? albidum\W|? albidum$",687615,0
"? albidum\W|? albidum$",687633,0
"? albidum\W|? albidum$",687641,0
"? albidum\W|? albidum$",687145,0
"? albidum\W|? albidum$",687174,0
"? albidum\W|? albidum$",685538,0
"? albidum\W|? albidum$",685533,0
"? albidum\W|? albidum$",686431,0
"? albidum\W|? albidum$",686441,0
"? albidum\W|? albidum$",685603,0
"? albidum\W|? albidum$",686483,0
"? albidum\W|? albidum$",686117,0
"? albidum\W|? albidum$",685156,0
"? albidum\W|? albidum$",686708,0
"? albidum\W|? albidum$",684700,0
"? albidum\W|? albidum$",685179,0
"? albidum\W|? albidum$",685190,0
"? albidum\W|? albidum$",684730,0
"? albidum\W|? albidum$",684749,0
"? albidum\W|? albidum$",686143,0
"? albidum\W|? albidum$",687104,0
"? albidum\W|? albidum$",685335,0
"? albidum\W|? albidum$",685284,0
"? albidum\W|? albidum$",685445,0
"? albidum\W|? albidum$",688348,0
"? albidum\W|? albidum$",688475,0
"? albidum\W|? albidum$",688482,0
"? albidum\W|? albidum$",689425,0
"? albidum\W|? albidum$",689283,0
"? albidum\W|? albidum$",689304,0
"? albidum\W|? albidum$",687199,0
"? albidum\W|? albidum$",687210,0
"? albidum\W|? albidum$",687751,0
"? albidum\W|? albidum$",687755,0
"? albidum\W|? albidum$",686817,0
"? albidum\W|? albidum$",687321,0
"? albidum\W|? albidum$",688744,0
"? albidum\W|? albidum$",687817,0
"? albidum\W|? albidum$",688747,0
"? albidum\W|? albidum$",688765,0
"? albidum\W|? albidum$",688847,0
"? albidum\W|? albidum$",687526,0
"? albidum\W|? albidum$",687536,0
"? albidum\W|? albidum$",687537,0
"? albidum\W|? albidum$",688029,0
"? albidum\W|? albidum$",688120,0
"? albidum\W|? albidum$",689836,0
"? albidum\W|? albidum$",684324,0
"? albidum\W|? albidum$",688570,0
"? albidum\W|? albidum$",685894,0
"? albidum\W|? albidum$",685930,0
"? albidum\W|? albidum$",687746,0
"? albidum\W|? albidum$",689852,0
"? albidum\W|? albidum$",689899,0
"? albidum\W|? albidum$",688949,0
"? albidum\W|? albidum$",688965,0
"? albidum\W|? albidum$",683322,0
"? albidum\W|? albidum$",688995,0
"? albidum\W|? albidum$",689027,0
"? albidum\W|? albidum$",689504,0
"? albidum\W|? albidum$",689582,0
"? albidum\W|? albidum$",689588,0
"? albidum\W|? albidum$",690048,0
"? albidum\W|? albidum$",683149,0
"? albidum\W|? albidum$",1132354,0
"? albidum\W|? albidum$",689973,0
"? albidum\W|? albidum$",684185,0
"? albidum\W|? albidum$",684209,0
"? albidum\W|? albidum$",684319,0
"? albidum\W|? albidum$",689799,0
"? albidum\W|? albidum$",688827,0
"? albidum\W|? albidum$",687357,0
"? albidum\W|? albidum$",684621,0
"? albidum\W|? albidum$",688071,0
"? albidum\W|? albidum$",686859,0
"? albidum\W|? albidum$",686116,0
"? albidum\W|? albidum$",688187,0
"? albidum\W|? albidum$",720934,0
"? albidum\W|? albidum$",721865,0
"? albidum\W|? albidum$",688371,0
"? albidum\W|? albidum$",688719,0
"? albidum\W|? albidum$",685429,0
"? albidum\W|? albidum$",684643,0
"? albidum\W|? albidum$",687760,0
"? albidum\W|? albidum$",687837,0
"? albidum\W|? albidum$",687868,0
"? albidum\W|? albidum$",687246,0
"? albidum\W|? albidum$",787691,0
"? albidum\W|? albidum$",787695,0
"? albidum\W|? albidum$",796831,0
"? albidum\W|? albidum$",689444,0
"? albidum\W|? albidum$",689621,0
"? albidum\W|? albidum$",689294,0
"? albidum\W|? albidum$",687194,0
"? albidum\W|? albidum$",684348,0
"? albidum\W|? albidum$",688494,0
"? albidum\W|? albidum$",732726,0
"? albidum\W|? albidum$",683169,0
"? albidum\W|? albidum$",688089,0
"? albidum\W|? albidum$",687535,0
"? albidum\W|? albidum$",687624,0
"? albidum\W|? albidum$",768370,0
"? albidum\W|? albidum$",689838,0
"? albidum\W|? albidum$",728821,0
"? albidum\W|? albidum$",787680,0
"? albidum\W|? albidum$",833201,0
"? albidum\W|? albidum$",802079,0
"? albidum\W|? albidum$",835732,0
"? albidum\W|? albidum$",790988,0
"? albidum\W|? albidum$",807522,0
"? albidum\W|? albidum$",788077,0
"? albidum\W|? albidum$",689256,0
"? albidum\W|? albidum$",795062,0
"? albidum\W|? albidum$",791002,0
"? albidum\W|? albidum$",754608,0
"? albidum\W|? albidum$",803040,0
"? albidum\W|? albidum$",685244,0
"? albidum\W|? albidum$",685347,0
"? albidum\W|? albidum$",688944,0
"? albidum\W|? albidum$",795056,0
"? albidum\W|? albidum$",836338,0
"? albidum\W|? albidum$",741448,0
"? albidum\W|? albidum$",793418,0
"? albidum\W|? albidum$",877314,0
"? albidum\W|? albidum$",877316,0
"? albidum\W|? albidum$",870290,0
"? albidum\W|? albidum$",878731,0
"? albidum\W|? albidum$",879104,0
"? albidum\W|? albidum$",866829,0
"? albidum\W|? albidum$",899352,0
"? albidum\W|? albidum$",899353,0
"? albidum\W|? albidum$",899394,0
"? albidum\W|? albidum$",899396,0
"? albidum\W|? albidum$",899418,0
"? albidum\W|? albidum$",899435,0
"? albidum\W|? albidum$",898989,0
"? albidum\W|? albidum$",905858,0
"? albidum\W|? albidum$",932236,0
"? albidum\W|? albidum$",1151275,0
"? albidum\W|? albidum$",1089379,0
"? albidum\W|? albidum$",1279640,0
"? albidum\W|? albidum$",1285523,0
"? albidum\W|? albidum$",1151265,0
"Drepanocladus exannulatus\W|Drepanocladus exannulatus$",685274,0
"Rhytidiadelphus triquetrus\W|Rhytidiadelphus triquetrus$",684967,0
"Rhytidiadelphus triquetrus\W|Rhytidiadelphus triquetrus$",684253,0
"Rhytidiadelphus triquetrus\W|Rhytidiadelphus triquetrus$",686311,0
"Rhytidiadelphus triquetrus\W|Rhytidiadelphus triquetrus$",687144,0
"Rhytidiadelphus triquetrus\W|Rhytidiadelphus triquetrus$",686037,0
"Rhytidiadelphus triquetrus\W|Rhytidiadelphus triquetrus$",686709,0
"Rhytidiadelphus triquetrus\W|Rhytidiadelphus triquetrus$",687179,0
"Rhytidiadelphus triquetrus\W|Rhytidiadelphus triquetrus$",683296,0
"Rhytidiadelphus triquetrus\W|Rhytidiadelphus triquetrus$",683188,0
"Rhytidiadelphus triquetrus\W|Rhytidiadelphus triquetrus$",687178,0
"Rhytidiadelphus triquetrus\W|Rhytidiadelphus triquetrus$",684916,0
"Rhytidiadelphus triquetrus\W|Rhytidiadelphus triquetrus$",787981,0
"Rhytidiadelphus triquetrus\W|Rhytidiadelphus triquetrus$",872765,0
"Rhytidiadelphus triquetrus\W|Rhytidiadelphus triquetrus$",898964,0
"Rhytidiadelphus triquetrus\W|Rhytidiadelphus triquetrus$",1176983,0
"Rhytidiadelphus triquetrus\W|Rhytidiadelphus triquetrus$",1222853,0
"? glaucescens\W|? glaucescens$",684834,0
"? glaucescens\W|? glaucescens$",685026,0
"? glaucescens\W|? glaucescens$",683587,0
"? glaucescens\W|? glaucescens$",684401,0
"? glaucescens\W|? glaucescens$",683096,0
"? glaucescens\W|? glaucescens$",683125,0
"? glaucescens\W|? glaucescens$",683488,0
"? glaucescens\W|? glaucescens$",684269,0
"? glaucescens\W|? glaucescens$",686328,0
"? glaucescens\W|? glaucescens$",686939,0
"? glaucescens\W|? glaucescens$",687275,0
"? glaucescens\W|? glaucescens$",685828,0
"? glaucescens\W|? glaucescens$",689300,0
"? glaucescens\W|? glaucescens$",688288,0
"? glaucescens\W|? glaucescens$",688311,0
"? glaucescens\W|? glaucescens$",688856,0
"? glaucescens\W|? glaucescens$",688351,0
"? glaucescens\W|? glaucescens$",688051,0
"? glaucescens\W|? glaucescens$",689839,0
"? glaucescens\W|? glaucescens$",689909,0
"? glaucescens\W|? glaucescens$",683247,0
"? glaucescens\W|? glaucescens$",689490,0
"? glaucescens\W|? glaucescens$",690066,0
"? glaucescens\W|? glaucescens$",686012,0
"? glaucescens\W|? glaucescens$",688813,0
"? glaucescens\W|? glaucescens$",683596,0
"? glaucescens\W|? glaucescens$",686476,0
"? glaucescens\W|? glaucescens$",683407,0
"? glaucescens\W|? glaucescens$",687896,0
"? glaucescens\W|? glaucescens$",689621,0
"? glaucescens\W|? glaucescens$",796838,0
"? glaucescens\W|? glaucescens$",783931,0
"? glaucescens\W|? glaucescens$",732730,0
"? glaucescens\W|? glaucescens$",683252,0
"? glaucescens\W|? glaucescens$",683253,0
"? glaucescens\W|? glaucescens$",836994,0
"? glaucescens\W|? glaucescens$",1256086,0
"? glaucescens\W|? glaucescens$",899694,0
"? glaucescens\W|? glaucescens$",898988,0
"? glaucescens\W|? glaucescens$",899517,0
"? glaucescens\W|? glaucescens$",899125,0
"? glaucescens\W|? glaucescens$",946354,0
"? glaucescens\W|? glaucescens$",932243,0
"? fascicularis\W|? fascicularis$",684907,0
"? fascicularis\W|? fascicularis$",684027,0
"? fascicularis\W|? fascicularis$",683567,0
"? fascicularis\W|? fascicularis$",686421,0
"? fascicularis\W|? fascicularis$",686431,0
"? fascicularis\W|? fascicularis$",686473,0
"? fascicularis\W|? fascicularis$",685257,0
"? fascicularis\W|? fascicularis$",687654,0
"? fascicularis\W|? fascicularis$",688635,0
"? fascicularis\W|? fascicularis$",688554,0
"? fascicularis\W|? fascicularis$",688468,0
"? fascicularis\W|? fascicularis$",689447,0
"? fascicularis\W|? fascicularis$",687703,0
"? fascicularis\W|? fascicularis$",687769,0
"? fascicularis\W|? fascicularis$",688893,0
"? fascicularis\W|? fascicularis$",686865,0
"? fascicularis\W|? fascicularis$",687434,0
"? fascicularis\W|? fascicularis$",688819,0
"? fascicularis\W|? fascicularis$",688128,0
"? fascicularis\W|? fascicularis$",685167,0
"? fascicularis\W|? fascicularis$",687312,0
"? fascicularis\W|? fascicularis$",732831,0
"? fascicularis\W|? fascicularis$",687087,0
"? fascicularis\W|? fascicularis$",687167,0
"? fascicularis\W|? fascicularis$",856872,0
"? fascicularis\W|? fascicularis$",860693,0
"? fascicularis\W|? fascicularis$",902938,0
"? fascicularis\W|? fascicularis$",899922,0
"? fascicularis\W|? fascicularis$",899525,0
"? fascicularis\W|? fascicularis$",933578,0
"? fascicularis\W|? fascicularis$",949675,0
"? fascicularis\W|? fascicularis$",933574,0
"? fascicularis\W|? fascicularis$",1159095,0
"Drepanocladus fluitans\W|Drepanocladus fluitans$",685066,0
"Terrestria\W|Terrestria$",838755,0
"Terrestria\W|Terrestria$",885064,0
"Terrestria\W|Terrestria$",833240,0
"Bryum turbinatum\W|Bryum turbinatum$",688961,0
"Marsupella brevissima\W|Marsupella brevissima$",899460,0
"Pseudotaxiphyllum distichaceum\W|Pseudotaxiphyllum distichaceum$",686958,0
"Isopterygium distichaceum\W|Isopterygium distichaceum$",686958,0
"Sarmenthypnum sarmentosum\W|Sarmenthypnum sarmentosum$",860745,0
"Sarmenthypnum sarmentosum\W|Sarmenthypnum sarmentosum$",893248,0
"Sarmenthypnum sarmentosum\W|Sarmenthypnum sarmentosum$",893245,0
"Orthotrichum rupestre\W|Orthotrichum rupestre$",900073,0
"Pogonatum alpinum\W|Pogonatum alpinum$",687412,0
"Campylium polygamum\W|Campylium polygamum$",683879,0
"Calliergon stramineum\W|Calliergon stramineum$",688961,0
"Calliergon stramineum\W|Calliergon stramineum$",893248,0
"Calliergon stramineum\W|Calliergon stramineum$",959740,0
"Calliergon sarmentosum\W|Calliergon sarmentosum$",894266,0
"Warnstorfia exannulata\W|Warnstorfia exannulata$",683648,0
"Warnstorfia exannulata\W|Warnstorfia exannulata$",685274,0
"Hepatica triloba\W|Hepatica triloba$",687556,0
"Hepatica triloba\W|Hepatica triloba$",842025,0
"Riccia natans\W|Riccia natans$",899738,0
"Buckiella undulata\W|Buckiella undulata$",791945,0
"Buckiella undulata\W|Buckiella undulata$",942428,0
"Sphagnum spec\W|Sphagnum spec$",1176987,0
"Cladina stellaris\W|Cladina stellaris$",683348,0
"Cladina stellaris\W|Cladina stellaris$",860385,0
"Cladina stellaris\W|Cladina stellaris$",685740,0
"Cladina stellaris\W|Cladina stellaris$",688606,0
"Cladina stellaris\W|Cladina stellaris$",684258,0
"Cladina stellaris\W|Cladina stellaris$",796838,0
"Cladina stellaris\W|Cladina stellaris$",892953,0
"Cladina stellaris\W|Cladina stellaris$",1042070,0
"Cladina stellaris\W|Cladina stellaris$",1344241,0
"Parmelia rudecta\W|Parmelia rudecta$",686569,0
"Cladina terrae-novae\W|Cladina terrae-novae$",687760,0
"Evernia vulpina\W|Evernia vulpina$",687836,0
"Cladina mitis\W|Cladina mitis$",683348,0
"Cladina mitis\W|Cladina mitis$",860385,0
"Cladina mitis\W|Cladina mitis$",686569,0
"Cladina mitis\W|Cladina mitis$",685740,0
"Cladina mitis\W|Cladina mitis$",685409,0
"Cladina mitis\W|Cladina mitis$",684258,0
"Cladina mitis\W|Cladina mitis$",892953,0
"Cladina mitis\W|Cladina mitis$",1042070,0
"Cladina mitis\W|Cladina mitis$",1344241,0
"Parmelia conspersa\W|Parmelia conspersa$",688482,0
"Parmelia conspersa\W|Parmelia conspersa$",849164,0
"Parmelia conspersa\W|Parmelia conspersa$",900073,0
"Umbilicaria anthracina\W|Umbilicaria anthracina$",849164,0
"Umbilicaria anthracina\W|Umbilicaria anthracina$",900073,0
"Masonhalea richardsonii\W|Masonhalea richardsonii$",1042040,0
"Masonhalea richardsonii\W|Masonhalea richardsonii$",1042030,0
"Rusavskia elegans\W|Rusavskia elegans$",849164,0
"Rusavskia elegans\W|Rusavskia elegans$",900073,0
"Cladonia verticillata\W|Cladonia verticillata$",685409,0
"Cladonia verticillata\W|Cladonia verticillata$",899665,0
"Parmelia centrifuga\W|Parmelia centrifuga$",688797,0
"Cladina sylvatica\W|Cladina sylvatica$",684099,0
"Cladina evansii\W|Cladina evansii$",683948,0
"Cladina evansii\W|Cladina evansii$",683175,0
"Cladina evansii\W|Cladina evansii$",686107,0
"Cladina evansii\W|Cladina evansii$",685342,0
"Cladina evansii\W|Cladina evansii$",689187,0
"Cladina evansii\W|Cladina evansii$",687342,0
"Cladina evansii\W|Cladina evansii$",688350,0
"Cladina evansii\W|Cladina evansii$",687937,0
"Cladina evansii\W|Cladina evansii$",687757,0
"Cladina evansii\W|Cladina evansii$",689857,0
"Cladina evansii\W|Cladina evansii$",720774,0
"Cladina evansii\W|Cladina evansii$",684985,0
"Cladina evansii\W|Cladina evansii$",821785,0
"Cladina evansii\W|Cladina evansii$",899246,0
"Cladina evansii\W|Cladina evansii$",899741,0
"Cladina evansii\W|Cladina evansii$",899017,0
"Cladina evansii\W|Cladina evansii$",899027,0
"Fulgensia bracteata\W|Fulgensia bracteata$",683464,0
"Fulgensia bracteata\W|Fulgensia bracteata$",688367,0
"Caloplaca saxicola\W|Caloplaca saxicola$",689631,0
"Porpidia flavocaerulescens\W|Porpidia flavocaerulescens$",1159091,0
"Buellia papillata\W|Buellia papillata$",683464,0
"Buellia papillata\W|Buellia papillata$",688367,0
"Dactylina madreporiformis\W|Dactylina madreporiformis$",899279,0
"Flavocetraria nivalis\W|Flavocetraria nivalis$",860370,0
"Flavocetraria nivalis\W|Flavocetraria nivalis$",860275,0
"Flavocetraria nivalis\W|Flavocetraria nivalis$",860477,0
"Flavocetraria nivalis\W|Flavocetraria nivalis$",899279,0
"Flavocetraria nivalis\W|Flavocetraria nivalis$",1042050,0
"Flavocetraria nivalis\W|Flavocetraria nivalis$",1042060,0
"Flavocetraria nivalis\W|Flavocetraria nivalis$",1344241,0
"Caloplaca holocarpa\W|Caloplaca holocarpa$",899279,0
"Pseudoparmelia baltimorensis\W|Pseudoparmelia baltimorensis$",687510,0
"Cornicularia aculeata\W|Cornicularia aculeata$",899279,0
"Cladina portentosa\W|Cladina portentosa$",849141,0
"Cladina portentosa\W|Cladina portentosa$",860511,0
"Cladina portentosa\W|Cladina portentosa$",899665,0
"Cladina portentosa\W|Cladina portentosa$",932947,0
"Rhizoplaca chrysoleuca\W|Rhizoplaca chrysoleuca$",849164,0
"Rhizoplaca chrysoleuca\W|Rhizoplaca chrysoleuca$",900073,0
"Cladonia alpestris\W|Cladonia alpestris$",685487,0
"Cladonia alpestris\W|Cladonia alpestris$",689532,0
"Cladina rangiferina\W|Cladina rangiferina$",684783,0
"Cladina rangiferina\W|Cladina rangiferina$",683348,0
"Cladina rangiferina\W|Cladina rangiferina$",683124,0
"Cladina rangiferina\W|Cladina rangiferina$",685107,0
"Cladina rangiferina\W|Cladina rangiferina$",684046,0
"Cladina rangiferina\W|Cladina rangiferina$",685487,0
"Cladina rangiferina\W|Cladina rangiferina$",686125,0
"Cladina rangiferina\W|Cladina rangiferina$",684733,0
"Cladina rangiferina\W|Cladina rangiferina$",685740,0
"Cladina rangiferina\W|Cladina rangiferina$",685409,0
"Cladina rangiferina\W|Cladina rangiferina$",689688,0
"Cladina rangiferina\W|Cladina rangiferina$",689442,0
"Cladina rangiferina\W|Cladina rangiferina$",684258,0
"Cladina rangiferina\W|Cladina rangiferina$",796831,0
"Cladina rangiferina\W|Cladina rangiferina$",796838,0
"Cladina rangiferina\W|Cladina rangiferina$",816681,0
"Cladina rangiferina\W|Cladina rangiferina$",899771,0
"Cladina rangiferina\W|Cladina rangiferina$",898966,0
"Cladina rangiferina\W|Cladina rangiferina$",899410,0
"Cladina rangiferina\W|Cladina rangiferina$",900042,0
"Cladina rangiferina\W|Cladina rangiferina$",899606,0
"Cladina rangiferina\W|Cladina rangiferina$",892953,0
"Cladina rangiferina\W|Cladina rangiferina$",948589,0
"Cladina rangiferina\W|Cladina rangiferina$",1042070,0
"Cladina rangiferina\W|Cladina rangiferina$",1042125,0
"Cladina rangiferina\W|Cladina rangiferina$",1344241,0
"Lecanora muralis\W|Lecanora muralis$",685775,0
"Lecanora muralis\W|Lecanora muralis$",689359,0
"Lecanora muralis\W|Lecanora muralis$",689631,0
"Cladina arbuscula\W|Cladina arbuscula$",689442,0
"Cladina arbuscula\W|Cladina arbuscula$",899606,0
"Acarospora chlorophana\W|Acarospora chlorophana$",685233,0
"Acarospora chlorophana\W|Acarospora chlorophana$",689330,0
"Acarospora chlorophana\W|Acarospora chlorophana$",688929,0
"Acarospora chlorophana\W|Acarospora chlorophana$",685883,0
"Acarospora chlorophana\W|Acarospora chlorophana$",685146,0
"Acarospora chlorophana\W|Acarospora chlorophana$",900046,0
"Acarospora chlorophana\W|Acarospora chlorophana$",959108,0
"Melanelia culbersonii\W|Melanelia culbersonii$",796831,0
"Melanelia culbersonii\W|Melanelia culbersonii$",1256086,0
"Cetraria tilesii\W|Cetraria tilesii$",899279,0
"Cetraria nivalis\W|Cetraria nivalis$",860370,0
"Cetraria nivalis\W|Cetraria nivalis$",860477,0
"Cetraria nivalis\W|Cetraria nivalis$",899279,0
"Flavocetraria cucullata\W|Flavocetraria cucullata$",860275,0
"Flavocetraria cucullata\W|Flavocetraria cucullata$",1042080,0
"Flavocetraria cucullata\W|Flavocetraria cucullata$",1042090,0
"Flavocetraria cucullata\W|Flavocetraria cucullata$",1344241,0
"Parmelina obsessa\W|Parmelina obsessa$",687510,0
"Lecanora melaena\W|Lecanora melaena$",860792,0
"Lecanora melaena\W|Lecanora melaena$",860807,0
"Parmelia hypoleucites\W|Parmelia hypoleucites$",685233,0
"Parmelia hypoleucites\W|Parmelia hypoleucites$",689330,0
"Parmelia hypoleucites\W|Parmelia hypoleucites$",688929,0
"Lecidea granulosa\W|Lecidea granulosa$",899461,0
"Cladina subtenuis\W|Cladina subtenuis$",683175,0
"Cladina subtenuis\W|Cladina subtenuis$",684046,0
"Cladina subtenuis\W|Cladina subtenuis$",686107,0
"Cladina subtenuis\W|Cladina subtenuis$",685342,0
"Cladina subtenuis\W|Cladina subtenuis$",688482,0
"Cladina subtenuis\W|Cladina subtenuis$",688350,0
"Cladina subtenuis\W|Cladina subtenuis$",687937,0
"Cladina subtenuis\W|Cladina subtenuis$",687757,0
"Cladina subtenuis\W|Cladina subtenuis$",687510,0
"Cladina subtenuis\W|Cladina subtenuis$",720774,0
"Cladina subtenuis\W|Cladina subtenuis$",899741,0
"Cladina subtenuis\W|Cladina subtenuis$",898966,0
"Cladina subtenuis\W|Cladina subtenuis$",899027,0
"Lepraria finkii\W|Lepraria finkii$",684346,0
"Caloplaca elegans\W|Caloplaca elegans$",849164,0
"Caloplaca elegans\W|Caloplaca elegans$",900073,0
"Umbilicaria caroliniana\W|Umbilicaria caroliniana$",796838,0
"Umbilicaria caroliniana\W|Umbilicaria caroliniana$",877423,0
"Umbilicaria caroliniana\W|Umbilicaria caroliniana$",900042,0
"Alectoria nigricans\W|Alectoria nigricans$",860275,0
"Alectoria nigricans\W|Alectoria nigricans$",860574,0
"Alectoria nigricans\W|Alectoria nigricans$",1041615,0
"Rama\W|Rama$",796838,0
"Rama\W|Rama$",684205,0
"Rama\W|Rama$",857654,0
"Rama\W|Rama$",839396,0
"Rama\W|Rama$",860492,0
"Rama\W|Rama$",899306,0
"Rama\W|Rama$",899026,0
"Rama\W|Rama$",1127136,0
"Enteromorpha intestinalis\W|Enteromorpha intestinalis$",686527,0
"Enteromorpha intestinalis\W|Enteromorpha intestinalis$",857688,0
"Laminaria agardhii\W|Laminaria agardhii$",683186,0
"Laminaria agardhii\W|Laminaria agardhii$",857688,0
"Laminaria agardhii\W|Laminaria agardhii$",934811,0
"Enteromorpha prolifera\W|Enteromorpha prolifera$",686527,0
"Enteromorpha prolifera\W|Enteromorpha prolifera$",857688,0
"Enteromorpha clathrata\W|Enteromorpha clathrata$",686527,0
"Collinsia\W|Collinsia$",683360,0
"Collinsia\W|Collinsia$",684484,0
"Collinsia\W|Collinsia$",684272,0
"Collinsia\W|Collinsia$",686833,0
"Collinsia\W|Collinsia$",687461,0
"Collinsia\W|Collinsia$",688351,0
"Collinsia\W|Collinsia$",689402,0
"Collinsia\W|Collinsia$",689987,0
"Collinsia\W|Collinsia$",769197,0
"Collinsia\W|Collinsia$",799477,0
"Collinsia\W|Collinsia$",849141,0
"Collinsia\W|Collinsia$",758208,0
"Collinsia\W|Collinsia$",899154,0
"Collinsia\W|Collinsia$",899153,0
"Collinsia\W|Collinsia$",899621,0
"Collinsia\W|Collinsia$",899622,0
"Collinsia\W|Collinsia$",932947,0
"Enteromorpha minima\W|Enteromorpha minima$",686527,0
"Porphyra laciniata\W|Porphyra laciniata$",683186,0
"Porphyra laciniata\W|Porphyra laciniata$",686527,0
"Porphyra laciniata\W|Porphyra laciniata$",860327,0
"Porphyra laciniata\W|Porphyra laciniata$",934811,0
"Enteromorpha\W|Enteromorpha$",860460,0
"Enteromorpha\W|Enteromorpha$",686527,0
"Enteromorpha\W|Enteromorpha$",860327,0
"Enteromorpha\W|Enteromorpha$",689365,0
"Enteromorpha\W|Enteromorpha$",849080,0
"Enteromorpha\W|Enteromorpha$",857688,0
"Enteromorpha\W|Enteromorpha$",934811,0
"Dasya elegans\W|Dasya elegans$",857688,0
"Phyllitis fascia\W|Phyllitis fascia$",683186,0
"Phyllitis fascia\W|Phyllitis fascia$",686527,0
"Phyllitis fascia\W|Phyllitis fascia$",860327,0
"Phyllitis fascia\W|Phyllitis fascia$",934811,0
"Cliftonia\W|Cliftonia$",683443,0
"Cliftonia\W|Cliftonia$",684401,0
"Cliftonia\W|Cliftonia$",684562,0
"Cliftonia\W|Cliftonia$",683488,0
"Cliftonia\W|Cliftonia$",684218,0
"Cliftonia\W|Cliftonia$",687102,0
"Cliftonia\W|Cliftonia$",685755,0
"Cliftonia\W|Cliftonia$",685447,0
"Cliftonia\W|Cliftonia$",688576,0
"Cliftonia\W|Cliftonia$",688871,0
"Cliftonia\W|Cliftonia$",687347,0
"Cliftonia\W|Cliftonia$",688121,0
"Cliftonia\W|Cliftonia$",689827,0
"Cliftonia\W|Cliftonia$",688939,0
"Cliftonia\W|Cliftonia$",688957,0
"Cliftonia\W|Cliftonia$",684982,0
"Cliftonia\W|Cliftonia$",688030,0
"Cliftonia\W|Cliftonia$",688884,0
"Cliftonia\W|Cliftonia$",838784,0
"Cliftonia\W|Cliftonia$",836963,0
"Cliftonia\W|Cliftonia$",899694,0
"Cliftonia\W|Cliftonia$",898957,0
"Cliftonia\W|Cliftonia$",898971,0
"Cliftonia\W|Cliftonia$",899464,0
"Cliftonia\W|Cliftonia$",899022,0
"Phyllitis\W|Phyllitis$",684788,0
"Phyllitis\W|Phyllitis$",683186,0
"Phyllitis\W|Phyllitis$",686527,0
"Phyllitis\W|Phyllitis$",860327,0
"Phyllitis\W|Phyllitis$",934811,0
"Pteridium\W|Pteridium$",684134,0
"Pteridium\W|Pteridium$",684143,0
"Pteridium\W|Pteridium$",684197,0
"Pteridium\W|Pteridium$",684756,0
"Pteridium\W|Pteridium$",684806,0
"Pteridium\W|Pteridium$",684832,0
"Pteridium\W|Pteridium$",684856,0
"Pteridium\W|Pteridium$",684859,0
"Pteridium\W|Pteridium$",684959,0
"Pteridium\W|Pteridium$",685027,0
"Pteridium\W|Pteridium$",685133,0
"Pteridium\W|Pteridium$",683348,0
"Pteridium\W|Pteridium$",683898,0
"Pteridium\W|Pteridium$",683533,0
"Pteridium\W|Pteridium$",683934,0
"Pteridium\W|Pteridium$",683939,0
"Pteridium\W|Pteridium$",684349,0
"Pteridium\W|Pteridium$",684358,0
"Pteridium\W|Pteridium$",684375,0
"Pteridium\W|Pteridium$",683437,0
"Pteridium\W|Pteridium$",683568,0
"Pteridium\W|Pteridium$",683457,0
"Pteridium\W|Pteridium$",683982,0
"Pteridium\W|Pteridium$",684393,0
"Pteridium\W|Pteridium$",684406,0
"Pteridium\W|Pteridium$",683072,0
"Pteridium\W|Pteridium$",683091,0
"Pteridium\W|Pteridium$",683120,0
"Pteridium\W|Pteridium$",684087,0
"Pteridium\W|Pteridium$",683176,0
"Pteridium\W|Pteridium$",683713,0
"Pteridium\W|Pteridium$",684099,0
"Pteridium\W|Pteridium$",683624,0
"Pteridium\W|Pteridium$",683517,0
"Pteridium\W|Pteridium$",683815,0
"Pteridium\W|Pteridium$",683847,0
"Pteridium\W|Pteridium$",684270,0
"Pteridium\W|Pteridium$",685487,0
"Pteridium\W|Pteridium$",686374,0
"Pteridium\W|Pteridium$",686296,0
"Pteridium\W|Pteridium$",686342,0
"Pteridium\W|Pteridium$",686890,0
"Pteridium\W|Pteridium$",687040,0
"Pteridium\W|Pteridium$",687046,0
"Pteridium\W|Pteridium$",687590,0
"Pteridium\W|Pteridium$",687787,0
"Pteridium\W|Pteridium$",687795,0
"Pteridium\W|Pteridium$",687612,0
"Pteridium\W|Pteridium$",687144,0
"Pteridium\W|Pteridium$",686044,0
"Pteridium\W|Pteridium$",686464,0
"Pteridium\W|Pteridium$",686074,0
"Pteridium\W|Pteridium$",684654,0
"Pteridium\W|Pteridium$",686132,0
"Pteridium\W|Pteridium$",686533,0
"Pteridium\W|Pteridium$",685156,0
"Pteridium\W|Pteridium$",686718,0
"Pteridium\W|Pteridium$",684700,0
"Pteridium\W|Pteridium$",685177,0
"Pteridium\W|Pteridium$",686593,0
"Pteridium\W|Pteridium$",684746,0
"Pteridium\W|Pteridium$",685206,0
"Pteridium\W|Pteridium$",686163,0
"Pteridium\W|Pteridium$",685320,0
"Pteridium\W|Pteridium$",685247,0
"Pteridium\W|Pteridium$",687119,0
"Pteridium\W|Pteridium$",685338,0
"Pteridium\W|Pteridium$",685275,0
"Pteridium\W|Pteridium$",685731,0
"Pteridium\W|Pteridium$",685733,0
"Pteridium\W|Pteridium$",685756,0
"Pteridium\W|Pteridium$",685428,0
"Pteridium\W|Pteridium$",688346,0
"Pteridium\W|Pteridium$",688348,0
"Pteridium\W|Pteridium$",688627,0
"Pteridium\W|Pteridium$",688443,0
"Pteridium\W|Pteridium$",688480,0
"Pteridium\W|Pteridium$",688496,0
"Pteridium\W|Pteridium$",689115,0
"Pteridium\W|Pteridium$",689648,0
"Pteridium\W|Pteridium$",689687,0
"Pteridium\W|Pteridium$",689254,0
"Pteridium\W|Pteridium$",689304,0
"Pteridium\W|Pteridium$",689334,0
"Pteridium\W|Pteridium$",689354,0
"Pteridium\W|Pteridium$",689370,0
"Pteridium\W|Pteridium$",687188,0
"Pteridium\W|Pteridium$",688652,0
"Pteridium\W|Pteridium$",688660,0
"Pteridium\W|Pteridium$",687694,0
"Pteridium\W|Pteridium$",688870,0
"Pteridium\W|Pteridium$",689197,0
"Pteridium\W|Pteridium$",688221,0
"Pteridium\W|Pteridium$",686815,0
"Pteridium\W|Pteridium$",688736,0
"Pteridium\W|Pteridium$",687365,0
"Pteridium\W|Pteridium$",688747,0
"Pteridium\W|Pteridium$",687462,0
"Pteridium\W|Pteridium$",688806,0
"Pteridium\W|Pteridium$",687982,0
"Pteridium\W|Pteridium$",688829,0
"Pteridium\W|Pteridium$",688845,0
"Pteridium\W|Pteridium$",687526,0
"Pteridium\W|Pteridium$",687537,0
"Pteridium\W|Pteridium$",688860,0
"Pteridium\W|Pteridium$",688350,0
"Pteridium\W|Pteridium$",688375,0
"Pteridium\W|Pteridium$",688522,0
"Pteridium\W|Pteridium$",684364,0
"Pteridium\W|Pteridium$",689915,0
"Pteridium\W|Pteridium$",686440,0
"Pteridium\W|Pteridium$",686982,0
"Pteridium\W|Pteridium$",687056,0
"Pteridium\W|Pteridium$",685894,0
"Pteridium\W|Pteridium$",688935,0
"Pteridium\W|Pteridium$",688948,0
"Pteridium\W|Pteridium$",688955,0
"Pteridium\W|Pteridium$",688963,0
"Pteridium\W|Pteridium$",689459,0
"Pteridium\W|Pteridium$",689027,0
"Pteridium\W|Pteridium$",689504,0
"Pteridium\W|Pteridium$",689528,0
"Pteridium\W|Pteridium$",689535,0
"Pteridium\W|Pteridium$",689543,0
"Pteridium\W|Pteridium$",689641,0
"Pteridium\W|Pteridium$",690025,0
"Pteridium\W|Pteridium$",689588,0
"Pteridium\W|Pteridium$",683149,0
"Pteridium\W|Pteridium$",1132354,0
"Pteridium\W|Pteridium$",1151293,0
"Pteridium\W|Pteridium$",689771,0
"Pteridium\W|Pteridium$",684236,0
"Pteridium\W|Pteridium$",684258,0
"Pteridium\W|Pteridium$",684319,0
"Pteridium\W|Pteridium$",689787,0
"Pteridium\W|Pteridium$",688827,0
"Pteridium\W|Pteridium$",686482,0
"Pteridium\W|Pteridium$",683694,0
"Pteridium\W|Pteridium$",683710,0
"Pteridium\W|Pteridium$",687357,0
"Pteridium\W|Pteridium$",688376,0
"Pteridium\W|Pteridium$",688926,0
"Pteridium\W|Pteridium$",685555,0
"Pteridium\W|Pteridium$",685601,0
"Pteridium\W|Pteridium$",689739,0
"Pteridium\W|Pteridium$",688119,0
"Pteridium\W|Pteridium$",686489,0
"Pteridium\W|Pteridium$",686515,0
"Pteridium\W|Pteridium$",685234,0
"Pteridium\W|Pteridium$",720774,0
"Pteridium\W|Pteridium$",720781,0
"Pteridium\W|Pteridium$",686217,0
"Pteridium\W|Pteridium$",686653,0
"Pteridium\W|Pteridium$",686730,0
"Pteridium\W|Pteridium$",684873,0
"Pteridium\W|Pteridium$",688719,0
"Pteridium\W|Pteridium$",685818,0
"Pteridium\W|Pteridium$",684684,0
"Pteridium\W|Pteridium$",687965,0
"Pteridium\W|Pteridium$",687760,0
"Pteridium\W|Pteridium$",684865,0
"Pteridium\W|Pteridium$",689263,0
"Pteridium\W|Pteridium$",732453,0
"Pteridium\W|Pteridium$",730789,0
"Pteridium\W|Pteridium$",732586,0
"Pteridium\W|Pteridium$",732722,0
"Pteridium\W|Pteridium$",732726,0
"Pteridium\W|Pteridium$",687317,0
"Pteridium\W|Pteridium$",687455,0
"Pteridium\W|Pteridium$",687535,0
"Pteridium\W|Pteridium$",687624,0
"Pteridium\W|Pteridium$",728821,0
"Pteridium\W|Pteridium$",831153,0
"Pteridium\W|Pteridium$",833197,0
"Pteridium\W|Pteridium$",841994,0
"Pteridium\W|Pteridium$",857621,0
"Pteridium\W|Pteridium$",835793,0
"Pteridium\W|Pteridium$",836508,0
"Pteridium\W|Pteridium$",685442,0
"Pteridium\W|Pteridium$",807522,0
"Pteridium\W|Pteridium$",787981,0
"Pteridium\W|Pteridium$",787973,0
"Pteridium\W|Pteridium$",787997,0
"Pteridium\W|Pteridium$",800158,0
"Pteridium\W|Pteridium$",685297,0
"Pteridium\W|Pteridium$",800146,0
"Pteridium\W|Pteridium$",837646,0
"Pteridium\W|Pteridium$",837856,0
"Pteridium\W|Pteridium$",834051,0
"Pteridium\W|Pteridium$",688944,0
"Pteridium\W|Pteridium$",838405,0
"Pteridium\W|Pteridium$",838549,0
"Pteridium\W|Pteridium$",838600,0
"Pteridium\W|Pteridium$",874156,0
"Pteridium\W|Pteridium$",874085,0
"Pteridium\W|Pteridium$",866455,0
"Pteridium\W|Pteridium$",859797,0
"Pteridium\W|Pteridium$",874149,0
"Pteridium\W|Pteridium$",879104,0
"Pteridium\W|Pteridium$",877354,0
"Pteridium\W|Pteridium$",860766,0
"Pteridium\W|Pteridium$",860780,0
"Pteridium\W|Pteridium$",860793,0
"Pteridium\W|Pteridium$",899156,0
"Pteridium\W|Pteridium$",899699,0
"Pteridium\W|Pteridium$",899235,0
"Pteridium\W|Pteridium$",899243,0
"Pteridium\W|Pteridium$",899726,0
"Pteridium\W|Pteridium$",899252,0
"Pteridium\W|Pteridium$",899768,0
"Pteridium\W|Pteridium$",899775,0
"Pteridium\W|Pteridium$",892978,0
"Pteridium\W|Pteridium$",899791,0
"Pteridium\W|Pteridium$",907149,0
"Pteridium\W|Pteridium$",899362,0
"Pteridium\W|Pteridium$",899849,0
"Pteridium\W|Pteridium$",899394,0
"Pteridium\W|Pteridium$",899396,0
"Pteridium\W|Pteridium$",899896,0
"Pteridium\W|Pteridium$",899435,0
"Pteridium\W|Pteridium$",899444,0
"Pteridium\W|Pteridium$",899448,0
"Pteridium\W|Pteridium$",899957,0
"Pteridium\W|Pteridium$",899015,0
"Pteridium\W|Pteridium$",899025,0
"Pteridium\W|Pteridium$",899486,0
"Pteridium\W|Pteridium$",899501,0
"Pteridium\W|Pteridium$",899503,0
"Pteridium\W|Pteridium$",899509,0
"Pteridium\W|Pteridium$",900001,0
"Pteridium\W|Pteridium$",900011,0
"Pteridium\W|Pteridium$",899050,0
"Pteridium\W|Pteridium$",899516,0
"Pteridium\W|Pteridium$",899519,0
"Pteridium\W|Pteridium$",899527,0
"Pteridium\W|Pteridium$",900019,0
"Pteridium\W|Pteridium$",900025,0
"Pteridium\W|Pteridium$",899079,0
"Pteridium\W|Pteridium$",900057,0
"Pteridium\W|Pteridium$",900059,0
"Pteridium\W|Pteridium$",932248,0
"Pteridium\W|Pteridium$",932249,0
"Pteridium\W|Pteridium$",931844,0
"Pteridium\W|Pteridium$",933791,0
"Pteridium\W|Pteridium$",950065,0
"Pteridium\W|Pteridium$",952013,0
"Pteridium\W|Pteridium$",969555,0
"Pteridium\W|Pteridium$",931854,0
"Pteridium\W|Pteridium$",931842,0
"Pteridium\W|Pteridium$",942423,0
"Pteridium\W|Pteridium$",964073,0
"Pteridium\W|Pteridium$",933779,0
"Pteridium\W|Pteridium$",933831,0
"Pteridium\W|Pteridium$",942445,0
"Pteridium\W|Pteridium$",942451,0
"Pteridium\W|Pteridium$",933845,0
"Pteridium\W|Pteridium$",932250,0
"Pteridium\W|Pteridium$",933219,0
"Pteridium\W|Pteridium$",959042,0
"Pteridium\W|Pteridium$",964573,0
"Pteridium\W|Pteridium$",933729,0
"Pteridium\W|Pteridium$",969525,0
"Pteridium\W|Pteridium$",979478,0
"Pteridium\W|Pteridium$",979500,0
"Pteridium\W|Pteridium$",1150959,0
"Pteridium\W|Pteridium$",1159203,0
"Pteridium\W|Pteridium$",1150957,0
"Pteridium\W|Pteridium$",1222817,0
"Pteridium\W|Pteridium$",1279622,0
"Pteridium\W|Pteridium$",1089379,0
"Pteridium\W|Pteridium$",1150947,0
"Pteridium\W|Pteridium$",1225584,0
"Pteridium\W|Pteridium$",1225588,0
"Pteridium\W|Pteridium$",1222811,0
"Pteridium\W|Pteridium$",1222809,0
"Pteridium\W|Pteridium$",932906,0
"Pteridium\W|Pteridium$",1285582,0
"Pteridium\W|Pteridium$",1302636,0
"Pteridium\W|Pteridium$",1159089,0
"Pteridium\W|Pteridium$",1222863,0
"Pteridium\W|Pteridium$",1302642,0
"Pteridium\W|Pteridium$",1159147,0
"Pteridium\W|Pteridium$",1150949,0
"Pteridium\W|Pteridium$",1222847,0
"Pteridium\W|Pteridium$",1222853,0
"Pteridium\W|Pteridium$",1222857,0
"Pteridium\W|Pteridium$",1222865,0
"Pteridium\W|Pteridium$",1222879,0
"Pteridium\W|Pteridium$",1285584,0
"Pteridium\W|Pteridium$",1159087,0
"Dermatocarpon cinereum\W|Dermatocarpon cinereum$",900020,0
"Placidium lachneum\W|Placidium lachneum$",685233,0
"Placidium lachneum\W|Placidium lachneum$",685775,0
"Placidium lachneum\W|Placidium lachneum$",689330,0
"Placidium lachneum\W|Placidium lachneum$",689359,0
"Placidium lachneum\W|Placidium lachneum$",688929,0
"Placidium lachneum\W|Placidium lachneum$",689631,0
"Placidium lachneum\W|Placidium lachneum$",684993,0
"Hydrocoleum lyngbyaceum\W|Hydrocoleum lyngbyaceum$",686149,0
"Hydrocoleum lyngbyaceum\W|Hydrocoleum lyngbyaceum$",1159177,0
"Oscillatoria subuliformis\W|Oscillatoria subuliformis$",686149,0
"Oscillatoria subuliformis\W|Oscillatoria subuliformis$",1159177,0
"Oscillatoria amphibia\W|Oscillatoria amphibia$",686149,0
"Oscillatoria amphibia\W|Oscillatoria amphibia$",1159177,0
"Dermatocarpon fluviatile\W|Dermatocarpon fluviatile$",685711,0
"Dermatocarpon lachneum\W|Dermatocarpon lachneum$",685233,0
"Dermatocarpon lachneum\W|Dermatocarpon lachneum$",685775,0
"Dermatocarpon lachneum\W|Dermatocarpon lachneum$",689330,0
"Dermatocarpon lachneum\W|Dermatocarpon lachneum$",689359,0
"Dermatocarpon lachneum\W|Dermatocarpon lachneum$",688929,0
"Dermatocarpon lachneum\W|Dermatocarpon lachneum$",689631,0
"Dermatocarpon lachneum\W|Dermatocarpon lachneum$",684993,0
"Placidium squamulosum\W|Placidium squamulosum$",946476,0
"Orphniospora\W|Orphniospora$",1159091,0
