"ELEMENT_GLOBAL_ID","obsoleteParentCode","obsoleteDivision","obsoleteParentName","obsoleteNote","obsoleteDate","obsoleteAuthority"
685941,"A3767","TP1.a2.Nf","Pinus contorta - Picea engelmannii Cascadian Swamp Woodland","Washington updates",2022-08-08 11:08:06,"T. Ramm-Granberg & D. Faber-Langendoen"
688446,"A2098","TT2.b1.Na","Quercus muehlenbergii - Fraxinus quadrangulata Ozark-Ouachita Alkaline Forest & Woodland Alliance","Central Midwest regional review",2022-07-24 04:57:30,"Program ecologist & D. Faber-Langendoen"
683972,"A2098","TT2.b1.Na","Quercus muehlenbergii - Fraxinus quadrangulata Ozark-Ouachita Alkaline Forest & Woodland Alliance","KY + TN Southeast USNVC reg'l review follow-up, May 2023",2023-08-25 12:27:26,"C. Elam, KY ecologists, D. Faber-Langendoen"
1233792,"G950","TT2.b1.Na","Interior Low Plateau Oak Forest & Woodland","KY + TN Southeast USNVC reg'l review follow-up, May 2023",2023-08-25 12:26:11,"C. Elam, KY ecologists, D. Faber-Langendoen"
1233794,"G950","TT2.b1.Na","Interior Low Plateau Oak Forest & Woodland","KY + TN Southeast USNVC reg'l review follow-up, May 2023",2023-08-25 12:26:11,"C. Elam, KY ecologists, D. Faber-Langendoen"
1233806,"G949","TT2.b1.Na","Ozark-Ouachita Oak - Pine Forest & Woodland","KY + TN Southeast USNVC reg'l review follow-up, May 2023",2023-08-25 12:26:09,"C. Elam, KY ecologists, D. Faber-Langendoen"
899396,"G949","TT2.b1.Na","Ozark-Ouachita Oak - Pine Forest & Woodland","NVC163 Central Midwest regional review",2022-04-14 02:42:34,"D. Faber-Langendoen, M. Leahy, et al"
1233786,"G949","TT2.b1.Na","Ozark-Ouachita Oak - Pine Forest & Woodland","KY + TN Southeast USNVC reg'l review follow-up, May 2023",2023-08-25 12:26:09,"C. Elam, KY ecologists, D. Faber-Langendoen"
1233790,"G949","TT2.b1.Na","Ozark-Ouachita Oak - Pine Forest & Woodland","KY + TN Southeast USNVC reg'l review follow-up, May 2023",2023-08-25 12:26:09,"C. Elam, KY ecologists, D. Faber-Langendoen"
1233790,"G949","TT2.b1.Na","Ozark-Ouachita Oak - Pine Forest & Woodland","Central Midwest regional review",2022-08-09 04:09:59,"IL, MO, IL programs; D. Faber-Langendoen"
1233790,"G949","TT2.b1.Na","Ozark-Ouachita Oak - Pine Forest & Woodland","Central Midwest regional review",2022-07-24 04:57:31,"Program ecologist & D. Faber-Langendoen"
899394,"G949","TT2.b1.Na","Ozark-Ouachita Oak - Pine Forest & Woodland","NVC163 Central Midwest regional review",2022-04-14 12:00:00,"D. Faber-Langendoen, M. Leahy, et al"
1233788,"G949","TT2.b1.Na","Ozark-Ouachita Oak - Pine Forest & Woodland","Central Midwest regional review",2022-07-24 04:57:33,"Program ecologist & D. Faber-Langendoen"
899414,"G949","TT2.b1.Na","Ozark-Ouachita Oak - Pine Forest & Woodland","KY + TN Southeast USNVC reg'l review follow-up, May 2023",2023-08-25 12:00:00,"C. Elam, KY ecologists, D. Faber-Langendoen"
683810,"A2085","TT2.b1.Na","Quercus alba - Quercus falcata - Quercus stellata Ozark-Ouachita Dry-mesic Forest Alliance","NVC163 Central Midwest regional review",2022-04-13 12:00:00,"D. Faber-Langendoen, M. Leahy, et al"
817806,"A2085","TT2.b1.Na","Quercus alba - Quercus falcata - Quercus stellata Ozark-Ouachita Dry-mesic Forest Alliance","NVC163 Central Midwest regional review",2022-04-14 02:42:39,"D. Faber-Langendoen, M. Leahy, et al"
686212,"A2085","TT2.b1.Na","Quercus alba - Quercus falcata - Quercus stellata Ozark-Ouachita Dry-mesic Forest Alliance","NVC163 Central Midwest regional review",2022-04-14 02:42:43,"D. Faber-Langendoen, M. Leahy, et al"
683835,"A2085","TT2.b1.Na","Quercus alba - Quercus falcata - Quercus stellata Ozark-Ouachita Dry-mesic Forest Alliance","NVC163 Central Midwest regional review",2022-04-14 02:42:45,"D. Faber-Langendoen, M. Leahy, et al"
686441,"A2085","TT2.b1.Na","Quercus alba - Quercus falcata - Quercus stellata Ozark-Ouachita Dry-mesic Forest Alliance","NVC163 Central Midwest regional review",2022-04-14 02:42:42,"D. Faber-Langendoen, M. Leahy, et al"
687711,"A2085","TT2.b1.Na","Quercus alba - Quercus falcata - Quercus stellata Ozark-Ouachita Dry-mesic Forest Alliance","NVC163 Central Midwest regional review",2022-04-14 02:42:46,"D. Faber-Langendoen, M. Leahy, et al"
689799,"A2085","TT2.b1.Na","Quercus alba - Quercus falcata - Quercus stellata Ozark-Ouachita Dry-mesic Forest Alliance","NVC163 Central Midwest regional review",2022-04-14 02:42:41,"D. Faber-Langendoen, M. Leahy, et al"
721871,"A2085","TT2.b1.Na","Quercus alba - Quercus falcata - Quercus stellata Ozark-Ouachita Dry-mesic Forest Alliance","NVC163 Central Midwest regional review",2022-04-14 02:42:37,"D. Faber-Langendoen, M. Leahy, et al"
685137,"A2085","TT2.b1.Na","Quercus alba - Quercus falcata - Quercus stellata Ozark-Ouachita Dry-mesic Forest Alliance","NVC163 Central Midwest regional review",2022-04-14 02:42:35,"D. Faber-Langendoen, M. Leahy, et al"
687521,"A2085","TT2.b1.Na","Quercus alba - Quercus falcata - Quercus stellata Ozark-Ouachita Dry-mesic Forest Alliance","NVC163 Central Midwest regional review",2022-04-14 02:42:38,"D. Faber-Langendoen, M. Leahy, et al"
685557,"A2085","TT2.b1.Na","Quercus alba - Quercus falcata - Quercus stellata Ozark-Ouachita Dry-mesic Forest Alliance","NVC163 Central Midwest regional review",2022-04-14 02:42:47,"D. Faber-Langendoen, M. Leahy, et al"
683906,"A2086","TT2.b1.Na","Quercus alba - Quercus falcata - Quercus rubra Interior Low Plateau Forest Alliance","NVC163 Central Midwest regional review",2022-04-14 02:43:10,"D. Faber-Langendoen, M. Leahy, et al"
689852,"A2086","TT2.b1.Na","Quercus alba - Quercus falcata - Quercus rubra Interior Low Plateau Forest Alliance","NVC163 Central Midwest regional review",2022-04-14 02:43:02,"D. Faber-Langendoen, M. Leahy, et al"
688482,"A2086","TT2.b1.Na","Quercus alba - Quercus falcata - Quercus rubra Interior Low Plateau Forest Alliance","NVC163 Central Midwest regional review",2022-04-14 02:43:04,"D. Faber-Langendoen, M. Leahy, et al"
684566,"A2086","TT2.b1.Na","Quercus alba - Quercus falcata - Quercus rubra Interior Low Plateau Forest Alliance","NVC163 Central Midwest regional review",2022-04-14 02:43:14,"D. Faber-Langendoen, M. Leahy, et al"
684406,"A2086","TT2.b1.Na","Quercus alba - Quercus falcata - Quercus rubra Interior Low Plateau Forest Alliance","NVC163 Central Midwest regional review",2022-04-14 02:42:59,"D. Faber-Langendoen, M. Leahy, et al"
688480,"A2086","TT2.b1.Na","Quercus alba - Quercus falcata - Quercus rubra Interior Low Plateau Forest Alliance","NVC163 Central Midwest regional review",2022-04-14 02:42:50,"D. Faber-Langendoen, M. Leahy, et al"
684621,"A2086","TT2.b1.Na","Quercus alba - Quercus falcata - Quercus rubra Interior Low Plateau Forest Alliance","NVC163 Central Midwest regional review",2022-04-14 02:43:03,"D. Faber-Langendoen, M. Leahy, et al"
683246,"A2086","TT2.b1.Na","Quercus alba - Quercus falcata - Quercus rubra Interior Low Plateau Forest Alliance","NVC163 Central Midwest regional review",2022-04-14 02:43:12,"D. Faber-Langendoen, M. Leahy, et al"
689549,"A2086","TT2.b1.Na","Quercus alba - Quercus falcata - Quercus rubra Interior Low Plateau Forest Alliance","Southeast, Texarkana USNVC reg'l review, June 2023",2023-06-24 09:01:29,"Southeast + TX ecologists, D. Faber-Langendoen"
687174,"A2086","TT2.b1.Na","Quercus alba - Quercus falcata - Quercus rubra Interior Low Plateau Forest Alliance","NVC163 Central Midwest regional review",2022-04-14 02:43:17,"D. Faber-Langendoen, M. Leahy, et al"
686516,"A2086","TT2.b1.Na","Quercus alba - Quercus falcata - Quercus rubra Interior Low Plateau Forest Alliance","NVC163 Central Midwest regional review",2022-04-14 02:42:53,"D. Faber-Langendoen, M. Leahy, et al"
686572,"A2086","TT2.b1.Na","Quercus alba - Quercus falcata - Quercus rubra Interior Low Plateau Forest Alliance","NVC163 Central Midwest regional review",2022-04-14 02:42:56,"D. Faber-Langendoen, M. Leahy, et al"
686374,"A2086","TT2.b1.Na","Quercus alba - Quercus falcata - Quercus rubra Interior Low Plateau Forest Alliance","NVC163 Central Midwest regional review",2022-04-14 02:43:06,"D. Faber-Langendoen, M. Leahy, et al"
688110,"A2086","TT2.b1.Na","Quercus alba - Quercus falcata - Quercus rubra Interior Low Plateau Forest Alliance","NVC163 Central Midwest regional review",2022-04-14 02:42:54,"D. Faber-Langendoen, M. Leahy, et al"
683601,"A2086","TT2.b1.Na","Quercus alba - Quercus falcata - Quercus rubra Interior Low Plateau Forest Alliance","NVC163 Central Midwest regional review",2022-04-14 02:43:11,"D. Faber-Langendoen, M. Leahy, et al"
689157,"A2086","TT2.b1.Na","Quercus alba - Quercus falcata - Quercus rubra Interior Low Plateau Forest Alliance","NVC163 Central Midwest regional review",2022-04-14 02:43:15,"D. Faber-Langendoen, M. Leahy, et al"
687737,"A2086","TT2.b1.Na","Quercus alba - Quercus falcata - Quercus rubra Interior Low Plateau Forest Alliance","NVC163 Central Midwest regional review",2022-04-14 02:42:58,"D. Faber-Langendoen, M. Leahy, et al"
1151291,"A2086","TT2.b1.Na","Quercus alba - Quercus falcata - Quercus rubra Interior Low Plateau Forest Alliance","NVC163 Central Midwest regional review",2022-04-14 02:43:00,"D. Faber-Langendoen, M. Leahy, et al"
684540,"A2086","TT2.b1.Na","Quercus alba - Quercus falcata - Quercus rubra Interior Low Plateau Forest Alliance","NVC163 Central Midwest regional review",2022-04-14 02:43:07,"D. Faber-Langendoen, M. Leahy, et al"
685726,"A2086","TT2.b1.Na","Quercus alba - Quercus falcata - Quercus rubra Interior Low Plateau Forest Alliance","NVC163 Central Midwest regional review",2022-04-14 02:42:51,"D. Faber-Langendoen, M. Leahy, et al"
689602,"A2086","TT2.b1.Na","Quercus alba - Quercus falcata - Quercus rubra Interior Low Plateau Forest Alliance","NVC163 Central Midwest regional review",2022-04-14 02:43:08,"D. Faber-Langendoen, M. Leahy, et al"
689138,"A2086","TT2.b1.Na","Quercus alba - Quercus falcata - Quercus rubra Interior Low Plateau Forest Alliance","NVC163 Central Midwest regional review",2022-04-14 02:43:16,"D. Faber-Langendoen, M. Leahy, et al"
684566,"A2089","TT2.a1.Na","Quercus stellata Upper East Gulf Coastal Plain Woodland Alliance","Southeast, Texarkana USNVC reg'l review, June 2023",2023-06-24 08:59:02,"Southeast + TX ecologists, D. Faber-Langendoen"
683601,"A2089","TT2.a1.Na","Quercus stellata Upper East Gulf Coastal Plain Woodland Alliance","Southeast, Texarkana USNVC reg'l review, June 2023",2023-06-24 08:59:02,"Southeast + TX ecologists, D. Faber-Langendoen"
684566,"A2090","TT2.a1.Na","Quercus stellata - Quercus falcata / Croton michauxii Dry Loess Woodland Alliance","Southeast, Texarkana USNVC reg'l review, June 2023",2023-06-24 09:01:23,"Southeast + TX ecologists, D. Faber-Langendoen"
683601,"A2090","TT2.a1.Na","Quercus stellata - Quercus falcata / Croton michauxii Dry Loess Woodland Alliance","Southeast, Texarkana USNVC reg'l review, June 2023",2023-06-24 09:01:22,"Southeast + TX ecologists, D. Faber-Langendoen"
689973,"A2092","TT2.a1.Na","Quercus alba - Carya tomentosa Calcareous Dry-mesic West Gulf Coastal Plain Forest Alliance","NVC163 Central Midwest regional review",2022-04-14 02:42:22,"D. Faber-Langendoen, M. Leahy, et al"
820772,"A2092","TT2.a1.Na","Quercus alba - Carya tomentosa Calcareous Dry-mesic West Gulf Coastal Plain Forest Alliance","NVC163 Central Midwest regional review",2022-04-14 02:42:11,"D. Faber-Langendoen, M. Leahy, et al"
684592,"A2092","TT2.a1.Na","Quercus alba - Carya tomentosa Calcareous Dry-mesic West Gulf Coastal Plain Forest Alliance","Southeast, Texarkana USNVC reg'l review, June 2023",2023-06-24 09:01:17,"Southeast + TX ecologists, D. Faber-Langendoen"
689838,"A2092","TT2.a1.Na","Quercus alba - Carya tomentosa Calcareous Dry-mesic West Gulf Coastal Plain Forest Alliance","NVC163 Central Midwest regional review",2022-04-14 02:42:26,"D. Faber-Langendoen, M. Leahy, et al"
685264,"A2092","TT2.a1.Na","Quercus alba - Carya tomentosa Calcareous Dry-mesic West Gulf Coastal Plain Forest Alliance","Southeast, Texarkana USNVC reg'l review, June 2023",2023-06-24 09:01:16,"Southeast + TX ecologists, D. Faber-Langendoen"
684485,"A2092","TT2.a1.Na","Quercus alba - Carya tomentosa Calcareous Dry-mesic West Gulf Coastal Plain Forest Alliance","NVC163 Central Midwest regional review",2022-04-14 02:42:18,"D. Faber-Langendoen, M. Leahy, et al"
684485,"A2092","TT2.a1.Na","Quercus alba - Carya tomentosa Calcareous Dry-mesic West Gulf Coastal Plain Forest Alliance","Southeast US reg'l review of USNVC, April 2023",2023-05-11 02:46:41,"D. Faber-Langendoen"
821455,"A2092","TT2.a1.Na","Quercus alba - Carya tomentosa Calcareous Dry-mesic West Gulf Coastal Plain Forest Alliance","NVC163 Central Midwest regional review",2022-04-14 02:42:20,"D. Faber-Langendoen, M. Leahy, et al"
687633,"A2092","TT2.a1.Na","Quercus alba - Carya tomentosa Calcareous Dry-mesic West Gulf Coastal Plain Forest Alliance","NVC163 Central Midwest regional review",2022-04-14 02:42:24,"D. Faber-Langendoen, M. Leahy, et al"
689571,"A2092","TT2.a1.Na","Quercus alba - Carya tomentosa Calcareous Dry-mesic West Gulf Coastal Plain Forest Alliance","NVC163 Central Midwest regional review",2022-04-14 02:42:14,"D. Faber-Langendoen, M. Leahy, et al"
685135,"A2092","TT2.a1.Na","Quercus alba - Carya tomentosa Calcareous Dry-mesic West Gulf Coastal Plain Forest Alliance","NVC163 Central Midwest regional review",2022-04-14 02:42:15,"D. Faber-Langendoen, M. Leahy, et al"
721877,"A2092","TT2.a1.Na","Quercus alba - Carya tomentosa Calcareous Dry-mesic West Gulf Coastal Plain Forest Alliance","NVC163 Central Midwest regional review",2022-04-14 02:42:12,"D. Faber-Langendoen, M. Leahy, et al"
788077,"A2092","TT2.a1.Na","Quercus alba - Carya tomentosa Calcareous Dry-mesic West Gulf Coastal Plain Forest Alliance","NVC163 Central Midwest regional review",2022-04-14 02:42:09,"D. Faber-Langendoen, M. Leahy, et al"
687045,"A2082","TT2.b1.Na","Pinus echinata - Schizachyrium scoparium Ozark-Ouachita Open Woodland Alliance","NVC163 Central Midwest regional review",2022-04-13 08:35:29,"D. Faber-Langendoen, M. Leahy, et al"
683060,"A2082","TT2.b1.Na","Pinus echinata - Schizachyrium scoparium Ozark-Ouachita Open Woodland Alliance","NVC163 Central Midwest regional review",2022-04-13 08:35:25,"D. Faber-Langendoen, M. Leahy, et al"
688187,"A2082","TT2.b1.Na","Pinus echinata - Schizachyrium scoparium Ozark-Ouachita Open Woodland Alliance","NVC163 Central Midwest regional review",2022-04-13 08:35:26,"D. Faber-Langendoen, M. Leahy, et al"
685183,"A2082","TT2.b1.Na","Pinus echinata - Schizachyrium scoparium Ozark-Ouachita Open Woodland Alliance","NVC163 Central Midwest regional review",2022-04-13 08:35:28,"D. Faber-Langendoen, M. Leahy, et al"
685179,"A2082","TT2.b1.Na","Pinus echinata - Schizachyrium scoparium Ozark-Ouachita Open Woodland Alliance","NVC163 Central Midwest regional review",2022-04-13 08:35:22,"D. Faber-Langendoen, M. Leahy, et al"
688261,"A2082","TT2.b1.Na","Pinus echinata - Schizachyrium scoparium Ozark-Ouachita Open Woodland Alliance","NVC163 Central Midwest regional review",2022-04-13 08:35:20,"D. Faber-Langendoen, M. Leahy, et al"
684130,"A2082","TT2.b1.Na","Pinus echinata - Schizachyrium scoparium Ozark-Ouachita Open Woodland Alliance","NVC163 Central Midwest regional review",2022-04-13 08:35:23,"D. Faber-Langendoen, M. Leahy, et al"
689963,"A2082","TT2.b1.Na","Pinus echinata - Schizachyrium scoparium Ozark-Ouachita Open Woodland Alliance","NVC163 Central Midwest regional review",2022-04-14 02:42:33,"D. Faber-Langendoen, M. Leahy, et al"
820772,"A2094","TT2.a1.Na","Quercus alba - Carya tomentosa Mesic Acidic Southeast Coastal Plain Forest Alliance","",2024-06-21 04:45:35,"D.Faber-Langendoen"
689571,"A2094","TT2.a1.Na","Quercus alba - Carya tomentosa Mesic Acidic Southeast Coastal Plain Forest Alliance","",2024-06-21 04:45:33,"D.Faber-Langendoen"
683102,"A2096","TT2.a1.Na","Fagus grandifolia - Quercus alba - Quercus nigra Southeast Coastal Plain Forest Alliance","Southeast US reg'l review of USNVC, April 2023",2023-05-11 02:46:40,"D. Faber-Langendoen"
688737,"A1660","TP1.b1.Ne","Senecio triangularis - Saxifraga spp. - Mimulus spp. Streamside Wet Meadow","Washington NCCN Wetlands",2021-12-26 11:05:59,"Tynan Ramm-Granberg"
868471,"G407","TT1.b1.Oa","Polynesian Ruderal Dry Woodland & Scrub","",2016-05-27 12:00:00,"K. Schulz"
838088,"G407","TT1.b1.Oa","Polynesian Ruderal Dry Woodland & Scrub","",2016-05-27 12:00:00,"K. Schulz"
838094,"G407","TT1.b1.Oa","Polynesian Ruderal Dry Woodland & Scrub","",2016-05-27 12:00:00,"K. Schulz"
689685,"G407","TT1.b1.Oa","Polynesian Ruderal Dry Woodland & Scrub","",2016-05-27 12:00:00,"K. Schulz"
838082,"G407","TT1.b1.Oa","Polynesian Ruderal Dry Woodland & Scrub","",2016-05-27 12:00:00,"K. Schulz"
1222795,"A4386","TT4.b1.Ne","Arctostaphylos columbiana Shrubland Alliance","Washington updates",2022-08-08 11:08:09,"T. Ramm-Granberg & D. Faber-Langendoen"
1222773,"A4385","TT4.b1.Ne","Arctostaphylos uva-ursi Dwarf-shrubland & Bald Alliance","Washington updates",2022-08-08 11:08:11,"T. Ramm-Granberg & D. Faber-Langendoen"
1222805,"A4385","TT4.b1.Ne","Arctostaphylos uva-ursi Dwarf-shrubland & Bald Alliance","Washington updates",2022-08-08 11:08:11,"T. Ramm-Granberg & D. Faber-Langendoen"
943176,"G531","TP1.b1.Nd","Arid West Interior Freshwater Marsh & Wet Meadow","",2016-12-05 12:00:00,"K. Schulz"
899117,"G324","TP1.b3.Na","Great Plains Saline Wet Meadow & Marsh","MT-ID-WY USNVC reg'l review follow-up, May 2023",2023-08-02 04:00:06,"MT, ID, WY ecologists, D. Faber-Langendoen"
900121,"G324","TP1.b3.Na","Great Plains Saline Wet Meadow & Marsh","MT-ID-WY USNVC reg'l review follow-up, May 2023",2023-08-02 04:00:06,"MT, ID, WY ecologists, D. Faber-Langendoen"
900119,"G324","TP1.b3.Na","Great Plains Saline Wet Meadow & Marsh","MT-ID-WY USNVC reg'l review follow-up, May 2023",2023-08-02 04:00:06,"MT, ID, WY ecologists, D. Faber-Langendoen"
899115,"G324","TP1.b3.Na","Great Plains Saline Wet Meadow & Marsh","MT-ID-WY USNVC reg'l review follow-up, May 2023",2023-08-02 04:00:06,"MT, ID, WY ecologists, D. Faber-Langendoen"
899372,"G328","TT2.b1.Nb","Northwestern Great Plains Aspen Woodland","",2024-06-04 05:42:53,"D.Faber-Langendoen"
899004,"G329","TT2.b1.Nb","Great Plains Bur Oak Forest & Woodland","Great Plains Peer Review 2019",2019-07-31 12:00:00,"D. Faber-Langendoen"
898993,"G004","MB1.a2.Ua","Caribbean Fringe Mangrove","Adding new Groups, Alliances as part of 2023 Systems to Groups, Alliances review",2023-01-30 11:30:47,"D Faber-Langendoen"
899312,"G004","MB1.a2.Ua","Caribbean Fringe Mangrove","Adding new Groups, Alliances as part of 2023 Systems to Groups, Alliances review",2023-01-30 11:30:47,"D Faber-Langendoen"
899184,"G178","TT4.b1.Nb","Central Interior Acidic Glade & Barrens","Southeast, Texarkana USNVC reg'l review, June 2023",2023-06-30 01:16:42,"Southeast + TX ecologists, D. Faber-Langendoen"
899597,"G178","TT4.b1.Nb","Central Interior Acidic Glade & Barrens","Southeast, Texarkana USNVC reg'l review, June 2023",2023-06-30 01:16:44,"Southeast + TX ecologists, D. Faber-Langendoen"
899246,"G177","TT4.b1.Na","Florida Xeric Scrub","M007 Longleaf pine review",2022-10-03 02:20:21,"C. Nordman, D Faber-Langendoen"
899020,"G174","TT4.b1.Nb","South-Central Prairie","Misc NVC updates",2019-11-26 12:00:00,"D. Faber-Langendoen"
1279654,"G174","TT4.b1.Nb","South-Central Prairie","Southeast Grasslands revisions by D. Estes, SGI, et al",2024-02-23 08:27:43,"D. Estes et al"
1279654,"G174","TT4.b1.Nb","South-Central Prairie","Southeast, Texarkana USNVC reg'l review, June 2023",2023-06-30 01:16:49,"Southeast + TX ecologists, D. Faber-Langendoen"
1279652,"G175","TT4.b1.Nb","Southern Coastal Plain Prairie","Southeast Grasslands revisions by D. Estes, SGI, et al",2024-02-23 08:27:53,"D. Estes et al"
1279648,"G175","TT4.b1.Nb","Southern Coastal Plain Prairie","Southeast Grasslands revisions by D. Estes, SGI, et al",2024-02-23 08:27:53,"D. Estes et al"
899543,"G229","TT2.b3.Nb","Southern Rocky Mountain Ponderosa Pine Open Woodland","Interior West, Rocky Mountain Uplands review",2022-01-03 10:00:54,"F.J. Triepke, P. McIntyre, D. Faber-Langendoen"
899722,"G167","","Eastern North American Shrub Swamp","",2019-02-05 12:00:00,"D. Faber-Langendoen"
899021,"G167","","Eastern North American Shrub Swamp","",2019-02-05 12:00:00,"D. Faber-Langendoen"
899737,"G167","","Eastern North American Shrub Swamp","",2019-02-05 12:00:00,"D. Faber-Langendoen"
899695,"G038","TP1.a2.Na","Coastal Plain Wet Flats & Basin Swamp","",2019-02-01 12:00:00,"D. Faber-Langendoen"
1159159,"G121","MB1.a3.Na","Atlantic & Gulf Coastal High Salt Marsh","CT & RI review",2022-08-09 12:00:00,"J. Lundgren, K. Metzler, D. Faber-Langendoen"
1159165,"G121","MB1.a3.Na","Atlantic & Gulf Coastal High Salt Marsh","CT & RI review",2022-08-09 12:00:00,"J. Lundgren, K. Metzler, D. Faber-Langendoen"
899235,"G495","","North Atlantic Maritime & Coastal Plain Forest","Appalachians",2020-05-05 11:49:45,"D. Faber-Langendoen"
841994,"G495","","North Atlantic Maritime & Coastal Plain Forest","Appalachians",2020-05-05 11:49:43,"D. Faber-Langendoen"
950065,"G495","","North Atlantic Maritime & Coastal Plain Forest","Appalachians",2020-05-05 12:00:00,"D. Faber-Langendoen"
878731,"G495","","North Atlantic Maritime & Coastal Plain Forest","Appalachians",2020-05-05 12:00:00,"D. Faber-Langendoen"
899243,"G495","","North Atlantic Maritime & Coastal Plain Forest","Appalachians",2020-05-05 11:49:47,"D. Faber-Langendoen"
841993,"G495","","North Atlantic Maritime & Coastal Plain Forest","Appalachians",2020-05-05 11:49:44,"D. Faber-Langendoen"
1132346,"G495","","North Atlantic Maritime & Coastal Plain Forest","Appalachians",2020-05-05 11:49:51,"D. Faber-Langendoen"
899637,"G110","","Atlantic & Gulf Coastal Fresh-Oligohaline Tidal Marsh","Northeast review 2020",2020-08-10 08:46:56,"D. Faber-Langendoen"
900067,"G110","","Atlantic & Gulf Coastal Fresh-Oligohaline Tidal Marsh","Northeast review 2020",2020-08-10 12:00:00,"D. Faber-Langendoen"
1093938,"G110","","Atlantic & Gulf Coastal Fresh-Oligohaline Tidal Marsh","Northeast review 2020",2020-08-10 08:46:56,"D. Faber-Langendoen"
900068,"G110","","Atlantic & Gulf Coastal Fresh-Oligohaline Tidal Marsh","Northeast review 2020",2020-08-10 08:46:56,"D. Faber-Langendoen"
871156,"G110","","Atlantic & Gulf Coastal Fresh-Oligohaline Tidal Marsh","Northeast review 2020",2020-08-10 08:46:56,"D. Faber-Langendoen"
934719,"G047","","Laurentian Subboreal Dry-Mesic Pine - Black Spruce - Hardwood Forest","Peer review project",2021-04-29 10:26:35,""
899889,"G047","","Laurentian Subboreal Dry-Mesic Pine - Black Spruce - Hardwood Forest","Peer review project",2021-04-29 10:26:35,""
899890,"G047","","Laurentian Subboreal Dry-Mesic Pine - Black Spruce - Hardwood Forest","Peer review project",2021-04-29 10:26:35,""
899342,"G017","","Cross Timbers & East-Central Texas Plains Oak Forest & Woodland","Great Plains (NVC125) remnants, Cross Timbers fixes",2021-01-20 01:32:07,"D. Faber-Langendoen & E. Zimmerman"
899341,"G017","","Cross Timbers & East-Central Texas Plains Oak Forest & Woodland","Great Plains (NVC125) remnants, Cross Timbers fixes",2021-01-20 01:32:07,"D. Faber-Langendoen & E. Zimmerman"
899340,"G017","","Cross Timbers & East-Central Texas Plains Oak Forest & Woodland","Great Plains (NVC125) remnants, Cross Timbers fixes",2021-01-20 01:32:07,"D. Faber-Langendoen & E. Zimmerman"
899011,"G017","","Cross Timbers & East-Central Texas Plains Oak Forest & Woodland","Great Plains (NVC125) remnants, Cross Timbers fixes",2021-01-20 01:32:07,"D. Faber-Langendoen & E. Zimmerman"
899011,"G887","TT2.b1.Nb","Cross Timbers Woodland","Great Plains (NVC125) remnants, Cross Timbers fixes",2021-01-20 01:32:13,"D. Faber-Langendoen & E. Zimmerman"
899191,"G030","TT2.b1.Na","Eastern Native Ruderal Forest","Texas USNVC reg'l review follow-up, May 2023",2023-08-14 06:25:56,"J. Singhurst, TX ecologists, D. Faber-Langendoen"
933729,"G025","","Laurentian-Acadian Pine - Oak Forest & Woodland","Northeast review 2020",2020-08-10 08:46:57,"D. Faber-Langendoen"
1150931,"G025","","Laurentian-Acadian Pine - Oak Forest & Woodland","Northeast review 2020",2020-08-10 08:46:57,"D. Faber-Langendoen"
899362,"G025","","Laurentian-Acadian Pine - Oak Forest & Woodland","Northeast review 2020",2020-08-10 08:46:57,"D. Faber-Langendoen"
899396,"G012","TT2.b1.Na","South-Central Interior Shortleaf Pine - Oak Forest & Woodland","NVC163 Central Midwest regional review",2022-04-13 08:34:33,"D. Faber-Langendoen, M. Leahy, et al"
899393,"G012","TT2.b1.Na","South-Central Interior Shortleaf Pine - Oak Forest & Woodland","Appalachians",2020-05-05 11:48:42,"D. Faber-Langendoen"
899394,"G012","TT2.b1.Na","South-Central Interior Shortleaf Pine - Oak Forest & Woodland","NVC163 Central Midwest regional review",2022-04-13 12:00:00,"D. Faber-Langendoen, M. Leahy, et al"
686866,"A2053","","Quercus alba - Carya spp. - Fraxinus americana Forest Alliance","Appalachian Mountains revisions 2019",2019-11-04 10:25:43,"D. Faber-Langendoen"
688054,"A2053","","Quercus alba - Carya spp. - Fraxinus americana Forest Alliance","Appalachian Mountains revisions 2019",2019-11-04 10:25:07,"D. Faber-Langendoen"
688054,"A2053","","Quercus alba - Carya spp. - Fraxinus americana Forest Alliance","Northeast review 2020",2020-08-10 08:47:17,"D. Faber-Langendoen"
688949,"A2053","","Quercus alba - Carya spp. - Fraxinus americana Forest Alliance","Appalachians",2020-05-05 11:47:46,"D. Faber-Langendoen"
758559,"A2053","","Quercus alba - Carya spp. - Fraxinus americana Forest Alliance","Appalachians",2020-05-05 11:47:46,"D. Faber-Langendoen"
802075,"A2053","","Quercus alba - Carya spp. - Fraxinus americana Forest Alliance","Appalachians",2020-05-05 12:00:00,"D. Faber-Langendoen"
687197,"A2053","","Quercus alba - Carya spp. - Fraxinus americana Forest Alliance","Appalachians",2020-05-05 11:47:46,"D. Faber-Langendoen"
791578,"A2053","","Quercus alba - Carya spp. - Fraxinus americana Forest Alliance","Appalachians",2020-05-05 11:47:46,"D. Faber-Langendoen"
686973,"A2053","","Quercus alba - Carya spp. - Fraxinus americana Forest Alliance","Appalachians",2020-05-05 11:47:46,"D. Faber-Langendoen"
684450,"A2053","","Quercus alba - Carya spp. - Fraxinus americana Forest Alliance","Appalachians",2020-05-05 11:47:46,"D. Faber-Langendoen"
687805,"A2053","","Quercus alba - Carya spp. - Fraxinus americana Forest Alliance","Appalachians",2020-05-05 11:47:46,"D. Faber-Langendoen"
687627,"A2053","","Quercus alba - Carya spp. - Fraxinus americana Forest Alliance","Appalachian Mountains revisions 2019",2019-11-04 12:00:00,"D. Faber-Langendoen"
793418,"A2053","","Quercus alba - Carya spp. - Fraxinus americana Forest Alliance","Appalachians",2020-05-05 11:47:46,"D. Faber-Langendoen"
688757,"A2053","","Quercus alba - Carya spp. - Fraxinus americana Forest Alliance","Appalachians",2020-05-05 11:47:46,"D. Faber-Langendoen"
738472,"A2053","","Quercus alba - Carya spp. - Fraxinus americana Forest Alliance","Appalachians",2020-05-05 12:00:00,"D. Faber-Langendoen"
685156,"A2053","","Quercus alba - Carya spp. - Fraxinus americana Forest Alliance","Appalachians",2020-05-05 11:47:46,"D. Faber-Langendoen"
686866,"A2054","TT2.b1.Na","Fagus grandifolia - Quercus rubra / Cornus florida Forest Alliance","",2016-08-26 12:00:00,"L. Sneddon/M. Pyne"
683322,"A2032","TT2.b1.Na","Quercus velutina - Fagus grandifolia - Ilex opaca Maritime Forest Alliance","CT & RI review",2022-08-09 12:05:26,"J. Lundgren, K. Metzler, D. Faber-Langendoen"
1268505,"G129","TP1.b1.Ea","South Florida Freshwater Marsh & Wet Prairie","Southeast US reg'l review of USNVC, April 2023",2023-05-11 02:49:48,"D. Faber-Langendoen"
833209,"M015","","Balconian Forest & Woodland","Texas USNVC reg'l review follow-up, May 2023",2023-08-14 12:00:00,"J. Singhurst, TX ecologists, D. Faber-Langendoen"
833210,"M015","","Balconian Forest & Woodland","Texas USNVC reg'l review follow-up, May 2023",2023-08-14 12:00:00,"J. Singhurst, TX ecologists, D. Faber-Langendoen"
899891,"G347","","Laurentian Subboreal Dry Jack Pine - Red Pine - Oak Woodland","Peer review project",2021-04-29 10:26:34,""
899892,"G347","","Laurentian Subboreal Dry Jack Pine - Red Pine - Oak Woodland","Peer review project",2021-04-29 10:26:34,""
1085027,"G493","MS2.a1.Na","North Atlantic Coastal Dune & Grassland","Appalachians",2020-05-05 12:00:00,"D. Faber-Langendoen"
899741,"G494","MS2.a1.Na","South Atlantic & Gulf Coastal Dune Grassland & Strand","M007 Longleaf pine review",2022-10-03 02:20:22,"C. Nordman, D Faber-Langendoen"
899739,"G494","MS2.a1.Na","South Atlantic & Gulf Coastal Dune Grassland & Strand","Florida USNVC preliminary review",2023-03-30 01:47:39,"Nordman, C., D. Faber-Langendoen"
900111,"G494","MS2.a1.Na","South Atlantic & Gulf Coastal Dune Grassland & Strand","Southeast, Texarkana USNVC reg'l review, June 2023",2023-06-24 09:02:46,"Southeast + TX ecologists, D. Faber-Langendoen"
1146914,"G915","TP1.b1.Na","South Atlantic & Gulf Coastal Plain Pondshore","Northeast review 2020",2020-08-10 08:47:45,"D. Faber-Langendoen"
899521,"G915","TP1.b1.Na","South Atlantic & Gulf Coastal Plain Pondshore","Northeast review 2020",2020-08-10 08:47:44,"D. Faber-Langendoen"
899122,"G915","TP1.b1.Na","South Atlantic & Gulf Coastal Plain Pondshore","Northeast review 2020",2020-08-10 08:47:43,"D. Faber-Langendoen"
899132,"G915","TP1.b1.Na","South Atlantic & Gulf Coastal Plain Pondshore","Northeast review 2020",2020-08-10 08:47:44,"D. Faber-Langendoen"
899517,"G915","TP1.b1.Na","South Atlantic & Gulf Coastal Plain Pondshore","Northeast review 2020",2020-08-10 08:47:44,"D. Faber-Langendoen"
899512,"G915","TP1.b1.Na","South Atlantic & Gulf Coastal Plain Pondshore","Northeast review 2020",2020-08-10 08:47:44,"D. Faber-Langendoen"
899518,"G915","TP1.b1.Na","South Atlantic & Gulf Coastal Plain Pondshore","Northeast review 2020",2020-08-10 08:47:44,"D. Faber-Langendoen"
899125,"G915","TP1.b1.Na","South Atlantic & Gulf Coastal Plain Pondshore","Northeast review 2020",2020-08-10 08:47:43,"D. Faber-Langendoen"
899124,"G915","TP1.b1.Na","South Atlantic & Gulf Coastal Plain Pondshore","Northeast review 2020",2020-08-10 08:47:43,"D. Faber-Langendoen"
1146914,"G111","","Atlantic & Gulf Coastal Plain Pondshore & Wet Prairie","Northeast review 2020",2020-08-10 08:47:08,"D. Faber-Langendoen"
899521,"G111","","Atlantic & Gulf Coastal Plain Pondshore & Wet Prairie","Northeast review 2020",2020-08-10 08:47:08,"D. Faber-Langendoen"
899122,"G111","","Atlantic & Gulf Coastal Plain Pondshore & Wet Prairie","Northeast review 2020",2020-08-10 08:47:08,"D. Faber-Langendoen"
899132,"G111","","Atlantic & Gulf Coastal Plain Pondshore & Wet Prairie","Northeast review 2020",2020-08-10 08:47:08,"D. Faber-Langendoen"
899517,"G111","","Atlantic & Gulf Coastal Plain Pondshore & Wet Prairie","Northeast review 2020",2020-08-10 08:47:08,"D. Faber-Langendoen"
899512,"G111","","Atlantic & Gulf Coastal Plain Pondshore & Wet Prairie","Northeast review 2020",2020-08-10 08:47:08,"D. Faber-Langendoen"
899518,"G111","","Atlantic & Gulf Coastal Plain Pondshore & Wet Prairie","Northeast review 2020",2020-08-10 08:47:08,"D. Faber-Langendoen"
899125,"G111","","Atlantic & Gulf Coastal Plain Pondshore & Wet Prairie","Northeast review 2020",2020-08-10 08:47:08,"D. Faber-Langendoen"
899124,"G111","","Atlantic & Gulf Coastal Plain Pondshore & Wet Prairie","Northeast review 2020",2020-08-10 08:47:08,"D. Faber-Langendoen"
900117,"G1217","TP1.d1.Na","Eastern Freshwater Aquatic Vegetation","",2025-05-05 08:39:27,"D.Faber-Langendoen"
900116,"G1217","TP1.d1.Na","Eastern Freshwater Aquatic Vegetation","",2025-05-05 08:39:25,"D.Faber-Langendoen"
899720,"G1217","TP1.d1.Na","Eastern Freshwater Aquatic Vegetation","",2025-05-05 08:39:12,"D.Faber-Langendoen"
900118,"G1217","TP1.d1.Na","Eastern Freshwater Aquatic Vegetation","",2025-05-05 08:39:28,"D.Faber-Langendoen"
899625,"G1217","TP1.d1.Na","Eastern Freshwater Aquatic Vegetation","",2025-05-05 08:39:17,"D.Faber-Langendoen"
900114,"G1217","TP1.d1.Na","Eastern Freshwater Aquatic Vegetation","",2025-05-05 08:39:19,"D.Faber-Langendoen"
934901,"G1217","TP1.d1.Na","Eastern Freshwater Aquatic Vegetation","",2025-05-05 08:39:14,"D.Faber-Langendoen"
899171,"G1217","TP1.d1.Na","Eastern Freshwater Aquatic Vegetation","",2025-05-05 08:39:22,"D.Faber-Langendoen"
900117,"G114","TP1.d1.Na","Great Plains - Eastern North American Freshwater Aquatic Vegetation","",2025-05-05 08:38:53,"D.Faber-Langendoen"
900116,"G114","TP1.d1.Na","Great Plains - Eastern North American Freshwater Aquatic Vegetation","",2025-05-05 08:38:53,"D.Faber-Langendoen"
899720,"G114","TP1.d1.Na","Great Plains - Eastern North American Freshwater Aquatic Vegetation","",2025-05-05 08:38:53,"D.Faber-Langendoen"
900118,"G114","TP1.d1.Na","Great Plains - Eastern North American Freshwater Aquatic Vegetation","",2025-05-05 08:38:53,"D.Faber-Langendoen"
899625,"G114","TP1.d1.Na","Great Plains - Eastern North American Freshwater Aquatic Vegetation","",2025-05-05 08:38:53,"D.Faber-Langendoen"
900114,"G114","TP1.d1.Na","Great Plains - Eastern North American Freshwater Aquatic Vegetation","",2025-05-05 08:38:53,"D.Faber-Langendoen"
934901,"G114","TP1.d1.Na","Great Plains - Eastern North American Freshwater Aquatic Vegetation","",2025-05-05 08:38:53,"D.Faber-Langendoen"
899171,"G114","TP1.d1.Na","Great Plains - Eastern North American Freshwater Aquatic Vegetation","",2025-05-05 08:38:53,"D.Faber-Langendoen"
899987,"G282","TT4.a1.Nb","Western Montane Chaparral","MT-ID-WY regional review of USNVC, March 2023",2023-04-12 05:33:20,"Cooper,S., others, D. Faber-Langendoen"
1176977,"G122","MB1.a3.Na","Atlantic & Gulf Coastal Low Salt Marsh","CT & RI review",2022-08-09 12:00:00,"J. Lundgren, K. Metzler, D. Faber-Langendoen"
1176977,"G122","MB1.a3.Na","Atlantic & Gulf Coastal Low Salt Marsh","Northeast review, part 2b",2020-12-22 12:00:00,"D. Faber-Langendoen"
1176975,"G122","MB1.a3.Na","Atlantic & Gulf Coastal Low Salt Marsh","CT & RI review",2022-08-09 12:04:27,"J. Lundgren, K. Metzler, D. Faber-Langendoen"
1176975,"G122","MB1.a3.Na","Atlantic & Gulf Coastal Low Salt Marsh","Northeast review, part 2b",2020-12-22 12:00:00,"D. Faber-Langendoen"
900009,"G123","MB1.a3.Na","Atlantic & Gulf Coastal Tidal Flat & Panne","Northeast review 2020",2020-08-10 08:47:46,"D. Faber-Langendoen"
1159177,"G123","MB1.a3.Na","Atlantic & Gulf Coastal Tidal Flat & Panne","CT & RI review",2022-08-09 12:00:00,"J. Lundgren, K. Metzler, D. Faber-Langendoen"
1159167,"G120","MB1.a3.Na","Atlantic & Gulf Coastal Brackish Salt Marsh","CT & RI review",2022-08-09 12:00:00,"J. Lundgren, K. Metzler, D. Faber-Langendoen"
899541,"G045","TP1.a2.Nb","Acadian-Appalachian Red Spruce Acidic Swamp","",2019-02-01 12:00:00,"D. Faber-Langendoen"
899540,"G045","TP1.a2.Nb","Acadian-Appalachian Red Spruce Acidic Swamp","Northeast review 2020",2020-08-10 08:47:30,"D. Faber-Langendoen"
870954,"G045","TP1.a2.Nb","Acadian-Appalachian Red Spruce Acidic Swamp","",2019-02-01 12:00:00,"D. Faber-Langendoen"
857887,"G272","TT4.b1.Ne","Central Rocky Mountain Montane-Foothill Shrubland","Previous California (NVC166) reparent was from an alliance to a group, which is not allowed, so I'm undoing that move until a suitable alliance can be chosen.",2022-10-28 12:00:00,"K. Snow"
899144,"G181","TT2.b1.Na","Central & Northern Tallgrass Oak Openings & Barrens","Central Midwest USNVC reg'l review follow-up, Aug 2023",2023-08-25 01:07:49,"D. Faber-Langendoen"
899380,"G181","TT2.b1.Na","Central & Northern Tallgrass Oak Openings & Barrens","Central Midwest USNVC reg'l review follow-up, Aug 2023",2023-08-25 01:07:49,"D. Faber-Langendoen"
899330,"G490","TT5.b1.Na","Chihuahuan Desert Foothill-Piedmont Grassland","Southwest regional peer review (NM, AZ, CO, UT, NV)",2023-02-17 02:58:14,"E. Muldavin et al."
899810,"G506","TP1.a2.Nd","Rocky Mountain-Great Basin Montane Riparian Forest","Washington NCCN Wetlands",2021-12-26 11:12:22,"Tynan Ramm-Granberg"
899414,"G159","TT2.b1.Na","South-Central Interior Oak Forest & Woodland","NVC163 Central Midwest regional review",2022-04-13 12:00:00,"D. Faber-Langendoen, M. Leahy, et al"
899543,"G103","TT2.b3.Nb","Southern Rocky Mountain Ponderosa Pine Forest & Woodland","Interior West, Rocky Mountain Uplands review",2022-01-03 10:01:33,"F.J. Triepke, P. McIntyre, D. Faber-Langendoen"
898959,"G003","MB1.a2.Ua","Caribbean Basin Mangrove","Adding new Groups, Alliances as part of 2023 Systems to Groups, Alliances review",2023-01-30 11:30:44,"D Faber-Langendoen"
688077,"A2033","TT2.b1.Na","Fagus grandifolia - Liriodendron tulipifera - Carya cordiformis Forest Alliance","Appalachian Mountains revisions 2019",2019-11-04 10:26:03,"D. Faber-Langendoen"
721881,"A2033","TT2.b1.Na","Fagus grandifolia - Liriodendron tulipifera - Carya cordiformis Forest Alliance","NVC163 Central Midwest regional review",2022-04-14 02:43:34,"D. Faber-Langendoen, M. Leahy, et al"
686756,"A2033","TT2.b1.Na","Fagus grandifolia - Liriodendron tulipifera - Carya cordiformis Forest Alliance","NVC163 Central Midwest regional review",2022-04-14 02:43:35,"D. Faber-Langendoen, M. Leahy, et al"
758564,"A2033","TT2.b1.Na","Fagus grandifolia - Liriodendron tulipifera - Carya cordiformis Forest Alliance","Appalachian Mountains revisions 2019",2019-11-04 10:26:05,"D. Faber-Langendoen"
755371,"A2033","TT2.b1.Na","Fagus grandifolia - Liriodendron tulipifera - Carya cordiformis Forest Alliance","Appalachians",2020-05-05 11:50:09,"D. Faber-Langendoen"
684949,"A2033","TT2.b1.Na","Fagus grandifolia - Liriodendron tulipifera - Carya cordiformis Forest Alliance","Appalachian Mountains revisions 2019",2019-11-04 10:26:07,"D. Faber-Langendoen"
899246,"G008","TT2.a1.Na","Sand Pine Scrub Forest & Open Woodland","M007 Longleaf pine review",2022-10-03 02:20:19,"C. Nordman, D Faber-Langendoen"
899011,"G013","TT2.a1.Na","West Gulf Coastal Plain Pine - Oak Forest & Woodland","Texas USNVC reg'l review follow-up, May 2023",2023-08-14 06:25:51,"J. Singhurst, TX ecologists, D. Faber-Langendoen"
899268,"G295","TT5.b1.Na","Mojave-Sonoran Bajada & Valley Desert Scrub","California USNVC updates Aug 2023",2023-08-25 06:51:28,"R. Boul, J. Evens, D. Faber-Langendoen"
902362,"G295","TT5.b1.Na","Mojave-Sonoran Bajada & Valley Desert Scrub","California USNVC updates Aug 2023",2023-08-25 06:51:25,"R. Boul, J. Evens, D. Faber-Langendoen"
900075,"G295","TT5.b1.Na","Mojave-Sonoran Bajada & Valley Desert Scrub","California USNVC updates Aug 2023",2023-08-25 06:51:27,"R. Boul, J. Evens, D. Faber-Langendoen"
899436,"G162","","Virginia Pine - Table Mountain Pine Woodland & Barrens","Appalachians",2020-05-05 11:50:01,"D. Faber-Langendoen"
879104,"G162","","Virginia Pine - Table Mountain Pine Woodland & Barrens","Appalachians",2020-05-05 11:49:58,"D. Faber-Langendoen"
898966,"G162","","Virginia Pine - Table Mountain Pine Woodland & Barrens","Appalachians",2020-05-05 11:49:57,"D. Faber-Langendoen"
899435,"G162","","Virginia Pine - Table Mountain Pine Woodland & Barrens","Appalachians",2020-05-05 11:49:59,"D. Faber-Langendoen"
857460,"G221","TT2.b3.Nd","Rocky Mountain Subalpine-Montane Limber Pine - Bristlecone Pine Woodland","Interior West, Rocky Mountain Uplands review",2022-01-03 10:01:01,"F.J. Triepke, P. McIntyre, D. Faber-Langendoen"
898999,"G221","TT2.b3.Nd","Rocky Mountain Subalpine-Montane Limber Pine - Bristlecone Pine Woodland","Interior West, Rocky Mountain Uplands review",2022-01-03 10:01:01,"F.J. Triepke, P. McIntyre, D. Faber-Langendoen"
857475,"G224","TT2.b3.Nd","Intermountain Basins Subalpine Limber Pine - Bristlecone Pine Woodland","Interior West, Rocky Mountain Uplands review",2022-01-03 10:01:04,"F.J. Triepke, P. McIntyre, D. Faber-Langendoen"
866482,"G224","TT2.b3.Nd","Intermountain Basins Subalpine Limber Pine - Bristlecone Pine Woodland","Interior West, Rocky Mountain Uplands review",2022-01-03 10:01:04,"F.J. Triepke, P. McIntyre, D. Faber-Langendoen"
931882,"G192","TT4.b1.Nf","Southern Great Plains Mesquite - Mixed Scrub","",2023-10-05 12:00:00,"D. Faber-Langendoen"
1159113,"M014","","Laurentian-Acadian Mesic Hardwood - Conifer Forest","final review of revisions to NVC in Northeast",2021-06-07 12:00:00,"D. Faber-Langendoen"
833233,"M014","","Laurentian-Acadian Mesic Hardwood - Conifer Forest","final review of revisions to NVC in Northeast",2021-06-07 12:00:00,"D. Faber-Langendoen"
872683,"M014","","Laurentian-Acadian Mesic Hardwood - Conifer Forest","final review of revisions to NVC in Northeast",2021-06-07 01:33:38,"D. Faber-Langendoen"
884822,"M014","","Laurentian-Acadian Mesic Hardwood - Conifer Forest","final review of revisions to NVC in Northeast",2021-06-07 12:00:00,"D. Faber-Langendoen"
1159111,"M014","","Laurentian-Acadian Mesic Hardwood - Conifer Forest","final review of revisions to NVC in Northeast",2021-06-07 12:00:00,"D. Faber-Langendoen"
1159115,"M014","","Laurentian-Acadian Mesic Hardwood - Conifer Forest","final review of revisions to NVC in Northeast",2021-06-07 12:00:00,"D. Faber-Langendoen"
1159107,"M014","","Laurentian-Acadian Mesic Hardwood - Conifer Forest","final review of revisions to NVC in Northeast",2021-06-07 01:33:38,"D. Faber-Langendoen"
899805,"G256","","North Pacific Maritime Swamp Forest","",2018-05-15 12:00:00,"D. Faber-Langendoen"
899807,"G256","","North Pacific Maritime Swamp Forest","",2018-05-15 12:00:00,"D. Faber-Langendoen"
899446,"G583","TT4.b1.Nb","Southeastern Exotic Ruderal Grassland & Shrubland","IVC clean-up Dec 2023-Jan 2024",2024-02-23 08:34:56,"D. Faber-Langendoen, P. McIntyre, C. Nordman"
899445,"G583","TT4.b1.Nb","Southeastern Exotic Ruderal Grassland & Shrubland","",2025-03-05 02:21:31,"D.Faber-Langendoen"
899565,"G186","TP1.c1.Nb","Southeastern Coastal Pocosin & Shrub Bog","Southeast, Texarkana USNVC reg'l review, June 2023",2023-06-24 09:02:50,"Southeast + TX ecologists, D. Faber-Langendoen"
899022,"G186","TP1.c1.Nb","Southeastern Coastal Pocosin & Shrub Bog","Southeast US reg'l review of USNVC, April 2023",2023-05-11 02:49:16,"D. Faber-Langendoen"
833282,"M016","","Southern & South-Central Oak - Pine Forest & Woodland","Southeast US reg'l review of USNVC, April 2023",2023-05-11 02:44:10,"D. Faber-Langendoen"
833202,"M016","","Southern & South-Central Oak - Pine Forest & Woodland","Southeast US reg'l review of USNVC, April 2023",2023-05-11 12:00:00,"D. Faber-Langendoen"
1233782,"M016","","Southern & South-Central Oak - Pine Forest & Woodland","Southeast US reg'l review of USNVC, April 2023",2023-05-11 12:00:00,"D. Faber-Langendoen"
899650,"G033","TP1.a2.Na","Bald-cypress - Tupelo Floodplain Forest","Central Midwest regional review",2022-07-24 04:57:47,"Program ecologist & D. Faber-Langendoen"
1268555,"G033","TP1.a2.Na","Bald-cypress - Tupelo Floodplain Forest","Southeast US reg'l review of USNVC, April 2023",2023-05-11 02:47:36,"D. Faber-Langendoen"
899687,"G034","TP1.a2.Na","Oak - Sweetgum Floodplain Forest","Texas USNVC reg'l review follow-up, May 2023",2023-08-14 06:26:03,"J. Singhurst, TX ecologists, D. Faber-Langendoen"
899009,"G036","TP1.a2.Na","Pond-cypress Basin Swamp","KY + TN Southeast USNVC reg'l review follow-up, May 2023",2023-08-25 12:28:02,"C. Elam, KY ecologists, D. Faber-Langendoen"
1085078,"G899","TT2.b3.Na","Great Basin Pinyon - Juniper Woodland","Interior West, Rocky Mountain Uplands review",2022-01-04 08:13:07,"F.J. Triepke, P. McIntyre, D. Faber-Langendoen"
866494,"G247","","Great Basin Pinyon - Juniper Woodland","",2019-01-10 12:00:00,"D. Faber-Langendoen"
858280,"G247","","Great Basin Pinyon - Juniper Woodland","",2019-01-10 12:00:00,"D. Faber-Langendoen"
899629,"G250","","Colorado Plateau Pinyon - Juniper Woodland","",2019-01-10 12:00:00,"D. Faber-Langendoen"
899631,"G250","","Colorado Plateau Pinyon - Juniper Woodland","",2019-01-10 12:00:00,"D. Faber-Langendoen"
899630,"G250","","Colorado Plateau Pinyon - Juniper Woodland","",2019-01-10 12:00:00,"D. Faber-Langendoen"
833247,"M026","","Intermountain Singleleaf Pinyon - Juniper Woodland","",2019-01-10 12:00:00,"D. Faber-Langendoen"
833248,"M026","","Intermountain Singleleaf Pinyon - Juniper Woodland","",2019-01-10 12:00:00,"D. Faber-Langendoen"
1239393,"G281","TT4.a1.Nb","Western Madrean Chaparral","California USNVC updates Aug 2023",2023-08-25 06:51:15,"R. Boul, J. Evens, D. Faber-Langendoen"
899843,"G281","TT4.a1.Nb","Western Madrean Chaparral","Southwest regional peer review (NM, AZ, CO, UT, NV)",2023-02-17 02:58:06,"E. Muldavin et al."
686859,"A0235","TT2.b1.Na","Liriodendron tulipifera - Tilia americana var. heterophylla - Aesculus flava Forest Alliance","Appalachians",2020-05-05 11:50:07,"D. Faber-Langendoen"
833252,"M027","","Southern Rocky Mountain-Colorado Plateau Two-needle Pinyon - Juniper Woodland","",2019-01-10 12:00:00,"D. Faber-Langendoen"
833251,"M027","","Southern Rocky Mountain-Colorado Plateau Two-needle Pinyon - Juniper Woodland","",2019-01-10 12:00:00,"D. Faber-Langendoen"
1146926,"G748","","Eastern North American Boreal Bog & Acidic Fen","Northeast review, part 2e",2021-01-16 12:00:00,"D. Faber-Langendoen"
899059,"G748","","Eastern North American Boreal Bog & Acidic Fen","Northeast review, part 2e",2021-01-16 04:16:49,"D. Faber-Langendoen"
899606,"G748","","Eastern North American Boreal Bog & Acidic Fen","Northeast review, part 2e",2021-01-16 04:16:49,"D. Faber-Langendoen"
1146924,"G748","","Eastern North American Boreal Bog & Acidic Fen","Northeast review, part 2e",2021-01-16 04:16:49,"D. Faber-Langendoen"
899888,"G748","","Eastern North American Boreal Bog & Acidic Fen","Northeast review, part 2e",2021-01-16 04:16:49,"D. Faber-Langendoen"
1159155,"G748","","Eastern North American Boreal Bog & Acidic Fen","Northeast review, part 2e",2021-01-16 12:00:00,"D. Faber-Langendoen"
899574,"G748","","Eastern North American Boreal Bog & Acidic Fen","Northeast review, part 2e",2021-01-16 04:16:49,"D. Faber-Langendoen"
688921,"A0266","TT2.b1.Na","Betula alleghaniensis - Aesculus flava Forest Alliance","NC NVC peer review",2021-04-29 12:00:00,"D. Faber-Langendoen & M. Schafale"
684667,"A0266","TT2.b1.Na","Betula alleghaniensis - Aesculus flava Forest Alliance","NC NVC peer review",2021-04-29 04:56:07,"D. Faber-Langendoen & M. Schafale"
687321,"A0266","TT2.b1.Na","Betula alleghaniensis - Aesculus flava Forest Alliance","Appalachian Mountains revisions 2019",2019-11-04 10:26:09,"D. Faber-Langendoen"
689416,"A0266","TT2.b1.Na","Betula alleghaniensis - Aesculus flava Forest Alliance","Appalachian Mountains revisions 2019",2019-11-04 10:26:10,"D. Faber-Langendoen"
689218,"A0266","TT2.b1.Na","Betula alleghaniensis - Aesculus flava Forest Alliance","Appalachians",2020-05-05 11:50:14,"D. Faber-Langendoen"
1233814,"G601","TT2.b1.Na","South-Central Interior Alkaline Forest & Woodland","KY + TN Southeast USNVC reg'l review follow-up, May 2023",2023-08-25 12:26:07,"C. Elam, KY ecologists, D. Faber-Langendoen"
899020,"G601","TT2.b1.Na","South-Central Interior Alkaline Forest & Woodland","KY + TN Southeast USNVC reg'l review follow-up, May 2023",2023-08-25 12:26:07,"C. Elam, KY ecologists, D. Faber-Langendoen"
899400,"G601","TT2.b1.Na","South-Central Interior Alkaline Forest & Woodland","KY + TN Southeast USNVC reg'l review follow-up, May 2023",2023-08-25 12:26:07,"C. Elam, KY ecologists, D. Faber-Langendoen"
899397,"G601","TT2.b1.Na","South-Central Interior Alkaline Forest & Woodland","KY + TN Southeast USNVC reg'l review follow-up, May 2023",2023-08-25 12:26:07,"C. Elam, KY ecologists, D. Faber-Langendoen"
873192,"G601","TT2.b1.Na","South-Central Interior Alkaline Forest & Woodland","KY + TN Southeast USNVC reg'l review follow-up, May 2023",2023-08-25 12:26:07,"C. Elam, KY ecologists, D. Faber-Langendoen"
899398,"G601","TT2.b1.Na","South-Central Interior Alkaline Forest & Woodland","Appalachians",2020-05-05 12:00:00,"D. Faber-Langendoen"
899086,"G068","","Great Plains Sand Grassland","Great Plains Peer Review 2019",2019-07-31 12:00:00,"D. Faber-Langendoen"
899083,"G068","","Great Plains Sand Grassland","Great Plains Peer Review 2019",2019-07-31 12:00:00,"D. Faber-Langendoen"
900054,"G108","","Eastern Alpine Cliff, Scree & Rock Vegetation","Northeast review 2020",2020-08-10 08:47:10,"D. Faber-Langendoen"
900055,"G108","","Eastern Alpine Cliff, Scree & Rock Vegetation","Northeast review 2020",2020-08-10 08:47:10,"D. Faber-Langendoen"
900109,"G335","TT4.b1.Nf","Blackland & Coastal Tallgrass Prairie","Southeast, Texarkana USNVC reg'l review, June 2023",2023-06-24 08:59:09,"Southeast + TX ecologists, D. Faber-Langendoen"
899459,"G317","TT6.b2.Nb","North Pacific Alpine-Subalpine Dwarf-shrubland","USNVC prelim review Aug 2023",2023-08-29 06:28:54,"D. Faber-Langendoen"
899458,"G317","TT6.b2.Nb","North Pacific Alpine-Subalpine Dwarf-shrubland","USNVC prelim review Aug 2023",2023-08-29 06:28:57,"D. Faber-Langendoen"
899457,"G317","TT6.b2.Nb","North Pacific Alpine-Subalpine Dwarf-shrubland","USNVC prelim review Aug 2023",2023-08-29 06:28:59,"D. Faber-Langendoen"
1283084,"G325","TP1.b1.Nc","Great Plains Freshwater Marsh","",2025-05-04 04:40:14,"D.Faber-Langendoen"
1283082,"G325","TP1.b1.Nc","Great Plains Freshwater Marsh","",2025-05-04 04:40:14,"D.Faber-Langendoen"
1283080,"G325","TP1.b1.Nc","Great Plains Freshwater Marsh","",2025-05-04 04:40:14,"D.Faber-Langendoen"
899717,"G325","TP1.b1.Nc","Great Plains Freshwater Marsh","",2025-05-04 04:40:14,"D.Faber-Langendoen"
899607,"G325","TP1.b1.Nc","Great Plains Freshwater Marsh","",2025-05-04 04:40:14,"D.Faber-Langendoen"
899644,"G337","TP1.b1.Nc","Great Plains Riparian Wet Meadow & Shrubland","CNVC AB-SK-MB rangelands & MT regional USNVC reviews",2023-03-27 04:49:15,"Cooper, S. et al; Tremblay, Pyle, Downing, DFL"
899648,"G337","TP1.b1.Nc","Great Plains Riparian Wet Meadow & Shrubland","CNVC AB-SK-MB rangelands & MT regional USNVC reviews",2023-03-27 12:00:00,"Cooper, S. et al; Tremblay, Pyle, Downing, DFL"
899411,"G104","","Eastern Alpine Tundra","Northeast review 2020",2020-08-10 08:47:10,"D. Faber-Langendoen"
899077,"G104","","Eastern Alpine Tundra","Northeast review 2020",2020-08-10 08:47:10,"D. Faber-Langendoen"
899484,"G104","","Eastern Alpine Tundra","Northeast review 2020",2020-08-10 08:47:10,"D. Faber-Langendoen"
899409,"G104","","Eastern Alpine Tundra","Northeast review 2020",2020-08-10 08:47:10,"D. Faber-Langendoen"
899078,"G104","","Eastern Alpine Tundra","Northeast review 2020",2020-08-10 08:47:10,"D. Faber-Langendoen"
899410,"G104","","Eastern Alpine Tundra","Northeast review 2020",2020-08-10 08:47:10,"D. Faber-Langendoen"
899108,"G104","","Eastern Alpine Tundra","Northeast review 2020",2020-08-10 08:47:10,"D. Faber-Langendoen"
899151,"G069","","Great Plains Sand Shrubland","Great Plains Peer Review 2019",2019-07-31 12:00:00,"D. Faber-Langendoen"
899026,"G069","","Great Plains Sand Shrubland","Great Plains Peer Review 2019",2019-07-31 12:00:00,"D. Faber-Langendoen"
931877,"G069","","Great Plains Sand Shrubland","Great Plains Peer Review 2019",2019-07-31 12:00:00,"D. Faber-Langendoen"
899005,"G069","","Great Plains Sand Shrubland","Great Plains Peer Review 2019",2019-07-31 12:00:00,"D. Faber-Langendoen"
860336,"F020","","Tropical Lowland Humid Forest","GET_revisions",2024-01-23 03:29:46,"D. Faber-Langendoen"
884648,"F020","","Tropical Lowland Humid Forest","GET_revisions",2024-01-23 03:29:45,"D. Faber-Langendoen"
860313,"F012","","Temperate Grassland & Shrubland","GET_revisions",2024-01-23 03:30:00,"D. Faber-Langendoen"
860386,"F012","","Temperate Grassland & Shrubland","GET_revisions",2024-01-23 03:30:00,"D. Faber-Langendoen"
1285402,"F012","","Temperate Grassland & Shrubland","GET_revisions",2024-01-23 03:29:59,"D. Faber-Langendoen"
860346,"F012","","Temperate Grassland & Shrubland","GET_revisions",2024-01-23 03:30:00,"D. Faber-Langendoen"
1285406,"F012","","Temperate Grassland & Shrubland","GET_revisions",2024-01-23 03:30:00,"D. Faber-Langendoen"
1285404,"F012","","Temperate Grassland & Shrubland","GET_revisions",2024-01-23 12:00:00,"D. Faber-Langendoen"
856676,"M063","","North Pacific Bog & Fen","GET_revisions",2024-01-23 03:42:08,"D. Faber-Langendoen"
856669,"M063","","North Pacific Bog & Fen","GET_revisions",2024-01-23 03:42:08,"D. Faber-Langendoen"
849275,"M063","","North Pacific Bog & Fen","GET_revisions",2024-01-23 03:42:08,"D. Faber-Langendoen"
865349,"CFO09","","Lawn, Garden & Recreational Vegetation","GET_revisions",2024-01-23 03:30:17,"D. Faber-Langendoen"
884077,"CFO09","","Lawn, Garden & Recreational Vegetation","GET_revisions",2024-01-23 03:30:17,"D. Faber-Langendoen"
899618,"G336","TP1.b1.Nc","Great Plains Wet Prairie, Wet Meadow & Seepage Fen","CNVC AB-SK-MB rangelands & MT regional USNVC reviews",2023-03-27 04:49:10,"Cooper, S. et al; Tremblay, Pyle, Downing, DFL"
899932,"G597","","Central Interior-Appalachian Flatwoods & Swamp Forest","Northeast review 2020",2020-08-10 08:46:59,"D. Faber-Langendoen"
899532,"G597","","Central Interior-Appalachian Flatwoods & Swamp Forest","Northeast review 2020",2020-08-10 08:46:59,"D. Faber-Langendoen"
1146928,"G597","","Central Interior-Appalachian Flatwoods & Swamp Forest","Northeast review 2020",2020-08-10 08:46:59,"D. Faber-Langendoen"
842028,"G597","","Central Interior-Appalachian Flatwoods & Swamp Forest","Northeast review 2020",2020-08-10 08:46:59,"D. Faber-Langendoen"
899923,"G497","TT4.a1.Na","Californian Ruderal Grassland, Meadow & Scrub","USNVC California review",2023-02-20 06:57:19,"Evens, J., R. Boul, D. Faber-Langendoen"
899087,"G497","TT4.a1.Na","Californian Ruderal Grassland, Meadow & Scrub","California updates",2022-06-22 05:25:36,"J. Evens, R. Boul, D. Faber-Langendoen"
1041487,"G498","MS2.a1.Nb","North Pacific Maritime Dune & Coastal Beach","",2025-04-11 07:21:33,"D.Faber-Langendoen"
860348,"F018","","Warm Temperate Forest & Woodland","GET_revisions",2024-01-23 03:29:51,"D. Faber-Langendoen"
1284875,"F018","","Warm Temperate Forest & Woodland","GET_revisions",2024-01-23 03:29:50,"D. Faber-Langendoen"
860388,"F018","","Warm Temperate Forest & Woodland","GET_revisions",2024-01-23 12:00:00,"D. Faber-Langendoen"
860391,"F022","","Tropical High Montane Scrub & Grassland","GET_revisions",2024-01-23 03:30:10,"D. Faber-Langendoen"
885014,"F024","","Tropical Scrub & Herb Coastal Vegetation","GET_revisions",2024-01-23 03:29:57,"D. Faber-Langendoen"
860321,"F024","","Tropical Scrub & Herb Coastal Vegetation","GET_revisions",2024-01-23 03:29:57,"D. Faber-Langendoen"
872765,"F026","","Temperate Flooded & Swamp Forest","GET_revisions",2024-01-23 03:29:53,"D. Faber-Langendoen"
860360,"F026","","Temperate Flooded & Swamp Forest","GET_revisions",2024-01-23 03:29:53,"D. Faber-Langendoen"
860318,"F026","","Temperate Flooded & Swamp Forest","GET_revisions",2024-01-23 03:29:52,"D. Faber-Langendoen"
872780,"F026","","Temperate Flooded & Swamp Forest","GET_revisions",2024-01-23 03:29:52,"D. Faber-Langendoen"
860317,"F026","","Temperate Flooded & Swamp Forest","GET_revisions",2024-01-23 03:29:52,"D. Faber-Langendoen"
884676,"F004","","Tropical Montane Humid Forest","GET_revisions",2024-01-23 03:29:47,"D. Faber-Langendoen"
860314,"F004","","Tropical Montane Humid Forest","GET_revisions",2024-01-23 03:29:47,"D. Faber-Langendoen"
1041988,"F034","","Temperate & Boreal Cliff, Scree & Other Rock Vegetation","GET_revisions",2024-01-23 03:30:14,"D. Faber-Langendoen"
860340,"F034","","Temperate & Boreal Cliff, Scree & Other Rock Vegetation","GET_revisions",2024-01-23 03:30:14,"D. Faber-Langendoen"
860409,"F034","","Temperate & Boreal Cliff, Scree & Other Rock Vegetation","GET_revisions",2024-01-23 03:30:14,"D. Faber-Langendoen"
860397,"F029","","Tropical Flooded & Swamp Forest","GET_revisions",2024-01-23 03:29:48,"D. Faber-Langendoen"
860353,"F029","","Tropical Flooded & Swamp Forest","GET_revisions",2024-01-23 03:29:49,"D. Faber-Langendoen"
893245,"F013","","Temperate to Polar Freshwater Marsh, Wet Meadow & Shrubland","GET_revisions",2024-01-23 12:00:00,"D. Faber-Langendoen"
933578,"F013","","Temperate to Polar Freshwater Marsh, Wet Meadow & Shrubland","GET_revisions",2024-01-23 12:00:00,"D. Faber-Langendoen"
860350,"F013","","Temperate to Polar Freshwater Marsh, Wet Meadow & Shrubland","GET_revisions",2024-01-23 12:00:00,"D. Faber-Langendoen"
860387,"F013","","Temperate to Polar Freshwater Marsh, Wet Meadow & Shrubland","GET_revisions",2024-01-23 12:00:00,"D. Faber-Langendoen"
933574,"F013","","Temperate to Polar Freshwater Marsh, Wet Meadow & Shrubland","GET_revisions",2024-01-23 03:30:05,"D. Faber-Langendoen"
860312,"F035","","Salt Marsh","GET_revisions",2024-01-23 03:30:07,"D. Faber-Langendoen"
861675,"F035","","Salt Marsh","GET_revisions",2024-01-23 03:30:07,"D. Faber-Langendoen"
860331,"F035","","Salt Marsh","GET_revisions",2024-01-23 03:30:07,"D. Faber-Langendoen"
860294,"F035","","Salt Marsh","GET_revisions",2024-01-23 03:30:06,"D. Faber-Langendoen"
860325,"F035","","Salt Marsh","GET_revisions",2024-01-23 03:30:06,"D. Faber-Langendoen"
860344,"F035","","Salt Marsh","GET_revisions",2024-01-23 03:30:07,"D. Faber-Langendoen"
860365,"F035","","Salt Marsh","GET_revisions",2024-01-23 03:30:07,"D. Faber-Langendoen"
860335,"F003","","Tropical Dry Forest & Woodland","GET_revisions",2024-01-23 03:29:44,"D. Faber-Langendoen"
860278,"F003","","Tropical Dry Forest & Woodland","GET_revisions",2024-01-23 03:29:45,"D. Faber-Langendoen"
860324,"F002","","Tropical Bog & Fen","GET_revisions",2024-01-23 03:30:02,"D. Faber-Langendoen"
860370,"F037","","Temperate & Boreal Alpine Tundra","GET_revisions",2024-01-23 03:30:11,"D. Faber-Langendoen"
860355,"F037","","Temperate & Boreal Alpine Tundra","GET_revisions",2024-01-23 03:30:11,"D. Faber-Langendoen"
957919,"F038","","Mediterranean Scrub & Grassland","GET_revisions",2024-01-23 03:29:58,"D. Faber-Langendoen"
877354,"D024","2.B.2.Nc","Eastern North American Grassland & Shrubland","KY + TN Southeast USNVC reg'l review follow-up, May 2023",2023-08-25 12:26:16,"C. Elam, KY ecologists, D. Faber-Langendoen"
877355,"D024","2.B.2.Nc","Eastern North American Grassland & Shrubland","KY + TN Southeast USNVC reg'l review follow-up, May 2023",2023-08-25 12:26:16,"C. Elam, KY ecologists, D. Faber-Langendoen"
877358,"D024","2.B.2.Nc","Eastern North American Grassland & Shrubland","KY + TN Southeast USNVC reg'l review follow-up, May 2023",2023-08-25 12:26:16,"C. Elam, KY ecologists, D. Faber-Langendoen"
838433,"D060","1.B.1.Nd","Madrean-Balconian Forest & Woodland","Texas USNVC reg'l review follow-up, May 2023",2023-08-14 06:25:15,"J. Singhurst, TX ecologists, D. Faber-Langendoen"
838440,"D060","1.B.1.Nd","Madrean-Balconian Forest & Woodland","Texas USNVC reg'l review follow-up, May 2023",2023-08-14 06:25:15,"J. Singhurst, TX ecologists, D. Faber-Langendoen"
836508,"M057","","Eastern North American Coastal Dune, Grassland & Rocky Headland","IVC clean-up Dec 2023-Jan 2024",2024-02-23 12:00:00,"D. Faber-Langendoen, P. McIntyre, C. Nordman"
857621,"M057","","Eastern North American Coastal Dune, Grassland & Rocky Headland","IVC clean-up Dec 2023-Jan 2024",2024-02-23 08:34:14,"D. Faber-Langendoen, P. McIntyre, C. Nordman"
837113,"M057","","Eastern North American Coastal Dune, Grassland & Rocky Headland","IVC clean-up Dec 2023-Jan 2024",2024-02-23 08:34:14,"D. Faber-Langendoen, P. McIntyre, C. Nordman"
837100,"M057","","Eastern North American Coastal Dune, Grassland & Rocky Headland","IVC clean-up Dec 2023-Jan 2024",2024-02-23 08:34:14,"D. Faber-Langendoen, P. McIntyre, C. Nordman"
837087,"M057","","Eastern North American Coastal Dune, Grassland & Rocky Headland","IVC clean-up Dec 2023-Jan 2024",2024-02-23 08:34:14,"D. Faber-Langendoen, P. McIntyre, C. Nordman"
899054,"G527","TP1.b1.Ne","Western Montane-Subalpine Riparian & Seep Shrubland","Washington NCCN Wetlands",2021-12-26 11:14:55,"Tynan Ramm-Granberg"
899824,"G527","TP1.b1.Ne","Western Montane-Subalpine Riparian & Seep Shrubland","Washington NCCN Wetlands",2021-12-26 11:15:20,"Tynan Ramm-Granberg"
900025,"G527","TP1.b1.Ne","Western Montane-Subalpine Riparian & Seep Shrubland","Washington NCCN Wetlands",2021-12-26 11:15:27,"Tynan Ramm-Granberg"
900024,"G527","TP1.b1.Ne","Western Montane-Subalpine Riparian & Seep Shrubland","Washington NCCN Wetlands",2021-12-26 11:15:27,"Tynan Ramm-Granberg"
899923,"G524","TP1.b1.Ne","Western Ruderal Marsh, Wet Meadow & Shrubland","Marin & San Mateo Counties CNPS USNVC review",2023-04-05 05:38:02,"Evens, J., Boul, R., McIntyre, P."
1279614,"D102","2.B.2.Nh","Southeastern Coastal Plain Grassland & Shrubland","KY + TN Southeast USNVC reg'l review follow-up, May 2023",2023-08-25 12:26:23,"C. Elam, KY ecologists, D. Faber-Langendoen"
860467,"D102","2.B.2.Nh","Southeastern Coastal Plain Grassland & Shrubland","KY + TN Southeast USNVC reg'l review follow-up, May 2023",2023-08-25 12:26:23,"C. Elam, KY ecologists, D. Faber-Langendoen"
856658,"M046","","Californian Ruderal Grassland, Meadow & Scrub","USNVC California review",2023-02-20 12:00:00,"Evens, J., R. Boul, D. Faber-Langendoen"
849358,"M095","","Great Basin-Intermountain Xeric-Riparian Scrub","Southwest regional peer review (NM, AZ, CO, UT, NV)",2023-02-17 12:00:00,"E. Muldavin et al."
839432,"M123","","Eastern North American Ruderal Grassland & Shrubland","IVC clean-up Dec 2023-Jan 2024",2024-02-23 12:00:00,"D. Faber-Langendoen, P. McIntyre, C. Nordman"
836914,"M048","","Central Rocky Mountain Montane-Foothill Grassland & Shrubland","Western chaparral, shrubland etc updates Aug 2023",2023-08-25 12:00:00,"Member program ecologists, D. Faber-Langendoen"
836944,"M048","","Central Rocky Mountain Montane-Foothill Grassland & Shrubland","Western chaparral, shrubland etc updates Aug 2023",2023-08-25 12:00:00,"Member program ecologists, D. Faber-Langendoen"
836901,"M048","","Central Rocky Mountain Montane-Foothill Grassland & Shrubland","Western chaparral, shrubland etc updates Aug 2023",2023-08-25 06:12:00,"Member program ecologists, D. Faber-Langendoen"
837856,"M048","","Central Rocky Mountain Montane-Foothill Grassland & Shrubland","Western chaparral, shrubland etc updates Aug 2023",2023-08-25 06:12:00,"Member program ecologists, D. Faber-Langendoen"
1270115,"D025","2.B.3.Na","North American Boreal Grassland & Shrubland","GET_revisions",2024-01-23 03:42:05,"D. Faber-Langendoen"
1270111,"D025","2.B.3.Na","North American Boreal Grassland & Shrubland","GET_revisions",2024-01-23 03:42:05,"D. Faber-Langendoen"
857235,"M075","","Western North American Montane-Subalpine-Boreal Marsh, Wet Meadow & Shrubland","",2018-05-21 12:00:00,"D. Faber-Langendoen"
857258,"M075","","Western North American Montane-Subalpine-Boreal Marsh, Wet Meadow & Shrubland","",2018-05-21 12:00:00,"D. Faber-Langendoen"
857274,"M075","","Western North American Montane-Subalpine-Boreal Marsh, Wet Meadow & Shrubland","",2018-05-16 12:00:00,"D. Faber-Langendoen"
860744,"M075","","Western North American Montane-Subalpine-Boreal Marsh, Wet Meadow & Shrubland","",2018-05-16 12:00:00,"D. Faber-Langendoen"
857292,"M075","","Western North American Montane-Subalpine-Boreal Marsh, Wet Meadow & Shrubland","",2018-05-21 12:00:00,"D. Faber-Langendoen"
899956,"G534","TP1.b3.Na","Western Great Plains Saline Wet Meadow","MT-ID-WY USNVC reg'l review follow-up, May 2023",2023-08-02 04:00:08,"MT, ID, WY ecologists, D. Faber-Langendoen"
849329,"M308","","Southern Barrens & Glade","KY + TN Southeast USNVC reg'l review follow-up, May 2023",2023-08-25 12:26:27,"C. Elam, KY ecologists, D. Faber-Langendoen"
884096,"CFO12","","Agricultural Aquatic Vegetation","GET_revisions",2024-01-23 03:30:17,"D. Faber-Langendoen"
884099,"CFO13","","Developed Aquatic Vegetation","GET_revisions",2024-01-23 03:30:18,"D. Faber-Langendoen"
860385,"F001","","Boreal Forest & Woodland","GET_revisions",2024-01-23 03:29:53,"D. Faber-Langendoen"
860279,"F036","","Boreal Flooded & Swamp Forest","GET_revisions",2024-01-23 03:29:53,"D. Faber-Langendoen"
849198,"M151","","Great Plains Forest & Woodland","Texas USNVC reg'l review follow-up, May 2023",2023-08-14 06:25:25,"J. Singhurst, TX ecologists, D. Faber-Langendoen"
1179990,"M151","","Great Plains Forest & Woodland","Texas USNVC reg'l review follow-up, May 2023",2023-08-14 12:00:00,"J. Singhurst, TX ecologists, D. Faber-Langendoen"
849207,"M151","","Great Plains Forest & Woodland","Texas USNVC reg'l review follow-up, May 2023",2023-08-14 06:25:25,"J. Singhurst, TX ecologists, D. Faber-Langendoen"
849192,"M151","","Great Plains Forest & Woodland","Texas USNVC reg'l review follow-up, May 2023",2023-08-14 12:00:00,"J. Singhurst, TX ecologists, D. Faber-Langendoen"
856641,"M151","","Great Plains Forest & Woodland","Texas USNVC reg'l review follow-up, May 2023",2023-08-14 06:25:25,"J. Singhurst, TX ecologists, D. Faber-Langendoen"
860754,"M055","","North American Boreal Shrubland & Grassland","CNVC 2023 review, NF subset",2023-02-12 03:25:53,"W. Meades, D Faber-Langendoen"
1041597,"M055","","North American Boreal Shrubland & Grassland","CNVC 2023 review, NF subset",2023-02-12 03:25:53,"W. Meades, D Faber-Langendoen"
1041594,"M055","","North American Boreal Shrubland & Grassland","CNVC 2023 review, NF subset",2023-02-12 12:00:00,"W. Meades, D Faber-Langendoen"
860829,"M055","","North American Boreal Shrubland & Grassland","CNVC 2023 review, NF subset",2023-02-12 03:25:53,"W. Meades, D Faber-Langendoen"
860839,"M055","","North American Boreal Shrubland & Grassland","CNVC 2023 review, NF subset",2023-02-12 03:25:53,"W. Meades, D Faber-Langendoen"
860878,"M055","","North American Boreal Shrubland & Grassland","CNVC 2023 review, NF subset",2023-02-12 12:00:00,"W. Meades, D Faber-Langendoen"
860808,"M055","","North American Boreal Shrubland & Grassland","CNVC 2023 review, NF subset",2023-02-12 03:25:53,"W. Meades, D Faber-Langendoen"
858054,"M060","","Eastern North American Coastal Beach & Rocky Shore","IVC clean-up Dec 2023-Jan 2024",2024-02-23 08:34:12,"D. Faber-Langendoen, P. McIntyre, C. Nordman"
889709,"M060","","Eastern North American Coastal Beach & Rocky Shore","IVC clean-up Dec 2023-Jan 2024",2024-02-23 08:34:12,"D. Faber-Langendoen, P. McIntyre, C. Nordman"
877393,"M060","","Eastern North American Coastal Beach & Rocky Shore","IVC clean-up Dec 2023-Jan 2024",2024-02-23 08:34:12,"D. Faber-Langendoen, P. McIntyre, C. Nordman"
877394,"M060","","Eastern North American Coastal Beach & Rocky Shore","IVC clean-up Dec 2023-Jan 2024",2024-02-23 08:34:12,"D. Faber-Langendoen, P. McIntyre, C. Nordman"
931850,"M060","","Eastern North American Coastal Beach & Rocky Shore","IVC clean-up Dec 2023-Jan 2024",2024-02-23 08:34:12,"D. Faber-Langendoen, P. McIntyre, C. Nordman"
860408,"F005","","Temperate to Polar Scrub & Herb Coastal Vegetation","GET_revisions",2024-01-23 03:30:01,"D. Faber-Langendoen"
860301,"F005","","Temperate to Polar Scrub & Herb Coastal Vegetation","GET_revisions",2024-01-23 03:30:01,"D. Faber-Langendoen"
860380,"F006","","Mangrove","GET_revisions",2024-01-23 03:29:50,"D. Faber-Langendoen"
860384,"F006","","Mangrove","GET_revisions",2024-01-23 03:29:50,"D. Faber-Langendoen"
860284,"F008","","Cool Temperate Forest & Woodland","GET_revisions",2024-01-23 03:29:51,"D. Faber-Langendoen"
860343,"F008","","Cool Temperate Forest & Woodland","GET_revisions",2024-01-23 03:29:51,"D. Faber-Langendoen"
1284877,"F008","","Cool Temperate Forest & Woodland","GET_revisions",2024-01-23 03:29:51,"D. Faber-Langendoen"
860286,"F011","","Tropical Cliff, Scree & Other Rock Vegetation","GET_revisions",2024-01-23 03:30:14,"D. Faber-Langendoen"
860342,"F019","","Tropical Lowland Grassland, Savanna & Shrubland","GET_revisions",2024-01-23 03:29:53,"D. Faber-Langendoen"
860309,"F019","","Tropical Lowland Grassland, Savanna & Shrubland","GET_revisions",2024-01-23 03:29:55,"D. Faber-Langendoen"
885032,"F030","","Tropical Freshwater Marsh, Wet Meadow & Shrubland","GET_revisions",2024-01-23 03:30:03,"D. Faber-Langendoen"
860280,"F030","","Tropical Freshwater Marsh, Wet Meadow & Shrubland","GET_revisions",2024-01-23 03:30:04,"D. Faber-Langendoen"
860275,"F031","","Polar Tundra & Barrens","GET_revisions",2024-02-21 09:15:51,"D. Faber-Langendoen"
860326,"F033","","Cool Semi-Desert Scrub & Grassland","GET_revisions",2024-01-23 03:30:10,"D. Faber-Langendoen"
1289144,"F015","","Warm Desert & Semi-Desert Scrub & Grassland","GET_revisions",2024-01-23 04:11:20,"D. Faber-Langendoen"
1289145,"F015","","Warm Desert & Semi-Desert Scrub & Grassland","GET_revisions",2024-01-23 04:11:20,"D. Faber-Langendoen"
933582,"F016","","Temperate to Polar Bog & Fen","GET_revisions",2024-01-23 03:30:03,"D. Faber-Langendoen"
860310,"F017","","Tropical Montane Grassland & Shrubland","GET_revisions",2024-01-23 03:29:57,"D. Faber-Langendoen"
860315,"F017","","Tropical Montane Grassland & Shrubland","GET_revisions",2024-01-23 03:29:56,"D. Faber-Langendoen"
1041374,"G357","TT4.c1.Na","Western Boreal Mesic Alder - Willow Shrubland","",2025-03-05 02:21:35,"D.Faber-Langendoen"
1041383,"G357","TT4.c1.Na","Western Boreal Mesic Alder - Willow Shrubland","",2025-03-05 02:21:35,"D.Faber-Langendoen"
1041379,"G357","TT4.c1.Na","Western Boreal Mesic Alder - Willow Shrubland","",2025-03-05 02:21:35,"D.Faber-Langendoen"
1041369,"G357","TT4.c1.Na","Western Boreal Mesic Alder - Willow Shrubland","",2025-03-05 02:21:35,"D.Faber-Langendoen"
1041343,"G359","TT4.c1.Na","Western Boreal Dry Shrubland & Grassland","",2025-05-05 08:39:09,"D.Faber-Langendoen"
1041348,"G359","TT4.c1.Na","Western Boreal Dry Shrubland & Grassland","",2025-03-05 02:22:42,"D.Faber-Langendoen"
687789,"G612","","Arctic Dune & Coastal Beach","inactive",2018-07-27 12:00:00,"M. Russo"
687617,"G612","","Arctic Dune & Coastal Beach","inactive",2018-07-27 12:00:00,"M.Russo"
687076,"G612","","Arctic Dune & Coastal Beach","inactive",2018-07-27 12:00:00,"M. Russo"
684370,"G375","","North American Arctic Cliff, Scree & Rock Vegetation","inactive",2018-07-27 12:00:00,"M. Russo"
899799,"G254","","North Pacific Lowland Riparian Forest & Woodland","",2018-05-15 12:00:00,"D. Faber-Langendoen"
899800,"G254","","North Pacific Lowland Riparian Forest & Woodland","",2018-05-15 12:00:00,"D. Faber-Langendoen"
899829,"G254","","North Pacific Lowland Riparian Forest & Woodland","",2018-05-15 12:00:00,"D. Faber-Langendoen"
899796,"G254","","North Pacific Lowland Riparian Forest & Woodland","",2018-05-15 12:00:00,"D. Faber-Langendoen"
899798,"G254","","North Pacific Lowland Riparian Forest & Woodland","",2018-05-15 12:00:00,"D. Faber-Langendoen"
838618,"D194","1.B.2.Nb","Rocky Mountain Forest & Woodland","GET_revisions",2024-01-23 03:42:04,"D. Faber-Langendoen"
877291,"D194","1.B.2.Nb","Rocky Mountain Forest & Woodland","GET_revisions",2024-01-23 03:42:04,"D. Faber-Langendoen"
838600,"D194","1.B.2.Nb","Rocky Mountain Forest & Woodland","GET_revisions",2024-01-23 03:42:05,"D. Faber-Langendoen"
877289,"D194","1.B.2.Nb","Rocky Mountain Forest & Woodland","GET_revisions",2024-01-23 03:42:04,"D. Faber-Langendoen"
685314,"A2060","TT2.b1.Na","Quercus muehlenbergii - Acer saccharum - Fraxinus americana Forest Alliance","KY + TN Southeast USNVC reg'l review follow-up, May 2023",2023-08-25 12:27:16,"C. Elam, KY ecologists, D. Faber-Langendoen"
689502,"A2060","TT2.b1.Na","Quercus muehlenbergii - Acer saccharum - Fraxinus americana Forest Alliance","KY + TN Southeast USNVC reg'l review follow-up, May 2023",2023-08-25 12:27:13,"C. Elam, KY ecologists, D. Faber-Langendoen"
689784,"A2060","TT2.b1.Na","Quercus muehlenbergii - Acer saccharum - Fraxinus americana Forest Alliance","NVC163 Central Midwest regional review",2022-04-14 02:43:31,"D. Faber-Langendoen, M. Leahy, et al"
686440,"A2048","","Quercus velutina - Quercus alba Eastern Forest Alliance","Appalachian Mountains revisions 2019",2019-11-04 10:25:12,"D. Faber-Langendoen"
684700,"A2048","","Quercus velutina - Quercus alba Eastern Forest Alliance","Appalachian Mountains revisions 2019",2019-11-04 10:25:10,"D. Faber-Langendoen"
787680,"A2048","","Quercus velutina - Quercus alba Eastern Forest Alliance","Appalachians",2020-05-05 11:47:55,"D. Faber-Langendoen"
683149,"A2048","","Quercus velutina - Quercus alba Eastern Forest Alliance","Appalachians",2020-05-05 11:47:55,"D. Faber-Langendoen"
683798,"A2048","","Quercus velutina - Quercus alba Eastern Forest Alliance","Appalachian Mountains revisions 2019",2019-11-04 10:25:14,"D. Faber-Langendoen"
835984,"M508","","Central Interior Calcareous Scrub & Grassland","Southeast US reg'l review of USNVC, April 2023",2023-05-11 12:00:00,"D. Faber-Langendoen"
835969,"M509","","Central Interior Acidic Scrub & Grassland","Southeast US reg'l review of USNVC, April 2023",2023-05-11 02:44:29,"D. Faber-Langendoen"
860327,"F053","","Benthic Macroalgae Saltwater Vegetation","GET_revisions",2024-01-23 03:30:12,"D. Faber-Langendoen"
860362,"F056","","Tropical Freshwater Aquatic Vegetation","GET_revisions",2024-01-23 03:30:12,"D. Faber-Langendoen"
860392,"F056","","Tropical Freshwater Aquatic Vegetation","GET_revisions",2024-01-23 03:30:12,"D. Faber-Langendoen"
884055,"CFO08","","Herbaceous Wetland Crop","GET_revisions",2024-01-23 03:30:17,"D. Faber-Langendoen"
884089,"CFO11","","Developed Wetland Vegetation","GET_revisions",2024-01-23 03:30:17,"D. Faber-Langendoen"
686196,"A2072","TT4.d1.Na","Hydrangea arborescens / Heuchera villosa Appalachian Circumneutral Cliff Alliance","New Hampshire EIA work & associated NVC refinements",2022-10-17 08:13:31,"W. Nichols, D Faber-Langendoen"
688861,"A2072","TT4.d1.Na","Hydrangea arborescens / Heuchera villosa Appalachian Circumneutral Cliff Alliance","New Hampshire EIA work & associated NVC refinements",2022-10-17 08:13:31,"W. Nichols, D Faber-Langendoen"
795484,"A2072","TT4.d1.Na","Hydrangea arborescens / Heuchera villosa Appalachian Circumneutral Cliff Alliance","New Hampshire EIA work & associated NVC refinements",2022-10-17 08:13:31,"W. Nichols, D Faber-Langendoen"
689684,"A2072","TT4.d1.Na","Hydrangea arborescens / Heuchera villosa Appalachian Circumneutral Cliff Alliance","New Hampshire EIA work & associated NVC refinements",2022-10-17 08:13:31,"W. Nichols, D Faber-Langendoen"
899776,"G507","TP1.a2.Nf","North-Central Pacific Montane Riparian & Seepage Swamp","",2022-01-25 05:31:18,"D. Faber-Langendoen"
898978,"G507","TP1.a2.Nf","North-Central Pacific Montane Riparian & Seepage Swamp","",2024-06-21 12:00:00,"D.Faber-Langendoen"
689488,"A2047","TT2.b1.Na","Quercus muehlenbergii - Acer saccharum - Tilia americana Forest Alliance","Appalachian Mountains revisions 2019",2019-11-04 10:25:49,"D. Faber-Langendoen"
686267,"A2047","TT2.b1.Na","Quercus muehlenbergii - Acer saccharum - Tilia americana Forest Alliance","Appalachian Mountains revisions 2019",2019-11-04 10:25:51,"D. Faber-Langendoen"
685314,"A2047","TT2.b1.Na","Quercus muehlenbergii - Acer saccharum - Tilia americana Forest Alliance","Appalachians",2020-05-05 11:49:17,"D. Faber-Langendoen"
686189,"A2047","TT2.b1.Na","Quercus muehlenbergii - Acer saccharum - Tilia americana Forest Alliance","Appalachians",2020-05-05 11:49:15,"D. Faber-Langendoen"
685169,"A2047","TT2.b1.Na","Quercus muehlenbergii - Acer saccharum - Tilia americana Forest Alliance","Appalachians",2020-05-05 11:49:14,"D. Faber-Langendoen"
881483,"G755","TP1.b1.Nc","Eastern North American Scrub & Herb Riverbed Wetland","Southeast US reg'l review of USNVC, April 2023",2023-05-11 02:44:56,"D. Faber-Langendoen"
1176981,"G755","TP1.b1.Nc","Eastern North American Scrub & Herb Riverbed Wetland","Southeast US reg'l review of USNVC, April 2023",2023-05-11 02:44:56,"D. Faber-Langendoen"
1176981,"G755","TP1.b1.Nc","Eastern North American Scrub & Herb Riverbed Wetland","Northeast review, part 2b",2020-12-22 07:54:20,"D. Faber-Langendoen"
899705,"G755","TP1.b1.Nc","Eastern North American Scrub & Herb Riverbed Wetland","Southeast US reg'l review of USNVC, April 2023",2023-05-11 02:44:56,"D. Faber-Langendoen"
938463,"G755","TP1.b1.Nc","Eastern North American Scrub & Herb Riverbed Wetland","Southeast US reg'l review of USNVC, April 2023",2023-05-11 02:44:56,"D. Faber-Langendoen"
878915,"G755","TP1.b1.Nc","Eastern North American Scrub & Herb Riverbed Wetland","Southeast US reg'l review of USNVC, April 2023",2023-05-11 02:44:56,"D. Faber-Langendoen"
899704,"G755","TP1.b1.Nc","Eastern North American Scrub & Herb Riverbed Wetland","Southeast US reg'l review of USNVC, April 2023",2023-05-11 02:44:56,"D. Faber-Langendoen"
899049,"G755","TP1.b1.Nc","Eastern North American Scrub & Herb Riverbed Wetland","Southeast US reg'l review of USNVC, April 2023",2023-05-11 02:44:56,"D. Faber-Langendoen"
1176971,"G755","TP1.b1.Nc","Eastern North American Scrub & Herb Riverbed Wetland","Southeast US reg'l review of USNVC, April 2023",2023-05-11 02:44:56,"D. Faber-Langendoen"
1176971,"G755","TP1.b1.Nc","Eastern North American Scrub & Herb Riverbed Wetland","Northeast review, part 2b",2020-12-22 07:54:21,"D. Faber-Langendoen"
899904,"G755","TP1.b1.Nc","Eastern North American Scrub & Herb Riverbed Wetland","Southeast US reg'l review of USNVC, April 2023",2023-05-11 02:44:56,"D. Faber-Langendoen"
899046,"G755","TP1.b1.Nc","Eastern North American Scrub & Herb Riverbed Wetland","Southeast US reg'l review of USNVC, April 2023",2023-05-11 02:44:56,"D. Faber-Langendoen"
899905,"G755","TP1.b1.Nc","Eastern North American Scrub & Herb Riverbed Wetland","Southeast US reg'l review of USNVC, April 2023",2023-05-11 02:44:56,"D. Faber-Langendoen"
899878,"G754","","Northeastern Riverscour Barrens & Prairie","Northeast review 2020",2020-08-10 12:00:00,"D. Faber-Langendoen"
899361,"G649","TT2.b1.Na","North-Central Oak - Hickory Forest & Woodland","Central Midwest regional review",2022-07-24 04:57:37,"Program ecologist & D. Faber-Langendoen"
899004,"G649","TT2.b1.Na","North-Central Oak - Hickory Forest & Woodland","Central Midwest USNVC reg'l review follow-up, Aug 2023",2023-08-25 01:07:46,"D. Faber-Langendoen"
1242959,"G649","TT2.b1.Na","North-Central Oak - Hickory Forest & Woodland","Central Midwest USNVC reg'l review follow-up, Aug 2023",2023-08-25 01:07:46,"D. Faber-Langendoen"
899448,"G649","TT2.b1.Na","North-Central Oak - Hickory Forest & Woodland","Central Midwest USNVC reg'l review follow-up, Aug 2023",2023-08-25 01:07:46,"D. Faber-Langendoen"
1242963,"G649","TT2.b1.Na","North-Central Oak - Hickory Forest & Woodland","Central Midwest USNVC reg'l review follow-up, Aug 2023",2023-08-25 12:00:00,"D. Faber-Langendoen"
1242961,"G649","TT2.b1.Na","North-Central Oak - Hickory Forest & Woodland","Central Midwest USNVC reg'l review follow-up, Aug 2023",2023-08-25 12:00:00,"D. Faber-Langendoen"
879076,"G651","TT2.b1.Na","Central Interior Oak Savanna & Barrens","KY + TN Southeast USNVC reg'l review follow-up, May 2023",2023-08-25 12:26:03,"C. Elam, KY ecologists, D. Faber-Langendoen"
1233796,"G651","TT2.b1.Na","Central Interior Oak Savanna & Barrens","KY + TN Southeast USNVC reg'l review follow-up, May 2023",2023-08-25 12:26:03,"C. Elam, KY ecologists, D. Faber-Langendoen"
899763,"G652","TP1.a2.Nb","Midwest Floodplain Forest","NVC163 Central Midwest regional review",2022-04-14 02:43:40,"D. Faber-Langendoen, M. Leahy, et al"
1159125,"G654","TP1.a2.Nb","South-Central Flatwoods & Pond Forest","New Hampshire EIA work & associated NVC refinements",2022-10-17 08:14:03,"W. Nichols, D Faber-Langendoen"
689484,"A2036","TT2.b3.Nd","Populus tremuloides Rocky Mountain Forest & Woodland Alliance","MT-ID-WY regional review of USNVC, March 2023",2023-04-12 05:29:38,"Cooper,S., others, D. Faber-Langendoen"
689613,"A2036","TT2.b3.Nd","Populus tremuloides Rocky Mountain Forest & Woodland Alliance","MT-ID-WY regional review of USNVC, March 2023",2023-04-12 05:29:38,"Cooper,S., others, D. Faber-Langendoen"
686164,"A2036","TT2.b3.Nd","Populus tremuloides Rocky Mountain Forest & Woodland Alliance","MT-ID-WY regional review of USNVC, March 2023",2023-04-12 05:29:38,"Cooper,S., others, D. Faber-Langendoen"
687251,"A2036","TT2.b3.Nd","Populus tremuloides Rocky Mountain Forest & Woodland Alliance","MT-ID-WY regional review of USNVC, March 2023",2023-04-12 05:29:38,"Cooper,S., others, D. Faber-Langendoen"
686317,"A2036","TT2.b3.Nd","Populus tremuloides Rocky Mountain Forest & Woodland Alliance","MT-ID-WY regional review of USNVC, March 2023",2023-04-12 05:29:38,"Cooper,S., others, D. Faber-Langendoen"
689492,"A2036","TT2.b3.Nd","Populus tremuloides Rocky Mountain Forest & Woodland Alliance","MT-ID-WY regional review of USNVC, March 2023",2023-04-12 05:29:38,"Cooper,S., others, D. Faber-Langendoen"
683751,"A2036","TT2.b3.Nd","Populus tremuloides Rocky Mountain Forest & Woodland Alliance","MT-ID-WY regional review of USNVC, March 2023",2023-04-12 05:29:38,"Cooper,S., others, D. Faber-Langendoen"
683284,"A2036","TT2.b3.Nd","Populus tremuloides Rocky Mountain Forest & Woodland Alliance","MT-ID-WY regional review of USNVC, March 2023",2023-04-12 05:29:38,"Cooper,S., others, D. Faber-Langendoen"
688042,"A2036","TT2.b3.Nd","Populus tremuloides Rocky Mountain Forest & Woodland Alliance","MT-ID-WY regional review of USNVC, March 2023",2023-04-12 05:29:38,"Cooper,S., others, D. Faber-Langendoen"
686318,"A2036","TT2.b3.Nd","Populus tremuloides Rocky Mountain Forest & Woodland Alliance","MT-ID-WY regional review of USNVC, March 2023",2023-04-12 05:29:38,"Cooper,S., others, D. Faber-Langendoen"
689568,"A2036","TT2.b3.Nd","Populus tremuloides Rocky Mountain Forest & Woodland Alliance","MT-ID-WY regional review of USNVC, March 2023",2023-04-12 05:29:38,"Cooper,S., others, D. Faber-Langendoen"
685863,"A2036","TT2.b3.Nd","Populus tremuloides Rocky Mountain Forest & Woodland Alliance","Washington NCCN Wetlands",2021-12-26 11:12:27,"Tynan Ramm-Granberg"
948321,"A2036","TT2.b3.Nd","Populus tremuloides Rocky Mountain Forest & Woodland Alliance","MT-ID-WY regional review of USNVC, March 2023",2023-04-12 05:29:38,"Cooper,S., others, D. Faber-Langendoen"
785411,"A2036","TT2.b3.Nd","Populus tremuloides Rocky Mountain Forest & Woodland Alliance","MT-ID-WY regional review of USNVC, March 2023",2023-04-12 05:29:38,"Cooper,S., others, D. Faber-Langendoen"
731502,"A2036","TT2.b3.Nd","Populus tremuloides Rocky Mountain Forest & Woodland Alliance","MT-ID-WY regional review of USNVC, March 2023",2023-04-12 05:29:38,"Cooper,S., others, D. Faber-Langendoen"
689815,"A2036","TT2.b3.Nd","Populus tremuloides Rocky Mountain Forest & Woodland Alliance","MT-ID-WY regional review of USNVC, March 2023",2023-04-12 05:29:38,"Cooper,S., others, D. Faber-Langendoen"
684241,"A2036","TT2.b3.Nd","Populus tremuloides Rocky Mountain Forest & Woodland Alliance","MT-ID-WY regional review of USNVC, March 2023",2023-04-12 05:29:38,"Cooper,S., others, D. Faber-Langendoen"
689780,"A2036","TT2.b3.Nd","Populus tremuloides Rocky Mountain Forest & Woodland Alliance","MT-ID-WY regional review of USNVC, March 2023",2023-04-12 05:29:38,"Cooper,S., others, D. Faber-Langendoen"
685611,"A2036","TT2.b3.Nd","Populus tremuloides Rocky Mountain Forest & Woodland Alliance","MT-ID-WY regional review of USNVC, March 2023",2023-04-12 05:29:38,"Cooper,S., others, D. Faber-Langendoen"
686639,"A2036","TT2.b3.Nd","Populus tremuloides Rocky Mountain Forest & Woodland Alliance","MT-ID-WY regional review of USNVC, March 2023",2023-04-12 05:29:38,"Cooper,S., others, D. Faber-Langendoen"
684172,"A2036","TT2.b3.Nd","Populus tremuloides Rocky Mountain Forest & Woodland Alliance","MT-ID-WY regional review of USNVC, March 2023",2023-04-12 05:29:38,"Cooper,S., others, D. Faber-Langendoen"
684087,"A2036","TT2.b3.Nd","Populus tremuloides Rocky Mountain Forest & Woodland Alliance","MT-ID-WY regional review of USNVC, March 2023",2023-04-12 05:29:38,"Cooper,S., others, D. Faber-Langendoen"
683750,"A2036","TT2.b3.Nd","Populus tremuloides Rocky Mountain Forest & Woodland Alliance","MT-ID-WY regional review of USNVC, March 2023",2023-04-12 05:29:38,"Cooper,S., others, D. Faber-Langendoen"
689004,"A2036","TT2.b3.Nd","Populus tremuloides Rocky Mountain Forest & Woodland Alliance","MT-ID-WY regional review of USNVC, March 2023",2023-04-12 05:29:38,"Cooper,S., others, D. Faber-Langendoen"
687598,"A2036","TT2.b3.Nd","Populus tremuloides Rocky Mountain Forest & Woodland Alliance","MT-ID-WY regional review of USNVC, March 2023",2023-04-12 05:29:38,"Cooper,S., others, D. Faber-Langendoen"
686162,"A2036","TT2.b3.Nd","Populus tremuloides Rocky Mountain Forest & Woodland Alliance","MT-ID-WY regional review of USNVC, March 2023",2023-04-12 05:29:38,"Cooper,S., others, D. Faber-Langendoen"
689816,"A2036","TT2.b3.Nd","Populus tremuloides Rocky Mountain Forest & Woodland Alliance","MT-ID-WY regional review of USNVC, March 2023",2023-04-12 05:29:38,"Cooper,S., others, D. Faber-Langendoen"
689199,"A2036","TT2.b3.Nd","Populus tremuloides Rocky Mountain Forest & Woodland Alliance","MT-ID-WY regional review of USNVC, March 2023",2023-04-12 05:29:38,"Cooper,S., others, D. Faber-Langendoen"
684029,"A2036","TT2.b3.Nd","Populus tremuloides Rocky Mountain Forest & Woodland Alliance","MT-ID-WY regional review of USNVC, March 2023",2023-04-12 05:29:38,"Cooper,S., others, D. Faber-Langendoen"
684854,"A2036","TT2.b3.Nd","Populus tremuloides Rocky Mountain Forest & Woodland Alliance","MT-ID-WY regional review of USNVC, March 2023",2023-04-12 05:29:38,"Cooper,S., others, D. Faber-Langendoen"
687046,"A2036","TT2.b3.Nd","Populus tremuloides Rocky Mountain Forest & Woodland Alliance","MT-ID-WY regional review of USNVC, March 2023",2023-04-12 05:29:38,"Cooper,S., others, D. Faber-Langendoen"
689855,"A2036","TT2.b3.Nd","Populus tremuloides Rocky Mountain Forest & Woodland Alliance","MT-ID-WY regional review of USNVC, March 2023",2023-04-12 05:29:38,"Cooper,S., others, D. Faber-Langendoen"
689782,"A2036","TT2.b3.Nd","Populus tremuloides Rocky Mountain Forest & Woodland Alliance","MT-ID-WY regional review of USNVC, March 2023",2023-04-12 05:29:38,"Cooper,S., others, D. Faber-Langendoen"
685612,"A2036","TT2.b3.Nd","Populus tremuloides Rocky Mountain Forest & Woodland Alliance","MT-ID-WY regional review of USNVC, March 2023",2023-04-12 05:29:38,"Cooper,S., others, D. Faber-Langendoen"
683895,"A2036","TT2.b3.Nd","Populus tremuloides Rocky Mountain Forest & Woodland Alliance","MT-ID-WY regional review of USNVC, March 2023",2023-04-12 05:29:38,"Cooper,S., others, D. Faber-Langendoen"
790680,"A2036","TT2.b3.Nd","Populus tremuloides Rocky Mountain Forest & Woodland Alliance","MT-ID-WY regional review of USNVC, March 2023",2023-04-12 05:29:38,"Cooper,S., others, D. Faber-Langendoen"
735313,"A2036","TT2.b3.Nd","Populus tremuloides Rocky Mountain Forest & Woodland Alliance","MT-ID-WY regional review of USNVC, March 2023",2023-04-12 05:29:38,"Cooper,S., others, D. Faber-Langendoen"
684357,"A2036","TT2.b3.Nd","Populus tremuloides Rocky Mountain Forest & Woodland Alliance","MT-ID-WY regional review of USNVC, March 2023",2023-04-12 05:29:38,"Cooper,S., others, D. Faber-Langendoen"
688041,"A2036","TT2.b3.Nd","Populus tremuloides Rocky Mountain Forest & Woodland Alliance","MT-ID-WY regional review of USNVC, March 2023",2023-04-12 05:29:38,"Cooper,S., others, D. Faber-Langendoen"
686599,"A2036","TT2.b3.Nd","Populus tremuloides Rocky Mountain Forest & Woodland Alliance","MT-ID-WY regional review of USNVC, March 2023",2023-04-12 05:29:38,"Cooper,S., others, D. Faber-Langendoen"
688537,"A2036","TT2.b3.Nd","Populus tremuloides Rocky Mountain Forest & Woodland Alliance","MT-ID-WY regional review of USNVC, March 2023",2023-04-12 05:29:38,"Cooper,S., others, D. Faber-Langendoen"
688104,"A2036","TT2.b3.Nd","Populus tremuloides Rocky Mountain Forest & Woodland Alliance","MT-ID-WY regional review of USNVC, March 2023",2023-04-12 05:29:38,"Cooper,S., others, D. Faber-Langendoen"
685993,"A2036","TT2.b3.Nd","Populus tremuloides Rocky Mountain Forest & Woodland Alliance","MT-ID-WY regional review of USNVC, March 2023",2023-04-12 05:29:38,"Cooper,S., others, D. Faber-Langendoen"
686139,"A2036","TT2.b3.Nd","Populus tremuloides Rocky Mountain Forest & Woodland Alliance","MT-ID-WY regional review of USNVC, March 2023",2023-04-12 05:29:38,"Cooper,S., others, D. Faber-Langendoen"
689493,"A2036","TT2.b3.Nd","Populus tremuloides Rocky Mountain Forest & Woodland Alliance","MT-ID-WY regional review of USNVC, March 2023",2023-04-12 05:29:38,"Cooper,S., others, D. Faber-Langendoen"
683840,"A2036","TT2.b3.Nd","Populus tremuloides Rocky Mountain Forest & Woodland Alliance","MT-ID-WY regional review of USNVC, March 2023",2023-04-12 05:29:38,"Cooper,S., others, D. Faber-Langendoen"
688969,"A2036","TT2.b3.Nd","Populus tremuloides Rocky Mountain Forest & Woodland Alliance","MT-ID-WY regional review of USNVC, March 2023",2023-04-12 05:29:38,"Cooper,S., others, D. Faber-Langendoen"
689360,"A2036","TT2.b3.Nd","Populus tremuloides Rocky Mountain Forest & Woodland Alliance","MT-ID-WY regional review of USNVC, March 2023",2023-04-12 05:29:38,"Cooper,S., others, D. Faber-Langendoen"
686603,"A2036","TT2.b3.Nd","Populus tremuloides Rocky Mountain Forest & Woodland Alliance","MT-ID-WY regional review of USNVC, March 2023",2023-04-12 05:29:38,"Cooper,S., others, D. Faber-Langendoen"
686163,"A2036","TT2.b3.Nd","Populus tremuloides Rocky Mountain Forest & Woodland Alliance","MT-ID-WY regional review of USNVC, March 2023",2023-04-12 05:29:38,"Cooper,S., others, D. Faber-Langendoen"
683417,"A2036","TT2.b3.Nd","Populus tremuloides Rocky Mountain Forest & Woodland Alliance","Interior West remaining edits per J. Triepke, USFS",2022-07-07 07:44:51,"J. Triepke, P. McIntyre, D. Faber-Langendoen"
689306,"A2036","TT2.b3.Nd","Populus tremuloides Rocky Mountain Forest & Woodland Alliance","MT-ID-WY regional review of USNVC, March 2023",2023-04-12 05:29:38,"Cooper,S., others, D. Faber-Langendoen"
686354,"A2036","TT2.b3.Nd","Populus tremuloides Rocky Mountain Forest & Woodland Alliance","MT-ID-WY regional review of USNVC, March 2023",2023-04-12 05:29:38,"Cooper,S., others, D. Faber-Langendoen"
684356,"A2036","TT2.b3.Nd","Populus tremuloides Rocky Mountain Forest & Woodland Alliance","MT-ID-WY regional review of USNVC, March 2023",2023-04-12 05:29:38,"Cooper,S., others, D. Faber-Langendoen"
689510,"A2036","TT2.b3.Nd","Populus tremuloides Rocky Mountain Forest & Woodland Alliance","MT-ID-WY regional review of USNVC, March 2023",2023-04-12 05:29:38,"Cooper,S., others, D. Faber-Langendoen"
687509,"A2036","TT2.b3.Nd","Populus tremuloides Rocky Mountain Forest & Woodland Alliance","MT-ID-WY regional review of USNVC, March 2023",2023-04-12 05:29:38,"Cooper,S., others, D. Faber-Langendoen"
689066,"A2036","TT2.b3.Nd","Populus tremuloides Rocky Mountain Forest & Woodland Alliance","MT-ID-WY regional review of USNVC, March 2023",2023-04-12 05:29:38,"Cooper,S., others, D. Faber-Langendoen"
685181,"A2036","TT2.b3.Nd","Populus tremuloides Rocky Mountain Forest & Woodland Alliance","MT-ID-WY regional review of USNVC, March 2023",2023-04-12 05:29:38,"Cooper,S., others, D. Faber-Langendoen"
687636,"A2036","TT2.b3.Nd","Populus tremuloides Rocky Mountain Forest & Woodland Alliance","MT-ID-WY regional review of USNVC, March 2023",2023-04-12 05:29:38,"Cooper,S., others, D. Faber-Langendoen"
884046,"CFO07","","Fallow Field & Weed Vegetation","GET_revisions",2024-01-23 03:30:16,"D. Faber-Langendoen"
884052,"CFO07","","Fallow Field & Weed Vegetation","GET_revisions",2024-01-23 03:30:17,"D. Faber-Langendoen"
884049,"CFO07","","Fallow Field & Weed Vegetation","GET_revisions",2024-01-23 03:30:17,"D. Faber-Langendoen"
860357,"F057","","Temperate to Polar Freshwater Aquatic Vegetation","GET_revisions",2024-01-23 03:30:13,"D. Faber-Langendoen"
900012,"G670","TT4.b1.Nb","Southern Appalachian Rocky Outcrop","Southeast US reg'l review of USNVC, April 2023",2023-05-11 02:48:04,"D. Faber-Langendoen"
900011,"G670","TT4.b1.Nb","Southern Appalachian Rocky Outcrop","USNVC NC revisions",2023-10-18 06:20:03,"M. Schafale, D. Faber-Langendoen"
884113,"CFO01","","Woody Horticultural Crop","GET_revisions",2024-01-23 03:30:15,"D. Faber-Langendoen"
884106,"CFO01","","Woody Horticultural Crop","GET_revisions",2024-01-23 03:30:15,"D. Faber-Langendoen"
884110,"CFO01","","Woody Horticultural Crop","GET_revisions",2024-01-23 03:30:15,"D. Faber-Langendoen"
884102,"CFO01","","Woody Horticultural Crop","GET_revisions",2024-01-23 03:30:15,"D. Faber-Langendoen"
883997,"CFO02","","Forest Plantation & Agroforestry","GET_revisions",2024-01-23 03:30:15,"D. Faber-Langendoen"
883988,"CFO02","","Forest Plantation & Agroforestry","GET_revisions",2024-01-23 03:30:15,"D. Faber-Langendoen"
1150933,"G919","TT2.b1.Na","Laurentian Hemlock - Hardwood Forest","Northeast review 2020",2020-08-10 08:47:21,"D. Faber-Langendoen"
1150939,"G919","TT2.b1.Na","Laurentian Hemlock - Hardwood Forest","Northeast review 2020",2020-08-10 08:47:20,"D. Faber-Langendoen"
1150937,"G919","TT2.b1.Na","Laurentian Hemlock - Hardwood Forest","Northeast review 2020",2020-08-10 08:47:20,"D. Faber-Langendoen"
1150935,"G919","TT2.b1.Na","Laurentian Hemlock - Hardwood Forest","Northeast review 2020",2020-08-10 08:47:21,"D. Faber-Langendoen"
1150933,"G741","","Laurentian-Acadian Hemlock - White Pine - Hardwood Forest","Northeast review 2020",2020-08-10 08:46:58,"D. Faber-Langendoen"
1150939,"G741","","Laurentian-Acadian Hemlock - White Pine - Hardwood Forest","Northeast review 2020",2020-08-10 08:46:58,"D. Faber-Langendoen"
1150937,"G741","","Laurentian-Acadian Hemlock - White Pine - Hardwood Forest","Northeast review 2020",2020-08-10 08:46:58,"D. Faber-Langendoen"
1150935,"G741","","Laurentian-Acadian Hemlock - White Pine - Hardwood Forest","Northeast review 2020",2020-08-10 08:46:58,"D. Faber-Langendoen"
1150933,"G742","TT2.b1.Na","Central Appalachian-Northeast Mesic Forest","Vermont",2020-05-07 02:26:24,"D. Faber-Langendoen"
688833,"G365","","North American Arctic & Subarctic Lichen - Sparse Dwarf-shrub Tundra","inactive",2018-07-27 12:00:00,"M. Russo"
683877,"G365","","North American Arctic & Subarctic Lichen - Sparse Dwarf-shrub Tundra","inactive",2018-07-27 12:00:00,"M. Russo"
899059,"G745","","North Atlantic Coastal Bog & Fen","Northeast review, part 2",2020-12-16 06:42:39,"D. Faber-Langendoen"
899606,"G745","","North Atlantic Coastal Bog & Fen","Northeast review 2020",2020-08-10 08:47:36,"D. Faber-Langendoen"
1159169,"G745","","North Atlantic Coastal Bog & Fen","Northeast review, part 2",2020-12-16 12:00:00,"D. Faber-Langendoen"
899530,"G745","","North Atlantic Coastal Bog & Fen","Northeast review, part 2",2020-12-16 12:00:00,"D. Faber-Langendoen"
1159139,"G745","","North Atlantic Coastal Bog & Fen","Northeast review, part 2",2020-12-16 06:42:42,"D. Faber-Langendoen"
1159155,"G745","","North Atlantic Coastal Bog & Fen","Northeast review, part 2",2020-12-16 12:00:00,"D. Faber-Langendoen"
899574,"G745","","North Atlantic Coastal Bog & Fen","Vermont",2020-04-29 01:14:24,"D. Faber-Langendoen"
865352,"CFO10","","Other Developed Vegetation","GET_revisions",2024-01-23 03:30:17,"D. Faber-Langendoen"
899438,"G744","TT2.b1.Na","Acadian-Appalachian Red Spruce - Fir - Hardwood Forest","New Hampshire EIA work & associated NVC refinements",2022-10-17 08:13:46,"W. Nichols, D Faber-Langendoen"
907535,"D029","2.C.2.Na","North American Bog & Fen","GET_revisions",2024-01-23 03:42:05,"D. Faber-Langendoen"
950084,"A0524","","Pinus rigida Woodland Alliance","",2019-01-24 12:00:00,"D. Faber-Langendoen"
683533,"A0524","","Pinus rigida Woodland Alliance","",2019-01-24 12:00:00,"D. Faber-Langendoen"
688955,"A0524","","Pinus rigida Woodland Alliance","",2019-01-24 12:00:00,"D. Faber-Langendoen"
684099,"A0524","","Pinus rigida Woodland Alliance","",2019-01-24 12:00:00,"D. Faber-Langendoen"
688606,"A0524","","Pinus rigida Woodland Alliance","",2019-01-24 12:00:00,"D. Faber-Langendoen"
689988,"A0524","","Pinus rigida Woodland Alliance","",2019-01-24 12:00:00,"D. Faber-Langendoen"
685733,"A0524","","Pinus rigida Woodland Alliance","",2019-01-24 12:00:00,"D. Faber-Langendoen"
686132,"A0524","","Pinus rigida Woodland Alliance","",2019-01-24 12:00:00,"D. Faber-Langendoen"
689237,"A0524","","Pinus rigida Woodland Alliance","",2019-01-24 12:00:00,"D. Faber-Langendoen"
684722,"A1011","TP1.b1.Na","Cephalanthus occidentalis Shrub Swamp Alliance","Northeast review 2020",2020-08-10 08:47:42,"D. Faber-Langendoen"
688181,"G366","","North American Arctic & Subarctic Dryas Dwarf-shrub Tundra","inactive",2018-07-27 12:00:00,"M. Russo"
686584,"G366","","North American Arctic & Subarctic Dryas Dwarf-shrub Tundra","inactive",2018-07-27 12:00:00,"M. Russo"
803030,"A2035","TT2.b3.Nd","Pinus flexilis Intermountain Basins Forest & Woodland Alliance","California updates",2022-06-22 05:24:14,"J. Evens, R. Boul, D. Faber-Langendoen"
835949,"D192","1.B.2.Nd","Vancouverian Forest & Woodland","GET_revisions",2024-01-23 03:42:04,"D. Faber-Langendoen"
860518,"D192","1.B.2.Nd","Vancouverian Forest & Woodland","GET_revisions",2024-01-23 03:42:04,"D. Faber-Langendoen"
932906,"D192","1.B.2.Nd","Vancouverian Forest & Woodland","GET_revisions",2024-01-23 03:42:04,"D. Faber-Langendoen"
835948,"D192","1.B.2.Nd","Vancouverian Forest & Woodland","GET_revisions",2024-01-23 03:42:04,"D. Faber-Langendoen"
835947,"D192","1.B.2.Nd","Vancouverian Forest & Woodland","GET_revisions",2024-01-23 03:42:04,"D. Faber-Langendoen"
1150951,"G743","","Laurentian-Acadian Hardwood Forest","Northeast review 2020",2020-08-10 08:46:58,"D. Faber-Langendoen"
1150947,"G743","","Laurentian-Acadian Hardwood Forest","Northeast review 2020",2020-08-10 08:46:58,"D. Faber-Langendoen"
1150941,"G743","","Laurentian-Acadian Hardwood Forest","Northeast review 2020",2020-08-10 08:46:58,"D. Faber-Langendoen"
1150949,"G743","","Laurentian-Acadian Hardwood Forest","Northeast review 2020",2020-08-10 08:46:58,"D. Faber-Langendoen"
899421,"G743","","Laurentian-Acadian Hardwood Forest","Northeast review 2020",2020-08-10 08:46:58,"D. Faber-Langendoen"
1150945,"G743","","Laurentian-Acadian Hardwood Forest","Northeast review 2020",2020-08-10 08:46:58,"D. Faber-Langendoen"
1150943,"G743","","Laurentian-Acadian Hardwood Forest","Northeast review 2020",2020-08-10 08:46:58,"D. Faber-Langendoen"
884003,"CFO03","","Woody Wetland Horticultural Crop","GET_revisions",2024-01-23 03:30:15,"D. Faber-Langendoen"
884007,"CFO03","","Woody Wetland Horticultural Crop","GET_revisions",2024-01-23 03:30:15,"D. Faber-Langendoen"
884043,"CFO06","","Herbaceous Horticultural Crop","GET_revisions",2024-01-23 03:30:16,"D. Faber-Langendoen"
683668,"A0237","TT2.b1.Na","Prunus serotina - Amelanchier spp. - Juniperus virginiana Maritime Scrub Forest Alliance","New Hampshire EIA work & associated NVC refinements",2022-10-17 08:13:55,"W. Nichols, D Faber-Langendoen"
687639,"G614","","North American Arctic & Subarctic Dwarf Willow Tundra","inactive",2018-07-27 12:00:00,"M. Russo"
884011,"CFO04","","Row & Close Grain Crop","GET_revisions",2024-01-23 03:30:16,"D. Faber-Langendoen"
884027,"CFO04","","Row & Close Grain Crop","GET_revisions",2024-01-23 03:30:16,"D. Faber-Langendoen"
884014,"CFO04","","Row & Close Grain Crop","GET_revisions",2024-01-23 03:30:16,"D. Faber-Langendoen"
884035,"CFO05","","Pasture & Hay Field Crop","GET_revisions",2024-01-23 03:30:16,"D. Faber-Langendoen"
884030,"CFO05","","Pasture & Hay Field Crop","GET_revisions",2024-01-23 03:30:16,"D. Faber-Langendoen"
884040,"CFO05","","Pasture & Hay Field Crop","GET_revisions",2024-01-23 03:30:16,"D. Faber-Langendoen"
684358,"A3467","","Quercus spp. - Pinus spp. Appalachian Ultramafic Scrub Alliance","",2020-12-09 12:39:30,"D. Faber-Langendoen"
861497,"A3467","","Quercus spp. - Pinus spp. Appalachian Ultramafic Scrub Alliance","",2020-12-09 12:39:30,"D. Faber-Langendoen"
866829,"A3467","","Quercus spp. - Pinus spp. Appalachian Ultramafic Scrub Alliance","",2020-12-09 12:39:30,"D. Faber-Langendoen"
952647,"A0806","","Morella cerifera - Rosa palustris Tidal Freshwater Shrubland Alliance","Northeast review 2020",2020-08-10 08:47:07,"D. Faber-Langendoen"
684151,"A0806","","Morella cerifera - Rosa palustris Tidal Freshwater Shrubland Alliance","Northeast review 2020",2020-08-10 08:47:07,"D. Faber-Langendoen"
721904,"A0806","","Morella cerifera - Rosa palustris Tidal Freshwater Shrubland Alliance","Northeast review 2020",2020-08-10 08:47:07,"D. Faber-Langendoen"
686863,"A0806","","Morella cerifera - Rosa palustris Tidal Freshwater Shrubland Alliance","Northeast review 2020",2020-08-10 08:47:07,"D. Faber-Langendoen"
907668,"A0806","","Morella cerifera - Rosa palustris Tidal Freshwater Shrubland Alliance","Northeast review 2020",2020-08-10 08:47:07,"D. Faber-Langendoen"
964220,"A0822","MS2.a1.Nb","Isocoma menziesii - Lupinus chamissonis - Ericameria ericoides Shrubland Alliance","Marin & San Mateo Counties CNPS USNVC review",2023-04-05 05:37:13,"Evens, J., Boul, R., McIntyre, P."
964211,"A0822","MS2.a1.Nb","Isocoma menziesii - Lupinus chamissonis - Ericameria ericoides Shrubland Alliance","Marin & San Mateo Counties CNPS USNVC review",2023-04-05 05:37:13,"Evens, J., Boul, R., McIntyre, P."
964217,"A0822","MS2.a1.Nb","Isocoma menziesii - Lupinus chamissonis - Ericameria ericoides Shrubland Alliance","Marin & San Mateo Counties CNPS USNVC review",2023-04-05 05:37:13,"Evens, J., Boul, R., McIntyre, P."
964205,"A0822","MS2.a1.Nb","Isocoma menziesii - Lupinus chamissonis - Ericameria ericoides Shrubland Alliance","Marin & San Mateo Counties CNPS USNVC review",2023-04-05 05:37:13,"Evens, J., Boul, R., McIntyre, P."
964208,"A0822","MS2.a1.Nb","Isocoma menziesii - Lupinus chamissonis - Ericameria ericoides Shrubland Alliance","Marin & San Mateo Counties CNPS USNVC review",2023-04-05 05:37:13,"Evens, J., Boul, R., McIntyre, P."
688442,"A0822","MS2.a1.Nb","Isocoma menziesii - Lupinus chamissonis - Ericameria ericoides Shrubland Alliance","Marin & San Mateo Counties CNPS USNVC review",2023-04-05 05:37:13,"Evens, J., Boul, R., McIntyre, P."
686427,"A0822","MS2.a1.Nb","Isocoma menziesii - Lupinus chamissonis - Ericameria ericoides Shrubland Alliance","Marin & San Mateo Counties CNPS USNVC review",2023-04-05 05:37:13,"Evens, J., Boul, R., McIntyre, P."
964214,"A0822","MS2.a1.Nb","Isocoma menziesii - Lupinus chamissonis - Ericameria ericoides Shrubland Alliance","Marin & San Mateo Counties CNPS USNVC review",2023-04-05 05:37:13,"Evens, J., Boul, R., McIntyre, P."
947971,"A0834","TT5.a1.Na","Chrysothamnus albidus Shrubland Alliance","MT-ID-WY regional review of USNVC, March 2023",2023-04-12 05:33:30,"Cooper,S., others, D. Faber-Langendoen"
947965,"A0834","TT5.a1.Na","Chrysothamnus albidus Shrubland Alliance","MT-ID-WY regional review of USNVC, March 2023",2023-04-12 05:33:29,"Cooper,S., others, D. Faber-Langendoen"
689535,"A3105","TT2.b1.Na","Pinus rigida - Pinus taeda Maritime Forest & Woodland Alliance","Northeast review 2020",2020-08-10 08:47:23,"D. Faber-Langendoen"
688963,"A3105","TT2.b1.Na","Pinus rigida - Pinus taeda Maritime Forest & Woodland Alliance","Northeast review 2020",2020-08-10 08:47:23,"D. Faber-Langendoen"
686267,"A3106","TT2.b1.Na","Quercus muehlenbergii Appalachian Limestone Woodland Alliance","Appalachians",2020-05-05 11:49:18,"D. Faber-Langendoen"
685340,"A3106","TT2.b1.Na","Quercus muehlenbergii Appalachian Limestone Woodland Alliance","Appalachian Mountains revisions 2019",2019-11-04 12:00:00,"D. Faber-Langendoen"
685169,"A3106","TT2.b1.Na","Quercus muehlenbergii Appalachian Limestone Woodland Alliance","Southeast US reg'l review of USNVC, April 2023",2023-05-11 02:47:13,"D. Faber-Langendoen"
1159189,"A3107","TT2.b1.Na","Juniperus virginiana - Fraxinus americana - Carya spp. Woodland Alliance","Pennsylvania NVC review",2022-07-18 10:34:29,"E. Zimmerman, D. Faber-Langendoen"
683963,"A3107","TT2.b1.Na","Juniperus virginiana - Fraxinus americana - Carya spp. Woodland Alliance","Appalachians",2020-05-05 11:49:19,"D. Faber-Langendoen"
685340,"A3107","TT2.b1.Na","Juniperus virginiana - Fraxinus americana - Carya spp. Woodland Alliance","Appalachians, Piedmont review, part 2",2020-12-09 12:00:00,"D. Faber-Langendoen"
689011,"A3112","TT2.a1.Nb","Pinus arizonica - Pinus engelmannii - Pinus leiophylla Woodland Alliance","Southwest regional peer review (NM, AZ, CO, UT, NV)",2023-02-17 02:51:12,"E. Muldavin et al."
683370,"A3112","TT2.a1.Nb","Pinus arizonica - Pinus engelmannii - Pinus leiophylla Woodland Alliance","Southwest regional peer review (NM, AZ, CO, UT, NV)",2023-02-17 02:51:12,"E. Muldavin et al."
683069,"A3112","TT2.a1.Nb","Pinus arizonica - Pinus engelmannii - Pinus leiophylla Woodland Alliance","Southwest regional peer review (NM, AZ, CO, UT, NV)",2023-02-17 02:51:12,"E. Muldavin et al."
687221,"A3112","TT2.a1.Nb","Pinus arizonica - Pinus engelmannii - Pinus leiophylla Woodland Alliance","Southwest regional peer review (NM, AZ, CO, UT, NV)",2023-02-17 02:51:12,"E. Muldavin et al."
688344,"A3112","TT2.a1.Nb","Pinus arizonica - Pinus engelmannii - Pinus leiophylla Woodland Alliance","Southwest regional peer review (NM, AZ, CO, UT, NV)",2023-02-17 02:51:12,"E. Muldavin et al."
689680,"A3112","TT2.a1.Nb","Pinus arizonica - Pinus engelmannii - Pinus leiophylla Woodland Alliance","Southwest regional peer review (NM, AZ, CO, UT, NV)",2023-02-17 02:51:12,"E. Muldavin et al."
683509,"A3112","TT2.a1.Nb","Pinus arizonica - Pinus engelmannii - Pinus leiophylla Woodland Alliance","Southwest regional peer review (NM, AZ, CO, UT, NV)",2023-02-17 02:51:12,"E. Muldavin et al."
686560,"A3112","TT2.a1.Nb","Pinus arizonica - Pinus engelmannii - Pinus leiophylla Woodland Alliance","Southwest regional peer review (NM, AZ, CO, UT, NV)",2023-02-17 02:51:12,"E. Muldavin et al."
684186,"A3112","TT2.a1.Nb","Pinus arizonica - Pinus engelmannii - Pinus leiophylla Woodland Alliance","Southwest regional peer review (NM, AZ, CO, UT, NV)",2023-02-17 02:51:12,"E. Muldavin et al."
689391,"A3112","TT2.a1.Nb","Pinus arizonica - Pinus engelmannii - Pinus leiophylla Woodland Alliance","Southwest regional peer review (NM, AZ, CO, UT, NV)",2023-02-17 02:51:12,"E. Muldavin et al."
688153,"A3112","TT2.a1.Nb","Pinus arizonica - Pinus engelmannii - Pinus leiophylla Woodland Alliance","Southwest regional peer review (NM, AZ, CO, UT, NV)",2023-02-17 02:51:12,"E. Muldavin et al."
688065,"A3115","TT2.a1.Na","Quercus alba - Quercus nigra - Sabal minor Forest Alliance","NVC163 Central Midwest regional review",2022-04-13 08:34:51,"D. Faber-Langendoen, M. Leahy, et al"
685263,"A3115","TT2.a1.Na","Quercus alba - Quercus nigra - Sabal minor Forest Alliance","NVC163 Central Midwest regional review",2022-04-13 08:34:51,"D. Faber-Langendoen, M. Leahy, et al"
684546,"A3115","TT2.a1.Na","Quercus alba - Quercus nigra - Sabal minor Forest Alliance","NVC163 Central Midwest regional review",2022-04-13 08:34:51,"D. Faber-Langendoen, M. Leahy, et al"
686741,"A3115","TT2.a1.Na","Quercus alba - Quercus nigra - Sabal minor Forest Alliance","NVC163 Central Midwest regional review",2022-04-13 08:34:51,"D. Faber-Langendoen, M. Leahy, et al"
859615,"A3115","TT2.a1.Na","Quercus alba - Quercus nigra - Sabal minor Forest Alliance","NVC163 Central Midwest regional review",2022-04-13 08:34:51,"D. Faber-Langendoen, M. Leahy, et al"
687247,"A3290","TT2.b1.Na","Quercus stellata - Quercus marilandica - Quercus alba Ozark-Ouachita Woodland Alliance","NVC163 Central Midwest regional review",2022-04-14 02:43:24,"D. Faber-Langendoen, M. Leahy, et al"
689549,"A3290","TT2.b1.Na","Quercus stellata - Quercus marilandica - Quercus alba Ozark-Ouachita Woodland Alliance","NVC163 Central Midwest regional review",2022-04-14 02:43:21,"D. Faber-Langendoen, M. Leahy, et al"
689799,"A3290","TT2.b1.Na","Quercus stellata - Quercus marilandica - Quercus alba Ozark-Ouachita Woodland Alliance","",2024-06-21 04:45:39,"D.Faber-Langendoen"
686270,"A3290","TT2.b1.Na","Quercus stellata - Quercus marilandica - Quercus alba Ozark-Ouachita Woodland Alliance","NVC163 Central Midwest regional review",2022-04-14 02:43:23,"D. Faber-Langendoen, M. Leahy, et al"
685401,"A3290","TT2.b1.Na","Quercus stellata - Quercus marilandica - Quercus alba Ozark-Ouachita Woodland Alliance","NVC163 Central Midwest regional review",2022-04-14 02:43:19,"D. Faber-Langendoen, M. Leahy, et al"
689425,"A3290","TT2.b1.Na","Quercus stellata - Quercus marilandica - Quercus alba Ozark-Ouachita Woodland Alliance","",2024-06-21 04:45:42,"D.Faber-Langendoen"
686780,"A3290","TT2.b1.Na","Quercus stellata - Quercus marilandica - Quercus alba Ozark-Ouachita Woodland Alliance","Appalachians, Piedmont review, part 2",2020-12-09 12:40:16,"D. Faber-Langendoen"
685137,"A3290","TT2.b1.Na","Quercus stellata - Quercus marilandica - Quercus alba Ozark-Ouachita Woodland Alliance","",2024-06-21 04:45:40,"D.Faber-Langendoen"
721865,"A3290","TT2.b1.Na","Quercus stellata - Quercus marilandica - Quercus alba Ozark-Ouachita Woodland Alliance","NVC163 Central Midwest regional review",2022-04-14 02:43:20,"D. Faber-Langendoen, M. Leahy, et al"
683906,"A3291","TT2.b1.Na","Quercus stellata - Quercus falcata - Quercus alba Interior Low Plateau Woodland Alliance","NVC163 Central Midwest regional review",2022-04-13 08:34:46,"D. Faber-Langendoen, M. Leahy, et al"
689852,"A3291","TT2.b1.Na","Quercus stellata - Quercus falcata - Quercus alba Interior Low Plateau Woodland Alliance","NVC163 Central Midwest regional review",2022-04-13 08:34:46,"D. Faber-Langendoen, M. Leahy, et al"
688482,"A3291","TT2.b1.Na","Quercus stellata - Quercus falcata - Quercus alba Interior Low Plateau Woodland Alliance","NVC163 Central Midwest regional review",2022-04-13 08:34:46,"D. Faber-Langendoen, M. Leahy, et al"
684566,"A3291","TT2.b1.Na","Quercus stellata - Quercus falcata - Quercus alba Interior Low Plateau Woodland Alliance","NVC163 Central Midwest regional review",2022-04-13 08:34:46,"D. Faber-Langendoen, M. Leahy, et al"
684406,"A3291","TT2.b1.Na","Quercus stellata - Quercus falcata - Quercus alba Interior Low Plateau Woodland Alliance","NVC163 Central Midwest regional review",2022-04-13 08:34:46,"D. Faber-Langendoen, M. Leahy, et al"
688480,"A3291","TT2.b1.Na","Quercus stellata - Quercus falcata - Quercus alba Interior Low Plateau Woodland Alliance","NVC163 Central Midwest regional review",2022-04-13 08:34:46,"D. Faber-Langendoen, M. Leahy, et al"
684621,"A3291","TT2.b1.Na","Quercus stellata - Quercus falcata - Quercus alba Interior Low Plateau Woodland Alliance","NVC163 Central Midwest regional review",2022-04-13 08:34:46,"D. Faber-Langendoen, M. Leahy, et al"
683246,"A3291","TT2.b1.Na","Quercus stellata - Quercus falcata - Quercus alba Interior Low Plateau Woodland Alliance","NVC163 Central Midwest regional review",2022-04-13 08:34:46,"D. Faber-Langendoen, M. Leahy, et al"
687174,"A3291","TT2.b1.Na","Quercus stellata - Quercus falcata - Quercus alba Interior Low Plateau Woodland Alliance","NVC163 Central Midwest regional review",2022-04-13 08:34:46,"D. Faber-Langendoen, M. Leahy, et al"
686516,"A3291","TT2.b1.Na","Quercus stellata - Quercus falcata - Quercus alba Interior Low Plateau Woodland Alliance","NVC163 Central Midwest regional review",2022-04-13 08:34:46,"D. Faber-Langendoen, M. Leahy, et al"
686572,"A3291","TT2.b1.Na","Quercus stellata - Quercus falcata - Quercus alba Interior Low Plateau Woodland Alliance","NVC163 Central Midwest regional review",2022-04-13 08:34:46,"D. Faber-Langendoen, M. Leahy, et al"
686374,"A3291","TT2.b1.Na","Quercus stellata - Quercus falcata - Quercus alba Interior Low Plateau Woodland Alliance","NVC163 Central Midwest regional review",2022-04-13 08:34:46,"D. Faber-Langendoen, M. Leahy, et al"
688110,"A3291","TT2.b1.Na","Quercus stellata - Quercus falcata - Quercus alba Interior Low Plateau Woodland Alliance","NVC163 Central Midwest regional review",2022-04-13 08:34:46,"D. Faber-Langendoen, M. Leahy, et al"
683601,"A3291","TT2.b1.Na","Quercus stellata - Quercus falcata - Quercus alba Interior Low Plateau Woodland Alliance","NVC163 Central Midwest regional review",2022-04-13 08:34:46,"D. Faber-Langendoen, M. Leahy, et al"
689157,"A3291","TT2.b1.Na","Quercus stellata - Quercus falcata - Quercus alba Interior Low Plateau Woodland Alliance","NVC163 Central Midwest regional review",2022-04-13 08:34:46,"D. Faber-Langendoen, M. Leahy, et al"
687737,"A3291","TT2.b1.Na","Quercus stellata - Quercus falcata - Quercus alba Interior Low Plateau Woodland Alliance","NVC163 Central Midwest regional review",2022-04-13 08:34:46,"D. Faber-Langendoen, M. Leahy, et al"
1151291,"A3291","TT2.b1.Na","Quercus stellata - Quercus falcata - Quercus alba Interior Low Plateau Woodland Alliance","NVC163 Central Midwest regional review",2022-04-13 08:34:46,"D. Faber-Langendoen, M. Leahy, et al"
684540,"A3291","TT2.b1.Na","Quercus stellata - Quercus falcata - Quercus alba Interior Low Plateau Woodland Alliance","NVC163 Central Midwest regional review",2022-04-13 08:34:46,"D. Faber-Langendoen, M. Leahy, et al"
685726,"A3291","TT2.b1.Na","Quercus stellata - Quercus falcata - Quercus alba Interior Low Plateau Woodland Alliance","NVC163 Central Midwest regional review",2022-04-13 08:34:46,"D. Faber-Langendoen, M. Leahy, et al"
689602,"A3291","TT2.b1.Na","Quercus stellata - Quercus falcata - Quercus alba Interior Low Plateau Woodland Alliance","NVC163 Central Midwest regional review",2022-04-13 08:34:46,"D. Faber-Langendoen, M. Leahy, et al"
689138,"A3291","TT2.b1.Na","Quercus stellata - Quercus falcata - Quercus alba Interior Low Plateau Woodland Alliance","NVC163 Central Midwest regional review",2022-04-13 08:34:46,"D. Faber-Langendoen, M. Leahy, et al"
689283,"A3291","TT2.b1.Na","Quercus stellata - Quercus falcata - Quercus alba Interior Low Plateau Woodland Alliance","Appalachians",2020-05-05 11:48:52,"D. Faber-Langendoen"
685853,"A3292","","Quercus velutina - Carya spp. Forest Alliance","Appalachians",2020-05-05 11:48:55,"D. Faber-Langendoen"
687174,"A3292","","Quercus velutina - Carya spp. Forest Alliance","Appalachians",2020-05-05 11:48:54,"D. Faber-Langendoen"
685601,"A3292","","Quercus velutina - Carya spp. Forest Alliance","Appalachians",2020-05-05 11:48:57,"D. Faber-Langendoen"
685774,"A3292","","Quercus velutina - Carya spp. Forest Alliance","Appalachians",2020-05-05 11:48:58,"D. Faber-Langendoen"
683502,"A3293","TT2.a1.Na","Quercus rubra - Quercus alba - Carya spp. Piedmont Forest Alliance","Appalachian Mountains revisions 2019",2019-11-04 10:26:13,"D. Faber-Langendoen"
688748,"A3293","TT2.a1.Na","Quercus rubra - Quercus alba - Carya spp. Piedmont Forest Alliance","Appalachian Mountains revisions 2019",2019-11-04 10:26:18,"D. Faber-Langendoen"
688299,"A3293","TT2.a1.Na","Quercus rubra - Quercus alba - Carya spp. Piedmont Forest Alliance","Appalachian Mountains revisions 2019",2019-11-04 10:26:20,"D. Faber-Langendoen"
686545,"A3293","TT2.a1.Na","Quercus rubra - Quercus alba - Carya spp. Piedmont Forest Alliance","Appalachian Mountains revisions 2019",2019-11-04 10:26:17,"D. Faber-Langendoen"
688029,"A3293","TT2.a1.Na","Quercus rubra - Quercus alba - Carya spp. Piedmont Forest Alliance","Appalachian Mountains revisions 2019",2019-11-04 10:26:15,"D. Faber-Langendoen"
683567,"A3294","TT2.a1.Na","Quercus stellata - Carya spp. - Pinus echinata Piedmont Woodland Alliance","Appalachians",2020-05-05 11:48:33,"D. Faber-Langendoen"
685990,"A3294","TT2.a1.Na","Quercus stellata - Carya spp. - Pinus echinata Piedmont Woodland Alliance","Appalachians",2020-05-05 11:48:37,"D. Faber-Langendoen"
685712,"A3294","TT2.a1.Na","Quercus stellata - Carya spp. - Pinus echinata Piedmont Woodland Alliance","Appalachians",2020-05-05 11:48:34,"D. Faber-Langendoen"
689582,"A3294","TT2.a1.Na","Quercus stellata - Carya spp. - Pinus echinata Piedmont Woodland Alliance","Appalachians",2020-05-05 11:48:38,"D. Faber-Langendoen"
687110,"A3294","TT2.a1.Na","Quercus stellata - Carya spp. - Pinus echinata Piedmont Woodland Alliance","Appalachians",2020-05-05 11:48:35,"D. Faber-Langendoen"
689466,"A3294","TT2.a1.Na","Quercus stellata - Carya spp. - Pinus echinata Piedmont Woodland Alliance","Appalachians",2020-05-05 11:48:32,"D. Faber-Langendoen"
689622,"A3296","TT2.b1.Na","Thuja occidentalis Limestone Woodland Alliance","",2018-10-26 12:00:00,"D. Faber-Langendoen"
685813,"A3296","TT2.b1.Na","Thuja occidentalis Limestone Woodland Alliance","USNVC 3.0 pre-release edits",2025-06-17 07:12:20,"D. Faber-Langendoen"
689376,"A3296","TT2.b1.Na","Thuja occidentalis Limestone Woodland Alliance","USNVC 3.0 pre-release edits",2025-06-17 07:12:20,"D. Faber-Langendoen"
690049,"A3296","TT2.b1.Na","Thuja occidentalis Limestone Woodland Alliance","Northeast review, part 2",2020-12-16 06:42:22,"D. Faber-Langendoen"
687642,"A3296","TT2.b1.Na","Thuja occidentalis Limestone Woodland Alliance","USNVC 3.0 pre-release edits",2025-06-17 07:12:20,"D. Faber-Langendoen"
793663,"A3301","TT2.b1.Na","Acer saccharum - Fagus grandifolia - Tilia americana Forest Alliance","Appalachians",2020-05-05 12:00:00,"D. Faber-Langendoen"
758564,"A3301","TT2.b1.Na","Acer saccharum - Fagus grandifolia - Tilia americana Forest Alliance","Appalachians",2020-05-05 11:50:15,"D. Faber-Langendoen"
802059,"A3301","TT2.b1.Na","Acer saccharum - Fagus grandifolia - Tilia americana Forest Alliance","Appalachians",2020-05-05 11:50:18,"D. Faber-Langendoen"
685836,"A3301","TT2.b1.Na","Acer saccharum - Fagus grandifolia - Tilia americana Forest Alliance","Northeast review 2020",2020-08-10 08:47:18,"D. Faber-Langendoen"
893482,"A3480","","Carex oligosperma - Carex lasiocarpa Acidic Graminoid Bog & Fen Alliance","NVC127_WI state types and NVC",2020-03-23 05:28:35,"D. Faber-Langendoen"
686351,"A3480","","Carex oligosperma - Carex lasiocarpa Acidic Graminoid Bog & Fen Alliance","NVC127_WI state types and NVC",2020-03-23 05:28:28,"D. Faber-Langendoen"
685752,"A3480","","Carex oligosperma - Carex lasiocarpa Acidic Graminoid Bog & Fen Alliance","NVC127_WI state types and NVC",2020-03-23 05:28:34,"D. Faber-Langendoen"
686123,"A3480","","Carex oligosperma - Carex lasiocarpa Acidic Graminoid Bog & Fen Alliance","NVC127_WI state types and NVC",2020-03-23 05:28:29,"D. Faber-Langendoen"
688617,"A3480","","Carex oligosperma - Carex lasiocarpa Acidic Graminoid Bog & Fen Alliance","NVC127_WI state types and NVC",2020-03-23 05:28:27,"D. Faber-Langendoen"
686954,"A3481","","Chamaedaphne calyculata - Kalmia polifolia / Carex oligosperma Acidic Shrub Bog & Fen Alliance","NVC127_WI state types and NVC",2020-03-23 05:28:26,"D. Faber-Langendoen"
688058,"A3481","","Chamaedaphne calyculata - Kalmia polifolia / Carex oligosperma Acidic Shrub Bog & Fen Alliance","NVC127_WI state types and NVC",2020-03-23 05:28:25,"D. Faber-Langendoen"
684499,"A0954","","Crataegus douglasii - Crataegus succulenta Shrubland Alliance","Great Plains Peer Review 2019",2019-07-31 05:33:30,"D. Faber-Langendoen"
686914,"A0954","","Crataegus douglasii - Crataegus succulenta Shrubland Alliance","Great Plains Peer Review 2019",2019-07-31 05:33:32,"D. Faber-Langendoen"
683528,"A3129","TT2.a1.Na","Pinus echinata - Pinus taeda - Quercus stellata Forest Alliance","NVC163 Central Midwest regional review",2022-04-14 02:43:59,"D. Faber-Langendoen, M. Leahy, et al"
686865,"A3129","TT2.a1.Na","Pinus echinata - Pinus taeda - Quercus stellata Forest Alliance","NVC163 Central Midwest regional review",2022-04-14 02:43:58,"D. Faber-Langendoen, M. Leahy, et al"
687926,"A3304","TT2.b1.Na","Tsuga canadensis - Liriodendron tulipifera Forest Alliance","Appalachians",2020-05-05 12:00:00,"D. Faber-Langendoen"
685507,"A3304","TT2.b1.Na","Tsuga canadensis - Liriodendron tulipifera Forest Alliance","Appalachians",2020-05-05 12:00:00,"D. Faber-Langendoen"
807753,"A3304","TT2.b1.Na","Tsuga canadensis - Liriodendron tulipifera Forest Alliance","Appalachians",2020-05-05 12:00:00,"D. Faber-Langendoen"
684217,"A3313","","Pinus virginiana - Juniperus virginiana Riverscour Woodland Alliance","Appalachians",2020-05-05 11:48:02,"D. Faber-Langendoen"
835732,"A3313","","Pinus virginiana - Juniperus virginiana Riverscour Woodland Alliance","Appalachians",2020-05-05 11:48:02,"D. Faber-Langendoen"
685427,"A1023","","Iva frutescens Tidal Shrub Salt Marsh Alliance","Northeast review 2020",2020-08-10 08:47:09,"D. Faber-Langendoen"
684167,"A1023","","Iva frutescens Tidal Shrub Salt Marsh Alliance","Northeast review 2020",2020-08-10 08:47:09,"D. Faber-Langendoen"
801957,"A1023","","Iva frutescens Tidal Shrub Salt Marsh Alliance","Northeast review 2020",2020-08-10 08:47:09,"D. Faber-Langendoen"
686210,"A1023","","Iva frutescens Tidal Shrub Salt Marsh Alliance","Northeast review 2020",2020-08-10 08:47:09,"D. Faber-Langendoen"
684889,"A1026","MB1.a3.Na","Borrichia frutescens Tidal Shrub Salt Marsh Alliance","Southeast, Texarkana USNVC reg'l review, June 2023",2023-06-24 09:00:16,"Southeast + TX ecologists, D. Faber-Langendoen"
687750,"A1026","MB1.a3.Na","Borrichia frutescens Tidal Shrub Salt Marsh Alliance","Southeast, Texarkana USNVC reg'l review, June 2023",2023-06-24 09:00:16,"Southeast + TX ecologists, D. Faber-Langendoen"
687914,"A1026","MB1.a3.Na","Borrichia frutescens Tidal Shrub Salt Marsh Alliance","Southeast, Texarkana USNVC reg'l review, June 2023",2023-06-24 09:00:16,"Southeast + TX ecologists, D. Faber-Langendoen"
730941,"A3315","TT2.b1.Na","Quercus marilandica - Quercus stellata Clay/Loess Woodland Alliance","KY + TN Southeast USNVC reg'l review follow-up, May 2023",2023-08-25 12:26:05,"C. Elam, KY ecologists, D. Faber-Langendoen"
689328,"A3315","TT2.b1.Na","Quercus marilandica - Quercus stellata Clay/Loess Woodland Alliance","KY + TN Southeast USNVC reg'l review follow-up, May 2023",2023-08-25 12:26:05,"C. Elam, KY ecologists, D. Faber-Langendoen"
688763,"A3316","TT4.b1.Nb","Crataegus crus-galli - Crataegus marshallii - Crataegus spathulata Coastal Plain Prairie Shrubland Alliance","Southeast US reg'l review of USNVC, April 2023",2023-05-11 02:44:46,"D. Faber-Langendoen"
685886,"A3316","TT4.b1.Nb","Crataegus crus-galli - Crataegus marshallii - Crataegus spathulata Coastal Plain Prairie Shrubland Alliance","Southeast US reg'l review of USNVC, April 2023",2023-05-11 02:44:46,"D. Faber-Langendoen"
683323,"A3317","TT4.b1.Nb","Panicum virgatum - Panicum anceps Coastal Plain Prairie Alliance","Southeast US reg'l review of USNVC, April 2023",2023-05-11 02:44:48,"D. Faber-Langendoen"
688301,"A3317","TT4.b1.Nb","Panicum virgatum - Panicum anceps Coastal Plain Prairie Alliance","Southeast US reg'l review of USNVC, April 2023",2023-05-11 02:44:48,"D. Faber-Langendoen"
687023,"A3317","TT4.b1.Nb","Panicum virgatum - Panicum anceps Coastal Plain Prairie Alliance","Southeast US reg'l review of USNVC, April 2023",2023-05-11 02:44:48,"D. Faber-Langendoen"
689263,"A3317","TT4.b1.Nb","Panicum virgatum - Panicum anceps Coastal Plain Prairie Alliance","Southeast US reg'l review of USNVC, April 2023",2023-05-11 02:44:48,"D. Faber-Langendoen"
814166,"A3318","TT4.b1.Nb","Schizachyrium scoparium - Sorghastrum nutans Coastal Plain Prairie Alliance","Southeast US reg'l review of USNVC, April 2023",2023-05-11 02:44:51,"D. Faber-Langendoen"
686431,"A3318","TT4.b1.Nb","Schizachyrium scoparium - Sorghastrum nutans Coastal Plain Prairie Alliance","Southeast US reg'l review of USNVC, April 2023",2023-05-11 02:44:51,"D. Faber-Langendoen"
688971,"A3318","TT4.b1.Nb","Schizachyrium scoparium - Sorghastrum nutans Coastal Plain Prairie Alliance","Southeast US reg'l review of USNVC, April 2023",2023-05-11 02:44:51,"D. Faber-Langendoen"
686214,"A3318","TT4.b1.Nb","Schizachyrium scoparium - Sorghastrum nutans Coastal Plain Prairie Alliance","Southeast US reg'l review of USNVC, April 2023",2023-05-11 02:44:51,"D. Faber-Langendoen"
687493,"A3318","TT4.b1.Nb","Schizachyrium scoparium - Sorghastrum nutans Coastal Plain Prairie Alliance","Southeast US reg'l review of USNVC, April 2023",2023-05-11 02:44:51,"D. Faber-Langendoen"
685257,"A3318","TT4.b1.Nb","Schizachyrium scoparium - Sorghastrum nutans Coastal Plain Prairie Alliance","Southeast US reg'l review of USNVC, April 2023",2023-05-11 02:44:51,"D. Faber-Langendoen"
685425,"A3318","TT4.b1.Nb","Schizachyrium scoparium - Sorghastrum nutans Coastal Plain Prairie Alliance","Southeast US reg'l review of USNVC, April 2023",2023-05-11 02:44:51,"D. Faber-Langendoen"
684285,"A3318","TT4.b1.Nb","Schizachyrium scoparium - Sorghastrum nutans Coastal Plain Prairie Alliance","Southeast US reg'l review of USNVC, April 2023",2023-05-11 02:44:51,"D. Faber-Langendoen"
685999,"A3318","TT4.b1.Nb","Schizachyrium scoparium - Sorghastrum nutans Coastal Plain Prairie Alliance","Southeast US reg'l review of USNVC, April 2023",2023-05-11 02:44:51,"D. Faber-Langendoen"
686209,"A3318","TT4.b1.Nb","Schizachyrium scoparium - Sorghastrum nutans Coastal Plain Prairie Alliance","Southeast US reg'l review of USNVC, April 2023",2023-05-11 02:44:51,"D. Faber-Langendoen"
688454,"A3318","TT4.b1.Nb","Schizachyrium scoparium - Sorghastrum nutans Coastal Plain Prairie Alliance","Southeast US reg'l review of USNVC, April 2023",2023-05-11 02:44:51,"D. Faber-Langendoen"
689007,"A3319","TT4.b1.Nb","Spartina pectinata Interior Prairie Alliance","Southeast US reg'l review of USNVC, April 2023",2023-05-11 02:44:54,"D. Faber-Langendoen"
687139,"A3319","TT4.b1.Nb","Spartina pectinata Interior Prairie Alliance","Southeast US reg'l review of USNVC, April 2023",2023-05-11 02:44:54,"D. Faber-Langendoen"
685445,"A3323","TT2.b1.Na","Quercus alba - Quercus rubra - Carya spp. North-Central Forest Alliance","Central Midwest regional review",2022-08-09 04:09:55,"IL, MO, IL programs; D. Faber-Langendoen"
687746,"A3323","TT2.b1.Na","Quercus alba - Quercus rubra - Carya spp. North-Central Forest Alliance","Central Midwest regional review",2022-08-09 04:09:57,"IL, MO, IL programs; D. Faber-Langendoen"
684332,"A3324","TT2.b1.Na","Quercus alba - Quercus macrocarpa - Quercus bicolor Woodland Alliance","WI state type crosswalk skeletal edits",2020-04-13 04:38:08,"D. Faber-Langendoen"
688965,"A3324","TT2.b1.Na","Quercus alba - Quercus macrocarpa - Quercus bicolor Woodland Alliance","NVC163 Central Midwest regional review",2022-04-14 02:43:36,"D. Faber-Langendoen, M. Leahy, et al"
686623,"A3324","TT2.b1.Na","Quercus alba - Quercus macrocarpa - Quercus bicolor Woodland Alliance","NVC127_WI state types and NVC",2020-03-23 05:28:00,"D. Faber-Langendoen"
684806,"A3324","TT2.b1.Na","Quercus alba - Quercus macrocarpa - Quercus bicolor Woodland Alliance","Peer review project",2021-04-29 10:26:37,""
687875,"A3578","TP1.b1.Na","Panicum hemitomon Floating Marsh Alliance","Southeast, Texarkana USNVC reg'l review, June 2023",2023-06-24 08:59:50,"Southeast + TX ecologists, D. Faber-Langendoen"
687843,"A3578","TP1.b1.Na","Panicum hemitomon Floating Marsh Alliance","Southeast, Texarkana USNVC reg'l review, June 2023",2023-06-24 08:59:50,"Southeast + TX ecologists, D. Faber-Langendoen"
683440,"A3580","TP1.b1.Na","Schoenoplectus californicus Gulf Coast Tidal Freshwater Marsh Alliance","Southeast, Texarkana USNVC reg'l review, June 2023",2023-06-24 08:59:59,"Southeast + TX ecologists, D. Faber-Langendoen"
685484,"A3580","TP1.b1.Na","Schoenoplectus californicus Gulf Coast Tidal Freshwater Marsh Alliance","Southeast, Texarkana USNVC reg'l review, June 2023",2023-06-24 08:59:59,"Southeast + TX ecologists, D. Faber-Langendoen"
687658,"A1061","MS2.a1.Na","Chrysoma pauciflosculosa - Schizachyrium maritimum Dune Scrub Alliance","Southeast, Texarkana USNVC reg'l review, June 2023",2023-06-24 08:59:29,"Southeast + TX ecologists, D. Faber-Langendoen"
689814,"A1107","TT5.a1.Na","Eriogonum microthecum Dwarf-shrubland Alliance","Washington updates",2022-08-08 11:08:31,"T. Ramm-Granberg & D. Faber-Langendoen"
684733,"A1116","TT6.b2.Na","Vaccinium uliginosum - Mixed Alpine Heath Alliance","Vermont",2020-04-29 01:14:29,"D. Faber-Langendoen"
684382,"A3160","TT2.a1.Na","Pinus palustris / Serenoa repens / Aristida beyrichiana Woodland Alliance","Florida USNVC preliminary review",2023-03-30 01:47:36,"Nordman, C., D. Faber-Langendoen"
687780,"A3160","TT2.a1.Na","Pinus palustris / Serenoa repens / Aristida beyrichiana Woodland Alliance","Florida USNVC preliminary review",2023-03-30 01:47:35,"Nordman, C., D. Faber-Langendoen"
685002,"A3160","TT2.a1.Na","Pinus palustris / Serenoa repens / Aristida beyrichiana Woodland Alliance","Florida USNVC preliminary review",2023-03-30 01:47:38,"Nordman, C., D. Faber-Langendoen"
687541,"A3164","TT5.b1.Na","Larrea tridentata Chihuahuan Desert Scrub Alliance","Southwest regional peer review (NM, AZ, CO, UT, NV)",2023-02-17 02:58:21,"E. Muldavin et al."
684462,"A3164","TT5.b1.Na","Larrea tridentata Chihuahuan Desert Scrub Alliance","Southwest regional peer review (NM, AZ, CO, UT, NV)",2023-02-17 02:58:22,"E. Muldavin et al."
686059,"A3164","TT5.b1.Na","Larrea tridentata Chihuahuan Desert Scrub Alliance","Southwest regional peer review (NM, AZ, CO, UT, NV)",2023-02-17 02:58:19,"E. Muldavin et al."
687915,"A3339","TP1.a2.Na","Triadica sebifera - Melaleuca quinquenervia - Schinus terebinthifolius Ruderal Flooded & Swamp Forest Alliance","IVC clean-up Dec 2023-Jan 2024",2024-02-23 08:33:54,"D. Faber-Langendoen, P. McIntyre, C. Nordman"
687813,"A3339","TP1.a2.Na","Triadica sebifera - Melaleuca quinquenervia - Schinus terebinthifolius Ruderal Flooded & Swamp Forest Alliance","IVC clean-up Dec 2023-Jan 2024",2024-02-23 08:33:54,"D. Faber-Langendoen, P. McIntyre, C. Nordman"
683299,"A3339","TP1.a2.Na","Triadica sebifera - Melaleuca quinquenervia - Schinus terebinthifolius Ruderal Flooded & Swamp Forest Alliance","IVC clean-up Dec 2023-Jan 2024",2024-02-23 08:33:54,"D. Faber-Langendoen, P. McIntyre, C. Nordman"
684424,"A1207","","Ammophila breviligulata Dune Grassland Alliance","Northeast review 2020",2020-08-10 12:00:00,"D. Faber-Langendoen"
685081,"A1207","","Ammophila breviligulata Dune Grassland Alliance","Appalachians",2020-05-05 11:50:31,"D. Faber-Langendoen"
685381,"A1207","","Ammophila breviligulata Dune Grassland Alliance","Northeast review 2020",2020-08-10 08:47:02,"D. Faber-Langendoen"
686108,"A1247","TT4.a1.Na","Nassella cernua Grassland Alliance","USNVC California review",2023-02-20 06:57:00,"Evens, J., R. Boul, D. Faber-Langendoen"
684212,"A3349","TT2.a1.Nc","Quercus chrysolepis - Quercus kelloggii Forest & Woodland Alliance","California updates",2022-06-22 05:23:57,"J. Evens, R. Boul, D. Faber-Langendoen"
683792,"A1248","TT4.a1.Na","Nassella lepida - Melica torreyana Grassland Alliance","USNVC California review",2023-02-20 06:57:02,"Evens, J., R. Boul, D. Faber-Langendoen"
683783,"A1289","TT4.a1.Na","Nassella pulchra Grassland Alliance","USNVC California review",2023-02-20 06:57:05,"Evens, J., R. Boul, D. Faber-Langendoen"
964254,"A1289","TT4.a1.Na","Nassella pulchra Grassland Alliance","USNVC California review",2023-02-20 06:57:05,"Evens, J., R. Boul, D. Faber-Langendoen"
684875,"A1289","TT4.a1.Na","Nassella pulchra Grassland Alliance","USNVC California review",2023-02-20 06:57:05,"Evens, J., R. Boul, D. Faber-Langendoen"
969591,"A1289","TT4.a1.Na","Nassella pulchra Grassland Alliance","USNVC California review",2023-02-20 06:57:05,"Evens, J., R. Boul, D. Faber-Langendoen"
686300,"A3356","TT2.a1.Nc","Pinus attenuata - Pinus coulteri - Pinus sabiniana Woodland Alliance","Marin & San Mateo Counties CNPS USNVC review",2023-04-05 05:37:04,"Evens, J., Boul, R., McIntyre, P."
689212,"A3356","TT2.a1.Nc","Pinus attenuata - Pinus coulteri - Pinus sabiniana Woodland Alliance","Marin & San Mateo Counties CNPS USNVC review",2023-04-05 05:37:04,"Evens, J., Boul, R., McIntyre, P."
687348,"A3356","TT2.a1.Nc","Pinus attenuata - Pinus coulteri - Pinus sabiniana Woodland Alliance","Marin & San Mateo Counties CNPS USNVC review",2023-04-05 05:37:04,"Evens, J., Boul, R., McIntyre, P."
688328,"A3356","TT2.a1.Nc","Pinus attenuata - Pinus coulteri - Pinus sabiniana Woodland Alliance","Marin & San Mateo Counties CNPS USNVC review",2023-04-05 05:37:04,"Evens, J., Boul, R., McIntyre, P."
689039,"A3358","TP1.a2.Nb","Acer rubrum / Alnus serrulata - Ilex verticillata Appalachian-Piedmont Seepage Forest Alliance","Appalachians, Piedmont review, part 2",2020-12-09 12:40:23,"D. Faber-Langendoen"
868660,"A3358","TP1.a2.Nb","Acer rubrum / Alnus serrulata - Ilex verticillata Appalachian-Piedmont Seepage Forest Alliance","Northeast review, part 2",2020-12-16 06:42:28,"D. Faber-Langendoen"
683826,"A3358","TP1.a2.Nb","Acer rubrum / Alnus serrulata - Ilex verticillata Appalachian-Piedmont Seepage Forest Alliance","NC NVC peer review",2021-04-29 04:56:08,"D. Faber-Langendoen & M. Schafale"
866515,"A3358","TP1.a2.Nb","Acer rubrum / Alnus serrulata - Ilex verticillata Appalachian-Piedmont Seepage Forest Alliance","USNVC NC revisions",2023-10-18 06:20:02,"M. Schafale, D. Faber-Langendoen"
689899,"A3358","TP1.a2.Nb","Acer rubrum / Alnus serrulata - Ilex verticillata Appalachian-Piedmont Seepage Forest Alliance","Appalachians, Piedmont review, part 2",2020-12-09 12:40:26,"D. Faber-Langendoen"
689336,"A3358","TP1.a2.Nb","Acer rubrum / Alnus serrulata - Ilex verticillata Appalachian-Piedmont Seepage Forest Alliance","Appalachians, Piedmont review, part 2",2020-12-09 12:40:24,"D. Faber-Langendoen"
688259,"A3360","TT6.b2.Na","Picea mariana Krummholz Alliance","Northeast review 2020",2020-08-10 08:47:50,"D. Faber-Langendoen"
730698,"A1300","TT6.b2.Nb","Carex spectabilis Subalpine Meadow Alliance","MT-ID-WY USNVC reg'l review follow-up, May 2023",2023-08-02 04:03:30,"MT, ID, WY ecologists, D. Faber-Langendoen"
686892,"A1300","TT6.b2.Nb","Carex spectabilis Subalpine Meadow Alliance","Washington NCCN Wetlands",2021-12-26 12:00:00,"Tynan Ramm-Granberg"
683595,"A3192","TT2.a1.Na","Quercus virginiana - Sabal palmetto Coastal Evergreen Forest Alliance","",2025-04-11 07:21:24,"D.Faber-Langendoen"
690058,"A1389","TP1.b1.Na","Spartina bakeri Coastal Marsh Alliance","Southeast, Texarkana USNVC reg'l review, June 2023",2023-06-24 08:59:35,"Southeast + TX ecologists, D. Faber-Langendoen"
689989,"A1389","TP1.b1.Na","Spartina bakeri Coastal Marsh Alliance","Southeast, Texarkana USNVC reg'l review, June 2023",2023-06-24 08:59:35,"Southeast + TX ecologists, D. Faber-Langendoen"
685374,"A3376","TT2.b2.Na","Tsuga heterophylla - Pseudotsuga menziesii Serpentine Soil Forest Alliance","California updates",2022-06-22 05:23:19,"J. Evens, R. Boul, D. Faber-Langendoen"
685374,"A3378","TT2.b2.Na","Tsuga heterophylla - Pseudotsuga menziesii / Cornus unalaschkensis Mesic Forest Alliance","California updates",2022-06-22 05:24:15,"J. Evens, R. Boul, D. Faber-Langendoen"
979517,"A3378","TT2.b2.Na","Tsuga heterophylla - Pseudotsuga menziesii / Cornus unalaschkensis Mesic Forest Alliance","WA NCCN Uplands & Wetlands",2022-02-07 08:52:30,"T. Ramm-Granberg"
689365,"A1471","","Spartina alterniflora Low Salt Marsh Alliance","Northeast review, part 2",2020-12-16 06:43:41,"D. Faber-Langendoen"
685389,"A1471","","Spartina alterniflora Low Salt Marsh Alliance","Northeast review, part 2",2020-12-16 06:43:39,"D. Faber-Langendoen"
683265,"A1471","","Spartina alterniflora Low Salt Marsh Alliance","Northeast review, part 2",2020-12-16 06:43:40,"D. Faber-Langendoen"
802175,"A1471","","Spartina alterniflora Low Salt Marsh Alliance","Northeast review, part 2b",2020-12-22 12:00:00,"D. Faber-Langendoen"
685825,"A1471","","Spartina alterniflora Low Salt Marsh Alliance","Northeast review, part 2",2020-12-16 06:43:37,"D. Faber-Langendoen"
686274,"A1479","MB1.a3.Na","Spartina bakeri Salt Marsh Alliance","Southeast, Texarkana USNVC reg'l review, June 2023",2023-06-24 09:00:22,"Southeast + TX ecologists, D. Faber-Langendoen"
686903,"A1479","MB1.a3.Na","Spartina bakeri Salt Marsh Alliance","Southeast, Texarkana USNVC reg'l review, June 2023",2023-06-24 09:00:22,"Southeast + TX ecologists, D. Faber-Langendoen"
683434,"A1481","","Spartina patens High Salt Marsh Alliance","Northeast review 2020",2020-08-10 08:47:09,"D. Faber-Langendoen"
817156,"A1481","","Spartina patens High Salt Marsh Alliance","Northeast review 2020",2020-08-10 08:47:09,"D. Faber-Langendoen"
689496,"A1481","","Spartina patens High Salt Marsh Alliance","Northeast review 2020",2020-08-10 08:47:09,"D. Faber-Langendoen"
688802,"A1481","","Spartina patens High Salt Marsh Alliance","Northeast review 2020",2020-08-10 08:47:09,"D. Faber-Langendoen"
685272,"A1481","","Spartina patens High Salt Marsh Alliance","Northeast review 2020",2020-08-10 08:47:09,"D. Faber-Langendoen"
689804,"A1481","","Spartina patens High Salt Marsh Alliance","Northeast review 2020",2020-08-10 12:00:00,"D. Faber-Langendoen"
687568,"A1481","","Spartina patens High Salt Marsh Alliance","Northeast review 2020",2020-08-10 08:47:09,"D. Faber-Langendoen"
684198,"A1481","","Spartina patens High Salt Marsh Alliance","Northeast review 2020",2020-08-10 08:47:09,"D. Faber-Langendoen"
686195,"A1481","","Spartina patens High Salt Marsh Alliance","Northeast review 2020",2020-08-10 08:47:09,"D. Faber-Langendoen"
688411,"A1481","","Spartina patens High Salt Marsh Alliance","Northeast review 2020",2020-08-10 08:47:09,"D. Faber-Langendoen"
685631,"A1485","TP1.b1.Na","Zizania aquatica - Zizaniopsis miliacea Tidal Freshwater Marsh Alliance","Southeast, Texarkana USNVC reg'l review, June 2023",2023-06-24 09:00:06,"Southeast + TX ecologists, D. Faber-Langendoen"
683103,"A1485","TP1.b1.Na","Zizania aquatica - Zizaniopsis miliacea Tidal Freshwater Marsh Alliance","Southeast, Texarkana USNVC reg'l review, June 2023",2023-06-24 09:00:06,"Southeast + TX ecologists, D. Faber-Langendoen"
689364,"A1485","TP1.b1.Na","Zizania aquatica - Zizaniopsis miliacea Tidal Freshwater Marsh Alliance","Northeast review 2020",2020-08-10 12:00:00,"D. Faber-Langendoen"
685256,"A1485","TP1.b1.Na","Zizania aquatica - Zizaniopsis miliacea Tidal Freshwater Marsh Alliance","Southeast, Texarkana USNVC reg'l review, June 2023",2023-06-24 09:00:06,"Southeast + TX ecologists, D. Faber-Langendoen"
689295,"A1485","TP1.b1.Na","Zizania aquatica - Zizaniopsis miliacea Tidal Freshwater Marsh Alliance","Southeast, Texarkana USNVC reg'l review, June 2023",2023-06-24 09:00:06,"Southeast + TX ecologists, D. Faber-Langendoen"
686942,"A3209","TT2.b1.Nb","Betula papyrifera - Populus tremuloides - Quercus macrocarpa Forest Alliance","Great Plains Peer Review 2019",2019-07-31 12:00:00,"D. Faber-Langendoen"
684635,"A3209","TT2.b1.Nb","Betula papyrifera - Populus tremuloides - Quercus macrocarpa Forest Alliance","Great Plains Peer Review 2019",2019-07-31 05:33:07,"D. Faber-Langendoen"
686941,"A3209","TT2.b1.Nb","Betula papyrifera - Populus tremuloides - Quercus macrocarpa Forest Alliance","MT-ID-WY regional review of USNVC, March 2023",2023-04-12 05:33:07,"Cooper,S., others, D. Faber-Langendoen"
689778,"A3209","TT2.b1.Nb","Betula papyrifera - Populus tremuloides - Quercus macrocarpa Forest Alliance","MT-ID-WY regional review of USNVC, March 2023",2023-04-12 05:33:06,"Cooper,S., others, D. Faber-Langendoen"
687620,"A3210","TT2.b1.Nb","Juniperus scopulorum - Juniperus virginiana Woodland Alliance","Great Plains Peer Review 2019",2019-07-31 05:33:04,"D. Faber-Langendoen"
686304,"A3215","TT2.b1.Nb","Quercus laceyi Forest & Woodland Alliance","Texas USNVC reg'l review follow-up, May 2023",2023-08-14 06:25:21,"J. Singhurst, TX ecologists, D. Faber-Langendoen"
801783,"A3217","TT2.b1.Nb","Quercus stellata - Ulmus crassifolia Forest & Woodland Alliance","Texas USNVC reg'l review follow-up, May 2023",2023-08-14 06:26:01,"J. Singhurst, TX ecologists, D. Faber-Langendoen"
686013,"A3225","","Betula papyrifera - Populus tremuloides - Acer rubrum Forest Alliance","Vermont",2020-04-29 01:13:41,"D. Faber-Langendoen"
690022,"A3225","","Betula papyrifera - Populus tremuloides - Acer rubrum Forest Alliance","Vermont",2020-04-29 01:13:44,"D. Faber-Langendoen"
686932,"A3225","","Betula papyrifera - Populus tremuloides - Acer rubrum Forest Alliance","Vermont",2020-04-29 01:13:42,"D. Faber-Langendoen"
688183,"A3227","TT2.b1.Na","Juniperus virginiana - Pinus virginiana - Pinus echinata Ruderal Forest Alliance","",2026-03-20 02:50:03,"D. Faber-Langendoen"
685261,"A3399","TP1.b1.Na","Typha domingensis Coastal Marsh Alliance","Southeast, Texarkana USNVC reg'l review, June 2023",2023-06-24 08:59:39,"Southeast + TX ecologists, D. Faber-Langendoen"
688374,"A3399","TP1.b1.Na","Typha domingensis Coastal Marsh Alliance","Southeast, Texarkana USNVC reg'l review, June 2023",2023-06-24 08:59:39,"Southeast + TX ecologists, D. Faber-Langendoen"
685167,"A3402","TP1.b1.Na","Andropogon capillipes - Andropogon glaucopsis - Panicum spp. Wet Prairie & Basin Marsh Alliance","Southeast US reg'l review of USNVC, April 2023",2023-05-11 02:45:06,"D. Faber-Langendoen"
856872,"A3402","TP1.b1.Na","Andropogon capillipes - Andropogon glaucopsis - Panicum spp. Wet Prairie & Basin Marsh Alliance","Southeast US reg'l review of USNVC, April 2023",2023-05-11 02:45:06,"D. Faber-Langendoen"
685610,"A3402","TP1.b1.Na","Andropogon capillipes - Andropogon glaucopsis - Panicum spp. Wet Prairie & Basin Marsh Alliance","Southeast US reg'l review of USNVC, April 2023",2023-05-11 02:45:06,"D. Faber-Langendoen"
686563,"A3402","TP1.b1.Na","Andropogon capillipes - Andropogon glaucopsis - Panicum spp. Wet Prairie & Basin Marsh Alliance","Southeast US reg'l review of USNVC, April 2023",2023-05-11 02:45:06,"D. Faber-Langendoen"
689857,"A0052","TT2.a1.Na","Quercus geminata - Serenoa repens Dry Sclerophyll Forest Alliance","Florida USNVC preliminary review",2023-03-30 01:47:34,"Nordman, C., D. Faber-Langendoen"
686525,"A3237","TT2.b1.Na","Pinus strobus - Quercus spp. Driftless Forest & Woodland Alliance","NVC127_WI state types and NVC",2020-03-23 05:27:59,"D. Faber-Langendoen"
689532,"A3238","TT2.b1.Na","Pinus banksiana - Pinus resinosa - Quercus ellipsoidalis Forest & Woodland Alliance","Vermont",2020-04-29 01:13:34,"D. Faber-Langendoen"
688119,"A3238","TT2.b1.Na","Pinus banksiana - Pinus resinosa - Quercus ellipsoidalis Forest & Woodland Alliance","Vermont",2020-04-29 01:13:32,"D. Faber-Langendoen"
689354,"A3238","TT2.b1.Na","Pinus banksiana - Pinus resinosa - Quercus ellipsoidalis Forest & Woodland Alliance","Vermont",2020-04-29 01:13:33,"D. Faber-Langendoen"
687556,"A3240","","Acer saccharum - Tilia americana - Fraxinus americana Forest Alliance","Vermont",2020-04-29 01:13:45,"D. Faber-Langendoen"
892922,"A3240","","Acer saccharum - Tilia americana - Fraxinus americana Forest Alliance","Vermont",2020-04-29 01:13:46,"D. Faber-Langendoen"
933878,"A3240","","Acer saccharum - Tilia americana - Fraxinus americana Forest Alliance","Vermont",2020-04-29 01:13:48,"D. Faber-Langendoen"
685903,"A3240","","Acer saccharum - Tilia americana - Fraxinus americana Forest Alliance","Vermont",2020-04-29 01:13:47,"D. Faber-Langendoen"
687304,"A3404","TP1.b1.Na","Zizaniopsis miliacea - Zizania aquatica - Pontederia cordata Southeastern Floodplain Marsh Alliance","USNVC VA clean-up",2023-12-22 03:05:15,"K. Pattersons, D. Faber-Langendoen"
686555,"A3412","TP1.b1.Nc","Juncus effusus - Andropogon glomeratus var. pumilus - Saccharum giganteum Ruderal Marsh Alliance","KY + TN Southeast USNVC reg'l review follow-up, May 2023",2023-08-25 12:27:52,"C. Elam, KY ecologists, D. Faber-Langendoen"
684226,"A3412","TP1.b1.Nc","Juncus effusus - Andropogon glomeratus var. pumilus - Saccharum giganteum Ruderal Marsh Alliance","KY + TN Southeast USNVC reg'l review follow-up, May 2023",2023-08-25 12:00:00,"C. Elam, KY ecologists, D. Faber-Langendoen"
683099,"A3412","TP1.b1.Nc","Juncus effusus - Andropogon glomeratus var. pumilus - Saccharum giganteum Ruderal Marsh Alliance","KY + TN Southeast USNVC reg'l review follow-up, May 2023",2023-08-25 12:27:54,"C. Elam, KY ecologists, D. Faber-Langendoen"
683584,"A0150","","Picea rubens - Abies balsamea Forest Alliance","Vermont",2020-04-29 01:14:12,"D. Faber-Langendoen"
689577,"A0150","","Picea rubens - Abies balsamea Forest Alliance","Vermont",2020-04-29 01:14:14,"D. Faber-Langendoen"
684832,"A0150","","Picea rubens - Abies balsamea Forest Alliance","Vermont",2020-04-29 01:14:15,"D. Faber-Langendoen"
685368,"A0150","","Picea rubens - Abies balsamea Forest Alliance","Vermont",2020-04-29 01:14:13,"D. Faber-Langendoen"
687398,"A0150","","Picea rubens - Abies balsamea Forest Alliance","Vermont",2020-04-29 12:00:00,"D. Faber-Langendoen"
689885,"A0150","","Picea rubens - Abies balsamea Forest Alliance","Vermont",2020-04-29 01:14:10,"D. Faber-Langendoen"
683349,"A0150","","Picea rubens - Abies balsamea Forest Alliance","Vermont",2020-04-29 01:14:08,"D. Faber-Langendoen"
686674,"A0242","TT2.b1.Nb","Quercus buckleyi Slope Forest & Woodland Alliance","Texas USNVC reg'l review follow-up, May 2023",2023-08-14 06:25:20,"J. Singhurst, TX ecologists, D. Faber-Langendoen"
683274,"A0242","TT2.b1.Nb","Quercus buckleyi Slope Forest & Woodland Alliance","Texas USNVC reg'l review follow-up, May 2023",2023-08-14 06:25:20,"J. Singhurst, TX ecologists, D. Faber-Langendoen"
685933,"A0245","","Quercus macrocarpa Forest Alliance","Great Plains Peer Review 2019",2019-07-31 12:00:00,"D. Faber-Langendoen"
688319,"A0245","","Quercus macrocarpa Forest Alliance","Great Plains Peer Review 2019",2019-07-31 12:00:00,"D. Faber-Langendoen"
689584,"A0245","","Quercus macrocarpa Forest Alliance","Great Plains Peer Review 2019",2019-07-31 12:00:00,"D. Faber-Langendoen"
689605,"A1987","TP1.b1.Na","Sagittaria lancifolia Gulf Coast Tidal Freshwater Marsh Alliance","Southeast, Texarkana USNVC reg'l review, June 2023",2023-06-24 08:59:53,"Southeast + TX ecologists, D. Faber-Langendoen"
686089,"A1987","TP1.b1.Na","Sagittaria lancifolia Gulf Coast Tidal Freshwater Marsh Alliance","Southeast, Texarkana USNVC reg'l review, June 2023",2023-06-24 08:59:53,"Southeast + TX ecologists, D. Faber-Langendoen"
683527,"A1987","TP1.b1.Na","Sagittaria lancifolia Gulf Coast Tidal Freshwater Marsh Alliance","Southeast, Texarkana USNVC reg'l review, June 2023",2023-06-24 08:59:53,"Southeast + TX ecologists, D. Faber-Langendoen"
687295,"A1987","TP1.b1.Na","Sagittaria lancifolia Gulf Coast Tidal Freshwater Marsh Alliance","Southeast, Texarkana USNVC reg'l review, June 2023",2023-06-24 08:59:53,"Southeast + TX ecologists, D. Faber-Langendoen"
687504,"A1987","TP1.b1.Na","Sagittaria lancifolia Gulf Coast Tidal Freshwater Marsh Alliance","Southeast, Texarkana USNVC reg'l review, June 2023",2023-06-24 08:59:53,"Southeast + TX ecologists, D. Faber-Langendoen"
683574,"A3247","TT4.b1.Nf","Prosopis glandulosa Scrub Woodland Alliance","Great Plains Peer Review 2019",2019-07-31 05:33:44,"D. Faber-Langendoen"
687681,"A3251","","Pinus strobus - Tsuga canadensis Forest Alliance","NVC127_WI state types and NVC",2020-03-23 05:28:09,"D. Faber-Langendoen"
688275,"A3251","","Pinus strobus - Tsuga canadensis Forest Alliance","merge (NVC127_WI state types and NVC)",2020-03-26 12:35:50,"D. Faber-Langendoen"
685818,"A3251","","Pinus strobus - Tsuga canadensis Forest Alliance","merge (NVC127_WI state types and NVC)",2020-03-26 12:35:50,"D. Faber-Langendoen"
683517,"A3252","","Thuja occidentalis Acidic Forest Alliance","Vermont",2020-04-29 01:13:57,"D. Faber-Langendoen"
688684,"A3252","","Thuja occidentalis Acidic Forest Alliance","Vermont",2020-04-29 01:13:56,"D. Faber-Langendoen"
687178,"A3252","","Thuja occidentalis Acidic Forest Alliance","Vermont",2020-04-29 01:13:55,"D. Faber-Langendoen"
686355,"A3252","","Thuja occidentalis Acidic Forest Alliance","Vermont",2020-04-29 01:13:58,"D. Faber-Langendoen"
687898,"A3420","TT2.b3.Nb","Abies concolor Dry Forest & Woodland Alliance","Southwest regional peer review (NM, AZ, CO, UT, NV)",2023-02-17 02:51:20,"E. Muldavin et al."
814710,"A3420","TT2.b3.Nb","Abies concolor Dry Forest & Woodland Alliance","Southwest regional peer review (NM, AZ, CO, UT, NV)",2023-02-17 02:51:20,"E. Muldavin et al."
688067,"A3420","TT2.b3.Nb","Abies concolor Dry Forest & Woodland Alliance","Southwest regional peer review (NM, AZ, CO, UT, NV)",2023-02-17 02:51:20,"E. Muldavin et al."
689956,"A3420","TT2.b3.Nb","Abies concolor Dry Forest & Woodland Alliance","Interior West remaining edits per J. Triepke, USFS",2022-07-07 07:44:47,"J. Triepke, P. McIntyre, D. Faber-Langendoen"
685297,"A3420","TT2.b3.Nb","Abies concolor Dry Forest & Woodland Alliance","Southwest regional peer review (NM, AZ, CO, UT, NV)",2023-02-17 02:51:20,"E. Muldavin et al."
683162,"A3420","TT2.b3.Nb","Abies concolor Dry Forest & Woodland Alliance","Southwest regional peer review (NM, AZ, CO, UT, NV)",2023-02-17 02:51:20,"E. Muldavin et al."
686461,"A3420","TT2.b3.Nb","Abies concolor Dry Forest & Woodland Alliance","Southwest regional peer review (NM, AZ, CO, UT, NV)",2023-02-17 02:51:20,"E. Muldavin et al."
684819,"A3420","TT2.b3.Nb","Abies concolor Dry Forest & Woodland Alliance","Southwest regional peer review (NM, AZ, CO, UT, NV)",2023-02-17 02:51:20,"E. Muldavin et al."
688021,"A3420","TT2.b3.Nb","Abies concolor Dry Forest & Woodland Alliance","Southwest regional peer review (NM, AZ, CO, UT, NV)",2023-02-17 02:51:20,"E. Muldavin et al."
815363,"A3420","TT2.b3.Nb","Abies concolor Dry Forest & Woodland Alliance","Southwest regional peer review (NM, AZ, CO, UT, NV)",2023-02-17 02:51:20,"E. Muldavin et al."
814863,"A3420","TT2.b3.Nb","Abies concolor Dry Forest & Woodland Alliance","Southwest regional peer review (NM, AZ, CO, UT, NV)",2023-02-17 02:51:20,"E. Muldavin et al."
687758,"A3420","TT2.b3.Nb","Abies concolor Dry Forest & Woodland Alliance","Southwest regional peer review (NM, AZ, CO, UT, NV)",2023-02-17 02:51:20,"E. Muldavin et al."
685248,"A3420","TT2.b3.Nb","Abies concolor Dry Forest & Woodland Alliance","Southwest regional peer review (NM, AZ, CO, UT, NV)",2023-02-17 02:51:20,"E. Muldavin et al."
684393,"A3420","TT2.b3.Nb","Abies concolor Dry Forest & Woodland Alliance","Southwest regional peer review (NM, AZ, CO, UT, NV)",2023-02-17 02:51:20,"E. Muldavin et al."
687200,"A3420","TT2.b3.Nb","Abies concolor Dry Forest & Woodland Alliance","Southwest regional peer review (NM, AZ, CO, UT, NV)",2023-02-17 02:51:20,"E. Muldavin et al."
689309,"A3420","TT2.b3.Nb","Abies concolor Dry Forest & Woodland Alliance","Southwest regional peer review (NM, AZ, CO, UT, NV)",2023-02-17 02:51:20,"E. Muldavin et al."
685856,"A3420","TT2.b3.Nb","Abies concolor Dry Forest & Woodland Alliance","Southwest regional peer review (NM, AZ, CO, UT, NV)",2023-02-17 02:51:20,"E. Muldavin et al."
689529,"A3420","TT2.b3.Nb","Abies concolor Dry Forest & Woodland Alliance","Southwest regional peer review (NM, AZ, CO, UT, NV)",2023-02-17 02:51:20,"E. Muldavin et al."
685042,"A3425","","Pinus flexilis / Grass Understory Central Rocky Mountain Woodland Alliance","Great Plains Peer Review 2019",2019-07-31 05:33:11,"D. Faber-Langendoen"
689340,"A0344","","Fraxinus caroliniana Swamp Forest Alliance","",2020-12-09 12:39:23,"D. Faber-Langendoen"
688098,"A0344","","Fraxinus caroliniana Swamp Forest Alliance","",2020-12-09 12:39:23,"D. Faber-Langendoen"
684509,"A0345","TP1.a2.Na","Nyssa aquatica Swamp Forest Alliance","Southeast US reg'l review of USNVC, April 2023",2023-05-11 02:44:23,"D. Faber-Langendoen"
683253,"A0345","TP1.a2.Na","Nyssa aquatica Swamp Forest Alliance","Southeast US reg'l review of USNVC, April 2023",2023-05-11 02:44:23,"D. Faber-Langendoen"
687042,"A0345","TP1.a2.Na","Nyssa aquatica Swamp Forest Alliance","Texas USNVC reg'l review follow-up, May 2023",2023-08-14 06:26:09,"J. Singhurst, TX ecologists, D. Faber-Langendoen"
689482,"A0369","TT2.a1.Na","Fagus grandifolia - Magnolia grandiflora Forest Alliance","Southeast US reg'l review of USNVC, April 2023",2023-05-11 02:44:06,"D. Faber-Langendoen"
687508,"A0369","TT2.a1.Na","Fagus grandifolia - Magnolia grandiflora Forest Alliance","Southeast US reg'l review of USNVC, April 2023",2023-05-11 02:44:06,"D. Faber-Langendoen"
689588,"A0369","TT2.a1.Na","Fagus grandifolia - Magnolia grandiflora Forest Alliance","Southeast US reg'l review of USNVC, April 2023",2023-05-11 02:44:06,"D. Faber-Langendoen"
687505,"A0369","TT2.a1.Na","Fagus grandifolia - Magnolia grandiflora Forest Alliance","Southeast US reg'l review of USNVC, April 2023",2023-05-11 02:44:06,"D. Faber-Langendoen"
689753,"A0369","TT2.a1.Na","Fagus grandifolia - Magnolia grandiflora Forest Alliance","Southeast US reg'l review of USNVC, April 2023",2023-05-11 02:44:06,"D. Faber-Langendoen"
688053,"A0369","TT2.a1.Na","Fagus grandifolia - Magnolia grandiflora Forest Alliance","Southeast US reg'l review of USNVC, April 2023",2023-05-11 02:44:06,"D. Faber-Langendoen"
683443,"A0369","TT2.a1.Na","Fagus grandifolia - Magnolia grandiflora Forest Alliance","Florida USNVC preliminary review",2023-03-30 01:47:31,"Nordman, C., D. Faber-Langendoen"
689036,"A0369","TT2.a1.Na","Fagus grandifolia - Magnolia grandiflora Forest Alliance","Southeast US reg'l review of USNVC, April 2023",2023-05-11 02:44:06,"D. Faber-Langendoen"
688666,"A0369","TT2.a1.Na","Fagus grandifolia - Magnolia grandiflora Forest Alliance","Southeast US reg'l review of USNVC, April 2023",2023-05-11 02:44:06,"D. Faber-Langendoen"
688744,"A0369","TT2.a1.Na","Fagus grandifolia - Magnolia grandiflora Forest Alliance","Southeast US reg'l review of USNVC, April 2023",2023-05-11 02:44:06,"D. Faber-Langendoen"
689630,"A0369","TT2.a1.Na","Fagus grandifolia - Magnolia grandiflora Forest Alliance","Southeast US reg'l review of USNVC, April 2023",2023-05-11 02:44:06,"D. Faber-Langendoen"
688681,"A0369","TT2.a1.Na","Fagus grandifolia - Magnolia grandiflora Forest Alliance","Southeast US reg'l review of USNVC, April 2023",2023-05-11 02:44:06,"D. Faber-Langendoen"
688163,"A0369","TT2.a1.Na","Fagus grandifolia - Magnolia grandiflora Forest Alliance","Southeast US reg'l review of USNVC, April 2023",2023-05-11 02:44:06,"D. Faber-Langendoen"
688154,"A0369","TT2.a1.Na","Fagus grandifolia - Magnolia grandiflora Forest Alliance","Southeast US reg'l review of USNVC, April 2023",2023-05-11 02:44:06,"D. Faber-Langendoen"
689589,"A0369","TT2.a1.Na","Fagus grandifolia - Magnolia grandiflora Forest Alliance","Southeast US reg'l review of USNVC, April 2023",2023-05-11 02:44:06,"D. Faber-Langendoen"
684324,"A0369","TT2.a1.Na","Fagus grandifolia - Magnolia grandiflora Forest Alliance","Southeast US reg'l review of USNVC, April 2023",2023-05-11 02:44:06,"D. Faber-Langendoen"
683549,"A0369","TT2.a1.Na","Fagus grandifolia - Magnolia grandiflora Forest Alliance","Southeast US reg'l review of USNVC, April 2023",2023-05-11 02:44:06,"D. Faber-Langendoen"
684381,"A0372","TT2.a1.Na","Quercus hemisphaerica - Carya glabra - Magnolia grandiflora Forest Alliance","",2024-06-21 04:45:36,"D.Faber-Langendoen"
687837,"A3260","TT2.b1.Na","Acer saccharum - Carya cordiformis - Fraxinus americana Ozark-Ouachita Forest Alliance","NVC163 Central Midwest regional review",2022-04-14 02:43:39,"D. Faber-Langendoen, M. Leahy, et al"
687025,"A3265","TT2.b1.Na","Fagus grandifolia - Quercus rubra Piedmont-Ridge & Valley Forest Alliance","Appalachians",2020-05-05 11:50:10,"D. Faber-Langendoen"
684280,"A3265","TT2.b1.Na","Fagus grandifolia - Quercus rubra Piedmont-Ridge & Valley Forest Alliance","Appalachians, Piedmont review, part 2",2020-12-09 12:40:21,"D. Faber-Langendoen"
858830,"A3430","TP1.a2.Nb","Quercus phellos Piedmont-Cumberland Wet Depression Forest Alliance","Appalachians",2020-05-05 11:50:20,"D. Faber-Langendoen"
858824,"A3430","TP1.a2.Nb","Quercus phellos Piedmont-Cumberland Wet Depression Forest Alliance","NC NVC peer review",2021-04-29 04:56:08,"D. Faber-Langendoen & M. Schafale"
783931,"A3430","TP1.a2.Nb","Quercus phellos Piedmont-Cumberland Wet Depression Forest Alliance","Appalachians, Piedmont review, part 2",2020-12-09 12:40:27,"D. Faber-Langendoen"
688915,"A3267","TT2.b1.Na","Abies balsamea - Betula alleghaniensis - Populus tremuloides Subboreal Forest Alliance","",2026-01-26 06:48:11,"D.Faber-Langendoen"
684134,"A3268","","Pinus echinata - Quercus stellata - Quercus marilandica Piedmont Woodland Alliance","Appalachians",2020-05-05 11:48:31,"D. Faber-Langendoen"
689092,"A3268","","Pinus echinata - Quercus stellata - Quercus marilandica Piedmont Woodland Alliance","Appalachians",2020-05-05 12:00:00,"D. Faber-Langendoen"
686515,"A3268","","Pinus echinata - Quercus stellata - Quercus marilandica Piedmont Woodland Alliance","Appalachians",2020-05-05 11:48:28,"D. Faber-Langendoen"
687717,"A3270","TT2.a1.Na","Pinus echinata - Quercus falcata Upper Coastal Plain Woodland Alliance","NVC163 Central Midwest regional review",2022-04-14 02:42:31,"D. Faber-Langendoen, M. Leahy, et al"
687045,"A3271","TT2.b1.Na","Pinus echinata - Quercus stellata - Quercus velutina Ozark-Ouachita Woodland Alliance","NVC163 Central Midwest regional review",2022-04-13 08:34:36,"D. Faber-Langendoen, M. Leahy, et al"
683060,"A3271","TT2.b1.Na","Pinus echinata - Quercus stellata - Quercus velutina Ozark-Ouachita Woodland Alliance","NVC163 Central Midwest regional review",2022-04-13 08:34:36,"D. Faber-Langendoen, M. Leahy, et al"
688187,"A3271","TT2.b1.Na","Pinus echinata - Quercus stellata - Quercus velutina Ozark-Ouachita Woodland Alliance","NVC163 Central Midwest regional review",2022-04-13 08:34:36,"D. Faber-Langendoen, M. Leahy, et al"
685183,"A3271","TT2.b1.Na","Pinus echinata - Quercus stellata - Quercus velutina Ozark-Ouachita Woodland Alliance","NVC163 Central Midwest regional review",2022-04-13 08:34:36,"D. Faber-Langendoen, M. Leahy, et al"
685179,"A3271","TT2.b1.Na","Pinus echinata - Quercus stellata - Quercus velutina Ozark-Ouachita Woodland Alliance","NVC163 Central Midwest regional review",2022-04-13 08:34:36,"D. Faber-Langendoen, M. Leahy, et al"
688261,"A3271","TT2.b1.Na","Pinus echinata - Quercus stellata - Quercus velutina Ozark-Ouachita Woodland Alliance","NVC163 Central Midwest regional review",2022-04-13 08:34:36,"D. Faber-Langendoen, M. Leahy, et al"
684130,"A3271","TT2.b1.Na","Pinus echinata - Quercus stellata - Quercus velutina Ozark-Ouachita Woodland Alliance","NVC163 Central Midwest regional review",2022-04-13 08:34:36,"D. Faber-Langendoen, M. Leahy, et al"
689963,"A3271","TT2.b1.Na","Pinus echinata - Quercus stellata - Quercus velutina Ozark-Ouachita Woodland Alliance","NVC163 Central Midwest regional review",2022-04-13 08:34:36,"D. Faber-Langendoen, M. Leahy, et al"
688446,"A3273","TT2.b1.Na","Quercus muehlenbergii - Fraxinus quadrangulata - Juniperus virginiana Woodland Alliance","NVC163 Central Midwest regional review",2022-04-15 03:59:22,"D. Faber-Langendoen, M. Leahy, et al"
683972,"A3273","TT2.b1.Na","Quercus muehlenbergii - Fraxinus quadrangulata - Juniperus virginiana Woodland Alliance","NVC163 Central Midwest regional review",2022-04-14 02:43:32,"D. Faber-Langendoen, M. Leahy, et al"
1233824,"A3273","TT2.b1.Na","Quercus muehlenbergii - Fraxinus quadrangulata - Juniperus virginiana Woodland Alliance","KY + TN Southeast USNVC reg'l review follow-up, May 2023",2023-08-25 12:27:23,"C. Elam, KY ecologists, D. Faber-Langendoen"
689502,"A3273","TT2.b1.Na","Quercus muehlenbergii - Fraxinus quadrangulata - Juniperus virginiana Woodland Alliance","Appalachians",2020-05-05 11:48:59,"D. Faber-Langendoen"
688183,"A3273","TT2.b1.Na","Quercus muehlenbergii - Fraxinus quadrangulata - Juniperus virginiana Woodland Alliance","KY + TN Southeast USNVC reg'l review follow-up, May 2023",2023-08-25 12:27:22,"C. Elam, KY ecologists, D. Faber-Langendoen"
689214,"A3273","TT2.b1.Na","Quercus muehlenbergii - Fraxinus quadrangulata - Juniperus virginiana Woodland Alliance","Misc NVC updates",2019-11-26 12:00:00,"D. Faber-Langendoen"
687856,"A3274","TT2.a1.Na","Fraxinus americana - Carya glabra - Juniperus virginiana Piedmont-Appalachian Woodland Alliance","USNVC NC revisions",2023-10-18 06:19:57,"M. Schafale, D. Faber-Langendoen"
689092,"A3274","TT2.a1.Na","Fraxinus americana - Carya glabra - Juniperus virginiana Piedmont-Appalachian Woodland Alliance","USNVC prelim review Aug 2023",2023-08-29 12:00:00,"D. Faber-Langendoen"
683173,"A3274","TT2.a1.Na","Fraxinus americana - Carya glabra - Juniperus virginiana Piedmont-Appalachian Woodland Alliance","USNVC NC revisions",2023-10-18 06:19:54,"M. Schafale, D. Faber-Langendoen"
689545,"A3274","TT2.a1.Na","Fraxinus americana - Carya glabra - Juniperus virginiana Piedmont-Appalachian Woodland Alliance","Appalachians, Piedmont review, part 2",2020-12-09 12:00:00,"D. Faber-Langendoen"
685930,"A3274","TT2.a1.Na","Fraxinus americana - Carya glabra - Juniperus virginiana Piedmont-Appalachian Woodland Alliance","Appalachians",2020-05-05 11:49:02,"D. Faber-Langendoen"
689960,"A3274","TT2.a1.Na","Fraxinus americana - Carya glabra - Juniperus virginiana Piedmont-Appalachian Woodland Alliance","USNVC NC revisions",2023-10-18 06:19:52,"M. Schafale, D. Faber-Langendoen"
685212,"A3275","TT2.b1.Na","Juniperus ashei Ozark Woodland Alliance","NVC163 Central Midwest regional review",2022-04-14 02:43:30,"D. Faber-Langendoen, M. Leahy, et al"
685264,"A3275","TT2.b1.Na","Juniperus ashei Ozark Woodland Alliance","NVC163 Central Midwest regional review",2022-04-14 02:43:27,"D. Faber-Langendoen, M. Leahy, et al"
687829,"A3275","TT2.b1.Na","Juniperus ashei Ozark Woodland Alliance","NVC163 Central Midwest regional review",2022-04-14 02:43:25,"D. Faber-Langendoen, M. Leahy, et al"
688224,"A3275","TT2.b1.Na","Juniperus ashei Ozark Woodland Alliance","NVC163 Central Midwest regional review",2022-04-14 02:43:28,"D. Faber-Langendoen, M. Leahy, et al"
959235,"A3446","TT2.b3.Nb","Pinus ponderosa / Shrub Understory Central Rocky Mountain Woodland Alliance","Interior West, Rocky Mountain Uplands review",2022-01-03 10:01:06,"F.J. Triepke, P. McIntyre, D. Faber-Langendoen"
683636,"A3446","TT2.b3.Nb","Pinus ponderosa / Shrub Understory Central Rocky Mountain Woodland Alliance","Interior West, Rocky Mountain Uplands review",2022-01-03 10:01:06,"F.J. Triepke, P. McIntyre, D. Faber-Langendoen"
687499,"A3446","TT2.b3.Nb","Pinus ponderosa / Shrub Understory Central Rocky Mountain Woodland Alliance","Interior West, Rocky Mountain Uplands review",2022-01-03 10:01:06,"F.J. Triepke, P. McIntyre, D. Faber-Langendoen"
685481,"A3446","TT2.b3.Nb","Pinus ponderosa / Shrub Understory Central Rocky Mountain Woodland Alliance","Interior West, Rocky Mountain Uplands review",2022-01-03 10:01:06,"F.J. Triepke, P. McIntyre, D. Faber-Langendoen"
688843,"A3446","TT2.b3.Nb","Pinus ponderosa / Shrub Understory Central Rocky Mountain Woodland Alliance","Interior West, Rocky Mountain Uplands review",2022-01-03 10:01:06,"F.J. Triepke, P. McIntyre, D. Faber-Langendoen"
683981,"A3446","TT2.b3.Nb","Pinus ponderosa / Shrub Understory Central Rocky Mountain Woodland Alliance","Interior West, Rocky Mountain Uplands review",2022-01-03 10:01:06,"F.J. Triepke, P. McIntyre, D. Faber-Langendoen"
686391,"A3446","TT2.b3.Nb","Pinus ponderosa / Shrub Understory Central Rocky Mountain Woodland Alliance","Interior West, Rocky Mountain Uplands review",2022-01-03 10:01:06,"F.J. Triepke, P. McIntyre, D. Faber-Langendoen"
683395,"A3446","TT2.b3.Nb","Pinus ponderosa / Shrub Understory Central Rocky Mountain Woodland Alliance","Interior West, Rocky Mountain Uplands review",2022-01-03 10:01:06,"F.J. Triepke, P. McIntyre, D. Faber-Langendoen"
959222,"A3446","TT2.b3.Nb","Pinus ponderosa / Shrub Understory Central Rocky Mountain Woodland Alliance","Interior West, Rocky Mountain Uplands review",2022-01-03 10:01:06,"F.J. Triepke, P. McIntyre, D. Faber-Langendoen"
684286,"A3446","TT2.b3.Nb","Pinus ponderosa / Shrub Understory Central Rocky Mountain Woodland Alliance","Interior West, Rocky Mountain Uplands review",2022-01-03 10:01:06,"F.J. Triepke, P. McIntyre, D. Faber-Langendoen"
686748,"A3446","TT2.b3.Nb","Pinus ponderosa / Shrub Understory Central Rocky Mountain Woodland Alliance","Interior West, Rocky Mountain Uplands review",2022-01-03 10:01:06,"F.J. Triepke, P. McIntyre, D. Faber-Langendoen"
684207,"A3446","TT2.b3.Nb","Pinus ponderosa / Shrub Understory Central Rocky Mountain Woodland Alliance","Interior West, Rocky Mountain Uplands review",2022-01-03 10:01:06,"F.J. Triepke, P. McIntyre, D. Faber-Langendoen"
683477,"A3446","TT2.b3.Nb","Pinus ponderosa / Shrub Understory Central Rocky Mountain Woodland Alliance","Interior West, Rocky Mountain Uplands review",2022-01-03 10:01:06,"F.J. Triepke, P. McIntyre, D. Faber-Langendoen"
732561,"A3446","TT2.b3.Nb","Pinus ponderosa / Shrub Understory Central Rocky Mountain Woodland Alliance","Interior West, Rocky Mountain Uplands review",2022-01-03 10:01:06,"F.J. Triepke, P. McIntyre, D. Faber-Langendoen"
685480,"A3446","TT2.b3.Nb","Pinus ponderosa / Shrub Understory Central Rocky Mountain Woodland Alliance","Interior West, Rocky Mountain Uplands review",2022-01-03 10:01:06,"F.J. Triepke, P. McIntyre, D. Faber-Langendoen"
687498,"A3446","TT2.b3.Nb","Pinus ponderosa / Shrub Understory Central Rocky Mountain Woodland Alliance","Interior West, Rocky Mountain Uplands review",2022-01-03 10:01:06,"F.J. Triepke, P. McIntyre, D. Faber-Langendoen"
686747,"A3446","TT2.b3.Nb","Pinus ponderosa / Shrub Understory Central Rocky Mountain Woodland Alliance","Interior West, Rocky Mountain Uplands review",2022-01-03 10:01:06,"F.J. Triepke, P. McIntyre, D. Faber-Langendoen"
686824,"A3446","TT2.b3.Nb","Pinus ponderosa / Shrub Understory Central Rocky Mountain Woodland Alliance","Interior West, Rocky Mountain Uplands review",2022-01-03 10:01:06,"F.J. Triepke, P. McIntyre, D. Faber-Langendoen"
684573,"A3446","TT2.b3.Nb","Pinus ponderosa / Shrub Understory Central Rocky Mountain Woodland Alliance","Interior West, Rocky Mountain Uplands review",2022-01-03 10:01:06,"F.J. Triepke, P. McIntyre, D. Faber-Langendoen"
683120,"A3446","TT2.b3.Nb","Pinus ponderosa / Shrub Understory Central Rocky Mountain Woodland Alliance","Interior West, Rocky Mountain Uplands review",2022-01-03 10:01:06,"F.J. Triepke, P. McIntyre, D. Faber-Langendoen"
685909,"A3446","TT2.b3.Nb","Pinus ponderosa / Shrub Understory Central Rocky Mountain Woodland Alliance","Interior West, Rocky Mountain Uplands review",2022-01-03 10:01:06,"F.J. Triepke, P. McIntyre, D. Faber-Langendoen"
689369,"A3446","TT2.b3.Nb","Pinus ponderosa / Shrub Understory Central Rocky Mountain Woodland Alliance","Interior West, Rocky Mountain Uplands review",2022-01-03 10:01:06,"F.J. Triepke, P. McIntyre, D. Faber-Langendoen"
683660,"A3446","TT2.b3.Nb","Pinus ponderosa / Shrub Understory Central Rocky Mountain Woodland Alliance","Interior West, Rocky Mountain Uplands review",2022-01-03 10:01:06,"F.J. Triepke, P. McIntyre, D. Faber-Langendoen"
688866,"A0751","TT4.b1.Nb","Sophora secundiflora Comanchian Ruderal Shrubland Alliance","Texas USNVC reg'l review follow-up, May 2023",2023-08-14 06:25:37,"J. Singhurst, TX ecologists, D. Faber-Langendoen"
683563,"A3020","TP1.b1.Na","Nelumbo lutea Tidal Freshwater Marsh Alliance","Southeast, Texarkana USNVC reg'l review, June 2023",2023-06-24 09:00:08,"Southeast + TX ecologists, D. Faber-Langendoen"
686591,"A3101","TT2.a1.Nb","Quercus arizonica - Quercus emoryi - Quercus grisea Scrub Woodland Alliance","Southwest regional peer review (NM, AZ, CO, UT, NV)",2023-02-17 02:51:08,"E. Muldavin et al."
684363,"A3101","TT2.a1.Nb","Quercus arizonica - Quercus emoryi - Quercus grisea Scrub Woodland Alliance","Southwest regional peer review (NM, AZ, CO, UT, NV)",2023-02-17 02:51:08,"E. Muldavin et al."
686677,"A3101","TT2.a1.Nb","Quercus arizonica - Quercus emoryi - Quercus grisea Scrub Woodland Alliance","Southwest regional peer review (NM, AZ, CO, UT, NV)",2023-02-17 02:51:08,"E. Muldavin et al."
684698,"A3101","TT2.a1.Nb","Quercus arizonica - Quercus emoryi - Quercus grisea Scrub Woodland Alliance","Southwest regional peer review (NM, AZ, CO, UT, NV)",2023-02-17 02:51:08,"E. Muldavin et al."
683251,"A3101","TT2.a1.Nb","Quercus arizonica - Quercus emoryi - Quercus grisea Scrub Woodland Alliance","Southwest regional peer review (NM, AZ, CO, UT, NV)",2023-02-17 02:51:08,"E. Muldavin et al."
689520,"A3101","TT2.a1.Nb","Quercus arizonica - Quercus emoryi - Quercus grisea Scrub Woodland Alliance","Southwest regional peer review (NM, AZ, CO, UT, NV)",2023-02-17 02:51:08,"E. Muldavin et al."
685157,"A3101","TT2.a1.Nb","Quercus arizonica - Quercus emoryi - Quercus grisea Scrub Woodland Alliance","Southwest regional peer review (NM, AZ, CO, UT, NV)",2023-02-17 02:51:08,"E. Muldavin et al."
684419,"A3101","TT2.a1.Nb","Quercus arizonica - Quercus emoryi - Quercus grisea Scrub Woodland Alliance","Southwest regional peer review (NM, AZ, CO, UT, NV)",2023-02-17 02:51:08,"E. Muldavin et al."
685459,"A3101","TT2.a1.Nb","Quercus arizonica - Quercus emoryi - Quercus grisea Scrub Woodland Alliance","Southwest regional peer review (NM, AZ, CO, UT, NV)",2023-02-17 02:51:08,"E. Muldavin et al."
683469,"A3101","TT2.a1.Nb","Quercus arizonica - Quercus emoryi - Quercus grisea Scrub Woodland Alliance","Southwest regional peer review (NM, AZ, CO, UT, NV)",2023-02-17 02:51:08,"E. Muldavin et al."
687874,"A3101","TT2.a1.Nb","Quercus arizonica - Quercus emoryi - Quercus grisea Scrub Woodland Alliance","Southwest regional peer review (NM, AZ, CO, UT, NV)",2023-02-17 02:51:08,"E. Muldavin et al."
686276,"A3101","TT2.a1.Nb","Quercus arizonica - Quercus emoryi - Quercus grisea Scrub Woodland Alliance","Southwest regional peer review (NM, AZ, CO, UT, NV)",2023-02-17 02:51:08,"E. Muldavin et al."
684843,"A3101","TT2.a1.Nb","Quercus arizonica - Quercus emoryi - Quercus grisea Scrub Woodland Alliance","Southwest regional peer review (NM, AZ, CO, UT, NV)",2023-02-17 02:51:08,"E. Muldavin et al."
683470,"A3101","TT2.a1.Nb","Quercus arizonica - Quercus emoryi - Quercus grisea Scrub Woodland Alliance","Southwest regional peer review (NM, AZ, CO, UT, NV)",2023-02-17 02:51:08,"E. Muldavin et al."
684284,"A3101","TT2.a1.Nb","Quercus arizonica - Quercus emoryi - Quercus grisea Scrub Woodland Alliance","Southwest regional peer review (NM, AZ, CO, UT, NV)",2023-02-17 02:51:08,"E. Muldavin et al."
686128,"A3278","TT5.b1.Na","Larrea tridentata - Fouquieria splendens Upper Bajada & Rock Outcrop Desert Scrub Alliance","",2016-11-18 12:00:00,"K. Schulz"
971732,"A3278","TT5.b1.Na","Larrea tridentata - Fouquieria splendens Upper Bajada & Rock Outcrop Desert Scrub Alliance","",2018-07-27 12:00:00,"K. Schulz"
683810,"A3288","TT2.b1.Na","Quercus alba - Quercus falcata - Quercus stellata Ozark-Ouachita Forest Alliance","NVC163 Central Midwest regional review",2022-04-13 12:00:00,"D. Faber-Langendoen, M. Leahy, et al"
817806,"A3288","TT2.b1.Na","Quercus alba - Quercus falcata - Quercus stellata Ozark-Ouachita Forest Alliance","NVC163 Central Midwest regional review",2022-04-13 08:34:44,"D. Faber-Langendoen, M. Leahy, et al"
686212,"A3288","TT2.b1.Na","Quercus alba - Quercus falcata - Quercus stellata Ozark-Ouachita Forest Alliance","NVC163 Central Midwest regional review",2022-04-13 08:34:44,"D. Faber-Langendoen, M. Leahy, et al"
683835,"A3288","TT2.b1.Na","Quercus alba - Quercus falcata - Quercus stellata Ozark-Ouachita Forest Alliance","NVC163 Central Midwest regional review",2022-04-13 08:34:44,"D. Faber-Langendoen, M. Leahy, et al"
686441,"A3288","TT2.b1.Na","Quercus alba - Quercus falcata - Quercus stellata Ozark-Ouachita Forest Alliance","NVC163 Central Midwest regional review",2022-04-13 08:34:44,"D. Faber-Langendoen, M. Leahy, et al"
687711,"A3288","TT2.b1.Na","Quercus alba - Quercus falcata - Quercus stellata Ozark-Ouachita Forest Alliance","NVC163 Central Midwest regional review",2022-04-13 08:34:44,"D. Faber-Langendoen, M. Leahy, et al"
689799,"A3288","TT2.b1.Na","Quercus alba - Quercus falcata - Quercus stellata Ozark-Ouachita Forest Alliance","NVC163 Central Midwest regional review",2022-04-13 08:34:44,"D. Faber-Langendoen, M. Leahy, et al"
721871,"A3288","TT2.b1.Na","Quercus alba - Quercus falcata - Quercus stellata Ozark-Ouachita Forest Alliance","NVC163 Central Midwest regional review",2022-04-13 08:34:44,"D. Faber-Langendoen, M. Leahy, et al"
685137,"A3288","TT2.b1.Na","Quercus alba - Quercus falcata - Quercus stellata Ozark-Ouachita Forest Alliance","NVC163 Central Midwest regional review",2022-04-13 08:34:44,"D. Faber-Langendoen, M. Leahy, et al"
687521,"A3288","TT2.b1.Na","Quercus alba - Quercus falcata - Quercus stellata Ozark-Ouachita Forest Alliance","NVC163 Central Midwest regional review",2022-04-13 08:34:44,"D. Faber-Langendoen, M. Leahy, et al"
685557,"A3288","TT2.b1.Na","Quercus alba - Quercus falcata - Quercus stellata Ozark-Ouachita Forest Alliance","NVC163 Central Midwest regional review",2022-04-13 08:34:44,"D. Faber-Langendoen, M. Leahy, et al"
785226,"A3454","TT2.b3.Nb","Pseudotsuga menziesii Southern Rocky Mountain Forest & Woodland Alliance","Southwest regional peer review (NM, AZ, CO, UT, NV)",2023-02-17 02:51:26,"E. Muldavin et al."
686041,"A3454","TT2.b3.Nb","Pseudotsuga menziesii Southern Rocky Mountain Forest & Woodland Alliance","Southwest regional peer review (NM, AZ, CO, UT, NV)",2023-02-17 02:51:26,"E. Muldavin et al."
689426,"A3454","TT2.b3.Nb","Pseudotsuga menziesii Southern Rocky Mountain Forest & Woodland Alliance","Southwest regional peer review (NM, AZ, CO, UT, NV)",2023-02-17 02:51:26,"E. Muldavin et al."
683716,"A3454","TT2.b3.Nb","Pseudotsuga menziesii Southern Rocky Mountain Forest & Woodland Alliance","Southwest regional peer review (NM, AZ, CO, UT, NV)",2023-02-17 02:51:26,"E. Muldavin et al."
689159,"A3454","TT2.b3.Nb","Pseudotsuga menziesii Southern Rocky Mountain Forest & Woodland Alliance","Southwest regional peer review (NM, AZ, CO, UT, NV)",2023-02-17 02:51:26,"E. Muldavin et al."
687511,"A3454","TT2.b3.Nb","Pseudotsuga menziesii Southern Rocky Mountain Forest & Woodland Alliance","Southwest regional peer review (NM, AZ, CO, UT, NV)",2023-02-17 02:51:26,"E. Muldavin et al."
686319,"A3454","TT2.b3.Nb","Pseudotsuga menziesii Southern Rocky Mountain Forest & Woodland Alliance","Southwest regional peer review (NM, AZ, CO, UT, NV)",2023-02-17 02:51:26,"E. Muldavin et al."
685103,"A3454","TT2.b3.Nb","Pseudotsuga menziesii Southern Rocky Mountain Forest & Woodland Alliance","Southwest regional peer review (NM, AZ, CO, UT, NV)",2023-02-17 02:51:26,"E. Muldavin et al."
686581,"A3454","TT2.b3.Nb","Pseudotsuga menziesii Southern Rocky Mountain Forest & Woodland Alliance","Southwest regional peer review (NM, AZ, CO, UT, NV)",2023-02-17 02:51:26,"E. Muldavin et al."
685819,"A3454","TT2.b3.Nb","Pseudotsuga menziesii Southern Rocky Mountain Forest & Woodland Alliance","CNVC updates",2022-03-14 07:03:29,"D. Faber-Langendoen"
785208,"A3454","TT2.b3.Nb","Pseudotsuga menziesii Southern Rocky Mountain Forest & Woodland Alliance","Southwest regional peer review (NM, AZ, CO, UT, NV)",2023-02-17 02:51:26,"E. Muldavin et al."
684460,"A3454","TT2.b3.Nb","Pseudotsuga menziesii Southern Rocky Mountain Forest & Woodland Alliance","Southwest regional peer review (NM, AZ, CO, UT, NV)",2023-02-17 02:51:26,"E. Muldavin et al."
686371,"A3454","TT2.b3.Nb","Pseudotsuga menziesii Southern Rocky Mountain Forest & Woodland Alliance","Southwest regional peer review (NM, AZ, CO, UT, NV)",2023-02-17 02:51:26,"E. Muldavin et al."
685379,"A3454","TT2.b3.Nb","Pseudotsuga menziesii Southern Rocky Mountain Forest & Woodland Alliance","Southwest regional peer review (NM, AZ, CO, UT, NV)",2023-02-17 02:51:26,"E. Muldavin et al."
687071,"A3454","TT2.b3.Nb","Pseudotsuga menziesii Southern Rocky Mountain Forest & Woodland Alliance","Southwest regional peer review (NM, AZ, CO, UT, NV)",2023-02-17 02:51:26,"E. Muldavin et al."
688643,"A3454","TT2.b3.Nb","Pseudotsuga menziesii Southern Rocky Mountain Forest & Woodland Alliance","Southwest regional peer review (NM, AZ, CO, UT, NV)",2023-02-17 02:51:26,"E. Muldavin et al."
689772,"A3682","TP1.a2.Na","Platanus occidentalis - Populus deltoides - Salix nigra Great Plains Floodplain Forest Alliance","Texas USNVC reg'l review follow-up, May 2023",2023-08-14 06:25:32,"J. Singhurst, TX ecologists, D. Faber-Langendoen"
686890,"A3838","TT2.b1.Na","Pinus banksiana - Picea mariana / Vaccinium spp. Subboreal Forest Alliance","",2026-01-26 06:48:13,"D.Faber-Langendoen"
689835,"A3838","TT2.b1.Na","Pinus banksiana - Picea mariana / Vaccinium spp. Subboreal Forest Alliance","Peer review project",2021-04-29 10:26:37,""
686455,"A3982","TT4.d1.Na","Great Plains Acidic Rock Outcrop Alliance","",2019-01-24 12:00:00,"D. Faber-Langendoen"
686416,"A3691","","Smilax auriculata - Toxicodendron radicans Dune Vine Alliance","Appalachians",2020-05-05 11:50:29,"D. Faber-Langendoen"
686800,"A3988","TT4.b1.Ne","Festuca idahoensis - Pseudoroegneria spicata - Pascopyrum smithii Mesic Grassland Alliance","Washington updates",2022-08-08 12:00:00,"T. Ramm-Granberg & D. Faber-Langendoen"
683644,"A3988","TT4.b1.Ne","Festuca idahoensis - Pseudoroegneria spicata - Pascopyrum smithii Mesic Grassland Alliance","Washington updates",2022-08-08 11:10:10,"T. Ramm-Granberg & D. Faber-Langendoen"
686800,"A3989","TT4.b1.Ne","Festuca idahoensis - Pseudoroegneria spicata Palouse Grassland Alliance","MT-ID-WY USNVC reg'l review follow-up, May 2023",2023-08-02 12:00:00,"MT, ID, WY ecologists, D. Faber-Langendoen"
683090,"A3989","TT4.b1.Ne","Festuca idahoensis - Pseudoroegneria spicata Palouse Grassland Alliance","Washington updates",2022-08-08 11:10:17,"T. Ramm-Granberg & D. Faber-Langendoen"
788017,"A3999","","Artemisia frigida - Dalea formosa - Gutierrezia sarothrae Dwarf-shrubland Alliance","Great Plains Peer Review 2019",2019-07-31 05:33:35,"D. Faber-Langendoen"
683777,"A3999","","Artemisia frigida - Dalea formosa - Gutierrezia sarothrae Dwarf-shrubland Alliance","Great Plains Peer Review 2019",2019-07-31 05:33:34,"D. Faber-Langendoen"
684127,"A4082","TT4.b1.Nb","Pueraria montana - Wisteria sinensis Exotic Ruderal Vine-Shrubland Alliance","IVC clean-up Dec 2023-Jan 2024",2024-02-23 08:34:03,"D. Faber-Langendoen, P. McIntyre, C. Nordman"
683332,"A4082","TT4.b1.Nb","Pueraria montana - Wisteria sinensis Exotic Ruderal Vine-Shrubland Alliance","IVC clean-up Dec 2023-Jan 2024",2024-02-23 08:34:03,"D. Faber-Langendoen, P. McIntyre, C. Nordman"
685676,"A4083","TT4.b1.Nb","Phyllostachys aurea Exotic Ruderal Shrubland Alliance","IVC clean-up Dec 2023-Jan 2024",2024-02-23 08:34:01,"D. Faber-Langendoen, P. McIntyre, C. Nordman"
688268,"A3706","","Acer rubrum - Fraxinus pennsylvanica Northeastern Swamp Forest Alliance","Northeast review 2020",2020-08-10 08:47:00,"D. Faber-Langendoen"
688675,"A3706","","Acer rubrum - Fraxinus pennsylvanica Northeastern Swamp Forest Alliance","Northeast review 2020",2020-08-10 08:47:00,"D. Faber-Langendoen"
689612,"A3706","","Acer rubrum - Fraxinus pennsylvanica Northeastern Swamp Forest Alliance","Northeast review 2020",2020-08-10 08:47:00,"D. Faber-Langendoen"
685788,"A3706","","Acer rubrum - Fraxinus pennsylvanica Northeastern Swamp Forest Alliance","Northeast review 2020",2020-08-10 12:00:00,"D. Faber-Langendoen"
687899,"A3706","","Acer rubrum - Fraxinus pennsylvanica Northeastern Swamp Forest Alliance","NVC130_G039 move to M032",2020-02-10 03:33:57,"D. Faber-Langendoen"
688103,"A3706","","Acer rubrum - Fraxinus pennsylvanica Northeastern Swamp Forest Alliance","Northeast review 2020",2020-08-10 08:47:00,"D. Faber-Langendoen"
686717,"A3706","","Acer rubrum - Fraxinus pennsylvanica Northeastern Swamp Forest Alliance","Northeast review 2020",2020-08-10 08:47:00,"D. Faber-Langendoen"
686573,"A3706","","Acer rubrum - Fraxinus pennsylvanica Northeastern Swamp Forest Alliance","Northeast review 2020",2020-08-10 08:47:00,"D. Faber-Langendoen"
685450,"A3706","","Acer rubrum - Fraxinus pennsylvanica Northeastern Swamp Forest Alliance","Appalachians",2020-05-05 11:50:22,"D. Faber-Langendoen"
889211,"A3710","","Acer saccharinum - Populus deltoides Floodplain Forest Alliance","Northeast review 2020",2020-08-10 08:46:59,"D. Faber-Langendoen"
688809,"A3710","","Acer saccharinum - Populus deltoides Floodplain Forest Alliance","Northeast review 2020",2020-08-10 08:46:59,"D. Faber-Langendoen"
684386,"A3710","","Acer saccharinum - Populus deltoides Floodplain Forest Alliance","Northeast review 2020",2020-08-10 08:46:59,"D. Faber-Langendoen"
689773,"A3710","","Acer saccharinum - Populus deltoides Floodplain Forest Alliance","Northeast review 2020",2020-08-10 08:46:59,"D. Faber-Langendoen"
687913,"A4005","","Upper Midwest Subboreal Talus Alliance","",2017-10-24 12:00:00,"D. Faber-Langendoen"
686857,"A4006","TT4.d1.Na","Laurentian-Acadian-Great Lakes Alkaline Cliff Alliance","Peer review project",2021-04-29 10:26:39,""
689622,"A4006","TT4.d1.Na","Laurentian-Acadian-Great Lakes Alkaline Cliff Alliance","Northeast review, part 2",2020-12-16 12:00:00,"D. Faber-Langendoen"
684345,"A4006","TT4.d1.Na","Laurentian-Acadian-Great Lakes Alkaline Cliff Alliance","Southeast US reg'l review of USNVC, April 2023",2023-05-11 02:50:49,"D. Faber-Langendoen"
689392,"A4013","","Spartina alterniflora - Spartina cynosuroides Brackish Tidal Marsh Alliance","Northeast review 2020",2020-08-10 08:47:10,"D. Faber-Langendoen"
686839,"A4013","","Spartina alterniflora - Spartina cynosuroides Brackish Tidal Marsh Alliance","Northeast review 2020",2020-08-10 08:47:10,"D. Faber-Langendoen"
689750,"A4013","","Spartina alterniflora - Spartina cynosuroides Brackish Tidal Marsh Alliance","Northeast review 2020",2020-08-10 12:00:00,"D. Faber-Langendoen"
683192,"A4013","","Spartina alterniflora - Spartina cynosuroides Brackish Tidal Marsh Alliance","Northeast review 2020",2020-08-10 08:47:10,"D. Faber-Langendoen"
689189,"A4013","","Spartina alterniflora - Spartina cynosuroides Brackish Tidal Marsh Alliance","Northeast review 2020",2020-08-10 12:00:00,"D. Faber-Langendoen"
686082,"A4013","","Spartina alterniflora - Spartina cynosuroides Brackish Tidal Marsh Alliance","Northeast review 2020",2020-08-10 08:47:10,"D. Faber-Langendoen"
683291,"A4013","","Spartina alterniflora - Spartina cynosuroides Brackish Tidal Marsh Alliance","Northeast review 2020",2020-08-10 08:47:10,"D. Faber-Langendoen"
686823,"A4013","","Spartina alterniflora - Spartina cynosuroides Brackish Tidal Marsh Alliance","Northeast review 2020",2020-08-10 08:47:10,"D. Faber-Langendoen"
683268,"A4013","","Spartina alterniflora - Spartina cynosuroides Brackish Tidal Marsh Alliance","Northeast review 2020",2020-08-10 08:47:10,"D. Faber-Langendoen"
688096,"A4013","","Spartina alterniflora - Spartina cynosuroides Brackish Tidal Marsh Alliance","Northeast review 2020",2020-08-10 08:47:10,"D. Faber-Langendoen"
721920,"A4013","","Spartina alterniflora - Spartina cynosuroides Brackish Tidal Marsh Alliance","Northeast review 2020",2020-08-10 08:47:10,"D. Faber-Langendoen"
684198,"A4013","","Spartina alterniflora - Spartina cynosuroides Brackish Tidal Marsh Alliance","Northeast review, part 2",2020-12-16 06:43:50,"D. Faber-Langendoen"
686532,"A4017","TP1.b1.Na","Peltandra virginica - Pontederia cordata - Sagittaria spp. Oligohaline Tidal Marsh Alliance","New York NVC peer review",2021-04-29 04:21:39,"D. Faber-Langendoen & NYHP"
685636,"A3714","TP1.a2.Nb","Acer saccharum - Tilia americana Mesic Floodplain Forest Alliance","NVC143 Northeast regional review",2021-01-15 12:00:00,"D. Faber-Langendoen"
683445,"A3715","TP1.a2.Nb","Acer saccharinum - Acer rubrum - Ulmus americana Floodplain Forest Alliance","Northeast review 2020",2020-08-10 08:47:29,"D. Faber-Langendoen"
683201,"A3715","TP1.a2.Nb","Acer saccharinum - Acer rubrum - Ulmus americana Floodplain Forest Alliance","Peer review project",2021-04-29 10:26:38,""
688064,"A2140","TT2.b3.Nc","Pinus contorta var. contorta Sand Dune Woodland Alliance","Washington updates",2022-08-08 11:09:46,"T. Ramm-Granberg & D. Faber-Langendoen"
688194,"A2140","TT2.b3.Nc","Pinus contorta var. contorta Sand Dune Woodland Alliance","Washington updates",2022-08-08 11:09:48,"T. Ramm-Granberg & D. Faber-Langendoen"
686505,"A2140","TT2.b3.Nc","Pinus contorta var. contorta Sand Dune Woodland Alliance","Washington updates",2022-08-08 11:09:52,"T. Ramm-Granberg & D. Faber-Langendoen"
979478,"A2140","TT2.b3.Nc","Pinus contorta var. contorta Sand Dune Woodland Alliance","Washington updates",2022-08-08 11:09:50,"T. Ramm-Granberg & D. Faber-Langendoen"
688683,"A2140","TT2.b3.Nc","Pinus contorta var. contorta Sand Dune Woodland Alliance","Washington updates",2022-08-08 11:09:55,"T. Ramm-Granberg & D. Faber-Langendoen"
684633,"A2140","TT2.b3.Nc","Pinus contorta var. contorta Sand Dune Woodland Alliance","Washington updates",2022-08-08 11:09:51,"T. Ramm-Granberg & D. Faber-Langendoen"
688064,"A3717","TT2.b3.Nc","Pinus contorta var. contorta Sand Dune Woodland Alliance","Washington updates",2022-08-08 11:08:03,"T. Ramm-Granberg & D. Faber-Langendoen"
688194,"A3717","TT2.b3.Nc","Pinus contorta var. contorta Sand Dune Woodland Alliance","Washington updates",2022-08-08 11:08:03,"T. Ramm-Granberg & D. Faber-Langendoen"
686505,"A3717","TT2.b3.Nc","Pinus contorta var. contorta Sand Dune Woodland Alliance","Washington updates",2022-08-08 11:08:03,"T. Ramm-Granberg & D. Faber-Langendoen"
979478,"A3717","TT2.b3.Nc","Pinus contorta var. contorta Sand Dune Woodland Alliance","Washington updates",2022-08-08 11:08:03,"T. Ramm-Granberg & D. Faber-Langendoen"
688683,"A3717","TT2.b3.Nc","Pinus contorta var. contorta Sand Dune Woodland Alliance","Washington updates",2022-08-08 11:08:03,"T. Ramm-Granberg & D. Faber-Langendoen"
684633,"A3717","TT2.b3.Nc","Pinus contorta var. contorta Sand Dune Woodland Alliance","Washington updates",2022-08-08 11:08:03,"T. Ramm-Granberg & D. Faber-Langendoen"
683547,"A3723","TT2.b3.Nd","Tsuga mertensiana - Abies amabilis Forest & Woodland Alliance","Washington NCCN Wetlands",2021-12-26 11:07:15,"Tynan Ramm-Granberg"
687678,"A4020","MB1.a3.Na","Juncus roemerianus Salt Marsh Alliance","Southeast US reg'l review of USNVC, April 2023",2023-05-11 02:50:42,"D. Faber-Langendoen"
1252839,"A4020","MB1.a3.Na","Juncus roemerianus Salt Marsh Alliance","Southeast, Texarkana USNVC reg'l review, June 2023",2023-06-24 09:00:31,"Southeast + TX ecologists, D. Faber-Langendoen"
689439,"A4023","TT5.b1.Na","Cleome isomeris - Ephedra californica - Ericameria linearifolia Sparsely Vegetated Clay Flats, Hills & Badlands Alliance","Southwest regional peer review (NM, AZ, CO, UT, NV)",2023-02-17 02:52:05,"E. Muldavin et al."
687541,"A4025","TT5.b1.Na","Aloysia wrightii - Pericome caudata - Ephedra nevadensis Sparsely Vegetated Bedrock Cliff & Lava Field Alliance","Southwest regional peer review (NM, AZ, CO, UT, NV)",2023-02-17 02:52:03,"E. Muldavin et al."
684462,"A4025","TT5.b1.Na","Aloysia wrightii - Pericome caudata - Ephedra nevadensis Sparsely Vegetated Bedrock Cliff & Lava Field Alliance","Southwest regional peer review (NM, AZ, CO, UT, NV)",2023-02-17 02:52:03,"E. Muldavin et al."
686059,"A4025","TT5.b1.Na","Aloysia wrightii - Pericome caudata - Ephedra nevadensis Sparsely Vegetated Bedrock Cliff & Lava Field Alliance","Southwest regional peer review (NM, AZ, CO, UT, NV)",2023-02-17 02:52:03,"E. Muldavin et al."
687290,"A3889","TT4.b1.Nb","Andropogon gerardii - Panicum virgatum - Sporobolus clandestinus Southeastern Patch Prairie Alliance","Southeast US reg'l review of USNVC, April 2023",2023-05-11 02:44:35,"D. Faber-Langendoen"
688660,"A3889","TT4.b1.Nb","Andropogon gerardii - Panicum virgatum - Sporobolus clandestinus Southeastern Patch Prairie Alliance","Southeast US reg'l review of USNVC, April 2023",2023-05-11 02:44:35,"D. Faber-Langendoen"
689158,"A3889","TT4.b1.Nb","Andropogon gerardii - Panicum virgatum - Sporobolus clandestinus Southeastern Patch Prairie Alliance","Southeast US reg'l review of USNVC, April 2023",2023-05-11 02:44:35,"D. Faber-Langendoen"
731002,"A3889","TT4.b1.Nb","Andropogon gerardii - Panicum virgatum - Sporobolus clandestinus Southeastern Patch Prairie Alliance","Southeast US reg'l review of USNVC, April 2023",2023-05-11 02:44:35,"D. Faber-Langendoen"
685133,"A3889","TT4.b1.Nb","Andropogon gerardii - Panicum virgatum - Sporobolus clandestinus Southeastern Patch Prairie Alliance","Southeast US reg'l review of USNVC, April 2023",2023-05-11 02:44:35,"D. Faber-Langendoen"
685336,"A3889","TT4.b1.Nb","Andropogon gerardii - Panicum virgatum - Sporobolus clandestinus Southeastern Patch Prairie Alliance","Southeast US reg'l review of USNVC, April 2023",2023-05-11 02:44:35,"D. Faber-Langendoen"
687666,"A3889","TT4.b1.Nb","Andropogon gerardii - Panicum virgatum - Sporobolus clandestinus Southeastern Patch Prairie Alliance","Southeast US reg'l review of USNVC, April 2023",2023-05-11 02:44:35,"D. Faber-Langendoen"
1090280,"A3890","TT4.b1.Nb","Schizachyrium scoparium - Andropogon ternarius - Bouteloua curtipendula Patch Prairie Alliance","Southeast US reg'l review of USNVC, April 2023",2023-05-11 02:44:38,"D. Faber-Langendoen"
685749,"A3890","TT4.b1.Nb","Schizachyrium scoparium - Andropogon ternarius - Bouteloua curtipendula Patch Prairie Alliance","Southeast US reg'l review of USNVC, April 2023",2023-05-11 02:44:38,"D. Faber-Langendoen"
686517,"A3890","TT4.b1.Nb","Schizachyrium scoparium - Andropogon ternarius - Bouteloua curtipendula Patch Prairie Alliance","Southeast US reg'l review of USNVC, April 2023",2023-05-11 02:44:38,"D. Faber-Langendoen"
685697,"A3890","TT4.b1.Nb","Schizachyrium scoparium - Andropogon ternarius - Bouteloua curtipendula Patch Prairie Alliance","Southeast US reg'l review of USNVC, April 2023",2023-05-11 02:44:38,"D. Faber-Langendoen"
685029,"A3890","TT4.b1.Nb","Schizachyrium scoparium - Andropogon ternarius - Bouteloua curtipendula Patch Prairie Alliance","Southeast US reg'l review of USNVC, April 2023",2023-05-11 02:44:38,"D. Faber-Langendoen"
685206,"A3890","TT4.b1.Nb","Schizachyrium scoparium - Andropogon ternarius - Bouteloua curtipendula Patch Prairie Alliance","Southeast US reg'l review of USNVC, April 2023",2023-05-11 02:44:38,"D. Faber-Langendoen"
684753,"A3890","TT4.b1.Nb","Schizachyrium scoparium - Andropogon ternarius - Bouteloua curtipendula Patch Prairie Alliance","Southeast US reg'l review of USNVC, April 2023",2023-05-11 02:44:38,"D. Faber-Langendoen"
788032,"A4038","TT4.b1.Nf","Rhus trilobata Great Plains Shrubland Alliance","Texas USNVC reg'l review follow-up, May 2023",2023-08-14 06:25:36,"J. Singhurst, TX ecologists, D. Faber-Langendoen"
685079,"A4038","TT4.b1.Nf","Rhus trilobata Great Plains Shrubland Alliance","Great Plains Peer Review",2019-11-04 12:00:00,"D. Faber-Langendoen"
689977,"A4045","TT4.b1.Nf","Andropogon gerardii - Sorghastrum nutans - Helianthus spp. Southern Grassland Alliance","Southeast, Texarkana USNVC reg'l review, June 2023",2023-06-24 09:02:26,"Southeast + TX ecologists, D. Faber-Langendoen"
689241,"A4046","TT4.b1.Nf","Schizachyrium scoparium - Echinacea pallida Southern Grassland Alliance","Southeast Grasslands revisions by D. Estes, SGI, et al",2024-02-23 08:28:11,"D. Estes et al"
684166,"A4046","TT4.b1.Nf","Schizachyrium scoparium - Echinacea pallida Southern Grassland Alliance","Southeast Grasslands revisions by D. Estes, SGI, et al",2024-02-23 08:28:12,"D. Estes et al"
979533,"A3726","TT2.b3.Nd","Abies amabilis - Tsuga mertensiana - Abies lasiocarpa Cascadian Forest & Woodland Alliance","Washington updates",2022-08-08 12:00:00,"T. Ramm-Granberg & D. Faber-Langendoen"
685132,"A3729","TT2.b3.Nd","Abies lasiocarpa - Picea engelmannii / Rubus lasiococcus Cascadian Forest Alliance","MT-ID-WY regional review of USNVC, March 2023",2023-04-12 05:33:05,"Cooper,S., others, D. Faber-Langendoen"
841789,"A3732","TT4.b1.Ne","Amelanchier utahensis - Cercocarpus montanus - Cercocarpus intricatus Shrubland Alliance","Southwest regional peer review (NM, AZ, CO, UT, NV)",2023-02-17 02:51:58,"E. Muldavin et al."
688395,"A3732","TT4.b1.Ne","Amelanchier utahensis - Cercocarpus montanus - Cercocarpus intricatus Shrubland Alliance","Southwest regional peer review (NM, AZ, CO, UT, NV)",2023-02-17 02:51:58,"E. Muldavin et al."
686361,"A3732","TT4.b1.Ne","Amelanchier utahensis - Cercocarpus montanus - Cercocarpus intricatus Shrubland Alliance","Southwest regional peer review (NM, AZ, CO, UT, NV)",2023-02-17 02:51:58,"E. Muldavin et al."
857768,"A3732","TT4.b1.Ne","Amelanchier utahensis - Cercocarpus montanus - Cercocarpus intricatus Shrubland Alliance","Southwest regional peer review (NM, AZ, CO, UT, NV)",2023-02-17 02:51:58,"E. Muldavin et al."
770507,"A3732","TT4.b1.Ne","Amelanchier utahensis - Cercocarpus montanus - Cercocarpus intricatus Shrubland Alliance","Southwest regional peer review (NM, AZ, CO, UT, NV)",2023-02-17 02:51:58,"E. Muldavin et al."
683967,"A3732","TT4.b1.Ne","Amelanchier utahensis - Cercocarpus montanus - Cercocarpus intricatus Shrubland Alliance","Southwest regional peer review (NM, AZ, CO, UT, NV)",2023-02-17 02:51:58,"E. Muldavin et al."
688710,"A3732","TT4.b1.Ne","Amelanchier utahensis - Cercocarpus montanus - Cercocarpus intricatus Shrubland Alliance","Southwest regional peer review (NM, AZ, CO, UT, NV)",2023-02-17 02:51:58,"E. Muldavin et al."
793429,"A3732","TT4.b1.Ne","Amelanchier utahensis - Cercocarpus montanus - Cercocarpus intricatus Shrubland Alliance","Southwest regional peer review (NM, AZ, CO, UT, NV)",2023-02-17 02:51:58,"E. Muldavin et al."
687987,"A3732","TT4.b1.Ne","Amelanchier utahensis - Cercocarpus montanus - Cercocarpus intricatus Shrubland Alliance","Southwest regional peer review (NM, AZ, CO, UT, NV)",2023-02-17 02:51:58,"E. Muldavin et al."
688394,"A3732","TT4.b1.Ne","Amelanchier utahensis - Cercocarpus montanus - Cercocarpus intricatus Shrubland Alliance","Southwest regional peer review (NM, AZ, CO, UT, NV)",2023-02-17 02:51:58,"E. Muldavin et al."
793426,"A3732","TT4.b1.Ne","Amelanchier utahensis - Cercocarpus montanus - Cercocarpus intricatus Shrubland Alliance","Southwest regional peer review (NM, AZ, CO, UT, NV)",2023-02-17 02:51:58,"E. Muldavin et al."
684724,"A3732","TT4.b1.Ne","Amelanchier utahensis - Cercocarpus montanus - Cercocarpus intricatus Shrubland Alliance","Southwest regional peer review (NM, AZ, CO, UT, NV)",2023-02-17 02:51:58,"E. Muldavin et al."
688588,"A3732","TT4.b1.Ne","Amelanchier utahensis - Cercocarpus montanus - Cercocarpus intricatus Shrubland Alliance","Southwest regional peer review (NM, AZ, CO, UT, NV)",2023-02-17 02:51:58,"E. Muldavin et al."
687729,"A3732","TT4.b1.Ne","Amelanchier utahensis - Cercocarpus montanus - Cercocarpus intricatus Shrubland Alliance","Southwest regional peer review (NM, AZ, CO, UT, NV)",2023-02-17 02:51:58,"E. Muldavin et al."
770487,"A3732","TT4.b1.Ne","Amelanchier utahensis - Cercocarpus montanus - Cercocarpus intricatus Shrubland Alliance","Southwest regional peer review (NM, AZ, CO, UT, NV)",2023-02-17 02:51:58,"E. Muldavin et al."
684295,"A3732","TT4.b1.Ne","Amelanchier utahensis - Cercocarpus montanus - Cercocarpus intricatus Shrubland Alliance","Southwest regional peer review (NM, AZ, CO, UT, NV)",2023-02-17 02:51:58,"E. Muldavin et al."
801947,"A3732","TT4.b1.Ne","Amelanchier utahensis - Cercocarpus montanus - Cercocarpus intricatus Shrubland Alliance","Southwest regional peer review (NM, AZ, CO, UT, NV)",2023-02-17 02:51:58,"E. Muldavin et al."
785168,"A3732","TT4.b1.Ne","Amelanchier utahensis - Cercocarpus montanus - Cercocarpus intricatus Shrubland Alliance","Southwest regional peer review (NM, AZ, CO, UT, NV)",2023-02-17 02:51:58,"E. Muldavin et al."
689646,"A3733","TT4.b1.Ne","Cercocarpus montanus - Quercus x pauciloba Shrubland Alliance","Southwest regional peer review (NM, AZ, CO, UT, NV)",2023-02-17 02:52:00,"E. Muldavin et al."
688600,"A3733","TT4.b1.Ne","Cercocarpus montanus - Quercus x pauciloba Shrubland Alliance","Southwest regional peer review (NM, AZ, CO, UT, NV)",2023-02-17 02:52:00,"E. Muldavin et al."
683619,"A3733","TT4.b1.Ne","Cercocarpus montanus - Quercus x pauciloba Shrubland Alliance","Southwest regional peer review (NM, AZ, CO, UT, NV)",2023-02-17 02:52:00,"E. Muldavin et al."
821390,"A3733","TT4.b1.Ne","Cercocarpus montanus - Quercus x pauciloba Shrubland Alliance","Southwest regional peer review (NM, AZ, CO, UT, NV)",2023-02-17 02:52:00,"E. Muldavin et al."
689537,"A3733","TT4.b1.Ne","Cercocarpus montanus - Quercus x pauciloba Shrubland Alliance","Southwest regional peer review (NM, AZ, CO, UT, NV)",2023-02-17 02:52:00,"E. Muldavin et al."
684170,"A3733","TT4.b1.Ne","Cercocarpus montanus - Quercus x pauciloba Shrubland Alliance","Southwest regional peer review (NM, AZ, CO, UT, NV)",2023-02-17 02:52:00,"E. Muldavin et al."
684416,"A3733","TT4.b1.Ne","Cercocarpus montanus - Quercus x pauciloba Shrubland Alliance","Southwest regional peer review (NM, AZ, CO, UT, NV)",2023-02-17 02:52:00,"E. Muldavin et al."
685408,"A3733","TT4.b1.Ne","Cercocarpus montanus - Quercus x pauciloba Shrubland Alliance","Southwest regional peer review (NM, AZ, CO, UT, NV)",2023-02-17 02:52:00,"E. Muldavin et al."
688451,"A3735","TT4.b1.Ne","Quercus gambelii - Symphoricarpos oreophilus Shrubland Alliance","Southwest regional peer review (NM, AZ, CO, UT, NV)",2023-02-17 02:51:53,"E. Muldavin et al."
684979,"A3735","TT4.b1.Ne","Quercus gambelii - Symphoricarpos oreophilus Shrubland Alliance","Southwest regional peer review (NM, AZ, CO, UT, NV)",2023-02-17 02:51:53,"E. Muldavin et al."
801950,"A3735","TT4.b1.Ne","Quercus gambelii - Symphoricarpos oreophilus Shrubland Alliance","Southwest regional peer review (NM, AZ, CO, UT, NV)",2023-02-17 02:51:53,"E. Muldavin et al."
795006,"A3735","TT4.b1.Ne","Quercus gambelii - Symphoricarpos oreophilus Shrubland Alliance","Southwest regional peer review (NM, AZ, CO, UT, NV)",2023-02-17 02:51:53,"E. Muldavin et al."
684767,"A3735","TT4.b1.Ne","Quercus gambelii - Symphoricarpos oreophilus Shrubland Alliance","Southwest regional peer review (NM, AZ, CO, UT, NV)",2023-02-17 02:51:53,"E. Muldavin et al."
758367,"A3735","TT4.b1.Ne","Quercus gambelii - Symphoricarpos oreophilus Shrubland Alliance","Southwest regional peer review (NM, AZ, CO, UT, NV)",2023-02-17 02:51:53,"E. Muldavin et al."
785230,"A3735","TT4.b1.Ne","Quercus gambelii - Symphoricarpos oreophilus Shrubland Alliance","Southwest regional peer review (NM, AZ, CO, UT, NV)",2023-02-17 02:51:53,"E. Muldavin et al."
686417,"A3735","TT4.b1.Ne","Quercus gambelii - Symphoricarpos oreophilus Shrubland Alliance","Southwest regional peer review (NM, AZ, CO, UT, NV)",2023-02-17 02:51:53,"E. Muldavin et al."
688821,"A3735","TT4.b1.Ne","Quercus gambelii - Symphoricarpos oreophilus Shrubland Alliance","Southwest regional peer review (NM, AZ, CO, UT, NV)",2023-02-17 02:51:53,"E. Muldavin et al."
769467,"A3735","TT4.b1.Ne","Quercus gambelii - Symphoricarpos oreophilus Shrubland Alliance","Southwest regional peer review (NM, AZ, CO, UT, NV)",2023-02-17 02:51:53,"E. Muldavin et al."
758477,"A3735","TT4.b1.Ne","Quercus gambelii - Symphoricarpos oreophilus Shrubland Alliance","Southwest regional peer review (NM, AZ, CO, UT, NV)",2023-02-17 02:51:53,"E. Muldavin et al."
684697,"A3735","TT4.b1.Ne","Quercus gambelii - Symphoricarpos oreophilus Shrubland Alliance","Southwest regional peer review (NM, AZ, CO, UT, NV)",2023-02-17 02:51:53,"E. Muldavin et al."
683334,"A3735","TT4.b1.Ne","Quercus gambelii - Symphoricarpos oreophilus Shrubland Alliance","Southwest regional peer review (NM, AZ, CO, UT, NV)",2023-02-17 02:51:53,"E. Muldavin et al."
687869,"A3735","TT4.b1.Ne","Quercus gambelii - Symphoricarpos oreophilus Shrubland Alliance","Southwest regional peer review (NM, AZ, CO, UT, NV)",2023-02-17 02:51:53,"E. Muldavin et al."
685113,"A3735","TT4.b1.Ne","Quercus gambelii - Symphoricarpos oreophilus Shrubland Alliance","Southwest regional peer review (NM, AZ, CO, UT, NV)",2023-02-17 02:51:53,"E. Muldavin et al."
685512,"A3735","TT4.b1.Ne","Quercus gambelii - Symphoricarpos oreophilus Shrubland Alliance","Southwest regional peer review (NM, AZ, CO, UT, NV)",2023-02-17 02:51:53,"E. Muldavin et al."
801954,"A3735","TT4.b1.Ne","Quercus gambelii - Symphoricarpos oreophilus Shrubland Alliance","Southwest regional peer review (NM, AZ, CO, UT, NV)",2023-02-17 02:51:53,"E. Muldavin et al."
758371,"A3735","TT4.b1.Ne","Quercus gambelii - Symphoricarpos oreophilus Shrubland Alliance","Southwest regional peer review (NM, AZ, CO, UT, NV)",2023-02-17 02:51:53,"E. Muldavin et al."
684766,"A3735","TT4.b1.Ne","Quercus gambelii - Symphoricarpos oreophilus Shrubland Alliance","Southwest regional peer review (NM, AZ, CO, UT, NV)",2023-02-17 02:51:53,"E. Muldavin et al."
857887,"A3736","TT4.b1.Ne","Fraxinus anomala - Rhus trilobata - Fendlera rupicola Talus & Rock Outcrop Shrubland Alliance","California updates",2022-06-22 12:00:00,"J. Evens, R. Boul, D. Faber-Langendoen"
857887,"A3736","TT4.b1.Ne","Fraxinus anomala - Rhus trilobata - Fendlera rupicola Talus & Rock Outcrop Shrubland Alliance","Southwest regional peer review (NM, AZ, CO, UT, NV)",2023-02-17 02:51:48,"E. Muldavin et al."
770576,"A3736","TT4.b1.Ne","Fraxinus anomala - Rhus trilobata - Fendlera rupicola Talus & Rock Outcrop Shrubland Alliance","Southwest regional peer review (NM, AZ, CO, UT, NV)",2023-02-17 02:51:48,"E. Muldavin et al."
684476,"A3736","TT4.b1.Ne","Fraxinus anomala - Rhus trilobata - Fendlera rupicola Talus & Rock Outcrop Shrubland Alliance","Southwest regional peer review (NM, AZ, CO, UT, NV)",2023-02-17 02:51:48,"E. Muldavin et al."
684890,"A3736","TT4.b1.Ne","Fraxinus anomala - Rhus trilobata - Fendlera rupicola Talus & Rock Outcrop Shrubland Alliance","Southwest regional peer review (NM, AZ, CO, UT, NV)",2023-02-17 02:51:48,"E. Muldavin et al."
794078,"A3736","TT4.b1.Ne","Fraxinus anomala - Rhus trilobata - Fendlera rupicola Talus & Rock Outcrop Shrubland Alliance","Southwest regional peer review (NM, AZ, CO, UT, NV)",2023-02-17 02:51:48,"E. Muldavin et al."
821383,"A3737","TT4.b1.Ne","Ceanothus fendleri Shrubland & Shrub-Steppe Alliance","Southwest regional peer review (NM, AZ, CO, UT, NV)",2023-02-17 02:51:46,"E. Muldavin et al."
835311,"A3737","TT4.b1.Ne","Ceanothus fendleri Shrubland & Shrub-Steppe Alliance","Southwest regional peer review (NM, AZ, CO, UT, NV)",2023-02-17 02:51:46,"E. Muldavin et al."
689150,"A3738","TT4.b1.Ne","Quercus gambelii - Robinia neomexicana Shrubland Alliance","Southwest regional peer review (NM, AZ, CO, UT, NV)",2023-02-17 02:51:50,"E. Muldavin et al."
835323,"A3738","TT4.b1.Ne","Quercus gambelii - Robinia neomexicana Shrubland Alliance","Southwest regional peer review (NM, AZ, CO, UT, NV)",2023-02-17 02:51:50,"E. Muldavin et al."
821425,"A3738","TT4.b1.Ne","Quercus gambelii - Robinia neomexicana Shrubland Alliance","Southwest regional peer review (NM, AZ, CO, UT, NV)",2023-02-17 02:51:50,"E. Muldavin et al."
821393,"A3738","TT4.b1.Ne","Quercus gambelii - Robinia neomexicana Shrubland Alliance","Southwest regional peer review (NM, AZ, CO, UT, NV)",2023-02-17 02:51:50,"E. Muldavin et al."
685870,"A3738","TT4.b1.Ne","Quercus gambelii - Robinia neomexicana Shrubland Alliance","Southwest regional peer review (NM, AZ, CO, UT, NV)",2023-02-17 02:51:50,"E. Muldavin et al."
689005,"A3738","TT4.b1.Ne","Quercus gambelii - Robinia neomexicana Shrubland Alliance","Southwest regional peer review (NM, AZ, CO, UT, NV)",2023-02-17 02:51:50,"E. Muldavin et al."
821379,"A3738","TT4.b1.Ne","Quercus gambelii - Robinia neomexicana Shrubland Alliance","Southwest regional peer review (NM, AZ, CO, UT, NV)",2023-02-17 02:51:50,"E. Muldavin et al."
687376,"A3743","TP1.a2.Nf","Fraxinus latifolia - Populus balsamifera ssp. trichocarpa - Alnus spp. Riparian Forest Alliance","Washington NCCN Wetlands",2021-12-26 11:05:46,"Tynan Ramm-Granberg"
687707,"A3743","TP1.a2.Nf","Fraxinus latifolia - Populus balsamifera ssp. trichocarpa - Alnus spp. Riparian Forest Alliance","Washington NCCN Wetlands",2021-12-26 11:05:46,"Tynan Ramm-Granberg"
683351,"A3743","TP1.a2.Nf","Fraxinus latifolia - Populus balsamifera ssp. trichocarpa - Alnus spp. Riparian Forest Alliance","Washington NCCN Wetlands",2021-12-26 11:05:46,"Tynan Ramm-Granberg"
687336,"A3743","TP1.a2.Nf","Fraxinus latifolia - Populus balsamifera ssp. trichocarpa - Alnus spp. Riparian Forest Alliance","Washington NCCN Wetlands",2021-12-26 11:05:46,"Tynan Ramm-Granberg"
690056,"A3743","TP1.a2.Nf","Fraxinus latifolia - Populus balsamifera ssp. trichocarpa - Alnus spp. Riparian Forest Alliance","Washington NCCN Wetlands",2021-12-26 11:05:46,"Tynan Ramm-Granberg"
683956,"A3743","TP1.a2.Nf","Fraxinus latifolia - Populus balsamifera ssp. trichocarpa - Alnus spp. Riparian Forest Alliance","Washington NCCN Wetlands",2021-12-26 11:05:46,"Tynan Ramm-Granberg"
688875,"A3743","TP1.a2.Nf","Fraxinus latifolia - Populus balsamifera ssp. trichocarpa - Alnus spp. Riparian Forest Alliance","Washington NCCN Wetlands",2021-12-26 11:05:46,"Tynan Ramm-Granberg"
688912,"A3743","TP1.a2.Nf","Fraxinus latifolia - Populus balsamifera ssp. trichocarpa - Alnus spp. Riparian Forest Alliance","Washington NCCN Wetlands",2021-12-26 11:05:46,"Tynan Ramm-Granberg"
685074,"A3743","TP1.a2.Nf","Fraxinus latifolia - Populus balsamifera ssp. trichocarpa - Alnus spp. Riparian Forest Alliance","Washington NCCN Wetlands",2021-12-26 11:05:46,"Tynan Ramm-Granberg"
684452,"A3743","TP1.a2.Nf","Fraxinus latifolia - Populus balsamifera ssp. trichocarpa - Alnus spp. Riparian Forest Alliance","Washington NCCN Wetlands",2021-12-26 11:05:46,"Tynan Ramm-Granberg"
689847,"A3743","TP1.a2.Nf","Fraxinus latifolia - Populus balsamifera ssp. trichocarpa - Alnus spp. Riparian Forest Alliance","Washington NCCN Wetlands",2021-12-26 11:05:46,"Tynan Ramm-Granberg"
686558,"A3743","TP1.a2.Nf","Fraxinus latifolia - Populus balsamifera ssp. trichocarpa - Alnus spp. Riparian Forest Alliance","Washington NCCN Wetlands",2021-12-26 11:05:46,"Tynan Ramm-Granberg"
684080,"A3743","TP1.a2.Nf","Fraxinus latifolia - Populus balsamifera ssp. trichocarpa - Alnus spp. Riparian Forest Alliance","Washington NCCN Wetlands",2021-12-26 11:05:46,"Tynan Ramm-Granberg"
684335,"A3743","TP1.a2.Nf","Fraxinus latifolia - Populus balsamifera ssp. trichocarpa - Alnus spp. Riparian Forest Alliance","",2018-05-15 12:00:00,"D. Faber-Langendoen"
787976,"A3743","TP1.a2.Nf","Fraxinus latifolia - Populus balsamifera ssp. trichocarpa - Alnus spp. Riparian Forest Alliance","Washington NCCN Wetlands",2021-12-26 11:05:46,"Tynan Ramm-Granberg"
689080,"A3743","TP1.a2.Nf","Fraxinus latifolia - Populus balsamifera ssp. trichocarpa - Alnus spp. Riparian Forest Alliance","Washington NCCN Wetlands",2021-12-26 11:05:46,"Tynan Ramm-Granberg"
690063,"A3743","TP1.a2.Nf","Fraxinus latifolia - Populus balsamifera ssp. trichocarpa - Alnus spp. Riparian Forest Alliance","Washington NCCN Wetlands",2021-12-26 11:05:46,"Tynan Ramm-Granberg"
685200,"A3743","TP1.a2.Nf","Fraxinus latifolia - Populus balsamifera ssp. trichocarpa - Alnus spp. Riparian Forest Alliance","",2018-05-15 12:00:00,"D. Faber-Langendoen"
688062,"A3743","TP1.a2.Nf","Fraxinus latifolia - Populus balsamifera ssp. trichocarpa - Alnus spp. Riparian Forest Alliance","Washington NCCN Wetlands",2021-12-26 11:05:46,"Tynan Ramm-Granberg"
686115,"A3743","TP1.a2.Nf","Fraxinus latifolia - Populus balsamifera ssp. trichocarpa - Alnus spp. Riparian Forest Alliance","Washington NCCN Wetlands",2021-12-26 11:05:46,"Tynan Ramm-Granberg"
684232,"A3743","TP1.a2.Nf","Fraxinus latifolia - Populus balsamifera ssp. trichocarpa - Alnus spp. Riparian Forest Alliance","Washington NCCN Wetlands",2021-12-26 11:05:46,"Tynan Ramm-Granberg"
687637,"A3743","TP1.a2.Nf","Fraxinus latifolia - Populus balsamifera ssp. trichocarpa - Alnus spp. Riparian Forest Alliance","",2018-05-15 12:00:00,"D. Faber-Langendoen"
687707,"A3744","TP1.a2.Nf","Populus balsamifera ssp. trichocarpa - Picea sitchensis - Tsuga heterophylla Riparian Forest Alliance","",2018-05-15 12:00:00,"D. Faber-Langendoen"
684971,"A3745","TP1.a2.Nf","Acer macrophyllum - Alnus rubra Riparian Forest Alliance","California reg'l review of USNVC, 2021-2022",2023-05-01 08:40:52,"P. McIntyre, D. Faber-Langendoen"
684456,"A3745","TP1.a2.Nf","Acer macrophyllum - Alnus rubra Riparian Forest Alliance","Washington NCCN Wetlands",2021-12-26 11:05:48,"Tynan Ramm-Granberg"
1277571,"A3745","TP1.a2.Nf","Acer macrophyllum - Alnus rubra Riparian Forest Alliance","California reg'l review of USNVC, 2021-2022",2023-05-01 08:40:57,"P. McIntyre, D. Faber-Langendoen"
689746,"A3745","TP1.a2.Nf","Acer macrophyllum - Alnus rubra Riparian Forest Alliance","California reg'l review of USNVC, 2021-2022",2023-05-01 08:40:54,"P. McIntyre, D. Faber-Langendoen"
685992,"A3745","TP1.a2.Nf","Acer macrophyllum - Alnus rubra Riparian Forest Alliance","Washington NCCN Wetlands",2021-12-26 11:05:48,"Tynan Ramm-Granberg"
686556,"A3745","TP1.a2.Nf","Acer macrophyllum - Alnus rubra Riparian Forest Alliance","Washington NCCN Wetlands",2021-12-26 12:00:00,"Tynan Ramm-Granberg"
688690,"A3745","TP1.a2.Nf","Acer macrophyllum - Alnus rubra Riparian Forest Alliance","Washington NCCN Wetlands",2021-12-26 11:05:48,"Tynan Ramm-Granberg"
684231,"A3745","TP1.a2.Nf","Acer macrophyllum - Alnus rubra Riparian Forest Alliance","Washington NCCN Wetlands",2021-12-26 11:05:48,"Tynan Ramm-Granberg"
690062,"A3745","TP1.a2.Nf","Acer macrophyllum - Alnus rubra Riparian Forest Alliance","Washington NCCN Wetlands",2021-12-26 11:05:48,"Tynan Ramm-Granberg"
689471,"A3745","TP1.a2.Nf","Acer macrophyllum - Alnus rubra Riparian Forest Alliance","Washington NCCN Wetlands",2021-12-26 11:05:48,"Tynan Ramm-Granberg"
688874,"A3745","TP1.a2.Nf","Acer macrophyllum - Alnus rubra Riparian Forest Alliance","Washington NCCN Wetlands",2021-12-26 11:05:48,"Tynan Ramm-Granberg"
683703,"A3745","TP1.a2.Nf","Acer macrophyllum - Alnus rubra Riparian Forest Alliance","Washington NCCN Wetlands",2021-12-26 11:05:48,"Tynan Ramm-Granberg"
1277573,"A3745","TP1.a2.Nf","Acer macrophyllum - Alnus rubra Riparian Forest Alliance","California reg'l review of USNVC, 2021-2022",2023-05-01 08:40:56,"P. McIntyre, D. Faber-Langendoen"
687337,"A3745","TP1.a2.Nf","Acer macrophyllum - Alnus rubra Riparian Forest Alliance","Washington NCCN Wetlands",2021-12-26 11:05:48,"Tynan Ramm-Granberg"
688876,"A3745","TP1.a2.Nf","Acer macrophyllum - Alnus rubra Riparian Forest Alliance","Washington NCCN Wetlands",2021-12-26 11:05:48,"Tynan Ramm-Granberg"
689848,"A3745","TP1.a2.Nf","Acer macrophyllum - Alnus rubra Riparian Forest Alliance","Washington NCCN Wetlands",2021-12-26 11:05:48,"Tynan Ramm-Granberg"
690057,"A3745","TP1.a2.Nf","Acer macrophyllum - Alnus rubra Riparian Forest Alliance","Washington NCCN Wetlands",2021-12-26 11:05:48,"Tynan Ramm-Granberg"
683875,"A3745","TP1.a2.Nf","Acer macrophyllum - Alnus rubra Riparian Forest Alliance","Washington NCCN Wetlands",2021-12-26 11:05:48,"Tynan Ramm-Granberg"
687137,"A3746","TP1.a2.Nf","Picea sitchensis - Tsuga heterophylla - Alnus rubra Riparian Forest Alliance","",2018-05-15 12:00:00,"D. Faber-Langendoen"
731157,"A3594","TP1.a2.Na","Taxodium distichum - Nyssa aquatica - Nyssa biflora Floodplain Forest Alliance","Appalachians, Piedmont review, part 2",2020-12-09 12:41:34,"D. Faber-Langendoen"
686827,"A3594","TP1.a2.Na","Taxodium distichum - Nyssa aquatica - Nyssa biflora Floodplain Forest Alliance","Southeast US reg'l review of USNVC, April 2023",2023-05-11 02:44:25,"D. Faber-Langendoen"
687855,"A3594","TP1.a2.Na","Taxodium distichum - Nyssa aquatica - Nyssa biflora Floodplain Forest Alliance","Southeast US reg'l review of USNVC, April 2023",2023-05-11 02:44:25,"D. Faber-Langendoen"
686425,"A3594","TP1.a2.Na","Taxodium distichum - Nyssa aquatica - Nyssa biflora Floodplain Forest Alliance","Southeast US reg'l review of USNVC, April 2023",2023-05-11 02:44:25,"D. Faber-Langendoen"
689839,"A3594","TP1.a2.Na","Taxodium distichum - Nyssa aquatica - Nyssa biflora Floodplain Forest Alliance","Southeast US reg'l review of USNVC, April 2023",2023-05-11 02:44:25,"D. Faber-Langendoen"
689839,"A3594","TP1.a2.Na","Taxodium distichum - Nyssa aquatica - Nyssa biflora Floodplain Forest Alliance","Appalachians, Piedmont review, part 2",2020-12-09 12:41:36,"D. Faber-Langendoen"
689198,"A3594","TP1.a2.Na","Taxodium distichum - Nyssa aquatica - Nyssa biflora Floodplain Forest Alliance","Southeast US reg'l review of USNVC, April 2023",2023-05-11 02:44:25,"D. Faber-Langendoen"
685713,"A3594","TP1.a2.Na","Taxodium distichum - Nyssa aquatica - Nyssa biflora Floodplain Forest Alliance","Southeast US reg'l review of USNVC, April 2023",2023-05-11 02:44:25,"D. Faber-Langendoen"
684718,"A3594","TP1.a2.Na","Taxodium distichum - Nyssa aquatica - Nyssa biflora Floodplain Forest Alliance","Southeast US reg'l review of USNVC, April 2023",2023-05-11 02:44:25,"D. Faber-Langendoen"
820688,"A3594","TP1.a2.Na","Taxodium distichum - Nyssa aquatica - Nyssa biflora Floodplain Forest Alliance","Southeast US reg'l review of USNVC, April 2023",2023-05-11 02:44:25,"D. Faber-Langendoen"
689340,"A3594","TP1.a2.Na","Taxodium distichum - Nyssa aquatica - Nyssa biflora Floodplain Forest Alliance","Southeast US reg'l review of USNVC, April 2023",2023-05-11 02:44:25,"D. Faber-Langendoen"
689340,"A3594","TP1.a2.Na","Taxodium distichum - Nyssa aquatica - Nyssa biflora Floodplain Forest Alliance","Appalachians, Piedmont review, part 2",2020-12-09 12:41:30,"D. Faber-Langendoen"
688700,"A3594","TP1.a2.Na","Taxodium distichum - Nyssa aquatica - Nyssa biflora Floodplain Forest Alliance","Southeast US reg'l review of USNVC, April 2023",2023-05-11 02:44:25,"D. Faber-Langendoen"
683813,"A3594","TP1.a2.Na","Taxodium distichum - Nyssa aquatica - Nyssa biflora Floodplain Forest Alliance","Southeast US reg'l review of USNVC, April 2023",2023-05-11 02:44:25,"D. Faber-Langendoen"
689616,"A3594","TP1.a2.Na","Taxodium distichum - Nyssa aquatica - Nyssa biflora Floodplain Forest Alliance","A3594 is inactive. DFL: this association ""seems to be bouncing around, as in Hier_GroupV0.89 it shows up in A3629.""",2024-01-23 12:00:00,"D. Faber-Langendoen"
684031,"A3594","TP1.a2.Na","Taxodium distichum - Nyssa aquatica - Nyssa biflora Floodplain Forest Alliance","Southeast US reg'l review of USNVC, April 2023",2023-05-11 02:44:25,"D. Faber-Langendoen"
686711,"A3594","TP1.a2.Na","Taxodium distichum - Nyssa aquatica - Nyssa biflora Floodplain Forest Alliance","Southeast US reg'l review of USNVC, April 2023",2023-05-11 02:44:25,"D. Faber-Langendoen"
686711,"A3594","TP1.a2.Na","Taxodium distichum - Nyssa aquatica - Nyssa biflora Floodplain Forest Alliance","Appalachians, Piedmont review, part 2",2020-12-09 12:41:35,"D. Faber-Langendoen"
684216,"A3594","TP1.a2.Na","Taxodium distichum - Nyssa aquatica - Nyssa biflora Floodplain Forest Alliance","Southeast US reg'l review of USNVC, April 2023",2023-05-11 02:44:25,"D. Faber-Langendoen"
683873,"A3594","TP1.a2.Na","Taxodium distichum - Nyssa aquatica - Nyssa biflora Floodplain Forest Alliance","Southeast US reg'l review of USNVC, April 2023",2023-05-11 02:44:25,"D. Faber-Langendoen"
685471,"A3594","TP1.a2.Na","Taxodium distichum - Nyssa aquatica - Nyssa biflora Floodplain Forest Alliance","Southeast US reg'l review of USNVC, April 2023",2023-05-11 02:44:25,"D. Faber-Langendoen"
687351,"A3594","TP1.a2.Na","Taxodium distichum - Nyssa aquatica - Nyssa biflora Floodplain Forest Alliance","Southeast US reg'l review of USNVC, April 2023",2023-05-11 02:44:25,"D. Faber-Langendoen"
683896,"A3594","TP1.a2.Na","Taxodium distichum - Nyssa aquatica - Nyssa biflora Floodplain Forest Alliance","Southeast US reg'l review of USNVC, April 2023",2023-05-11 02:44:25,"D. Faber-Langendoen"
683252,"A3594","TP1.a2.Na","Taxodium distichum - Nyssa aquatica - Nyssa biflora Floodplain Forest Alliance","Southeast US reg'l review of USNVC, April 2023",2023-05-11 02:44:25,"D. Faber-Langendoen"
684491,"A3594","TP1.a2.Na","Taxodium distichum - Nyssa aquatica - Nyssa biflora Floodplain Forest Alliance","Southeast US reg'l review of USNVC, April 2023",2023-05-11 02:44:25,"D. Faber-Langendoen"
688098,"A3594","TP1.a2.Na","Taxodium distichum - Nyssa aquatica - Nyssa biflora Floodplain Forest Alliance","Southeast US reg'l review of USNVC, April 2023",2023-05-11 02:44:25,"D. Faber-Langendoen"
688098,"A3594","TP1.a2.Na","Taxodium distichum - Nyssa aquatica - Nyssa biflora Floodplain Forest Alliance","Appalachians, Piedmont review, part 2",2020-12-09 12:41:31,"D. Faber-Langendoen"
689691,"A4060","TT4.b1.Nf","Panicum virgatum - Tripsacum dactyloides Grassland Alliance","Southeast, Texarkana USNVC reg'l review, June 2023",2023-06-24 08:59:12,"Southeast + TX ecologists, D. Faber-Langendoen"
685508,"A4060","TT4.b1.Nf","Panicum virgatum - Tripsacum dactyloides Grassland Alliance","Southeast, Texarkana USNVC reg'l review, June 2023",2023-06-24 08:59:12,"Southeast + TX ecologists, D. Faber-Langendoen"
683280,"A4060","TT4.b1.Nf","Panicum virgatum - Tripsacum dactyloides Grassland Alliance","Southeast, Texarkana USNVC reg'l review, June 2023",2023-06-24 08:59:12,"Southeast + TX ecologists, D. Faber-Langendoen"
684000,"A4063","TT4.b1.Nf","Schizachyrium scoparium - Sorghastrum nutans - Andropogon gerardii Grassland Alliance","Southeast, Texarkana USNVC reg'l review, June 2023",2023-06-24 08:59:17,"Southeast + TX ecologists, D. Faber-Langendoen"
801799,"A4063","TT4.b1.Nf","Schizachyrium scoparium - Sorghastrum nutans - Andropogon gerardii Grassland Alliance","Southeast, Texarkana USNVC reg'l review, June 2023",2023-06-24 08:59:17,"Southeast + TX ecologists, D. Faber-Langendoen"
689422,"A4063","TT4.b1.Nf","Schizachyrium scoparium - Sorghastrum nutans - Andropogon gerardii Grassland Alliance","Southeast, Texarkana USNVC reg'l review, June 2023",2023-06-24 08:59:17,"Southeast + TX ecologists, D. Faber-Langendoen"
689921,"A4063","TT4.b1.Nf","Schizachyrium scoparium - Sorghastrum nutans - Andropogon gerardii Grassland Alliance","Southeast, Texarkana USNVC reg'l review, June 2023",2023-06-24 08:59:17,"Southeast + TX ecologists, D. Faber-Langendoen"
684567,"A4063","TT4.b1.Nf","Schizachyrium scoparium - Sorghastrum nutans - Andropogon gerardii Grassland Alliance","Southeast, Texarkana USNVC reg'l review, June 2023",2023-06-24 08:59:17,"Southeast + TX ecologists, D. Faber-Langendoen"
689420,"A4063","TT4.b1.Nf","Schizachyrium scoparium - Sorghastrum nutans - Andropogon gerardii Grassland Alliance","Southeast, Texarkana USNVC reg'l review, June 2023",2023-06-24 08:59:17,"Southeast + TX ecologists, D. Faber-Langendoen"
942469,"A3601","TT2.b2.Na","Tsuga heterophylla - Picea sitchensis / Vaccinium alaskaense Forest Alliance","WA NCCN Uplands & Wetlands",2022-02-07 08:52:35,"T. Ramm-Granberg"
942468,"A3601","TT2.b2.Na","Tsuga heterophylla - Picea sitchensis / Vaccinium alaskaense Forest Alliance","WA NCCN Uplands & Wetlands",2022-02-07 08:52:39,"T. Ramm-Granberg"
942467,"A3601","TT2.b2.Na","Tsuga heterophylla - Picea sitchensis / Vaccinium alaskaense Forest Alliance","WA NCCN Uplands & Wetlands",2022-02-07 08:52:37,"T. Ramm-Granberg"
942470,"A3601","TT2.b2.Na","Tsuga heterophylla - Picea sitchensis / Vaccinium alaskaense Forest Alliance","WA NCCN Uplands & Wetlands",2022-02-07 08:52:34,"T. Ramm-Granberg"
685488,"A3908","TT4.b1.Nc","Juniperus communis - Mixed Scrub / Danthonia spicata Acidic Bedrock Alliance","Northeast review 2020",2020-08-10 08:47:32,"D. Faber-Langendoen"
685170,"A3609","TT2.b2.Na","Abies grandis - Picea sitchensis - Thuja plicata Forest Alliance","Washington updates",2022-08-08 12:00:00,"T. Ramm-Granberg & D. Faber-Langendoen"
689671,"A3609","TT2.b2.Na","Abies grandis - Picea sitchensis - Thuja plicata Forest Alliance","edits in prep for USNVC v3.0 release",2025-06-26 05:27:56,"D. Faber-Langendoen"
787986,"A3609","TT2.b2.Na","Abies grandis - Picea sitchensis - Thuja plicata Forest Alliance","edits in prep for USNVC v3.0 release",2025-06-26 05:27:57,"D. Faber-Langendoen"
787997,"A3609","TT2.b2.Na","Abies grandis - Picea sitchensis - Thuja plicata Forest Alliance","edits in prep for USNVC v3.0 release",2025-06-26 05:27:57,"D. Faber-Langendoen"
685087,"A3620","TT2.b3.Nd","Tsuga mertensiana - Pinus contorta var. murrayana Sierran Forest Alliance","California updates",2022-06-22 05:24:38,"J. Evens, R. Boul, D. Faber-Langendoen"
683921,"A3620","TT2.b3.Nd","Tsuga mertensiana - Pinus contorta var. murrayana Sierran Forest Alliance","California updates",2022-06-22 05:24:40,"J. Evens, R. Boul, D. Faber-Langendoen"
684971,"A3777","TP1.a2.Nf","Alnus rhombifolia Riparian Forest Alliance","Marin & San Mateo Counties CNPS USNVC review",2023-04-05 05:37:49,"Evens, J., Boul, R., McIntyre, P."
689746,"A3777","TP1.a2.Nf","Alnus rhombifolia Riparian Forest Alliance","Marin & San Mateo Counties CNPS USNVC review",2023-04-05 05:37:48,"Evens, J., Boul, R., McIntyre, P."
683508,"A3627","TP1.a2.Na","Quercus laurifolia - Liquidambar styraciflua - Nyssa biflora Coastal Plain Floodplain Forest Alliance","Appalachians, Piedmont review, part 2",2020-12-09 12:40:46,"D. Faber-Langendoen"
686071,"A3627","TP1.a2.Na","Quercus laurifolia - Liquidambar styraciflua - Nyssa biflora Coastal Plain Floodplain Forest Alliance","Southeast US reg'l review of USNVC, April 2023",2023-05-11 02:47:25,"D. Faber-Langendoen"
683872,"A3627","TP1.a2.Na","Quercus laurifolia - Liquidambar styraciflua - Nyssa biflora Coastal Plain Floodplain Forest Alliance","Southeast, Texarkana USNVC reg'l review, June 2023",2023-06-24 09:01:42,"Southeast + TX ecologists, D. Faber-Langendoen"
685578,"A3627","TP1.a2.Na","Quercus laurifolia - Liquidambar styraciflua - Nyssa biflora Coastal Plain Floodplain Forest Alliance","Appalachians, Piedmont review, part 2",2020-12-09 12:40:48,"D. Faber-Langendoen"
686997,"A3627","TP1.a2.Na","Quercus laurifolia - Liquidambar styraciflua - Nyssa biflora Coastal Plain Floodplain Forest Alliance","",2016-02-02 12:00:00,"M. Pyne"
683704,"A3630","TP1.a2.Na","Quercus michauxii - Carya laciniosa - Liquidambar styraciflua Interior Floodplain Forest Alliance","Appalachians, Piedmont review, part 2",2020-12-09 12:40:55,"D. Faber-Langendoen"
688242,"A3630","TP1.a2.Na","Quercus michauxii - Carya laciniosa - Liquidambar styraciflua Interior Floodplain Forest Alliance","Southeast, Texarkana USNVC reg'l review, June 2023",2023-06-24 08:59:07,"Southeast + TX ecologists, D. Faber-Langendoen"
689017,"A3630","TP1.a2.Na","Quercus michauxii - Carya laciniosa - Liquidambar styraciflua Interior Floodplain Forest Alliance","Southeast, Texarkana USNVC reg'l review, June 2023",2023-06-24 08:59:07,"Southeast + TX ecologists, D. Faber-Langendoen"
688749,"A3630","TP1.a2.Na","Quercus michauxii - Carya laciniosa - Liquidambar styraciflua Interior Floodplain Forest Alliance","Southeast, Texarkana USNVC reg'l review, June 2023",2023-06-24 08:59:07,"Southeast + TX ecologists, D. Faber-Langendoen"
689740,"A3631","TP1.a2.Na","Quercus michauxii - Quercus pagoda Coastal Plain Floodplain Forest Alliance","Appalachians, Piedmont review, part 2",2020-12-09 12:41:01,"D. Faber-Langendoen"
687203,"A3631","TP1.a2.Na","Quercus michauxii - Quercus pagoda Coastal Plain Floodplain Forest Alliance","Appalachians, Piedmont review, part 2",2020-12-09 12:40:57,"D. Faber-Langendoen"
683670,"A3631","TP1.a2.Na","Quercus michauxii - Quercus pagoda Coastal Plain Floodplain Forest Alliance","NC NVC peer review",2021-04-29 04:56:10,"D. Faber-Langendoen & M. Schafale"
687396,"A3631","TP1.a2.Na","Quercus michauxii - Quercus pagoda Coastal Plain Floodplain Forest Alliance","Appalachians, Piedmont review, part 2",2020-12-09 12:41:00,"D. Faber-Langendoen"
686134,"A3631","TP1.a2.Na","Quercus michauxii - Quercus pagoda Coastal Plain Floodplain Forest Alliance","Appalachians, Piedmont review, part 2",2020-12-09 12:40:58,"D. Faber-Langendoen"
688312,"A3936","TT4.b1.Ne","Ceanothus velutinus Shrubland Alliance","",2024-03-11 12:00:00,"D. Faber-Langendoen"
687092,"A3638","","Schizachyrium littorale - Schizachyrium scoparium Northern Coastal Plain Grassland Alliance","Northeast review 2020",2020-08-10 08:47:02,"D. Faber-Langendoen"
685570,"A3638","","Schizachyrium littorale - Schizachyrium scoparium Northern Coastal Plain Grassland Alliance","",2019-01-09 12:00:00,"D. Faber-Langendoen"
687600,"A3638","","Schizachyrium littorale - Schizachyrium scoparium Northern Coastal Plain Grassland Alliance","Northeast review 2020",2020-08-10 08:47:02,"D. Faber-Langendoen"
814856,"A3638","","Schizachyrium littorale - Schizachyrium scoparium Northern Coastal Plain Grassland Alliance","Northeast review 2020",2020-08-10 08:47:02,"D. Faber-Langendoen"
683124,"A3638","","Schizachyrium littorale - Schizachyrium scoparium Northern Coastal Plain Grassland Alliance","",2019-01-09 12:00:00,"D. Faber-Langendoen"
737501,"A3796","TP1.a2.Nc","Acer negundo - Fraxinus anomala - Celtis laevigata var. reticulata Riparian Woodland Alliance","MT-ID-WY USNVC reg'l review follow-up, May 2023",2023-08-02 04:01:56,"MT, ID, WY ecologists, D. Faber-Langendoen"
859151,"A3796","TP1.a2.Nc","Acer negundo - Fraxinus anomala - Celtis laevigata var. reticulata Riparian Woodland Alliance","MT-ID-WY USNVC reg'l review follow-up, May 2023",2023-08-02 04:02:01,"MT, ID, WY ecologists, D. Faber-Langendoen"
737530,"A3796","TP1.a2.Nc","Acer negundo - Fraxinus anomala - Celtis laevigata var. reticulata Riparian Woodland Alliance","MT-ID-WY USNVC reg'l review follow-up, May 2023",2023-08-02 04:01:57,"MT, ID, WY ecologists, D. Faber-Langendoen"
790693,"A3796","TP1.a2.Nc","Acer negundo - Fraxinus anomala - Celtis laevigata var. reticulata Riparian Woodland Alliance","MT-ID-WY USNVC reg'l review follow-up, May 2023",2023-08-02 04:01:58,"MT, ID, WY ecologists, D. Faber-Langendoen"
689436,"A3796","TP1.a2.Nc","Acer negundo - Fraxinus anomala - Celtis laevigata var. reticulata Riparian Woodland Alliance","MT-ID-WY USNVC reg'l review follow-up, May 2023",2023-08-02 04:01:54,"MT, ID, WY ecologists, D. Faber-Langendoen"
769486,"A3796","TP1.a2.Nc","Acer negundo - Fraxinus anomala - Celtis laevigata var. reticulata Riparian Woodland Alliance","",2016-09-01 12:00:00,"G. Kittel"
737561,"A3796","TP1.a2.Nc","Acer negundo - Fraxinus anomala - Celtis laevigata var. reticulata Riparian Woodland Alliance","",2025-03-05 02:23:00,"D.Faber-Langendoen"
793190,"A3796","TP1.a2.Nc","Acer negundo - Fraxinus anomala - Celtis laevigata var. reticulata Riparian Woodland Alliance","MT-ID-WY USNVC reg'l review follow-up, May 2023",2023-08-02 04:02:00,"MT, ID, WY ecologists, D. Faber-Langendoen"
686732,"A3799","TP1.b1.Ne","Rhus trilobata - Crataegus rivularis - Forestiera pubescens Shrubland Alliance","",2024-06-21 04:44:49,"D.Faber-Langendoen"
972194,"A3803","TP1.a2.Nc","Populus fremontii - Fraxinus velutina - Salix gooddingii Riparian Forest & Woodland Alliance","USNVC California review",2023-02-20 06:57:16,"Evens, J., R. Boul, D. Faber-Langendoen"
799301,"A3803","TP1.a2.Nc","Populus fremontii - Fraxinus velutina - Salix gooddingii Riparian Forest & Woodland Alliance","USNVC California review",2023-02-20 06:57:14,"Evens, J., R. Boul, D. Faber-Langendoen"
688322,"A3803","TP1.a2.Nc","Populus fremontii - Fraxinus velutina - Salix gooddingii Riparian Forest & Woodland Alliance","Texas USNVC reg'l review follow-up, May 2023",2023-08-14 06:26:12,"J. Singhurst, TX ecologists, D. Faber-Langendoen"
684387,"A3948","TT4.b1.Ne","Valeriana sitchensis - Luzula glabrata var. hitchcockii - Xerophyllum tenax Subalpine Mesic Meadow Alliance","Move to A4411 because it is an acidic fen community (NVC165, TRG 9/27/23, NVC184_GrpMap_v0.9).",2024-06-21 12:00:00,"D.Faber-Langendoen"
688947,"A3953","TT4.b1.Ne","Festuca arizonica - Muhlenbergia montana - Poa fendleriana Southern Rocky Mountain Montane Grassland Alliance","Washington updates",2022-08-08 11:10:26,"T. Ramm-Granberg & D. Faber-Langendoen"
685084,"A4076","TT2.a1.Na","Pinus palustris / Quercus laevis - Quercus geminata Woodland Alliance","",2019-01-08 12:00:00,"D. Faber-Langendoen"
688157,"A4076","TT2.a1.Na","Pinus palustris / Quercus laevis - Quercus geminata Woodland Alliance","",2019-01-08 12:00:00,"D. Faber-Langendoen"
683574,"A3959","","Leiophyllum buxifolium - Hudsonia montana - Rhododendron carolinianum Shrubland Alliance","",2020-12-09 12:39:35,"D. Faber-Langendoen"
860009,"A3959","","Leiophyllum buxifolium - Hudsonia montana - Rhododendron carolinianum Shrubland Alliance","",2020-12-09 12:39:35,"D. Faber-Langendoen"
728730,"A3969","TT4.b1.Ne","Vaccinium membranaceum - Vaccinium myrtillus - Vaccinium scoparium Montane-Subalpine Shrubland Alliance","Washington updates",2022-08-08 11:10:25,"T. Ramm-Granberg & D. Faber-Langendoen"
728637,"A3969","TT4.b1.Ne","Vaccinium membranaceum - Vaccinium myrtillus - Vaccinium scoparium Montane-Subalpine Shrubland Alliance","Washington updates",2022-08-08 11:10:23,"T. Ramm-Granberg & D. Faber-Langendoen"
688285,"A3969","TT4.b1.Ne","Vaccinium membranaceum - Vaccinium myrtillus - Vaccinium scoparium Montane-Subalpine Shrubland Alliance","Washington updates",2022-08-08 11:10:22,"T. Ramm-Granberg & D. Faber-Langendoen"
899650,"G759","TP1.a2.Na","Southern Ash - Elm - Willow Floodplain Forest","Southeast US reg'l review of USNVC, April 2023",2023-05-11 02:47:30,"D. Faber-Langendoen"
687168,"A4072","","Tsuga canadensis - Betula alleghaniensis - Acer saccharum Forest Alliance","NVC127_WI state types and NVC",2020-03-23 05:28:10,"D. Faber-Langendoen"
684082,"A4072","","Tsuga canadensis - Betula alleghaniensis - Acer saccharum Forest Alliance","Vermont",2020-05-07 02:26:22,"D. Faber-Langendoen"
687681,"A4072","","Tsuga canadensis - Betula alleghaniensis - Acer saccharum Forest Alliance","Vermont",2020-04-29 01:14:01,"D. Faber-Langendoen"
684684,"A4072","","Tsuga canadensis - Betula alleghaniensis - Acer saccharum Forest Alliance","Vermont",2020-04-29 12:00:00,"D. Faber-Langendoen"
688522,"A4072","","Tsuga canadensis - Betula alleghaniensis - Acer saccharum Forest Alliance","Vermont",2020-04-29 01:14:02,"D. Faber-Langendoen"
688275,"A4072","","Tsuga canadensis - Betula alleghaniensis - Acer saccharum Forest Alliance","Vermont",2020-04-29 01:13:59,"D. Faber-Langendoen"
933897,"A4072","","Tsuga canadensis - Betula alleghaniensis - Acer saccharum Forest Alliance","Vermont",2020-04-29 01:14:07,"D. Faber-Langendoen"
688095,"A4072","","Tsuga canadensis - Betula alleghaniensis - Acer saccharum Forest Alliance","Vermont",2020-04-29 01:14:05,"D. Faber-Langendoen"
689188,"A4072","","Tsuga canadensis - Betula alleghaniensis - Acer saccharum Forest Alliance","Vermont",2020-04-29 01:14:04,"D. Faber-Langendoen"
685818,"A4072","","Tsuga canadensis - Betula alleghaniensis - Acer saccharum Forest Alliance","Vermont",2020-04-29 01:14:06,"D. Faber-Langendoen"
871088,"G776","","Atlantic & Gulf Coastal Plain Shrub Swamp","Northeast review 2020",2020-08-10 08:47:42,"D. Faber-Langendoen"
688248,"A4084","TT4.b1.Nb","Ligustrum spp. Eastern Exotic Ruderal Shrubland Alliance","IVC clean-up Dec 2023-Jan 2024",2024-02-23 08:34:00,"D. Faber-Langendoen, P. McIntyre, C. Nordman"
899879,"G792","","Laurentian-Acadian Riverscour Vegetation","Northeast review 2020",2020-08-10 08:47:07,"D. Faber-Langendoen"
903078,"A4184","","Populus deltoides Ruderal Upland Forest Alliance","",2020-12-16 06:42:02,"D. Faber-Langendoen"
686533,"A4127","TT2.b1.Na","Pinus strobus - Pinus resinosa - Quercus rubra Forest & Woodland Alliance","Vermont",2020-04-29 01:13:35,"D. Faber-Langendoen"
687798,"A4128","","Pinus strobus - Quercus alba Allegheny Forest & Woodland Alliance","Appalachian Mountains revisions 2019",2019-11-04 10:25:16,"D. Faber-Langendoen"
688827,"A4128","","Pinus strobus - Quercus alba Allegheny Forest & Woodland Alliance","Appalachian Mountains revisions 2019",2019-11-04 10:25:20,"D. Faber-Langendoen"
685147,"A4128","","Pinus strobus - Quercus alba Allegheny Forest & Woodland Alliance","Appalachian Mountains revisions 2019",2019-11-04 10:25:18,"D. Faber-Langendoen"
899047,"G797","TP1.a2.Nc","Western Interior Riparian Forest & Woodland","Interior West, Rocky Mountain Uplands review",2022-01-04 08:13:20,"F.J. Triepke, P. McIntyre, D. Faber-Langendoen"
898995,"G797","TP1.a2.Nc","Western Interior Riparian Forest & Woodland","Interior West, Rocky Mountain Uplands review",2022-01-04 08:13:10,"F.J. Triepke, P. McIntyre, D. Faber-Langendoen"
899008,"G797","TP1.a2.Nc","Western Interior Riparian Forest & Woodland","Interior West, Rocky Mountain Uplands review",2022-01-04 08:13:17,"F.J. Triepke, P. McIntyre, D. Faber-Langendoen"
899848,"G797","TP1.a2.Nc","Western Interior Riparian Forest & Woodland","Interior West, Rocky Mountain Uplands review",2022-01-04 08:13:38,"F.J. Triepke, P. McIntyre, D. Faber-Langendoen"
899003,"G797","TP1.a2.Nc","Western Interior Riparian Forest & Woodland","Interior West, Rocky Mountain Uplands review",2022-01-04 08:13:14,"F.J. Triepke, P. McIntyre, D. Faber-Langendoen"
899802,"G797","TP1.a2.Nc","Western Interior Riparian Forest & Woodland","Interior West, Rocky Mountain Uplands review",2022-01-04 08:13:31,"F.J. Triepke, P. McIntyre, D. Faber-Langendoen"
899052,"G797","TP1.a2.Nc","Western Interior Riparian Forest & Woodland","Interior West, Rocky Mountain Uplands review",2022-01-04 08:13:27,"F.J. Triepke, P. McIntyre, D. Faber-Langendoen"
899853,"G797","TP1.a2.Nc","Western Interior Riparian Forest & Woodland","Interior West, Rocky Mountain Uplands review",2022-01-04 08:13:44,"F.J. Triepke, P. McIntyre, D. Faber-Langendoen"
899050,"G797","TP1.a2.Nc","Western Interior Riparian Forest & Woodland","Interior West, Rocky Mountain Uplands review",2022-01-04 08:13:24,"F.J. Triepke, P. McIntyre, D. Faber-Langendoen"
899854,"G797","TP1.a2.Nc","Western Interior Riparian Forest & Woodland","Interior West, Rocky Mountain Uplands review",2022-01-04 08:13:47,"F.J. Triepke, P. McIntyre, D. Faber-Langendoen"
899855,"G797","TP1.a2.Nc","Western Interior Riparian Forest & Woodland","Interior West, Rocky Mountain Uplands review",2022-01-04 08:13:50,"F.J. Triepke, P. McIntyre, D. Faber-Langendoen"
899804,"G797","TP1.a2.Nc","Western Interior Riparian Forest & Woodland","Interior West, Rocky Mountain Uplands review",2022-01-04 08:13:35,"F.J. Triepke, P. McIntyre, D. Faber-Langendoen"
898986,"G798","TT2.a1.Na","Southeast Maritime Live Oak - Palmetto Forest","",2024-06-21 04:45:32,"D.Faber-Langendoen"
684133,"A4126","TT2.b1.Na","Acer saccharum - Tilia americana - Quercus rubra Rocky Forest Alliance","Appalachians",2020-05-05 11:50:19,"D. Faber-Langendoen"
899175,"G803","TP1.b1.Nc","Southeastern Granite Outcrop Pool","Texas USNVC reg'l review follow-up, May 2023",2023-08-14 06:25:38,"J. Singhurst, TX ecologists, D. Faber-Langendoen"
899881,"G806","TP1.a2.Ne","Ontario-Québec Boreal-Subboreal Black Spruce Poor Swamp","NVC127_WI state types and NVC",2020-03-23 05:28:21,"D. Faber-Langendoen"
1132392,"D326","1.B.2.Ne","North American Great Plains Forest & Woodland","Texas USNVC reg'l review follow-up, May 2023",2023-08-14 06:25:22,"J. Singhurst, TX ecologists, D. Faber-Langendoen"
1271345,"A4241","TP1.b3.Nb","Frankenia salina Salt Marsh & Playa Alliance","California USNVC review",2023-02-27 12:54:45,"Evens, J., R. Boul"
964251,"A4241","TP1.b3.Nb","Frankenia salina Salt Marsh & Playa Alliance","California USNVC review",2023-02-27 12:54:45,"Evens, J., R. Boul"
969594,"A4241","TP1.b3.Nb","Frankenia salina Salt Marsh & Playa Alliance","California USNVC review",2023-02-27 12:54:45,"Evens, J., R. Boul"
683081,"A4215","TT5.b1.Na","Encelia farinosa Desert Scrub Alliance","",2017-01-18 12:00:00,"K. Schulz"
683257,"A4223","TT4.d1.Na","Laurentian-Acadian Alkaline Talus Alliance","Peer review project",2021-04-29 10:26:38,""
687642,"A4223","TT4.d1.Na","Laurentian-Acadian Alkaline Talus Alliance","USNVC 3.0 pre-release edits",2025-06-23 07:37:09,"D. Faber-Langendoen"
689641,"A3346","TT2.a1.Nc","Quercus agrifolia Woodland Alliance","California updates",2022-06-22 05:23:56,"J. Evens, R. Boul, D. Faber-Langendoen"
685970,"A3361","TT4.b1.Nc","Acer spicatum - Picea glauca / Clintonia borealis Scrub Alliance","Peer review project",2021-04-29 10:26:38,""
735316,"A3366","TT2.b3.Nd","Pinus contorta Rocky Mountain Forest Alliance","MT-ID-WY regional review of USNVC, March 2023",2023-04-12 05:29:29,"Cooper,S., others, D. Faber-Langendoen"
685743,"A3366","TT2.b3.Nd","Pinus contorta Rocky Mountain Forest Alliance","MT-ID-WY regional review of USNVC, March 2023",2023-04-12 05:29:29,"Cooper,S., others, D. Faber-Langendoen"
685969,"A3366","TT2.b3.Nd","Pinus contorta Rocky Mountain Forest Alliance","MT-ID-WY regional review of USNVC, March 2023",2023-04-12 05:29:29,"Cooper,S., others, D. Faber-Langendoen"
687962,"A3366","TT2.b3.Nd","Pinus contorta Rocky Mountain Forest Alliance","MT-ID-WY regional review of USNVC, March 2023",2023-04-12 05:29:29,"Cooper,S., others, D. Faber-Langendoen"
688387,"A3366","TT2.b3.Nd","Pinus contorta Rocky Mountain Forest Alliance","MT-ID-WY regional review of USNVC, March 2023",2023-04-12 05:29:29,"Cooper,S., others, D. Faber-Langendoen"
684389,"A3366","TT2.b3.Nd","Pinus contorta Rocky Mountain Forest Alliance","MT-ID-WY regional review of USNVC, March 2023",2023-04-12 05:29:29,"Cooper,S., others, D. Faber-Langendoen"
731473,"A3366","TT2.b3.Nd","Pinus contorta Rocky Mountain Forest Alliance","MT-ID-WY regional review of USNVC, March 2023",2023-04-12 05:29:29,"Cooper,S., others, D. Faber-Langendoen"
685688,"A3366","TT2.b3.Nd","Pinus contorta Rocky Mountain Forest Alliance","MT-ID-WY regional review of USNVC, March 2023",2023-04-12 05:29:29,"Cooper,S., others, D. Faber-Langendoen"
689207,"A3366","TT2.b3.Nd","Pinus contorta Rocky Mountain Forest Alliance","MT-ID-WY regional review of USNVC, March 2023",2023-04-12 05:29:29,"Cooper,S., others, D. Faber-Langendoen"
688486,"A3366","TT2.b3.Nd","Pinus contorta Rocky Mountain Forest Alliance","MT-ID-WY regional review of USNVC, March 2023",2023-04-12 05:29:29,"Cooper,S., others, D. Faber-Langendoen"
683633,"A3366","TT2.b3.Nd","Pinus contorta Rocky Mountain Forest Alliance","MT-ID-WY regional review of USNVC, March 2023",2023-04-12 05:29:29,"Cooper,S., others, D. Faber-Langendoen"
731454,"A3366","TT2.b3.Nd","Pinus contorta Rocky Mountain Forest Alliance","MT-ID-WY regional review of USNVC, March 2023",2023-04-12 05:29:29,"Cooper,S., others, D. Faber-Langendoen"
687132,"A3366","TT2.b3.Nd","Pinus contorta Rocky Mountain Forest Alliance","MT-ID-WY regional review of USNVC, March 2023",2023-04-12 05:29:29,"Cooper,S., others, D. Faber-Langendoen"
684650,"A3366","TT2.b3.Nd","Pinus contorta Rocky Mountain Forest Alliance","MT-ID-WY regional review of USNVC, March 2023",2023-04-12 12:00:00,"Cooper,S., others, D. Faber-Langendoen"
689927,"A3366","TT2.b3.Nd","Pinus contorta Rocky Mountain Forest Alliance","MT-ID-WY regional review of USNVC, March 2023",2023-04-12 05:29:29,"Cooper,S., others, D. Faber-Langendoen"
688213,"A3366","TT2.b3.Nd","Pinus contorta Rocky Mountain Forest Alliance","MT-ID-WY regional review of USNVC, March 2023",2023-04-12 05:29:29,"Cooper,S., others, D. Faber-Langendoen"
685606,"A3366","TT2.b3.Nd","Pinus contorta Rocky Mountain Forest Alliance","MT-ID-WY regional review of USNVC, March 2023",2023-04-12 05:29:29,"Cooper,S., others, D. Faber-Langendoen"
731424,"A3366","TT2.b3.Nd","Pinus contorta Rocky Mountain Forest Alliance","MT-ID-WY regional review of USNVC, March 2023",2023-04-12 05:29:29,"Cooper,S., others, D. Faber-Langendoen"
687713,"A3366","TT2.b3.Nd","Pinus contorta Rocky Mountain Forest Alliance","MT-ID-WY regional review of USNVC, March 2023",2023-04-12 05:29:29,"Cooper,S., others, D. Faber-Langendoen"
687466,"A3366","TT2.b3.Nd","Pinus contorta Rocky Mountain Forest Alliance","MT-ID-WY regional review of USNVC, March 2023",2023-04-12 05:29:29,"Cooper,S., others, D. Faber-Langendoen"
690046,"A3366","TT2.b3.Nd","Pinus contorta Rocky Mountain Forest Alliance","MT-ID-WY regional review of USNVC, March 2023",2023-04-12 05:29:29,"Cooper,S., others, D. Faber-Langendoen"
686806,"A3366","TT2.b3.Nd","Pinus contorta Rocky Mountain Forest Alliance","MT-ID-WY regional review of USNVC, March 2023",2023-04-12 05:29:29,"Cooper,S., others, D. Faber-Langendoen"
686005,"A3366","TT2.b3.Nd","Pinus contorta Rocky Mountain Forest Alliance","Washington NCCN Wetlands",2021-12-26 11:12:25,"Tynan Ramm-Granberg"
731466,"A3366","TT2.b3.Nd","Pinus contorta Rocky Mountain Forest Alliance","MT-ID-WY regional review of USNVC, March 2023",2023-04-12 05:29:29,"Cooper,S., others, D. Faber-Langendoen"
732459,"A3366","TT2.b3.Nd","Pinus contorta Rocky Mountain Forest Alliance","MT-ID-WY regional review of USNVC, March 2023",2023-04-12 05:29:29,"Cooper,S., others, D. Faber-Langendoen"
685294,"A3366","TT2.b3.Nd","Pinus contorta Rocky Mountain Forest Alliance","MT-ID-WY regional review of USNVC, March 2023",2023-04-12 05:29:29,"Cooper,S., others, D. Faber-Langendoen"
731357,"A3366","TT2.b3.Nd","Pinus contorta Rocky Mountain Forest Alliance","MT-ID-WY regional review of USNVC, March 2023",2023-04-12 05:29:29,"Cooper,S., others, D. Faber-Langendoen"
735323,"A3366","TT2.b3.Nd","Pinus contorta Rocky Mountain Forest Alliance","MT-ID-WY regional review of USNVC, March 2023",2023-04-12 05:29:29,"Cooper,S., others, D. Faber-Langendoen"
731481,"A3366","TT2.b3.Nd","Pinus contorta Rocky Mountain Forest Alliance","MT-ID-WY regional review of USNVC, March 2023",2023-04-12 05:29:29,"Cooper,S., others, D. Faber-Langendoen"
683796,"A3366","TT2.b3.Nd","Pinus contorta Rocky Mountain Forest Alliance","MT-ID-WY regional review of USNVC, March 2023",2023-04-12 05:29:29,"Cooper,S., others, D. Faber-Langendoen"
687489,"A3366","TT2.b3.Nd","Pinus contorta Rocky Mountain Forest Alliance","MT-ID-WY regional review of USNVC, March 2023",2023-04-12 05:29:29,"Cooper,S., others, D. Faber-Langendoen"
685857,"A3369","TT2.b3.Nb","Abies concolor Southern Rocky Mountain Mesic Forest & Woodland Alliance","Southwest regional peer review (NM, AZ, CO, UT, NV)",2023-02-17 02:51:35,"E. Muldavin et al."
684711,"A3369","TT2.b3.Nb","Abies concolor Southern Rocky Mountain Mesic Forest & Woodland Alliance","Southwest regional peer review (NM, AZ, CO, UT, NV)",2023-02-17 02:51:35,"E. Muldavin et al."
688228,"A3369","TT2.b3.Nb","Abies concolor Southern Rocky Mountain Mesic Forest & Woodland Alliance","Southwest regional peer review (NM, AZ, CO, UT, NV)",2023-02-17 02:51:35,"E. Muldavin et al."
685060,"A3369","TT2.b3.Nb","Abies concolor Southern Rocky Mountain Mesic Forest & Woodland Alliance","Southwest regional peer review (NM, AZ, CO, UT, NV)",2023-02-17 02:51:35,"E. Muldavin et al."
683658,"A3369","TT2.b3.Nb","Abies concolor Southern Rocky Mountain Mesic Forest & Woodland Alliance","Southwest regional peer review (NM, AZ, CO, UT, NV)",2023-02-17 02:51:35,"E. Muldavin et al."
685602,"A3369","TT2.b3.Nb","Abies concolor Southern Rocky Mountain Mesic Forest & Woodland Alliance","Southwest regional peer review (NM, AZ, CO, UT, NV)",2023-02-17 02:51:35,"E. Muldavin et al."
683312,"A3369","TT2.b3.Nb","Abies concolor Southern Rocky Mountain Mesic Forest & Woodland Alliance","Southwest regional peer review (NM, AZ, CO, UT, NV)",2023-02-17 02:51:35,"E. Muldavin et al."
684988,"A3369","TT2.b3.Nb","Abies concolor Southern Rocky Mountain Mesic Forest & Woodland Alliance","Southwest regional peer review (NM, AZ, CO, UT, NV)",2023-02-17 02:51:35,"E. Muldavin et al."
814866,"A3369","TT2.b3.Nb","Abies concolor Southern Rocky Mountain Mesic Forest & Woodland Alliance","Southwest regional peer review (NM, AZ, CO, UT, NV)",2023-02-17 02:51:35,"E. Muldavin et al."
683707,"A3369","TT2.b3.Nb","Abies concolor Southern Rocky Mountain Mesic Forest & Woodland Alliance","Southwest regional peer review (NM, AZ, CO, UT, NV)",2023-02-17 02:51:35,"E. Muldavin et al."
689457,"A3369","TT2.b3.Nb","Abies concolor Southern Rocky Mountain Mesic Forest & Woodland Alliance","Southwest regional peer review (NM, AZ, CO, UT, NV)",2023-02-17 02:51:35,"E. Muldavin et al."
683829,"A3369","TT2.b3.Nb","Abies concolor Southern Rocky Mountain Mesic Forest & Woodland Alliance","Southwest regional peer review (NM, AZ, CO, UT, NV)",2023-02-17 02:51:35,"E. Muldavin et al."
814869,"A3369","TT2.b3.Nb","Abies concolor Southern Rocky Mountain Mesic Forest & Woodland Alliance","Southwest regional peer review (NM, AZ, CO, UT, NV)",2023-02-17 02:51:35,"E. Muldavin et al."
688307,"A3369","TT2.b3.Nb","Abies concolor Southern Rocky Mountain Mesic Forest & Woodland Alliance","Southwest regional peer review (NM, AZ, CO, UT, NV)",2023-02-17 02:51:35,"E. Muldavin et al."
1238803,"A3370","TT2.b3.Nb","Pseudotsuga menziesii Southern Rocky Mountain Mesic Forest Alliance","Southwest regional peer review (NM, AZ, CO, UT, NV)",2023-02-17 02:51:40,"E. Muldavin et al."
688569,"A3370","TT2.b3.Nb","Pseudotsuga menziesii Southern Rocky Mountain Mesic Forest Alliance","Southwest regional peer review (NM, AZ, CO, UT, NV)",2023-02-17 02:51:40,"E. Muldavin et al."
685268,"A3370","TT2.b3.Nb","Pseudotsuga menziesii Southern Rocky Mountain Mesic Forest Alliance","Southwest regional peer review (NM, AZ, CO, UT, NV)",2023-02-17 02:51:40,"E. Muldavin et al."
1238799,"A3370","TT2.b3.Nb","Pseudotsuga menziesii Southern Rocky Mountain Mesic Forest Alliance","Southwest regional peer review (NM, AZ, CO, UT, NV)",2023-02-17 02:51:40,"E. Muldavin et al."
873603,"A3372","","Prunus virginiana - Acer spicatum - Cornus sericea Seep Alliance","",2020-12-16 06:42:07,"D. Faber-Langendoen"
684415,"A3373","TP1.b1.Nc","Eriophorum virginicum - Dulichium arundinaceum - Carex echinata Seep Alliance","Appalachians, Piedmont review, part 2",2020-12-09 12:41:47,"D. Faber-Langendoen"
685339,"A3373","TP1.b1.Nc","Eriophorum virginicum - Dulichium arundinaceum - Carex echinata Seep Alliance","Northeast review, part 2",2020-12-16 06:42:55,"D. Faber-Langendoen"
789560,"A3374","TP1.b1.Nc","Impatiens capensis - Symplocarpus foetidus - Caltha palustris Seep Alliance","Northeast review, part 2",2020-12-16 12:00:00,"D. Faber-Langendoen"
689672,"A3374","TP1.b1.Nc","Impatiens capensis - Symplocarpus foetidus - Caltha palustris Seep Alliance","Appalachians, Piedmont review, part 2",2020-12-09 12:41:49,"D. Faber-Langendoen"
685623,"A3374","TP1.b1.Nc","Impatiens capensis - Symplocarpus foetidus - Caltha palustris Seep Alliance","Northeast review 2020",2020-08-10 12:00:00,"D. Faber-Langendoen"
685745,"A3381","TP1.b1.Nc","Carex atlantica - Solidago patula - Parnassia asarifolia Seep Alliance","Southeast US reg'l review of USNVC, April 2023",2023-05-11 02:49:49,"D. Faber-Langendoen"
688323,"A3381","TP1.b1.Nc","Carex atlantica - Solidago patula - Parnassia asarifolia Seep Alliance","Southeast US reg'l review of USNVC, April 2023",2023-05-11 02:49:51,"D. Faber-Langendoen"
685203,"A3382","TP1.b1.Nc","Carex gynandra - Glyceria melicaria - Glyceria striata Seep Alliance","USNVC NC revisions",2023-10-18 06:20:07,"M. Schafale, D. Faber-Langendoen"
856866,"A4189","","Quercus laurifolia - Quercus phellos - Quercus michauxii Atlantic Coastal Plain Wet Flatwoods Forest Alliance","",2020-12-09 12:39:16,"D. Faber-Langendoen"
688264,"A4189","","Quercus laurifolia - Quercus phellos - Quercus michauxii Atlantic Coastal Plain Wet Flatwoods Forest Alliance","",2020-12-09 12:39:16,"D. Faber-Langendoen"
687420,"A4189","","Quercus laurifolia - Quercus phellos - Quercus michauxii Atlantic Coastal Plain Wet Flatwoods Forest Alliance","",2020-12-09 12:39:16,"D. Faber-Langendoen"
686636,"A4189","","Quercus laurifolia - Quercus phellos - Quercus michauxii Atlantic Coastal Plain Wet Flatwoods Forest Alliance","",2020-12-09 12:39:16,"D. Faber-Langendoen"
685596,"A4189","","Quercus laurifolia - Quercus phellos - Quercus michauxii Atlantic Coastal Plain Wet Flatwoods Forest Alliance","",2020-12-09 12:39:16,"D. Faber-Langendoen"
835388,"A4189","","Quercus laurifolia - Quercus phellos - Quercus michauxii Atlantic Coastal Plain Wet Flatwoods Forest Alliance","",2020-12-09 12:39:16,"D. Faber-Langendoen"
683904,"A4193","","Betula pumila / Carex lasiocarpa Boreal Alkaline Shrub Fen Alliance","merge (NVC127_WI state types and NVC)",2020-03-26 12:35:53,"D. Faber-Langendoen"
893479,"A4193","","Betula pumila / Carex lasiocarpa Boreal Alkaline Shrub Fen Alliance","merge (NVC127_WI state types and NVC)",2020-03-26 12:35:53,"D. Faber-Langendoen"
684576,"A4193","","Betula pumila / Carex lasiocarpa Boreal Alkaline Shrub Fen Alliance","merge (NVC127_WI state types and NVC)",2020-03-26 12:35:53,"D. Faber-Langendoen"
683539,"A4193","","Betula pumila / Carex lasiocarpa Boreal Alkaline Shrub Fen Alliance","merge (NVC127_WI state types and NVC)",2020-03-26 12:35:53,"D. Faber-Langendoen"
689882,"A4193","","Betula pumila / Carex lasiocarpa Boreal Alkaline Shrub Fen Alliance","merge (NVC127_WI state types and NVC)",2020-03-26 12:35:53,"D. Faber-Langendoen"
689528,"A4209","TT2.b1.Na","Quercus velutina - Quercus falcata - Pinus rigida Coastal Plain Forest Alliance","Vermont",2020-04-29 12:00:00,"D. Faber-Langendoen"
684223,"A4131","TP1.a2.Nb","Fraxinus pennsylvanica - Ulmus americana - Populus deltoides Floodplain Forest Alliance","MT-ID-WY USNVC reg'l review follow-up, May 2023",2023-08-02 04:01:53,"MT, ID, WY ecologists, D. Faber-Langendoen"
737501,"A4155","TP1.a2.Nc","Acer negundo - Populus spp. - Picea spp. Ruderal Riparian Forest Alliance","MT-ID-WY USNVC reg'l review follow-up, May 2023",2023-08-02 03:59:42,"MT, ID, WY ecologists, D. Faber-Langendoen"
859151,"A4155","TP1.a2.Nc","Acer negundo - Populus spp. - Picea spp. Ruderal Riparian Forest Alliance","MT-ID-WY USNVC reg'l review follow-up, May 2023",2023-08-02 03:59:42,"MT, ID, WY ecologists, D. Faber-Langendoen"
737530,"A4155","TP1.a2.Nc","Acer negundo - Populus spp. - Picea spp. Ruderal Riparian Forest Alliance","MT-ID-WY USNVC reg'l review follow-up, May 2023",2023-08-02 03:59:42,"MT, ID, WY ecologists, D. Faber-Langendoen"
790693,"A4155","TP1.a2.Nc","Acer negundo - Populus spp. - Picea spp. Ruderal Riparian Forest Alliance","MT-ID-WY USNVC reg'l review follow-up, May 2023",2023-08-02 03:59:42,"MT, ID, WY ecologists, D. Faber-Langendoen"
689436,"A4155","TP1.a2.Nc","Acer negundo - Populus spp. - Picea spp. Ruderal Riparian Forest Alliance","MT-ID-WY USNVC reg'l review follow-up, May 2023",2023-08-02 03:59:42,"MT, ID, WY ecologists, D. Faber-Langendoen"
793190,"A4155","TP1.a2.Nc","Acer negundo - Populus spp. - Picea spp. Ruderal Riparian Forest Alliance","MT-ID-WY USNVC reg'l review follow-up, May 2023",2023-08-02 03:59:42,"MT, ID, WY ecologists, D. Faber-Langendoen"
1277816,"A4172","TP1.b1.Ne","Lasthenia glaberrima Vernal Pool Alliance","California USNVC updates Aug 2023",2023-08-25 06:51:10,"R. Boul, J. Evens, D. Faber-Langendoen"
971676,"A3140","","Ephedra nevadensis Scrub Alliance","",2016-11-11 12:00:00,"K. Schulz"
686968,"A3140","","Ephedra nevadensis Scrub Alliance","",2016-11-11 12:00:00,"K. Schulz"
688960,"A3140","","Ephedra nevadensis Scrub Alliance","",2016-11-11 12:00:00,"K. Schulz"
686104,"A3140","","Ephedra nevadensis Scrub Alliance","",2016-11-11 12:00:00,"K. Schulz"
971684,"A3140","","Ephedra nevadensis Scrub Alliance","",2016-11-11 12:00:00,"K. Schulz"
877206,"A3140","","Ephedra nevadensis Scrub Alliance","",2016-11-11 12:00:00,"K. Schulz"
685920,"A3142","","Lycium andersonii - Lycium cooperi Scrub Alliance","",2016-11-11 12:00:00,"K. Schulz"
840602,"A3142","","Lycium andersonii - Lycium cooperi Scrub Alliance","",2016-11-11 12:00:00,"K. Schulz"
684083,"A3142","","Lycium andersonii - Lycium cooperi Scrub Alliance","",2016-11-11 12:00:00,"K. Schulz"
683506,"A3144","TT5.a1.Na","Coleogyne ramosissima Mojave Desert Scrub Alliance","USNVC California review",2023-02-20 06:57:41,"Evens, J., R. Boul, D. Faber-Langendoen"
683505,"A3144","TT5.a1.Na","Coleogyne ramosissima Mojave Desert Scrub Alliance","USNVC California review",2023-02-20 06:57:40,"Evens, J., R. Boul, D. Faber-Langendoen"
769159,"A3171","TT5.a1.Na","Grayia spinosa Scrub Alliance","USNVC California review",2023-02-20 06:57:44,"Evens, J., R. Boul, D. Faber-Langendoen"
686777,"A3171","TT5.a1.Na","Grayia spinosa Scrub Alliance","",2016-11-09 12:00:00,"K. Schulz"
684735,"A3171","TT5.a1.Na","Grayia spinosa Scrub Alliance","USNVC California review",2023-02-20 06:57:42,"Evens, J., R. Boul, D. Faber-Langendoen"
802992,"A2557","TP1.b1.Ne","Artemisia cana Wet Shrubland Alliance","MT-ID-WY USNVC reg'l review follow-up, May 2023",2023-08-02 03:59:46,"MT, ID, WY ecologists, D. Faber-Langendoen"
689614,"A2557","TP1.b1.Ne","Artemisia cana Wet Shrubland Alliance","MT-ID-WY USNVC reg'l review follow-up, May 2023",2023-08-02 03:59:46,"MT, ID, WY ecologists, D. Faber-Langendoen"
686511,"A2557","TP1.b1.Ne","Artemisia cana Wet Shrubland Alliance","MT-ID-WY USNVC reg'l review follow-up, May 2023",2023-08-02 03:59:46,"MT, ID, WY ecologists, D. Faber-Langendoen"
685158,"A2557","TP1.b1.Ne","Artemisia cana Wet Shrubland Alliance","MT-ID-WY USNVC reg'l review follow-up, May 2023",2023-08-02 03:59:46,"MT, ID, WY ecologists, D. Faber-Langendoen"
684844,"A2557","TP1.b1.Ne","Artemisia cana Wet Shrubland Alliance","MT-ID-WY USNVC reg'l review follow-up, May 2023",2023-08-02 03:59:46,"MT, ID, WY ecologists, D. Faber-Langendoen"
683720,"A2557","TP1.b1.Ne","Artemisia cana Wet Shrubland Alliance","MT-ID-WY USNVC reg'l review follow-up, May 2023",2023-08-02 03:59:46,"MT, ID, WY ecologists, D. Faber-Langendoen"
689719,"A2557","TP1.b1.Ne","Artemisia cana Wet Shrubland Alliance","MT-ID-WY USNVC reg'l review follow-up, May 2023",2023-08-02 03:59:46,"MT, ID, WY ecologists, D. Faber-Langendoen"
687113,"A2557","TP1.b1.Ne","Artemisia cana Wet Shrubland Alliance","MT-ID-WY USNVC reg'l review follow-up, May 2023",2023-08-02 03:59:46,"MT, ID, WY ecologists, D. Faber-Langendoen"
689470,"A2557","TP1.b1.Ne","Artemisia cana Wet Shrubland Alliance","MT-ID-WY USNVC reg'l review follow-up, May 2023",2023-08-02 03:59:46,"MT, ID, WY ecologists, D. Faber-Langendoen"
683848,"A2564","TP1.b1.Ne","Elymus glaucus - Carex pellita - Carex feta Wet Meadow Alliance","Washington NCCN Wetlands",2021-12-26 11:06:14,"Tynan Ramm-Granberg"
688554,"A2564","TP1.b1.Ne","Elymus glaucus - Carex pellita - Carex feta Wet Meadow Alliance","Washington NCCN Wetlands",2021-12-26 11:06:14,"Tynan Ramm-Granberg"
684487,"A2577","TP1.b1.Ne","Malus fusca Shrub Swamp Alliance","Washington NCCN Wetlands",2021-12-26 11:06:06,"Tynan Ramm-Granberg"
683308,"A2584","TP1.b1.Ne","Carex amplifolia - Carex interior - Carex sheldonii Wet Meadow Alliance","Washington NCCN Wetlands",2021-12-26 11:06:16,"Tynan Ramm-Granberg"
885981,"A2584","TP1.b1.Ne","Carex amplifolia - Carex interior - Carex sheldonii Wet Meadow Alliance","Washington NCCN Wetlands",2021-12-26 11:06:16,"Tynan Ramm-Granberg"
689886,"A2584","TP1.b1.Ne","Carex amplifolia - Carex interior - Carex sheldonii Wet Meadow Alliance","Washington NCCN Wetlands",2021-12-26 11:06:16,"Tynan Ramm-Granberg"
683140,"A2622","MB1.a3.Nb","Carex lyngbyei Brackish Salt Marsh Alliance","Washington updates",2022-08-08 11:08:24,"T. Ramm-Granberg & D. Faber-Langendoen"
687067,"A2622","MB1.a3.Nb","Carex lyngbyei Brackish Salt Marsh Alliance","Washington updates",2022-08-08 11:08:24,"T. Ramm-Granberg & D. Faber-Langendoen"
683561,"A2622","MB1.a3.Nb","Carex lyngbyei Brackish Salt Marsh Alliance","Washington updates",2022-08-08 11:08:24,"T. Ramm-Granberg & D. Faber-Langendoen"
683383,"A2625","TP1.b1.Ne","Eryngium petiolatum Vernal Pool Alliance","Washington updates",2022-08-08 11:08:20,"T. Ramm-Granberg & D. Faber-Langendoen"
685005,"A2625","TP1.b1.Ne","Eryngium petiolatum Vernal Pool Alliance","Washington updates",2022-08-08 11:08:20,"T. Ramm-Granberg & D. Faber-Langendoen"
732623,"A2642","TP1.b1.Ne","Argentina anserina Wet Meadow Alliance","Washington NCCN Wetlands",2021-12-26 11:06:17,"Tynan Ramm-Granberg"
730719,"A2658","TT4.b1.Ne","Elymus repens Ruderal Grassland Alliance","MT-ID-WY USNVC reg'l review follow-up, May 2023",2023-08-02 03:59:44,"MT, ID, WY ecologists, D. Faber-Langendoen"
802079,"A3113","TT2.b1.Na","Quercus falcata - Carya pallida - Pinus spp. Mid-Atlantic Paleodune Woodland Alliance","Appalachians",2020-05-05 11:49:48,"D. Faber-Langendoen"
685882,"A3978","TT4.b1.Nf","Sarcobatus vermiculatus Great Plains Badlands Alliance","",2025-05-04 04:40:12,"D.Faber-Langendoen"
687090,"A3979","TT4.b1.Nf","Eriogonum pauciflorum - Gutierrezia sarothrae Badlands Alliance","",2025-05-04 04:40:09,"D.Faber-Langendoen"
687410,"A3979","TT4.b1.Nf","Eriogonum pauciflorum - Gutierrezia sarothrae Badlands Alliance","",2025-05-04 04:40:09,"D.Faber-Langendoen"
683369,"A4015","TP1.b1.Na","Typha domingensis - Eleocharis rostellata Gulf Coastal Plain Oligohaline Tidal Marsh Alliance","Southeast, Texarkana USNVC reg'l review, June 2023",2023-06-24 09:00:04,"Southeast + TX ecologists, D. Faber-Langendoen"
688951,"A4015","TP1.b1.Na","Typha domingensis - Eleocharis rostellata Gulf Coastal Plain Oligohaline Tidal Marsh Alliance","Southeast, Texarkana USNVC reg'l review, June 2023",2023-06-24 09:00:04,"Southeast + TX ecologists, D. Faber-Langendoen"
683962,"A4015","TP1.b1.Na","Typha domingensis - Eleocharis rostellata Gulf Coastal Plain Oligohaline Tidal Marsh Alliance","Southeast, Texarkana USNVC reg'l review, June 2023",2023-06-24 09:00:04,"Southeast + TX ecologists, D. Faber-Langendoen"
907665,"A4015","TP1.b1.Na","Typha domingensis - Eleocharis rostellata Gulf Coastal Plain Oligohaline Tidal Marsh Alliance","Southeast, Texarkana USNVC reg'l review, June 2023",2023-06-24 09:00:04,"Southeast + TX ecologists, D. Faber-Langendoen"
688997,"A4028","","Andropogon gerardii - Sorghastrum nutans Mixedgrass Western Plains Grassland Alliance","Great Plains Peer Review 2019",2019-07-31 12:00:00,"D. Faber-Langendoen"
683208,"A4028","","Andropogon gerardii - Sorghastrum nutans Mixedgrass Western Plains Grassland Alliance","Great Plains Peer Review 2019",2019-07-31 05:33:19,"D. Faber-Langendoen"
688263,"A4028","","Andropogon gerardii - Sorghastrum nutans Mixedgrass Western Plains Grassland Alliance","Great Plains Peer Review 2019",2019-07-31 05:33:22,"D. Faber-Langendoen"
688043,"A4028","","Andropogon gerardii - Sorghastrum nutans Mixedgrass Western Plains Grassland Alliance","Great Plains Peer Review 2019",2019-07-31 12:00:00,"D. Faber-Langendoen"
687353,"A4032","TT4.b1.Nf","Pseudoroegneria spicata - Pascopyrum smithii - Hesperostipa comata Grassland Alliance","",2025-05-04 04:40:39,"D.Faber-Langendoen"
685585,"A4032","TT4.b1.Nf","Pseudoroegneria spicata - Pascopyrum smithii - Hesperostipa comata Grassland Alliance","",2025-05-04 04:40:40,"D.Faber-Langendoen"
1127124,"A4033","","Hesperostipa comata Northwestern Great Plains Grassland Alliance","Great Plains Peer Review 2019 based on merge of parent alliance",2019-08-01 12:00:00,"D. Faber-Langendoen"
1127122,"A4033","","Hesperostipa comata Northwestern Great Plains Grassland Alliance","Great Plains Peer Review 2019 based on merge of parent alliance",2019-08-01 12:00:00,"D. Faber-Langendoen"
689047,"A4033","","Hesperostipa comata Northwestern Great Plains Grassland Alliance","Great Plains Peer Review 2019 based on merge of parent alliance",2019-08-01 04:38:59,"D. Faber-Langendoen"
684774,"A4033","","Hesperostipa comata Northwestern Great Plains Grassland Alliance","Great Plains Peer Review 2019",2019-07-31 12:00:00,"D. Faber-Langendoen"
688909,"A4033","","Hesperostipa comata Northwestern Great Plains Grassland Alliance","Great Plains Peer Review 2019 based on merge of parent alliance",2019-08-01 04:38:59,"D. Faber-Langendoen"
687052,"A4033","","Hesperostipa comata Northwestern Great Plains Grassland Alliance","Great Plains Peer Review 2019 based on merge of parent alliance",2019-08-01 04:38:59,"D. Faber-Langendoen"
684158,"A4036","","Prunus virginiana - Symphoricarpos occidentalis - Amelanchier alnifolia Great Plains Shrubland Alliance","Great Plains Peer Review 2019 based on merge of parent alliance",2019-08-01 04:38:59,"D. Faber-Langendoen"
895820,"A4036","","Prunus virginiana - Symphoricarpos occidentalis - Amelanchier alnifolia Great Plains Shrubland Alliance","Great Plains Peer Review 2019 based on merge of parent alliance",2019-08-01 12:00:00,"D. Faber-Langendoen"
684443,"A4036","","Prunus virginiana - Symphoricarpos occidentalis - Amelanchier alnifolia Great Plains Shrubland Alliance","Great Plains Peer Review 2019 based on merge of parent alliance",2019-08-01 12:00:00,"D. Faber-Langendoen"
689047,"A4037","","Festuca idahoensis - Carex inops ssp. heliophila Great Plains Grassland Alliance","Great Plains Peer Review",2019-06-27 12:00:00,"Don Faber-Langendoen"
686112,"A1871","","Impatiens pallida - Equisetum scirpoides - Parnassia glauca Seep Alliance","",2020-12-16 06:42:04,"D. Faber-Langendoen"
685623,"A1871","","Impatiens pallida - Equisetum scirpoides - Parnassia glauca Seep Alliance","CEGL002385 was reparented from A3374 to A1871 as part of the NE review (NVC143) in August, but it turned out that in working with NH, we needed a Laurentian seep for the Northeast, which gave the clay seep in northern WI a better place, but meant that CEGL002385 had to move. (NE review part 2)",2020-10-27 12:00:00,"D. Faber-Langendoen"
688291,"A1874","TT4.b1.Nf","Artemisia longifolia Badlands Alliance","",2025-05-04 04:40:06,"D.Faber-Langendoen"
683377,"A1874","TT4.b1.Nf","Artemisia longifolia Badlands Alliance","",2025-05-04 04:40:06,"D.Faber-Langendoen"
683869,"A1914","TP1.a2.Na","Salix caroliniana - Salix nigra Coastal Plain Swamp Forest Alliance","Southeast, Texarkana USNVC reg'l review, June 2023",2023-06-24 09:01:56,"Southeast + TX ecologists, D. Faber-Langendoen"
689567,"A1914","TP1.a2.Na","Salix caroliniana - Salix nigra Coastal Plain Swamp Forest Alliance","Texas USNVC reg'l review follow-up, May 2023",2023-08-14 06:25:29,"J. Singhurst, TX ecologists, D. Faber-Langendoen"
688986,"A1914","TP1.a2.Na","Salix caroliniana - Salix nigra Coastal Plain Swamp Forest Alliance","Southeast, Texarkana USNVC reg'l review, June 2023",2023-06-24 09:01:53,"Southeast + TX ecologists, D. Faber-Langendoen"
685852,"A1914","TP1.a2.Na","Salix caroliniana - Salix nigra Coastal Plain Swamp Forest Alliance","Appalachians, Piedmont review, part 2",2020-12-09 12:41:22,"D. Faber-Langendoen"
684943,"A1914","TP1.a2.Na","Salix caroliniana - Salix nigra Coastal Plain Swamp Forest Alliance","Southeast, Texarkana USNVC reg'l review, June 2023",2023-06-24 09:01:57,"Southeast + TX ecologists, D. Faber-Langendoen"
689775,"A1914","TP1.a2.Na","Salix caroliniana - Salix nigra Coastal Plain Swamp Forest Alliance","Southeast, Texarkana USNVC reg'l review, June 2023",2023-06-24 09:01:54,"Southeast + TX ecologists, D. Faber-Langendoen"
686307,"A1914","TP1.a2.Na","Salix caroliniana - Salix nigra Coastal Plain Swamp Forest Alliance","Appalachians, Piedmont review, part 2",2020-12-09 12:41:21,"D. Faber-Langendoen"
817780,"A1914","TP1.a2.Na","Salix caroliniana - Salix nigra Coastal Plain Swamp Forest Alliance","Texas USNVC reg'l review follow-up, May 2023",2023-08-14 06:25:29,"J. Singhurst, TX ecologists, D. Faber-Langendoen"
907728,"A1914","TP1.a2.Na","Salix caroliniana - Salix nigra Coastal Plain Swamp Forest Alliance","Texas USNVC reg'l review follow-up, May 2023",2023-08-14 06:25:29,"J. Singhurst, TX ecologists, D. Faber-Langendoen"
688446,"A1919","TT4.b1.Nb","Juniperus virginiana / Schizachyrium scoparium - Bouteloua curtipendula Alkaline Bedrock Scrub Grassland Alliance","NVC163 Central Midwest regional review",2022-04-14 02:43:49,"D. Faber-Langendoen, M. Leahy, et al"
686975,"A1919","TT4.b1.Nb","Juniperus virginiana / Schizachyrium scoparium - Bouteloua curtipendula Alkaline Bedrock Scrub Grassland Alliance","Central Midwest regional review",2022-07-24 04:57:54,"Program ecologist & D. Faber-Langendoen"
874287,"A1919","TT4.b1.Nb","Juniperus virginiana / Schizachyrium scoparium - Bouteloua curtipendula Alkaline Bedrock Scrub Grassland Alliance","Central Midwest regional review",2022-07-24 04:58:05,"Program ecologist & D. Faber-Langendoen"
683747,"A1919","TT4.b1.Nb","Juniperus virginiana / Schizachyrium scoparium - Bouteloua curtipendula Alkaline Bedrock Scrub Grassland Alliance","",2017-12-01 12:00:00,"D. Faber-Langendoen"
687705,"A1919","TT4.b1.Nb","Juniperus virginiana / Schizachyrium scoparium - Bouteloua curtipendula Alkaline Bedrock Scrub Grassland Alliance","Central Midwest regional review",2022-07-24 04:57:59,"Program ecologist & D. Faber-Langendoen"
689359,"A1919","TT4.b1.Nb","Juniperus virginiana / Schizachyrium scoparium - Bouteloua curtipendula Alkaline Bedrock Scrub Grassland Alliance","Central Midwest regional review",2022-07-24 04:58:00,"Program ecologist & D. Faber-Langendoen"
689631,"A1919","TT4.b1.Nb","Juniperus virginiana / Schizachyrium scoparium - Bouteloua curtipendula Alkaline Bedrock Scrub Grassland Alliance","Central Midwest regional review",2022-07-24 04:58:04,"Program ecologist & D. Faber-Langendoen"
688370,"A1919","TT4.b1.Nb","Juniperus virginiana / Schizachyrium scoparium - Bouteloua curtipendula Alkaline Bedrock Scrub Grassland Alliance","Central Midwest regional review",2022-07-24 04:58:09,"Program ecologist & D. Faber-Langendoen"
688400,"A1919","TT4.b1.Nb","Juniperus virginiana / Schizachyrium scoparium - Bouteloua curtipendula Alkaline Bedrock Scrub Grassland Alliance","Central Midwest regional review",2022-07-24 04:57:56,"Program ecologist & D. Faber-Langendoen"
686645,"A1919","TT4.b1.Nb","Juniperus virginiana / Schizachyrium scoparium - Bouteloua curtipendula Alkaline Bedrock Scrub Grassland Alliance","Central Midwest regional review",2022-07-24 04:57:57,"Program ecologist & D. Faber-Langendoen"
686770,"A1919","TT4.b1.Nb","Juniperus virginiana / Schizachyrium scoparium - Bouteloua curtipendula Alkaline Bedrock Scrub Grassland Alliance","Central Midwest regional review",2022-07-24 04:58:02,"Program ecologist & D. Faber-Langendoen"
685635,"A1920","TT4.b1.Nb","Quercus stellata - Quercus marilandica / Schizachyrium scoparium Interior Acidic Bedrock Scrub Alliance","Central Midwest regional review",2022-07-24 04:57:48,"Program ecologist & D. Faber-Langendoen"
688186,"A1920","TT4.b1.Nb","Quercus stellata - Quercus marilandica / Schizachyrium scoparium Interior Acidic Bedrock Scrub Alliance","Central Midwest regional review",2022-07-24 04:57:50,"Program ecologist & D. Faber-Langendoen"
686780,"A1920","TT4.b1.Nb","Quercus stellata - Quercus marilandica / Schizachyrium scoparium Interior Acidic Bedrock Scrub Alliance","Southeast US reg'l review of USNVC, April 2023",2023-05-11 02:48:06,"D. Faber-Langendoen"
687744,"A1920","TT4.b1.Nb","Quercus stellata - Quercus marilandica / Schizachyrium scoparium Interior Acidic Bedrock Scrub Alliance","Southeast US reg'l review of USNVC, April 2023",2023-05-11 02:48:05,"D. Faber-Langendoen"
684888,"A1920","TT4.b1.Nb","Quercus stellata - Quercus marilandica / Schizachyrium scoparium Interior Acidic Bedrock Scrub Alliance","",2019-01-31 12:00:00,"D. Faber-Langendoen"
684481,"A2018","TP1.a2.Na","Platanus occidentalis - Juglans major - Salix nigra Floodplain Woodland Alliance","Texas USNVC reg'l review follow-up, May 2023",2023-08-14 06:25:30,"J. Singhurst, TX ecologists, D. Faber-Langendoen"
684480,"A2018","TP1.a2.Na","Platanus occidentalis - Juglans major - Salix nigra Floodplain Woodland Alliance","Texas USNVC reg'l review follow-up, May 2023",2023-08-14 06:25:30,"J. Singhurst, TX ecologists, D. Faber-Langendoen"
684436,"A2026","TT4.b1.Nb","Carex pensylvanica - Danthonia compressa - Hypericum mitchellianum Grass Bald Alliance","Appalachians, Piedmont review, part 2",2020-12-09 12:41:39,"D. Faber-Langendoen"
686364,"A2031","TT1.b1.Ea","Sideroxylon foetidissimum - Eugenia foetida - Coccoloba uvifera Forest & Scrub Alliance","Southeast US reg'l review of USNVC, April 2023",2023-05-11 02:45:54,"D. Faber-Langendoen"
689887,"A2031","TT1.b1.Ea","Sideroxylon foetidissimum - Eugenia foetida - Coccoloba uvifera Forest & Scrub Alliance","Southeast US reg'l review of USNVC, April 2023",2023-05-11 02:45:56,"D. Faber-Langendoen"
685542,"A2031","TT1.b1.Ea","Sideroxylon foetidissimum - Eugenia foetida - Coccoloba uvifera Forest & Scrub Alliance","Southeast, Texarkana USNVC reg'l review, June 2023",2023-06-24 09:01:12,"Southeast + TX ecologists, D. Faber-Langendoen"
685884,"A2031","TT1.b1.Ea","Sideroxylon foetidissimum - Eugenia foetida - Coccoloba uvifera Forest & Scrub Alliance","Southeast, Texarkana USNVC reg'l review, June 2023",2023-06-24 09:01:11,"Southeast + TX ecologists, D. Faber-Langendoen"
683451,"A2031","TT1.b1.Ea","Sideroxylon foetidissimum - Eugenia foetida - Coccoloba uvifera Forest & Scrub Alliance","Southeast US reg'l review of USNVC, April 2023",2023-05-11 02:45:51,"D. Faber-Langendoen"
686415,"A2031","TT1.b1.Ea","Sideroxylon foetidissimum - Eugenia foetida - Coccoloba uvifera Forest & Scrub Alliance","Southeast US reg'l review of USNVC, April 2023",2023-05-11 02:45:53,"D. Faber-Langendoen"
688985,"A2059","TT2.a1.Na","Fagus grandifolia - Quercus alba - Quercus nigra Coastal Plain Forest Alliance","NVC163 Central Midwest regional review",2022-04-13 08:34:30,"D. Faber-Langendoen, M. Leahy, et al"
689165,"A2059","TT2.a1.Na","Fagus grandifolia - Quercus alba - Quercus nigra Coastal Plain Forest Alliance","Appalachians",2020-05-05 11:48:22,"D. Faber-Langendoen"
687411,"A2059","TT2.a1.Na","Fagus grandifolia - Quercus alba - Quercus nigra Coastal Plain Forest Alliance","Appalachians",2020-05-05 11:48:24,"D. Faber-Langendoen"
683102,"A2059","TT2.a1.Na","Fagus grandifolia - Quercus alba - Quercus nigra Coastal Plain Forest Alliance","NVC163 Central Midwest regional review",2022-04-13 12:00:00,"D. Faber-Langendoen, M. Leahy, et al"
688444,"A2059","TT2.a1.Na","Fagus grandifolia - Quercus alba - Quercus nigra Coastal Plain Forest Alliance","NVC163 Central Midwest regional review",2022-04-13 12:00:00,"D. Faber-Langendoen, M. Leahy, et al"
688279,"A2059","TT2.a1.Na","Fagus grandifolia - Quercus alba - Quercus nigra Coastal Plain Forest Alliance","NVC163 Central Midwest regional review",2022-04-13 08:34:30,"D. Faber-Langendoen, M. Leahy, et al"
687981,"A2059","TT2.a1.Na","Fagus grandifolia - Quercus alba - Quercus nigra Coastal Plain Forest Alliance","NVC163 Central Midwest regional review",2022-04-13 08:34:30,"D. Faber-Langendoen, M. Leahy, et al"
684856,"A2059","TT2.a1.Na","Fagus grandifolia - Quercus alba - Quercus nigra Coastal Plain Forest Alliance","NVC163 Central Midwest regional review",2022-04-13 08:34:30,"D. Faber-Langendoen, M. Leahy, et al"
802084,"A2059","TT2.a1.Na","Fagus grandifolia - Quercus alba - Quercus nigra Coastal Plain Forest Alliance","Appalachians",2020-05-05 11:48:23,"D. Faber-Langendoen"
685944,"A2059","TT2.a1.Na","Fagus grandifolia - Quercus alba - Quercus nigra Coastal Plain Forest Alliance","NVC163 Central Midwest regional review",2022-04-13 08:34:30,"D. Faber-Langendoen, M. Leahy, et al"
732630,"A2059","TT2.a1.Na","Fagus grandifolia - Quercus alba - Quercus nigra Coastal Plain Forest Alliance","Appalachians",2020-05-05 11:48:20,"D. Faber-Langendoen"
686180,"A2059","TT2.a1.Na","Fagus grandifolia - Quercus alba - Quercus nigra Coastal Plain Forest Alliance","Appalachians",2020-05-05 11:48:25,"D. Faber-Langendoen"
683682,"A2059","TT2.a1.Na","Fagus grandifolia - Quercus alba - Quercus nigra Coastal Plain Forest Alliance","NVC163 Central Midwest regional review",2022-04-13 08:34:30,"D. Faber-Langendoen, M. Leahy, et al"
684280,"A2059","TT2.a1.Na","Fagus grandifolia - Quercus alba - Quercus nigra Coastal Plain Forest Alliance","NVC163 Central Midwest regional review",2022-04-13 08:34:30,"D. Faber-Langendoen, M. Leahy, et al"
689712,"A2070","TP1.b1.Nc","Panicum virgatum - Andropogon gerardii Interior Gravel Riverscour Prairie Alliance","Appalachians, Piedmont review, part 2",2020-12-09 12:42:11,"D. Faber-Langendoen"
683963,"A2074","TT4.b1.Nb","Fraxinus americana - Quercus stellata / Carex pensylvanica Appalachian Mafic-Circumneutral Scrub Alliance","IVC clean-up Dec 2023-Jan 2024",2024-02-23 08:34:30,"D. Faber-Langendoen, P. McIntyre, C. Nordman"
683963,"A2074","TT4.b1.Nb","Fraxinus americana - Quercus stellata / Carex pensylvanica Appalachian Mafic-Circumneutral Scrub Alliance","New York NVC peer review",2021-04-29 04:21:39,"D. Faber-Langendoen & NYHP"
689814,"A1568","TT5.a1.Na","Eriogonum spp. / Poa secunda Dwarf-shrub Steppe Alliance","Washington updates",2022-08-08 11:11:47,"T. Ramm-Granberg & D. Faber-Langendoen"
689825,"A1642","TT4.b1.Nf","Arenaria hookeri Rock Alliance","",2025-05-04 04:40:04,"D.Faber-Langendoen"
688320,"A1647","TT4.b1.Ne","Lomatium martindalei Meadow Alliance","Washington updates",2022-08-08 11:08:13,"T. Ramm-Granberg & D. Faber-Langendoen"
689563,"A1688","","Diphylleia cymosa - Saxifraga micranthidifolia Seep Alliance","",2020-12-09 12:00:00,"D. Faber-Langendoen"
687881,"A1769","MM1.a01.Wa","Ruppia maritima Western Atlantic Seagrass Alliance","Northeast review 2020",2020-08-10 08:47:51,"D. Faber-Langendoen"
688460,"A1815","TT4.b1.Nb","Sporobolus neglectus - Sporobolus vaginiflorus Alkaline Bedrock Annual Grassland Alliance","Southeast US reg'l review of USNVC, April 2023",2023-05-11 02:44:40,"D. Faber-Langendoen"
687281,"A1815","TT4.b1.Nb","Sporobolus neglectus - Sporobolus vaginiflorus Alkaline Bedrock Annual Grassland Alliance","Southeast US reg'l review of USNVC, April 2023",2023-05-11 02:44:40,"D. Faber-Langendoen"
946476,"A1815","TT4.b1.Nb","Sporobolus neglectus - Sporobolus vaginiflorus Alkaline Bedrock Annual Grassland Alliance","Southeast US reg'l review of USNVC, April 2023",2023-05-11 02:44:40,"D. Faber-Langendoen"
685077,"A1815","TT4.b1.Nb","Sporobolus neglectus - Sporobolus vaginiflorus Alkaline Bedrock Annual Grassland Alliance","Southeast US reg'l review of USNVC, April 2023",2023-05-11 02:44:40,"D. Faber-Langendoen"
683581,"A1815","TT4.b1.Nb","Sporobolus neglectus - Sporobolus vaginiflorus Alkaline Bedrock Annual Grassland Alliance","Southeast US reg'l review of USNVC, April 2023",2023-05-11 02:44:40,"D. Faber-Langendoen"
688462,"A1815","TT4.b1.Nb","Sporobolus neglectus - Sporobolus vaginiflorus Alkaline Bedrock Annual Grassland Alliance","Southeast US reg'l review of USNVC, April 2023",2023-05-11 02:44:40,"D. Faber-Langendoen"
686600,"A1819","","Diamorpha smallii - Minuartia glabra Cumberland Sandstone Herb Alliance","",2020-12-09 12:00:00,"D. Faber-Langendoen"
684636,"A1820","TT4.b1.Nb","Sedum pulchellum Alkaline Bedrock Herb Alliance","Central Midwest regional review",2022-07-24 04:58:12,"Program ecologist & D. Faber-Langendoen"
683728,"A1820","TT4.b1.Nb","Sedum pulchellum Alkaline Bedrock Herb Alliance","Central Midwest regional review",2022-07-24 04:58:11,"Program ecologist & D. Faber-Langendoen"
841794,"A3892","TP1.b1.Nd","Equisetum fluviatile - Equisetum x ferrissii Marsh Alliance","Washington updates",2022-08-08 11:08:15,"T. Ramm-Granberg & D. Faber-Langendoen"
685871,"A3892","TP1.b1.Nd","Equisetum fluviatile - Equisetum x ferrissii Marsh Alliance","Washington NCCN Wetlands",2021-12-26 11:13:11,"Tynan Ramm-Granberg"
689822,"A3894","TP1.b1.Nd","Paspalum distichum Marsh Alliance","Washington NCCN Wetlands",2021-12-26 11:05:57,"Tynan Ramm-Granberg"
686281,"A3900","MB1.a3.Nb","Distichlis spicata Salt Marsh Alliance","California USNVC review",2023-02-27 12:54:43,"Evens, J., R. Boul"
964248,"A3900","MB1.a3.Nb","Distichlis spicata Salt Marsh Alliance","California USNVC review",2023-02-27 12:54:43,"Evens, J., R. Boul"
683140,"A3900","MB1.a3.Nb","Distichlis spicata Salt Marsh Alliance","California USNVC review",2023-02-27 12:54:43,"Evens, J., R. Boul"
788780,"A3900","MB1.a3.Nb","Distichlis spicata Salt Marsh Alliance","California USNVC review",2023-02-27 12:54:43,"Evens, J., R. Boul"
687819,"A3900","MB1.a3.Nb","Distichlis spicata Salt Marsh Alliance","California reg'l review of USNVC, 2021-2022",2023-05-01 08:41:09,"P. McIntyre, D. Faber-Langendoen"
687819,"A3900","MB1.a3.Nb","Distichlis spicata Salt Marsh Alliance","California USNVC review",2023-02-27 12:54:43,"Evens, J., R. Boul"
687819,"A3900","MB1.a3.Nb","Distichlis spicata Salt Marsh Alliance","",2016-11-10 12:00:00,"M. Reid"
683561,"A3900","MB1.a3.Nb","Distichlis spicata Salt Marsh Alliance","California USNVC review",2023-02-27 12:54:43,"Evens, J., R. Boul"
683140,"A3902","MB1.a3.Nb","Sarcocornia pacifica - Spartina foliosa - Glaux maritima Salt Marsh Alliance","Washington updates",2022-08-08 11:11:35,"T. Ramm-Granberg & D. Faber-Langendoen"
687067,"A3902","MB1.a3.Nb","Sarcocornia pacifica - Spartina foliosa - Glaux maritima Salt Marsh Alliance","Washington updates",2022-08-08 11:11:34,"T. Ramm-Granberg & D. Faber-Langendoen"
687067,"A3902","MB1.a3.Nb","Sarcocornia pacifica - Spartina foliosa - Glaux maritima Salt Marsh Alliance","",2024-06-21 04:45:24,"D.Faber-Langendoen"
683561,"A3902","MB1.a3.Nb","Sarcocornia pacifica - Spartina foliosa - Glaux maritima Salt Marsh Alliance","Washington updates",2022-08-08 11:11:36,"T. Ramm-Granberg & D. Faber-Langendoen"
686422,"A3904","TP1.b3.Na","Sporobolus airoides Great Plains Marsh Alliance","MT-ID-WY USNVC reg'l review follow-up, May 2023",2023-08-02 04:00:11,"MT, ID, WY ecologists, D. Faber-Langendoen"
683630,"A1361","TP1.b1.Ne","Poa glauca Wet Meadow Alliance","Washington NCCN Wetlands",2021-12-26 11:06:11,"Tynan Ramm-Granberg"
685167,"A1383","TP1.b1.Na","Rhynchospora careyana - Rhynchospora inundata Pondshore Marsh Alliance","Southeast US reg'l review of USNVC, April 2023",2023-05-11 02:50:33,"D. Faber-Langendoen"
685700,"A1383","TP1.b1.Na","Rhynchospora careyana - Rhynchospora inundata Pondshore Marsh Alliance","NC NVC peer review",2021-04-29 04:56:11,"D. Faber-Langendoen & M. Schafale"
856872,"A1383","TP1.b1.Na","Rhynchospora careyana - Rhynchospora inundata Pondshore Marsh Alliance","Southeast US reg'l review of USNVC, April 2023",2023-05-11 02:50:37,"D. Faber-Langendoen"
685610,"A1383","TP1.b1.Na","Rhynchospora careyana - Rhynchospora inundata Pondshore Marsh Alliance","Southeast US reg'l review of USNVC, April 2023",2023-05-11 02:50:36,"D. Faber-Langendoen"
686563,"A1383","TP1.b1.Na","Rhynchospora careyana - Rhynchospora inundata Pondshore Marsh Alliance","Southeast US reg'l review of USNVC, April 2023",2023-05-11 02:50:34,"D. Faber-Langendoen"
688342,"A1384","TP1.b1.Na","Rhynchospora spp. - Panicum rigidulum - Panicum verrucosum Pondshore Marsh Alliance","Northeast review, part 2",2020-12-16 06:43:16,"D. Faber-Langendoen"
902955,"A1384","TP1.b1.Na","Rhynchospora spp. - Panicum rigidulum - Panicum verrucosum Pondshore Marsh Alliance","Northeast review, part 2",2020-12-16 06:43:15,"D. Faber-Langendoen"
689240,"A1384","TP1.b1.Na","Rhynchospora spp. - Panicum rigidulum - Panicum verrucosum Pondshore Marsh Alliance","Northeast review, part 2",2020-12-16 06:43:13,"D. Faber-Langendoen"
689300,"A1384","TP1.b1.Na","Rhynchospora spp. - Panicum rigidulum - Panicum verrucosum Pondshore Marsh Alliance","Northeast review, part 2",2020-12-16 06:43:19,"D. Faber-Langendoen"
685541,"A1384","TP1.b1.Na","Rhynchospora spp. - Panicum rigidulum - Panicum verrucosum Pondshore Marsh Alliance","New York NVC peer review",2021-04-29 04:21:39,"D. Faber-Langendoen & NYHP"
688166,"A1384","TP1.b1.Na","Rhynchospora spp. - Panicum rigidulum - Panicum verrucosum Pondshore Marsh Alliance","Northeast review 2020",2020-08-10 08:47:43,"D. Faber-Langendoen"
688288,"A1384","TP1.b1.Na","Rhynchospora spp. - Panicum rigidulum - Panicum verrucosum Pondshore Marsh Alliance","Northeast review 2020",2020-08-10 08:47:43,"D. Faber-Langendoen"
687973,"A1386","","Scirpus cyperinus Wet Meadow Alliance","",2019-02-05 12:00:00,"D. Faber-Langendoen"
683317,"A1429","TP1.b1.Na","Eleocharis spp. - Eriocaulon aquaticum Coastal Plain Pondshore Marsh Alliance","Northeast review, part 2",2020-12-16 06:43:27,"D. Faber-Langendoen"
685057,"A1429","TP1.b1.Na","Eleocharis spp. - Eriocaulon aquaticum Coastal Plain Pondshore Marsh Alliance","Northeast review, part 2",2020-12-16 06:43:26,"D. Faber-Langendoen"
917083,"A1429","TP1.b1.Na","Eleocharis spp. - Eriocaulon aquaticum Coastal Plain Pondshore Marsh Alliance","Northeast review, part 2",2020-12-16 06:43:29,"D. Faber-Langendoen"
684369,"A1429","TP1.b1.Na","Eleocharis spp. - Eriocaulon aquaticum Coastal Plain Pondshore Marsh Alliance","Northeast review, part 2",2020-12-16 06:43:20,"D. Faber-Langendoen"
736392,"A1429","TP1.b1.Na","Eleocharis spp. - Eriocaulon aquaticum Coastal Plain Pondshore Marsh Alliance","Northeast review, part 2",2020-12-16 06:43:23,"D. Faber-Langendoen"
683324,"A1429","TP1.b1.Na","Eleocharis spp. - Eriocaulon aquaticum Coastal Plain Pondshore Marsh Alliance","Northeast review, part 2",2020-12-16 06:43:25,"D. Faber-Langendoen"
758652,"A1436","TP1.b1.Nc","Typha angustifolia - Typha latifolia - Schoenoplectus spp. Deep Marsh Alliance","Appalachians, Piedmont review, part 2",2020-12-09 12:00:00,"D. Faber-Langendoen"
683631,"A1436","TP1.b1.Nc","Typha angustifolia - Typha latifolia - Schoenoplectus spp. Deep Marsh Alliance","Northeast review 2020",2020-08-10 08:47:37,"D. Faber-Langendoen"
683475,"A1436","TP1.b1.Nc","Typha angustifolia - Typha latifolia - Schoenoplectus spp. Deep Marsh Alliance","Northeast review 2020",2020-08-10 08:47:37,"D. Faber-Langendoen"
683728,"A1458","TT4.b1.Nb","Eleocharis bifida - Eleocharis compressa - Nothoscordum bivalve Alkaline Rocky Seep Alliance","KY + TN Southeast USNVC reg'l review follow-up, May 2023",2023-08-25 12:27:44,"C. Elam, KY ecologists, D. Faber-Langendoen"
685827,"A1463","TP1.b1.Na","Rhynchospora oligantha - Sarracenia spp. - Ctenium aromaticum Seep Alliance","Florida USNVC preliminary review",2023-03-30 01:47:44,"Nordman, C., D. Faber-Langendoen"
685879,"A1463","TP1.b1.Na","Rhynchospora oligantha - Sarracenia spp. - Ctenium aromaticum Seep Alliance","Florida USNVC preliminary review",2023-03-30 01:47:42,"Nordman, C., D. Faber-Langendoen"
687347,"A1463","TP1.b1.Na","Rhynchospora oligantha - Sarracenia spp. - Ctenium aromaticum Seep Alliance","Florida USNVC preliminary review",2023-03-30 01:47:40,"Nordman, C., D. Faber-Langendoen"
684188,"A1463","TP1.b1.Na","Rhynchospora oligantha - Sarracenia spp. - Ctenium aromaticum Seep Alliance","Southeast US reg'l review of USNVC, April 2023",2023-05-11 02:45:00,"D. Faber-Langendoen"
688576,"A1463","TP1.b1.Na","Rhynchospora oligantha - Sarracenia spp. - Ctenium aromaticum Seep Alliance","Southeast US reg'l review of USNVC, April 2023",2023-05-11 02:45:00,"D. Faber-Langendoen"
686027,"A1463","TP1.b1.Na","Rhynchospora oligantha - Sarracenia spp. - Ctenium aromaticum Seep Alliance","Southeast US reg'l review of USNVC, April 2023",2023-05-11 02:45:00,"D. Faber-Langendoen"
688845,"A1463","TP1.b1.Na","Rhynchospora oligantha - Sarracenia spp. - Ctenium aromaticum Seep Alliance","Southeast US reg'l review of USNVC, April 2023",2023-05-11 02:45:00,"D. Faber-Langendoen"
685641,"A1463","TP1.b1.Na","Rhynchospora oligantha - Sarracenia spp. - Ctenium aromaticum Seep Alliance","Southeast US reg'l review of USNVC, April 2023",2023-05-11 02:45:00,"D. Faber-Langendoen"
683067,"A1463","TP1.b1.Na","Rhynchospora oligantha - Sarracenia spp. - Ctenium aromaticum Seep Alliance","Southeast US reg'l review of USNVC, April 2023",2023-05-11 02:45:00,"D. Faber-Langendoen"
683587,"A1463","TP1.b1.Na","Rhynchospora oligantha - Sarracenia spp. - Ctenium aromaticum Seep Alliance","Southeast US reg'l review of USNVC, April 2023",2023-05-11 02:45:00,"D. Faber-Langendoen"
688871,"A1463","TP1.b1.Na","Rhynchospora oligantha - Sarracenia spp. - Ctenium aromaticum Seep Alliance","Florida USNVC preliminary review",2023-03-30 01:47:43,"Nordman, C., D. Faber-Langendoen"
686721,"A1463","TP1.b1.Na","Rhynchospora oligantha - Sarracenia spp. - Ctenium aromaticum Seep Alliance","Southeast US reg'l review of USNVC, April 2023",2023-05-11 02:45:00,"D. Faber-Langendoen"
802094,"A1463","TP1.b1.Na","Rhynchospora oligantha - Sarracenia spp. - Ctenium aromaticum Seep Alliance","Southeast US reg'l review of USNVC, April 2023",2023-05-11 02:45:00,"D. Faber-Langendoen"
684751,"A1463","TP1.b1.Na","Rhynchospora oligantha - Sarracenia spp. - Ctenium aromaticum Seep Alliance","Southeast US reg'l review of USNVC, April 2023",2023-05-11 02:45:00,"D. Faber-Langendoen"
689506,"A1468","TP1.b1.Ne","Carex aperta - Carex exsiccata Wet Meadow Alliance","Washington NCCN Wetlands",2021-12-26 11:05:58,"Tynan Ramm-Granberg"
686129,"A1468","TP1.b1.Ne","Carex aperta - Carex exsiccata Wet Meadow Alliance","Washington NCCN Wetlands",2021-12-26 11:05:58,"Tynan Ramm-Granberg"
687680,"A1499","TT2.b1.Na","Pinus banksiana - Pinus spp. - Quercus spp. Barrens Woodland Alliance","NVC127_WI state types and NVC",2020-03-23 05:28:02,"D. Faber-Langendoen"
685059,"A1499","TT2.b1.Na","Pinus banksiana - Pinus spp. - Quercus spp. Barrens Woodland Alliance","",2026-01-26 06:48:12,"D.Faber-Langendoen"
683898,"A1499","TT2.b1.Na","Pinus banksiana - Pinus spp. - Quercus spp. Barrens Woodland Alliance","WI state type crosswalk skeletal edits",2020-04-13 04:38:10,"D. Faber-Langendoen"
683418,"A1499","TT2.b1.Na","Pinus banksiana - Pinus spp. - Quercus spp. Barrens Woodland Alliance","NVC127_WI state types and NVC",2020-03-23 05:28:03,"D. Faber-Langendoen"
685859,"A1537","","Rhus trilobata / Schizachyrium scoparium - Carex filifolia Shrub Grassland Alliance","Great Plains Peer Review 2019",2019-07-31 05:33:29,"D. Faber-Langendoen"
684486,"A1537","","Rhus trilobata / Schizachyrium scoparium - Carex filifolia Shrub Grassland Alliance","Great Plains Peer Review 2019",2019-07-31 05:33:27,"D. Faber-Langendoen"
684237,"A3858","TT4.a1.Na","Arctostaphylos tomentosa ssp. crustacea - Arctostaphylos tomentosa Central Coast & Island Chaparral Alliance","Marin & San Mateo Counties CNPS USNVC review",2023-04-05 05:37:52,"Evens, J., Boul, R., McIntyre, P."
685519,"A1078","TT6.b2.Nb","Empetrum nigrum Alpine Dwarf-shrubland Alliance","edits in prep for USNVC v3.0 release",2025-06-26 05:27:56,"D. Faber-Langendoen"
685519,"A1078","TT6.b2.Nb","Empetrum nigrum Alpine Dwarf-shrubland Alliance","WA NCCN Uplands",2022-02-23 04:09:18,"T. Ramm-Granberg"
688198,"A1078","TT6.b2.Nb","Empetrum nigrum Alpine Dwarf-shrubland Alliance","edits in prep for USNVC v3.0 release",2025-06-26 05:27:56,"D. Faber-Langendoen"
685098,"A1087","","Hudsonia tomentosa / Paronychia argyrocoma Riverscour Alliance","Northeast review 2020",2020-08-10 08:47:06,"D. Faber-Langendoen"
685579,"A1110","TT5.a1.Na","Atriplex gardneri Low Scrub Alliance","<table width=""149""> <colgroup> <col width=""149"" /> </colgroup> <tbody> <tr> <td width=""149"">Great Plains Peer Review 2019</td> </tr> </tbody></table>",2019-07-05 12:00:00,"Don Faber-Langendoen"
687652,"A1110","TT5.a1.Na","Atriplex gardneri Low Scrub Alliance","<table width=""149""> <colgroup> <col width=""149"" /> </colgroup> <tbody> <tr> <td width=""149"">Great Plains Peer Review 2019</td> </tr> </tbody></table>",2019-07-05 12:00:00,"Don Faber-Langendoen"
684999,"A1110","TT5.a1.Na","Atriplex gardneri Low Scrub Alliance","Great Plains Peer Review 2019",2019-07-05 12:00:00,"Don Faber-Langendoen"
683911,"A1127","TT5.a1.Na","Artemisia pedatifida Low Scrub Alliance","Great Plains Peer Review 2019",2019-07-05 12:00:00,"Don Faber-Langendoen"
689954,"A1199","MS2.a1.Na","Uniola paniculata - Panicum amarum Dune Grassland Alliance","Southeast, Texarkana USNVC reg'l review, June 2023",2023-06-24 09:02:47,"Southeast + TX ecologists, D. Faber-Langendoen"
686987,"A1200","MS2.a1.Na","Schizachyrium littorale - Paspalum monostachyum - Panicum amarum Texas Coastal Grassland Alliance","Southeast, Texarkana USNVC reg'l review, June 2023",2023-06-24 09:02:49,"Southeast + TX ecologists, D. Faber-Langendoen"
689016,"A1222","MS2.a1.Na","Schizachyrium maritimum - Heterotheca subaxillaris Dune Grassland Alliance","Southeast, Texarkana USNVC reg'l review, June 2023",2023-06-24 08:59:31,"Southeast + TX ecologists, D. Faber-Langendoen"
686121,"A1274","","Spartina patens - Schoenoplectus pungens Atlantic Overwash Dune Grassland Alliance","Northeast review 2020",2020-08-10 08:47:02,"D. Faber-Langendoen"
799480,"A1329","TP1.b3.Nb","Leymus cinereus - Leymus triticoides Alkaline Wet Meadow Alliance","California USNVC updates Aug 2023",2023-08-25 06:51:23,"R. Boul, J. Evens, D. Faber-Langendoen"
683206,"A1350","TP1.b1.Nc","Calamagrostis stricta - Carex sartwellii - Carex praegracilis Saline Wet Meadow Alliance","CNVC Grasslands revisions, March 2023",2024-02-23 08:18:47,"M. Tremblay, D. Downing, L. Pyle et al."
799473,"A3807","TP1.b1.Ne","Eleocharis palustris - Eleocharis acicularis Marsh Alliance","Washington NCCN Wetlands",2021-12-26 11:06:24,"Tynan Ramm-Granberg"
688769,"A3807","TP1.b1.Ne","Eleocharis palustris - Eleocharis acicularis Marsh Alliance","Washington NCCN Wetlands",2021-12-26 11:06:24,"Tynan Ramm-Granberg"
684205,"A3807","TP1.b1.Ne","Eleocharis palustris - Eleocharis acicularis Marsh Alliance","Washington NCCN Wetlands",2021-12-26 11:06:24,"Tynan Ramm-Granberg"
686176,"A3808","TP1.b1.Ne","Glyceria grandis - Glyceria striata - Glyceria borealis Wet Meadow Alliance","Washington NCCN Wetlands",2021-12-26 11:06:25,"Tynan Ramm-Granberg"
683356,"A3808","TP1.b1.Ne","Glyceria grandis - Glyceria striata - Glyceria borealis Wet Meadow Alliance","Washington NCCN Wetlands",2021-12-26 11:06:25,"Tynan Ramm-Granberg"
689766,"A3808","TP1.b1.Ne","Glyceria grandis - Glyceria striata - Glyceria borealis Wet Meadow Alliance","Washington NCCN Wetlands",2021-12-26 11:06:25,"Tynan Ramm-Granberg"
684685,"A3808","TP1.b1.Ne","Glyceria grandis - Glyceria striata - Glyceria borealis Wet Meadow Alliance","Washington NCCN Wetlands",2021-12-26 11:06:25,"Tynan Ramm-Granberg"
684741,"A3808","TP1.b1.Ne","Glyceria grandis - Glyceria striata - Glyceria borealis Wet Meadow Alliance","Washington NCCN Wetlands",2021-12-26 11:06:25,"Tynan Ramm-Granberg"
728588,"A3809","TP1.b1.Ne","Heracleum maximum - Veratrum californicum - Rorippa spp. Wet Meadow Alliance","Washington NCCN Wetlands",2021-12-26 11:14:36,"Tynan Ramm-Granberg"
684715,"A3809","TP1.b1.Ne","Heracleum maximum - Veratrum californicum - Rorippa spp. Wet Meadow Alliance","Washington NCCN Wetlands",2021-12-26 11:14:35,"Tynan Ramm-Granberg"
684090,"A3809","TP1.b1.Ne","Heracleum maximum - Veratrum californicum - Rorippa spp. Wet Meadow Alliance","Washington NCCN Wetlands",2021-12-26 11:14:34,"Tynan Ramm-Granberg"
688738,"A3809","TP1.b1.Ne","Heracleum maximum - Veratrum californicum - Rorippa spp. Wet Meadow Alliance","Washington NCCN Wetlands",2021-12-26 11:14:32,"Tynan Ramm-Granberg"
687657,"A3809","TP1.b1.Ne","Heracleum maximum - Veratrum californicum - Rorippa spp. Wet Meadow Alliance","Washington NCCN Wetlands",2021-12-26 11:14:36,"Tynan Ramm-Granberg"
685145,"A3809","TP1.b1.Ne","Heracleum maximum - Veratrum californicum - Rorippa spp. Wet Meadow Alliance","Washington NCCN Wetlands",2021-12-26 11:14:33,"Tynan Ramm-Granberg"
689288,"A3810","TP1.b1.Ne","Saxifraga odontoloma - Senecio triangularis - Mertensia ciliata Wet Meadow Alliance","Washington NCCN Wetlands",2021-12-26 11:06:28,"Tynan Ramm-Granberg"
685110,"A3810","TP1.b1.Ne","Saxifraga odontoloma - Senecio triangularis - Mertensia ciliata Wet Meadow Alliance","Washington NCCN Wetlands",2021-12-26 11:06:28,"Tynan Ramm-Granberg"
688016,"A3810","TP1.b1.Ne","Saxifraga odontoloma - Senecio triangularis - Mertensia ciliata Wet Meadow Alliance","Washington NCCN Wetlands",2021-12-26 11:06:28,"Tynan Ramm-Granberg"
683097,"A3810","TP1.b1.Ne","Saxifraga odontoloma - Senecio triangularis - Mertensia ciliata Wet Meadow Alliance","Washington NCCN Wetlands",2021-12-26 11:06:28,"Tynan Ramm-Granberg"
689503,"A3810","TP1.b1.Ne","Saxifraga odontoloma - Senecio triangularis - Mertensia ciliata Wet Meadow Alliance","Washington NCCN Wetlands",2021-12-26 11:06:28,"Tynan Ramm-Granberg"
683122,"A3810","TP1.b1.Ne","Saxifraga odontoloma - Senecio triangularis - Mertensia ciliata Wet Meadow Alliance","Washington NCCN Wetlands",2021-12-26 11:06:28,"Tynan Ramm-Granberg"
1277553,"A3812","TP1.b1.Ne","Mimulus spp. - Primula parryi - Dodecatheon redolens Wet Meadow Alliance","California reg'l review of USNVC, 2021-2022",2023-05-01 08:40:58,"P. McIntyre, D. Faber-Langendoen"
688558,"A3812","TP1.b1.Ne","Mimulus spp. - Primula parryi - Dodecatheon redolens Wet Meadow Alliance","Washington NCCN Wetlands",2021-12-26 11:06:30,"Tynan Ramm-Granberg"
685952,"A3812","TP1.b1.Ne","Mimulus spp. - Primula parryi - Dodecatheon redolens Wet Meadow Alliance","Washington NCCN Wetlands",2021-12-26 11:06:30,"Tynan Ramm-Granberg"
799477,"A3812","TP1.b1.Ne","Mimulus spp. - Primula parryi - Dodecatheon redolens Wet Meadow Alliance","Washington NCCN Wetlands",2021-12-26 11:06:30,"Tynan Ramm-Granberg"
689550,"A3812","TP1.b1.Ne","Mimulus spp. - Primula parryi - Dodecatheon redolens Wet Meadow Alliance","Washington NCCN Wetlands",2021-12-26 11:06:30,"Tynan Ramm-Granberg"
688967,"A3813","TP1.b1.Ne","Carex densa Wet Meadow Alliance","Washington NCCN Wetlands",2021-12-26 12:00:00,"Tynan Ramm-Granberg"
685195,"A3813","TP1.b1.Ne","Carex densa Wet Meadow Alliance","Washington NCCN Wetlands",2021-12-26 11:06:32,"Tynan Ramm-Granberg"
684388,"A3814","TP1.b1.Ne","Danthonia spp. - Camassia spp. Wet Meadow Alliance","Washington NCCN Wetlands",2021-12-26 11:06:34,"Tynan Ramm-Granberg"
683543,"A3814","TP1.b1.Ne","Danthonia spp. - Camassia spp. Wet Meadow Alliance","Washington NCCN Wetlands",2021-12-26 11:06:34,"Tynan Ramm-Granberg"
686576,"A3814","TP1.b1.Ne","Danthonia spp. - Camassia spp. Wet Meadow Alliance","Washington NCCN Wetlands",2021-12-26 11:06:34,"Tynan Ramm-Granberg"
689176,"A3815","TP1.b1.Ne","Calamagrostis canadensis - Calamagrostis stricta - Poa palustris Wet Meadow Alliance","Washington NCCN Wetlands",2021-12-26 11:06:36,"Tynan Ramm-Granberg"
687485,"A3815","TP1.b1.Ne","Calamagrostis canadensis - Calamagrostis stricta - Poa palustris Wet Meadow Alliance","Washington NCCN Wetlands",2021-12-26 11:06:36,"Tynan Ramm-Granberg"
687484,"A3815","TP1.b1.Ne","Calamagrostis canadensis - Calamagrostis stricta - Poa palustris Wet Meadow Alliance","Washington NCCN Wetlands",2021-12-26 11:06:36,"Tynan Ramm-Granberg"
689922,"A3821","TP1.b1.Ne","Camassia quamash - Isoetes nuttallii - Carex unilateralis Lowland Wet Prairie Alliance","Washington NCCN Wetlands",2021-12-26 12:00:00,"Tynan Ramm-Granberg"
690041,"A3821","TP1.b1.Ne","Camassia quamash - Isoetes nuttallii - Carex unilateralis Lowland Wet Prairie Alliance","Washington NCCN Wetlands",2021-12-26 11:06:01,"Tynan Ramm-Granberg"
684922,"A3821","TP1.b1.Ne","Camassia quamash - Isoetes nuttallii - Carex unilateralis Lowland Wet Prairie Alliance","Washington NCCN Wetlands",2021-12-26 11:06:01,"Tynan Ramm-Granberg"
686893,"A3821","TP1.b1.Ne","Camassia quamash - Isoetes nuttallii - Carex unilateralis Lowland Wet Prairie Alliance","Washington NCCN Wetlands",2021-12-26 11:06:01,"Tynan Ramm-Granberg"
683355,"A3822","TP1.b1.Ne","Carex obnupta Wet Meadow Alliance","Washington NCCN Wetlands",2021-12-26 11:06:02,"Tynan Ramm-Granberg"
683261,"A3822","TP1.b1.Ne","Carex obnupta Wet Meadow Alliance","Washington NCCN Wetlands",2021-12-26 11:06:02,"Tynan Ramm-Granberg"
685428,"A3822","TP1.b1.Ne","Carex obnupta Wet Meadow Alliance","Washington NCCN Wetlands",2021-12-26 11:06:02,"Tynan Ramm-Granberg"
684812,"A3822","TP1.b1.Ne","Carex obnupta Wet Meadow Alliance","Washington NCCN Wetlands",2021-12-26 11:06:02,"Tynan Ramm-Granberg"
683110,"A3822","TP1.b1.Ne","Carex obnupta Wet Meadow Alliance","Washington NCCN Wetlands",2021-12-26 11:06:02,"Tynan Ramm-Granberg"
686335,"A3822","TP1.b1.Ne","Carex obnupta Wet Meadow Alliance","Washington NCCN Wetlands",2021-12-26 11:06:02,"Tynan Ramm-Granberg"
687206,"A3822","TP1.b1.Ne","Carex obnupta Wet Meadow Alliance","Washington NCCN Wetlands",2021-12-26 12:00:00,"Tynan Ramm-Granberg"
683261,"A2291","TP1.b1.Ne","Carex obnupta Wet Meadow Alliance","",2024-06-21 04:44:40,"D.Faber-Langendoen"
686335,"A2291","TP1.b1.Ne","Carex obnupta Wet Meadow Alliance","",2024-06-21 04:44:42,"D.Faber-Langendoen"
687206,"A2291","TP1.b1.Ne","Carex obnupta Wet Meadow Alliance","Move to A4243 because this is an interdunal type (TRG 3/18/24, NVC184_GrpMap_v0.9).",2024-06-21 12:00:00,"D. Faber-Langendoen"
683391,"A3833","TP1.b1.Ne","Alnus viridis ssp. sinuata - Alnus viridis ssp. fruticosa - Acer circinatum Shrub Swamp Alliance","Washington NCCN Wetlands",2021-12-26 11:06:08,"Tynan Ramm-Granberg"
688786,"A3833","TP1.b1.Ne","Alnus viridis ssp. sinuata - Alnus viridis ssp. fruticosa - Acer circinatum Shrub Swamp Alliance","Washington NCCN Wetlands",2021-12-26 11:06:08,"Tynan Ramm-Granberg"
684559,"A3833","TP1.b1.Ne","Alnus viridis ssp. sinuata - Alnus viridis ssp. fruticosa - Acer circinatum Shrub Swamp Alliance","Washington NCCN Wetlands",2021-12-26 11:06:08,"Tynan Ramm-Granberg"
1277543,"A3834","TP1.b1.Ne","Cornus sericea Pacific Slope Shrub Swamp Alliance","California reg'l review of USNVC, 2021-2022",2023-05-01 08:41:08,"P. McIntyre, D. Faber-Langendoen"
839362,"A3834","TP1.b1.Ne","Cornus sericea Pacific Slope Shrub Swamp Alliance","Washington NCCN Wetlands",2021-12-26 11:13:36,"Tynan Ramm-Granberg"
684471,"A3834","TP1.b1.Ne","Cornus sericea Pacific Slope Shrub Swamp Alliance","Washington NCCN Wetlands",2021-12-26 11:13:35,"Tynan Ramm-Granberg"
688484,"A3835","TP1.b1.Ne","Salix hookeriana - Salix sitchensis - Spiraea douglasii Wet Shrubland Alliance","Washington NCCN Wetlands",2021-12-26 11:13:42,"Tynan Ramm-Granberg"
688197,"A3835","TP1.b1.Ne","Salix hookeriana - Salix sitchensis - Spiraea douglasii Wet Shrubland Alliance","Washington NCCN Wetlands",2021-12-26 11:13:40,"Tynan Ramm-Granberg"
684330,"A3835","TP1.b1.Ne","Salix hookeriana - Salix sitchensis - Spiraea douglasii Wet Shrubland Alliance","Washington NCCN Wetlands",2021-12-26 11:13:47,"Tynan Ramm-Granberg"
683654,"A3835","TP1.b1.Ne","Salix hookeriana - Salix sitchensis - Spiraea douglasii Wet Shrubland Alliance","Washington NCCN Wetlands",2021-12-26 11:13:37,"Tynan Ramm-Granberg"
687983,"A3835","TP1.b1.Ne","Salix hookeriana - Salix sitchensis - Spiraea douglasii Wet Shrubland Alliance","Washington NCCN Wetlands",2021-12-26 11:13:43,"Tynan Ramm-Granberg"
683632,"A3835","TP1.b1.Ne","Salix hookeriana - Salix sitchensis - Spiraea douglasii Wet Shrubland Alliance","Washington NCCN Wetlands",2021-12-26 11:13:45,"Tynan Ramm-Granberg"
684997,"A3835","TP1.b1.Ne","Salix hookeriana - Salix sitchensis - Spiraea douglasii Wet Shrubland Alliance","Washington NCCN Wetlands",2021-12-26 12:00:00,"Tynan Ramm-Granberg"
741420,"A3835","TP1.b1.Ne","Salix hookeriana - Salix sitchensis - Spiraea douglasii Wet Shrubland Alliance","Washington NCCN Wetlands",2021-12-26 11:13:39,"Tynan Ramm-Granberg"
685290,"A3835","TP1.b1.Ne","Salix hookeriana - Salix sitchensis - Spiraea douglasii Wet Shrubland Alliance","Washington NCCN Wetlands",2021-12-26 11:13:44,"Tynan Ramm-Granberg"
688613,"A3835","TP1.b1.Ne","Salix hookeriana - Salix sitchensis - Spiraea douglasii Wet Shrubland Alliance","Washington NCCN Wetlands",2021-12-26 11:13:46,"Tynan Ramm-Granberg"
688621,"A0836","TT4.a1.Na","Baccharis pilularis Scrub Alliance","Marin & San Mateo Counties CNPS USNVC review",2023-04-05 05:37:53,"Evens, J., Boul, R., McIntyre, P."
689977,"A0899","TT4.b1.Nf","Crataegus crus-galli - Crataegus viridis - Ilex decidua Prairie Shrubland Alliance","Southeast, Texarkana USNVC reg'l review, June 2023",2023-06-24 08:59:20,"Southeast + TX ecologists, D. Faber-Langendoen"
684765,"A0918","TP1.b1.Nc","Elaeagnus commutata Wet Shrubland Alliance","CNVC AB-SK-MB rangelands & MT regional USNVC reviews",2023-03-27 04:49:21,"Cooper, S. et al; Tremblay, Pyle, Downing, DFL"
684436,"A0929","","Alnus viridis ssp. crispa Shrub Bald Alliance","",2020-12-09 12:39:28,"D. Faber-Langendoen"
688305,"A0942","TP1.b1.Nc","Alnus maritima ssp. oklahomensis Wet Shrubland Alliance","CNVC AB-SK-MB rangelands & MT regional USNVC reviews",2023-03-27 04:49:17,"Cooper, S. et al; Tremblay, Pyle, Downing, DFL"
686476,"A0992","","Vaccinium formosum - Vaccinium fuscatum - Vaccinium corymbosum Wet Shrubland Alliance","Appalachians, Piedmont review, part 2",2020-12-09 12:42:13,"D. Faber-Langendoen"
684312,"A0992","","Vaccinium formosum - Vaccinium fuscatum - Vaccinium corymbosum Wet Shrubland Alliance","Appalachians, Piedmont review, part 2",2020-12-09 12:42:12,"D. Faber-Langendoen"
684537,"A1003","TP1.b1.Ne","Salix commutata Wet Shrubland Alliance","MT-ID-WY USNVC reg'l review follow-up, May 2023",2023-08-02 03:59:51,"MT, ID, WY ecologists, D. Faber-Langendoen"
728482,"A1003","TP1.b1.Ne","Salix commutata Wet Shrubland Alliance","MT-ID-WY USNVC reg'l review follow-up, May 2023",2023-08-02 03:59:51,"MT, ID, WY ecologists, D. Faber-Langendoen"
685525,"A1018","TP1.c1.Na","Vaccinium corymbosum Peat Shrubland Alliance","Northeast review 2020",2020-08-10 08:47:34,"D. Faber-Langendoen"
683072,"A1018","TP1.c1.Na","Vaccinium corymbosum Peat Shrubland Alliance","Northeast review 2020",2020-08-10 08:47:34,"D. Faber-Langendoen"
685036,"A1018","TP1.c1.Na","Vaccinium corymbosum Peat Shrubland Alliance","New York NVC peer review",2021-04-29 04:21:39,"D. Faber-Langendoen & NYHP"
686220,"A1018","TP1.c1.Na","Vaccinium corymbosum Peat Shrubland Alliance","Vermont",2020-04-29 12:00:00,"D. Faber-Langendoen"
686507,"A1049","TT4.b1.Nb","Juniperus virginiana - Rhus aromatica Alkaline Bedrock Shrubland Alliance","Central Midwest regional review",2022-07-24 04:57:53,"Program ecologist & D. Faber-Langendoen"
686293,"A1049","TT4.b1.Nb","Juniperus virginiana - Rhus aromatica Alkaline Bedrock Shrubland Alliance","Central Midwest regional review",2022-07-24 04:57:51,"Program ecologist & D. Faber-Langendoen"
689806,"A3771","TP1.b1.Ne","Alnus incana - Alnus viridis Wet Shrubland Alliance","MT-ID-WY USNVC reg'l review follow-up, May 2023",2023-08-02 03:59:48,"MT, ID, WY ecologists, D. Faber-Langendoen"
684366,"A3771","TP1.b1.Ne","Alnus incana - Alnus viridis Wet Shrubland Alliance","Washington NCCN Wetlands",2021-12-26 11:15:18,"Tynan Ramm-Granberg"
687560,"A3771","TP1.b1.Ne","Alnus incana - Alnus viridis Wet Shrubland Alliance","Washington NCCN Wetlands",2021-12-26 11:15:08,"Tynan Ramm-Granberg"
684678,"A3771","TP1.b1.Ne","Alnus incana - Alnus viridis Wet Shrubland Alliance","Washington NCCN Wetlands",2021-12-26 11:15:10,"Tynan Ramm-Granberg"
683849,"A3771","TP1.b1.Ne","Alnus incana - Alnus viridis Wet Shrubland Alliance","MT-ID-WY USNVC reg'l review follow-up, May 2023",2023-08-02 03:59:48,"MT, ID, WY ecologists, D. Faber-Langendoen"
685229,"A3771","TP1.b1.Ne","Alnus incana - Alnus viridis Wet Shrubland Alliance","Washington NCCN Wetlands",2021-12-26 11:15:07,"Tynan Ramm-Granberg"
684659,"A3771","TP1.b1.Ne","Alnus incana - Alnus viridis Wet Shrubland Alliance","MT-ID-WY USNVC reg'l review follow-up, May 2023",2023-08-02 03:59:48,"MT, ID, WY ecologists, D. Faber-Langendoen"
685055,"A3771","TP1.b1.Ne","Alnus incana - Alnus viridis Wet Shrubland Alliance","MT-ID-WY USNVC reg'l review follow-up, May 2023",2023-08-02 03:59:48,"MT, ID, WY ecologists, D. Faber-Langendoen"
685777,"A3771","TP1.b1.Ne","Alnus incana - Alnus viridis Wet Shrubland Alliance","MT-ID-WY USNVC reg'l review follow-up, May 2023",2023-08-02 03:59:48,"MT, ID, WY ecologists, D. Faber-Langendoen"
684007,"A3771","TP1.b1.Ne","Alnus incana - Alnus viridis Wet Shrubland Alliance","Washington NCCN Wetlands",2021-12-26 11:15:16,"Tynan Ramm-Granberg"
687472,"A3771","TP1.b1.Ne","Alnus incana - Alnus viridis Wet Shrubland Alliance","Washington NCCN Wetlands",2021-12-26 11:15:15,"Tynan Ramm-Granberg"
689329,"A3771","TP1.b1.Ne","Alnus incana - Alnus viridis Wet Shrubland Alliance","Washington NCCN Wetlands",2021-12-26 11:15:13,"Tynan Ramm-Granberg"
683171,"A3771","TP1.b1.Ne","Alnus incana - Alnus viridis Wet Shrubland Alliance","Washington NCCN Wetlands",2021-12-26 11:15:06,"Tynan Ramm-Granberg"
689663,"A3771","TP1.b1.Ne","Alnus incana - Alnus viridis Wet Shrubland Alliance","Washington NCCN Wetlands",2021-12-26 11:15:14,"Tynan Ramm-Granberg"
686776,"A3771","TP1.b1.Ne","Alnus incana - Alnus viridis Wet Shrubland Alliance","MT-ID-WY USNVC reg'l review follow-up, May 2023",2023-08-02 03:59:48,"MT, ID, WY ecologists, D. Faber-Langendoen"
685239,"A3771","TP1.b1.Ne","Alnus incana - Alnus viridis Wet Shrubland Alliance","Washington NCCN Wetlands",2021-12-26 11:15:11,"Tynan Ramm-Granberg"
683215,"A3771","TP1.b1.Ne","Alnus incana - Alnus viridis Wet Shrubland Alliance","Washington NCCN Wetlands",2021-12-26 11:15:17,"Tynan Ramm-Granberg"
687847,"A3771","TP1.b1.Ne","Alnus incana - Alnus viridis Wet Shrubland Alliance","Washington NCCN Wetlands",2021-12-26 11:15:09,"Tynan Ramm-Granberg"
687161,"A3771","TP1.b1.Ne","Alnus incana - Alnus viridis Wet Shrubland Alliance","Washington NCCN Wetlands",2021-12-26 11:15:06,"Tynan Ramm-Granberg"
688229,"A3771","TP1.b1.Ne","Alnus incana - Alnus viridis Wet Shrubland Alliance","Washington NCCN Wetlands",2021-12-26 11:15:19,"Tynan Ramm-Granberg"
683439,"A3771","TP1.b1.Ne","Alnus incana - Alnus viridis Wet Shrubland Alliance","Washington NCCN Wetlands",2021-12-26 11:15:12,"Tynan Ramm-Granberg"
685716,"A3771","TP1.b1.Ne","Alnus incana - Alnus viridis Wet Shrubland Alliance","MT-ID-WY USNVC reg'l review follow-up, May 2023",2023-08-02 03:59:48,"MT, ID, WY ecologists, D. Faber-Langendoen"
689462,"A3793","TT4.a1.Nb","Quercus john-tuckeri - Quercus cornelius-mulleri - Fremontodendron californicum Chaparral Alliance","California updates",2022-06-22 05:25:44,"J. Evens, R. Boul, D. Faber-Langendoen"
738786,"A3802","TP1.a2.Nc","Populus deltoides ssp. wislizeni - Populus deltoides ssp. monilifera Riparian Forest Alliance","",2025-03-05 02:23:02,"D.Faber-Langendoen"
741468,"A3802","TP1.a2.Nc","Populus deltoides ssp. wislizeni - Populus deltoides ssp. monilifera Riparian Forest Alliance","",2025-03-05 02:23:01,"D.Faber-Langendoen"
688116,"A3805","TP1.b1.Ne","Carex nebrascensis - Carex vesicaria - Carex pellita Wet Meadow Alliance","Washington NCCN Wetlands",2021-12-26 11:06:22,"Tynan Ramm-Granberg"
689105,"A3805","TP1.b1.Ne","Carex nebrascensis - Carex vesicaria - Carex pellita Wet Meadow Alliance","Washington NCCN Wetlands",2021-12-26 11:06:22,"Tynan Ramm-Granberg"
684872,"A3806","TP1.b1.Ne","Carex praegracilis - Carex scopulorum - Eleocharis quinqueflora Wet Meadow Alliance","Washington NCCN Wetlands",2021-12-26 11:14:21,"Tynan Ramm-Granberg"
684107,"A3806","TP1.b1.Ne","Carex praegracilis - Carex scopulorum - Eleocharis quinqueflora Wet Meadow Alliance","Washington NCCN Wetlands",2021-12-28 06:51:08,"Tynan Ramm-Granberg"
683185,"A3806","TP1.b1.Ne","Carex praegracilis - Carex scopulorum - Eleocharis quinqueflora Wet Meadow Alliance","Washington NCCN Wetlands",2021-12-26 11:14:22,"Tynan Ramm-Granberg"
683940,"A3806","TP1.b1.Ne","Carex praegracilis - Carex scopulorum - Eleocharis quinqueflora Wet Meadow Alliance","Washington NCCN Wetlands",2021-12-26 11:14:20,"Tynan Ramm-Granberg"
683614,"A3806","TP1.b1.Ne","Carex praegracilis - Carex scopulorum - Eleocharis quinqueflora Wet Meadow Alliance","Washington NCCN Wetlands",2021-12-26 11:14:24,"Tynan Ramm-Granberg"
687111,"A3806","TP1.b1.Ne","Carex praegracilis - Carex scopulorum - Eleocharis quinqueflora Wet Meadow Alliance","Washington NCCN Wetlands",2021-12-26 11:14:24,"Tynan Ramm-Granberg"
686323,"A3806","TP1.b1.Ne","Carex praegracilis - Carex scopulorum - Eleocharis quinqueflora Wet Meadow Alliance","Washington NCCN Wetlands",2021-12-26 11:14:23,"Tynan Ramm-Granberg"
689616,"A3705","TP1.a2.Na","Fraxinus pennsylvanica - Acer rubrum - Juniperus virginiana var. silicicola Tidal Floodplain Forest Alliance","M. Schafale: ""I thought you were going to do something different with tidal swamps, including this and 4484. But if you’re not going to separate them from inland rivers, 4483 would still be better placed close to 4484 in the cypress-gum swamps, despite the name."" DFL: ""I checked older versions and we’ve had these tidal swamps in this group for a while; I wish we had touched on this with the larger regional group, but for now we’ll have to leave tidal alliances in the groups they are in now. But we can move 4483 to A3595 so it's together with 4484, where it will be in with the cypress-tupelo tidal alliance.""",2023-11-08 12:00:00,"D. Faber-Langendoen"
866803,"A3707","TP1.a2.Na","Fraxinus pennsylvanica - Platanus occidentalis - Ulmus americana Coastal Plain Floodplain Forest Alliance","Appalachians",2020-05-05 11:50:25,"D. Faber-Langendoen"
688740,"A3707","TP1.a2.Na","Fraxinus pennsylvanica - Platanus occidentalis - Ulmus americana Coastal Plain Floodplain Forest Alliance","Appalachians, Piedmont review, part 2",2020-12-09 12:41:27,"D. Faber-Langendoen"
686282,"A3707","TP1.a2.Na","Fraxinus pennsylvanica - Platanus occidentalis - Ulmus americana Coastal Plain Floodplain Forest Alliance","Appalachians",2020-05-05 11:50:24,"D. Faber-Langendoen"
689129,"A3707","TP1.a2.Na","Fraxinus pennsylvanica - Platanus occidentalis - Ulmus americana Coastal Plain Floodplain Forest Alliance","Appalachians, Piedmont review, part 2",2020-12-09 12:41:28,"D. Faber-Langendoen"
686841,"A3707","TP1.a2.Na","Fraxinus pennsylvanica - Platanus occidentalis - Ulmus americana Coastal Plain Floodplain Forest Alliance","Appalachians",2020-05-05 11:50:23,"D. Faber-Langendoen"
685117,"A3708","TP1.a2.Nb","Acer rubrum - Fraxinus pennsylvanica Floodplain Forest Alliance","NVC127_WI state types and NVC",2020-03-23 05:28:11,"D. Faber-Langendoen"
742067,"A3708","TP1.a2.Nb","Acer rubrum - Fraxinus pennsylvanica Floodplain Forest Alliance","Northeast review 2020",2020-08-10 08:47:23,"D. Faber-Langendoen"
790975,"A3708","TP1.a2.Nb","Acer rubrum - Fraxinus pennsylvanica Floodplain Forest Alliance","Northeast review 2020",2020-08-10 08:47:23,"D. Faber-Langendoen"
686510,"A3709","TP1.a2.Na","Ulmus americana - Ulmus crassifolia - Celtis laevigata West Gulf Coastal Plain Floodplain Forest Alliance","Texas USNVC reg'l review follow-up, May 2023",2023-08-14 06:26:08,"J. Singhurst, TX ecologists, D. Faber-Langendoen"
687464,"A3709","TP1.a2.Na","Ulmus americana - Ulmus crassifolia - Celtis laevigata West Gulf Coastal Plain Floodplain Forest Alliance","Texas USNVC reg'l review follow-up, May 2023",2023-08-14 06:26:06,"J. Singhurst, TX ecologists, D. Faber-Langendoen"
687961,"A3719","TP2.a1.Nb","Ammophila breviligulata - Juniperus spp. Great Lakes Dune Grassland Alliance","Northeast review, part 2",2020-12-16 06:42:32,"D. Faber-Langendoen"
690084,"A3720","","Thuja occidentalis - Acer rubrum - Larix laricina Swamp Forest Alliance","Northeast review 2020",2020-08-10 08:47:00,"D. Faber-Langendoen"
683296,"A3720","","Thuja occidentalis - Acer rubrum - Larix laricina Swamp Forest Alliance","Northeast review 2020",2020-08-10 08:47:00,"D. Faber-Langendoen"
689486,"A3720","","Thuja occidentalis - Acer rubrum - Larix laricina Swamp Forest Alliance","Northeast review 2020",2020-08-10 08:47:00,"D. Faber-Langendoen"
688456,"A3720","","Thuja occidentalis - Acer rubrum - Larix laricina Swamp Forest Alliance","Northeast review 2020",2020-08-10 12:00:00,"D. Faber-Langendoen"
683188,"A3720","","Thuja occidentalis - Acer rubrum - Larix laricina Swamp Forest Alliance","Northeast review 2020",2020-08-10 08:47:00,"D. Faber-Langendoen"
686037,"A3720","","Thuja occidentalis - Acer rubrum - Larix laricina Swamp Forest Alliance","Northeast review 2020",2020-08-10 08:47:00,"D. Faber-Langendoen"
686709,"A3720","","Thuja occidentalis - Acer rubrum - Larix laricina Swamp Forest Alliance","Northeast review 2020",2020-08-10 08:47:00,"D. Faber-Langendoen"
689044,"A3720","","Thuja occidentalis - Acer rubrum - Larix laricina Swamp Forest Alliance","NVC127_WI state types and NVC",2020-03-23 05:28:16,"D. Faber-Langendoen"
688278,"A3720","","Thuja occidentalis - Acer rubrum - Larix laricina Swamp Forest Alliance","Northeast review 2020",2020-08-10 08:47:00,"D. Faber-Langendoen"
690084,"A3721","","Tsuga canadensis - Pinus strobus Swamp Forest Alliance","NVC127_WI state types and NVC",2020-03-23 05:28:20,"D. Faber-Langendoen"
686788,"A3721","","Tsuga canadensis - Pinus strobus Swamp Forest Alliance","NVC127_WI state types and NVC",2020-03-23 05:28:19,"D. Faber-Langendoen"
685217,"A3756","","Tsuga heterophylla - Picea sitchensis / Lysichiton americanus Swamp Forest Alliance","",2018-05-15 12:00:00,"D. Faber-Langendoen"
689055,"A3756","","Tsuga heterophylla - Picea sitchensis / Lysichiton americanus Swamp Forest Alliance","",2018-05-15 12:00:00,"D. Faber-Langendoen"
684925,"A3756","","Tsuga heterophylla - Picea sitchensis / Lysichiton americanus Swamp Forest Alliance","",2018-05-15 12:00:00,"D. Faber-Langendoen"
687279,"A3756","","Tsuga heterophylla - Picea sitchensis / Lysichiton americanus Swamp Forest Alliance","",2018-05-15 12:00:00,"D. Faber-Langendoen"
683612,"A3756","","Tsuga heterophylla - Picea sitchensis / Lysichiton americanus Swamp Forest Alliance","",2018-05-15 12:00:00,"D. Faber-Langendoen"
683415,"A3756","","Tsuga heterophylla - Picea sitchensis / Lysichiton americanus Swamp Forest Alliance","",2018-05-15 12:00:00,"D. Faber-Langendoen"
684376,"A3756","","Tsuga heterophylla - Picea sitchensis / Lysichiton americanus Swamp Forest Alliance","",2018-05-15 12:00:00,"D. Faber-Langendoen"
689769,"A3756","","Tsuga heterophylla - Picea sitchensis / Lysichiton americanus Swamp Forest Alliance","",2018-05-15 12:00:00,"D. Faber-Langendoen"
687690,"A3756","","Tsuga heterophylla - Picea sitchensis / Lysichiton americanus Swamp Forest Alliance","",2018-05-15 12:00:00,"D. Faber-Langendoen"
688345,"A3756","","Tsuga heterophylla - Picea sitchensis / Lysichiton americanus Swamp Forest Alliance","",2018-05-15 12:00:00,"D. Faber-Langendoen"
688680,"A3756","","Tsuga heterophylla - Picea sitchensis / Lysichiton americanus Swamp Forest Alliance","",2018-05-15 12:00:00,"D. Faber-Langendoen"
684062,"A3756","","Tsuga heterophylla - Picea sitchensis / Lysichiton americanus Swamp Forest Alliance","",2018-05-15 12:00:00,"D. Faber-Langendoen"
683128,"A3756","","Tsuga heterophylla - Picea sitchensis / Lysichiton americanus Swamp Forest Alliance","",2018-05-15 12:00:00,"D. Faber-Langendoen"
689054,"A3756","","Tsuga heterophylla - Picea sitchensis / Lysichiton americanus Swamp Forest Alliance","",2018-05-15 12:00:00,"D. Faber-Langendoen"
683705,"A3756","","Tsuga heterophylla - Picea sitchensis / Lysichiton americanus Swamp Forest Alliance","",2018-05-15 12:00:00,"D. Faber-Langendoen"
690027,"A3756","","Tsuga heterophylla - Picea sitchensis / Lysichiton americanus Swamp Forest Alliance","",2018-05-15 12:00:00,"D. Faber-Langendoen"
683665,"A3756","","Tsuga heterophylla - Picea sitchensis / Lysichiton americanus Swamp Forest Alliance","",2018-05-15 12:00:00,"D. Faber-Langendoen"
688776,"A3756","","Tsuga heterophylla - Picea sitchensis / Lysichiton americanus Swamp Forest Alliance","",2018-05-15 12:00:00,"D. Faber-Langendoen"
688775,"A3756","","Tsuga heterophylla - Picea sitchensis / Lysichiton americanus Swamp Forest Alliance","",2018-05-15 12:00:00,"D. Faber-Langendoen"
686922,"A3756","","Tsuga heterophylla - Picea sitchensis / Lysichiton americanus Swamp Forest Alliance","",2018-05-15 12:00:00,"D. Faber-Langendoen"
685219,"A3756","","Tsuga heterophylla - Picea sitchensis / Lysichiton americanus Swamp Forest Alliance","",2018-05-15 12:00:00,"D. Faber-Langendoen"
687148,"A3756","","Tsuga heterophylla - Picea sitchensis / Lysichiton americanus Swamp Forest Alliance","",2018-05-15 12:00:00,"D. Faber-Langendoen"
979484,"A3756","","Tsuga heterophylla - Picea sitchensis / Lysichiton americanus Swamp Forest Alliance","",2018-05-15 12:00:00,"D. Faber-Langendoen"
787992,"A3756","","Tsuga heterophylla - Picea sitchensis / Lysichiton americanus Swamp Forest Alliance","",2018-05-15 12:00:00,"D. Faber-Langendoen"
684669,"A3756","","Tsuga heterophylla - Picea sitchensis / Lysichiton americanus Swamp Forest Alliance","",2018-05-15 12:00:00,"D. Faber-Langendoen"
687191,"A3756","","Tsuga heterophylla - Picea sitchensis / Lysichiton americanus Swamp Forest Alliance","",2018-05-15 12:00:00,"D. Faber-Langendoen"
857833,"A3760","TP1.a2.Nd","Populus tremuloides Riparian Forest Alliance","Southwest regional peer review (NM, AZ, CO, UT, NV)",2023-02-17 02:56:21,"E. Muldavin et al."
683642,"A3760","TP1.a2.Nd","Populus tremuloides Riparian Forest Alliance","Washington NCCN Wetlands",2021-12-26 11:12:34,"Tynan Ramm-Granberg"
688327,"A3760","TP1.a2.Nd","Populus tremuloides Riparian Forest Alliance","Washington NCCN Wetlands",2021-12-26 11:12:32,"Tynan Ramm-Granberg"
690091,"A3760","TP1.a2.Nd","Populus tremuloides Riparian Forest Alliance","Southwest regional peer review (NM, AZ, CO, UT, NV)",2023-02-17 02:56:23,"E. Muldavin et al."
685058,"A3760","TP1.a2.Nd","Populus tremuloides Riparian Forest Alliance","Washington NCCN Wetlands",2021-12-26 11:12:30,"Tynan Ramm-Granberg"
685678,"A3760","TP1.a2.Nd","Populus tremuloides Riparian Forest Alliance","Washington NCCN Wetlands",2021-12-26 11:12:36,"Tynan Ramm-Granberg"
857836,"A3760","TP1.a2.Nd","Populus tremuloides Riparian Forest Alliance","Southwest regional peer review (NM, AZ, CO, UT, NV)",2023-02-17 02:56:22,"E. Muldavin et al."
688620,"A3763","TP1.c1.Na","Tsuga heterophylla - Thuja plicata / Ledum glandulosum Treed Bog Alliance","Washington NCCN Wetlands",2021-12-26 11:13:07,"Tynan Ramm-Granberg"
687402,"A3763","TP1.c1.Na","Tsuga heterophylla - Thuja plicata / Ledum glandulosum Treed Bog Alliance","Washington NCCN Wetlands",2021-12-26 11:13:03,"Tynan Ramm-Granberg"
688913,"A3763","TP1.c1.Na","Tsuga heterophylla - Thuja plicata / Ledum glandulosum Treed Bog Alliance","Washington NCCN Wetlands",2021-12-26 11:13:08,"Tynan Ramm-Granberg"
686961,"A3768","TP1.a2.Nf","Populus tremuloides - Alnus rubra Swamp Forest Alliance","Washington NCCN Wetlands",2021-12-28 12:00:00,"Tynan Ramm-Granberg"
687679,"A3768","TP1.a2.Nf","Populus tremuloides - Alnus rubra Swamp Forest Alliance","Washington NCCN Wetlands",2021-12-28 12:00:00,"Tynan Ramm-Granberg"
685443,"A3768","TP1.a2.Nf","Populus tremuloides - Alnus rubra Swamp Forest Alliance","Washington NCCN Wetlands",2021-12-28 12:00:00,"Tynan Ramm-Granberg"
684028,"A3769","TP1.b1.Ne","Salix boothii - Salix geyeriana - Salix lutea Montane Wet Shrubland Alliance","Washington updates",2022-08-08 11:11:13,"T. Ramm-Granberg & D. Faber-Langendoen"
683152,"A3769","TP1.b1.Ne","Salix boothii - Salix geyeriana - Salix lutea Montane Wet Shrubland Alliance","Washington NCCN Wetlands",2021-12-26 11:14:59,"Tynan Ramm-Granberg"
735330,"A3769","TP1.b1.Ne","Salix boothii - Salix geyeriana - Salix lutea Montane Wet Shrubland Alliance","Washington updates",2022-08-08 11:11:21,"T. Ramm-Granberg & D. Faber-Langendoen"
683586,"A3769","TP1.b1.Ne","Salix boothii - Salix geyeriana - Salix lutea Montane Wet Shrubland Alliance","Washington updates",2022-08-08 11:11:20,"T. Ramm-Granberg & D. Faber-Langendoen"
689674,"A3769","TP1.b1.Ne","Salix boothii - Salix geyeriana - Salix lutea Montane Wet Shrubland Alliance","Washington updates",2022-08-08 11:11:26,"T. Ramm-Granberg & D. Faber-Langendoen"
689706,"A3769","TP1.b1.Ne","Salix boothii - Salix geyeriana - Salix lutea Montane Wet Shrubland Alliance","Washington updates",2022-08-08 11:11:24,"T. Ramm-Granberg & D. Faber-Langendoen"
686945,"A3769","TP1.b1.Ne","Salix boothii - Salix geyeriana - Salix lutea Montane Wet Shrubland Alliance","Washington NCCN Wetlands",2021-12-26 11:15:00,"Tynan Ramm-Granberg"
687084,"A3769","TP1.b1.Ne","Salix boothii - Salix geyeriana - Salix lutea Montane Wet Shrubland Alliance","Washington updates",2022-08-08 11:11:11,"T. Ramm-Granberg & D. Faber-Langendoen"
686566,"A3769","TP1.b1.Ne","Salix boothii - Salix geyeriana - Salix lutea Montane Wet Shrubland Alliance","Washington NCCN Wetlands",2021-12-26 11:15:01,"Tynan Ramm-Granberg"
685548,"A3769","TP1.b1.Ne","Salix boothii - Salix geyeriana - Salix lutea Montane Wet Shrubland Alliance","Washington NCCN Wetlands",2021-12-26 11:14:59,"Tynan Ramm-Granberg"
689382,"A3769","TP1.b1.Ne","Salix boothii - Salix geyeriana - Salix lutea Montane Wet Shrubland Alliance","Washington updates",2022-08-08 11:11:17,"T. Ramm-Granberg & D. Faber-Langendoen"
683551,"A3769","TP1.b1.Ne","Salix boothii - Salix geyeriana - Salix lutea Montane Wet Shrubland Alliance","Washington NCCN Wetlands",2021-12-26 11:14:58,"Tynan Ramm-Granberg"
683551,"A3769","TP1.b1.Ne","Salix boothii - Salix geyeriana - Salix lutea Montane Wet Shrubland Alliance","",2024-06-21 04:44:54,"D.Faber-Langendoen"
689647,"A3769","TP1.b1.Ne","Salix boothii - Salix geyeriana - Salix lutea Montane Wet Shrubland Alliance","Washington updates",2022-08-08 11:11:18,"T. Ramm-Granberg & D. Faber-Langendoen"
686907,"A3769","TP1.b1.Ne","Salix boothii - Salix geyeriana - Salix lutea Montane Wet Shrubland Alliance","Washington NCCN Wetlands",2021-12-26 11:15:02,"Tynan Ramm-Granberg"
683429,"A3769","TP1.b1.Ne","Salix boothii - Salix geyeriana - Salix lutea Montane Wet Shrubland Alliance","Washington updates",2022-08-08 11:11:15,"T. Ramm-Granberg & D. Faber-Langendoen"
687862,"A3769","TP1.b1.Ne","Salix boothii - Salix geyeriana - Salix lutea Montane Wet Shrubland Alliance","Washington NCCN Wetlands",2021-12-26 11:14:57,"Tynan Ramm-Granberg"
686400,"A3769","TP1.b1.Ne","Salix boothii - Salix geyeriana - Salix lutea Montane Wet Shrubland Alliance","Washington NCCN Wetlands",2021-12-26 11:14:56,"Tynan Ramm-Granberg"
686400,"A3769","TP1.b1.Ne","Salix boothii - Salix geyeriana - Salix lutea Montane Wet Shrubland Alliance","",2024-06-21 04:44:53,"D.Faber-Langendoen"
688758,"A3770","TP1.b1.Ne","Salix wolfii - Salix brachycarpa - Betula glandulosa Wet Shrubland Alliance","Washington NCCN Wetlands",2021-12-26 11:15:04,"Tynan Ramm-Granberg"
687905,"A3770","TP1.b1.Ne","Salix wolfii - Salix brachycarpa - Betula glandulosa Wet Shrubland Alliance","Washington NCCN Wetlands",2021-12-26 11:15:05,"Tynan Ramm-Granberg"
686447,"A3770","TP1.b1.Ne","Salix wolfii - Salix brachycarpa - Betula glandulosa Wet Shrubland Alliance","Washington NCCN Wetlands",2021-12-26 11:15:03,"Tynan Ramm-Granberg"
686006,"A3667","","Equisetum fluviatile - Eleocharis palustris Marsh Alliance","Northeast review, part 2e",2021-01-16 12:00:00,"D. Faber-Langendoen"
902958,"A3669","TP1.b1.Nc","Peltandra virginica - Pontederia cordata - Sagittaria spp. Marsh Alliance","Northeast review 2020",2020-08-10 08:47:37,"D. Faber-Langendoen"
758658,"A3669","TP1.b1.Nc","Peltandra virginica - Pontederia cordata - Sagittaria spp. Marsh Alliance","Appalachians, Piedmont review, part 2",2020-12-09 12:00:00,"D. Faber-Langendoen"
686869,"A3670","TP1.b1.Nc","Cephalanthus occidentalis - Decodon verticillatus Shrub Swamp Alliance","",2019-02-05 12:00:00,"D. Faber-Langendoen"
730957,"A3670","TP1.b1.Nc","Cephalanthus occidentalis - Decodon verticillatus Shrub Swamp Alliance","Appalachians, Piedmont review, part 2",2020-12-09 12:42:09,"D. Faber-Langendoen"
861500,"A3670","TP1.b1.Nc","Cephalanthus occidentalis - Decodon verticillatus Shrub Swamp Alliance","Northeast review 2020",2020-08-10 08:47:38,"D. Faber-Langendoen"
683628,"A3688","MS2.a1.Na","Muhlenbergia filipes - Spartina patens Dune Grassland Alliance","Southeast, Texarkana USNVC reg'l review, June 2023",2023-06-24 09:02:43,"Southeast + TX ecologists, D. Faber-Langendoen"
689797,"A3692","TP1.b1.Na","Spartina patens - Schoenoplectus pungens Coastal Marsh Alliance","Southeast, Texarkana USNVC reg'l review, June 2023",2023-06-24 08:59:37,"Southeast + TX ecologists, D. Faber-Langendoen"
685395,"A3692","TP1.b1.Na","Spartina patens - Schoenoplectus pungens Coastal Marsh Alliance","Southeast, Texarkana USNVC reg'l review, June 2023",2023-06-24 08:59:37,"Southeast + TX ecologists, D. Faber-Langendoen"
688732,"A3692","TP1.b1.Na","Spartina patens - Schoenoplectus pungens Coastal Marsh Alliance","Southeast, Texarkana USNVC reg'l review, June 2023",2023-06-24 08:59:37,"Southeast + TX ecologists, D. Faber-Langendoen"
688274,"A3692","TP1.b1.Na","Spartina patens - Schoenoplectus pungens Coastal Marsh Alliance","Southeast, Texarkana USNVC reg'l review, June 2023",2023-06-24 08:59:37,"Southeast + TX ecologists, D. Faber-Langendoen"
687668,"A3699","TP1.a2.Nb","Betula nigra - Platanus occidentalis Appalachian-Piedmont Floodplain Forest Alliance","USNVC VA clean-up",2023-12-22 12:00:00,"K. Pattersons, D. Faber-Langendoen"
685143,"A3699","TP1.a2.Nb","Betula nigra - Platanus occidentalis Appalachian-Piedmont Floodplain Forest Alliance","USNVC VA clean-up",2023-12-22 03:05:02,"K. Pattersons, D. Faber-Langendoen"
683812,"A3700","TP1.a2.Nb","Fraxinus pennsylvanica - Platanus occidentalis - Acer saccharinum Ozark-Ouachita Floodplain Forest Alliance","NVC163 Central Midwest regional review",2022-04-14 02:43:43,"D. Faber-Langendoen, M. Leahy, et al"
688242,"A3701","TP1.a2.Nb","Platanus occidentalis - Fraxinus pennsylvanica - Liriodendron tulipifera Central Appalachian-Piedmont Floodplain Forest Alliance","Southeast, Texarkana USNVC reg'l review, June 2023",2023-06-24 09:01:47,"Southeast + TX ecologists, D. Faber-Langendoen"
689017,"A3701","TP1.a2.Nb","Platanus occidentalis - Fraxinus pennsylvanica - Liriodendron tulipifera Central Appalachian-Piedmont Floodplain Forest Alliance","Southeast, Texarkana USNVC reg'l review, June 2023",2023-06-24 09:01:49,"Southeast + TX ecologists, D. Faber-Langendoen"
684217,"A3701","TP1.a2.Nb","Platanus occidentalis - Fraxinus pennsylvanica - Liriodendron tulipifera Central Appalachian-Piedmont Floodplain Forest Alliance","Appalachians",2020-05-05 11:50:06,"D. Faber-Langendoen"
835732,"A3701","TP1.a2.Nb","Platanus occidentalis - Fraxinus pennsylvanica - Liriodendron tulipifera Central Appalachian-Piedmont Floodplain Forest Alliance","USNVC VA clean-up",2023-12-22 03:05:03,"K. Pattersons, D. Faber-Langendoen"
835732,"A3701","TP1.a2.Nb","Platanus occidentalis - Fraxinus pennsylvanica - Liriodendron tulipifera Central Appalachian-Piedmont Floodplain Forest Alliance","Appalachians",2020-05-05 11:50:05,"D. Faber-Langendoen"
795520,"A3701","TP1.a2.Nb","Platanus occidentalis - Fraxinus pennsylvanica - Liriodendron tulipifera Central Appalachian-Piedmont Floodplain Forest Alliance","USNVC VA clean-up",2023-12-22 03:05:05,"K. Pattersons, D. Faber-Langendoen"
688749,"A3701","TP1.a2.Nb","Platanus occidentalis - Fraxinus pennsylvanica - Liriodendron tulipifera Central Appalachian-Piedmont Floodplain Forest Alliance","Southeast, Texarkana USNVC reg'l review, June 2023",2023-06-24 09:01:46,"Southeast + TX ecologists, D. Faber-Langendoen"
802106,"A3701","TP1.a2.Nb","Platanus occidentalis - Fraxinus pennsylvanica - Liriodendron tulipifera Central Appalachian-Piedmont Floodplain Forest Alliance","USNVC VA clean-up",2023-12-22 03:05:06,"K. Pattersons, D. Faber-Langendoen"
688544,"A4217","TP1.b1.Ne","Salix spp. - Artemisia cana Ruderal Understory Wet Shrubland Alliance","Major QC of US-CAN-MX IVC",2024-03-20 08:30:01,"D. Faber-Langendoen"
689363,"A4217","TP1.b1.Ne","Salix spp. - Artemisia cana Ruderal Understory Wet Shrubland Alliance","Major QC of US-CAN-MX IVC",2024-03-20 08:29:59,"D. Faber-Langendoen"
948188,"A4217","TP1.b1.Ne","Salix spp. - Artemisia cana Ruderal Understory Wet Shrubland Alliance","Major QC of US-CAN-MX IVC",2024-03-20 08:30:02,"D. Faber-Langendoen"
685302,"A3397","TP1.b1.Na","Rhynchospora spp. - Calamagrostis canadensis - Rhexia virginica Coastal Plain Pondshore Marsh Alliance","Northeast review 2020",2020-08-10 08:47:45,"D. Faber-Langendoen"
683540,"A3397","TP1.b1.Na","Rhynchospora spp. - Calamagrostis canadensis - Rhexia virginica Coastal Plain Pondshore Marsh Alliance","Northeast review 2020",2020-08-10 08:47:45,"D. Faber-Langendoen"
688003,"A3397","TP1.b1.Na","Rhynchospora spp. - Calamagrostis canadensis - Rhexia virginica Coastal Plain Pondshore Marsh Alliance","Northeast review 2020",2020-08-10 08:47:45,"D. Faber-Langendoen"
683419,"A3397","TP1.b1.Na","Rhynchospora spp. - Calamagrostis canadensis - Rhexia virginica Coastal Plain Pondshore Marsh Alliance","Northeast review, part 2",2020-12-16 06:43:30,"D. Faber-Langendoen"
685006,"A3397","TP1.b1.Na","Rhynchospora spp. - Calamagrostis canadensis - Rhexia virginica Coastal Plain Pondshore Marsh Alliance","Northeast review, part 2",2020-12-16 06:43:36,"D. Faber-Langendoen"
684722,"A3397","TP1.b1.Na","Rhynchospora spp. - Calamagrostis canadensis - Rhexia virginica Coastal Plain Pondshore Marsh Alliance","Northeast review, part 2",2020-12-16 06:43:34,"D. Faber-Langendoen"
721909,"A3397","TP1.b1.Na","Rhynchospora spp. - Calamagrostis canadensis - Rhexia virginica Coastal Plain Pondshore Marsh Alliance","Northeast review, part 2",2020-12-16 06:43:32,"D. Faber-Langendoen"
683978,"A3397","TP1.b1.Na","Rhynchospora spp. - Calamagrostis canadensis - Rhexia virginica Coastal Plain Pondshore Marsh Alliance","Southeast, Texarkana USNVC reg'l review, June 2023",2023-06-24 09:03:10,"Southeast + TX ecologists, D. Faber-Langendoen"
959226,"A3398","TT2.b3.Nb","Pinus ponderosa Southern Rocky Mountain Forest & Woodland Alliance","Southwest regional peer review (NM, AZ, CO, UT, NV)",2023-02-17 02:51:42,"E. Muldavin et al."
839133,"A3398","TT2.b3.Nb","Pinus ponderosa Southern Rocky Mountain Forest & Woodland Alliance","Southwest regional peer review (NM, AZ, CO, UT, NV)",2023-02-17 02:51:42,"E. Muldavin et al."
835329,"A3398","TT2.b3.Nb","Pinus ponderosa Southern Rocky Mountain Forest & Woodland Alliance","Southwest regional peer review (NM, AZ, CO, UT, NV)",2023-02-17 02:51:42,"E. Muldavin et al."
683610,"A3398","TT2.b3.Nb","Pinus ponderosa Southern Rocky Mountain Forest & Woodland Alliance","Southwest regional peer review (NM, AZ, CO, UT, NV)",2023-02-17 02:51:42,"E. Muldavin et al."
689172,"A3398","TT2.b3.Nb","Pinus ponderosa Southern Rocky Mountain Forest & Woodland Alliance","Southwest regional peer review (NM, AZ, CO, UT, NV)",2023-02-17 02:51:42,"E. Muldavin et al."
683460,"A3398","TT2.b3.Nb","Pinus ponderosa Southern Rocky Mountain Forest & Woodland Alliance","Southwest regional peer review (NM, AZ, CO, UT, NV)",2023-02-17 02:51:42,"E. Muldavin et al."
857881,"A3398","TT2.b3.Nb","Pinus ponderosa Southern Rocky Mountain Forest & Woodland Alliance","Southwest regional peer review (NM, AZ, CO, UT, NV)",2023-02-17 02:51:42,"E. Muldavin et al."
687528,"A3398","TT2.b3.Nb","Pinus ponderosa Southern Rocky Mountain Forest & Woodland Alliance","Southwest regional peer review (NM, AZ, CO, UT, NV)",2023-02-17 02:51:42,"E. Muldavin et al."
835326,"A3398","TT2.b3.Nb","Pinus ponderosa Southern Rocky Mountain Forest & Woodland Alliance","Southwest regional peer review (NM, AZ, CO, UT, NV)",2023-02-17 02:51:42,"E. Muldavin et al."
688988,"A3398","TT2.b3.Nb","Pinus ponderosa Southern Rocky Mountain Forest & Woodland Alliance","Southwest regional peer review (NM, AZ, CO, UT, NV)",2023-02-17 02:51:42,"E. Muldavin et al."
685127,"A3398","TT2.b3.Nb","Pinus ponderosa Southern Rocky Mountain Forest & Woodland Alliance","Southwest regional peer review (NM, AZ, CO, UT, NV)",2023-02-17 02:51:42,"E. Muldavin et al."
685965,"A3398","TT2.b3.Nb","Pinus ponderosa Southern Rocky Mountain Forest & Woodland Alliance","Southwest regional peer review (NM, AZ, CO, UT, NV)",2023-02-17 02:51:42,"E. Muldavin et al."
769233,"A3398","TT2.b3.Nb","Pinus ponderosa Southern Rocky Mountain Forest & Woodland Alliance","Southwest regional peer review (NM, AZ, CO, UT, NV)",2023-02-17 02:51:42,"E. Muldavin et al."
690033,"A3398","TT2.b3.Nb","Pinus ponderosa Southern Rocky Mountain Forest & Woodland Alliance","California updates",2022-06-22 05:24:05,"J. Evens, R. Boul, D. Faber-Langendoen"
686847,"A3398","TT2.b3.Nb","Pinus ponderosa Southern Rocky Mountain Forest & Woodland Alliance","Southwest regional peer review (NM, AZ, CO, UT, NV)",2023-02-17 02:51:42,"E. Muldavin et al."
683793,"A3398","TT2.b3.Nb","Pinus ponderosa Southern Rocky Mountain Forest & Woodland Alliance","Southwest regional peer review (NM, AZ, CO, UT, NV)",2023-02-17 02:51:42,"E. Muldavin et al."
686202,"A3398","TT2.b3.Nb","Pinus ponderosa Southern Rocky Mountain Forest & Woodland Alliance","California updates",2022-06-22 05:24:07,"J. Evens, R. Boul, D. Faber-Langendoen"
686981,"A3398","TT2.b3.Nb","Pinus ponderosa Southern Rocky Mountain Forest & Woodland Alliance","Southwest regional peer review (NM, AZ, CO, UT, NV)",2023-02-17 02:51:42,"E. Muldavin et al."
857878,"A3398","TT2.b3.Nb","Pinus ponderosa Southern Rocky Mountain Forest & Woodland Alliance","Southwest regional peer review (NM, AZ, CO, UT, NV)",2023-02-17 02:51:42,"E. Muldavin et al."
820840,"A3398","TT2.b3.Nb","Pinus ponderosa Southern Rocky Mountain Forest & Woodland Alliance","Southwest regional peer review (NM, AZ, CO, UT, NV)",2023-02-17 02:51:42,"E. Muldavin et al."
820837,"A3398","TT2.b3.Nb","Pinus ponderosa Southern Rocky Mountain Forest & Woodland Alliance","Southwest regional peer review (NM, AZ, CO, UT, NV)",2023-02-17 02:51:42,"E. Muldavin et al."
820834,"A3398","TT2.b3.Nb","Pinus ponderosa Southern Rocky Mountain Forest & Woodland Alliance","Southwest regional peer review (NM, AZ, CO, UT, NV)",2023-02-17 02:51:42,"E. Muldavin et al."
686686,"A3398","TT2.b3.Nb","Pinus ponderosa Southern Rocky Mountain Forest & Woodland Alliance","Southwest regional peer review (NM, AZ, CO, UT, NV)",2023-02-17 02:51:42,"E. Muldavin et al."
684187,"A3398","TT2.b3.Nb","Pinus ponderosa Southern Rocky Mountain Forest & Woodland Alliance","Southwest regional peer review (NM, AZ, CO, UT, NV)",2023-02-17 02:51:42,"E. Muldavin et al."
689727,"A3398","TT2.b3.Nb","Pinus ponderosa Southern Rocky Mountain Forest & Woodland Alliance","Southwest regional peer review (NM, AZ, CO, UT, NV)",2023-02-17 02:51:42,"E. Muldavin et al."
688092,"A3398","TT2.b3.Nb","Pinus ponderosa Southern Rocky Mountain Forest & Woodland Alliance","Southwest regional peer review (NM, AZ, CO, UT, NV)",2023-02-17 02:51:42,"E. Muldavin et al."
815414,"A3398","TT2.b3.Nb","Pinus ponderosa Southern Rocky Mountain Forest & Woodland Alliance","Southwest regional peer review (NM, AZ, CO, UT, NV)",2023-02-17 02:51:42,"E. Muldavin et al."
784066,"A3398","TT2.b3.Nb","Pinus ponderosa Southern Rocky Mountain Forest & Woodland Alliance","Southwest regional peer review (NM, AZ, CO, UT, NV)",2023-02-17 02:51:42,"E. Muldavin et al."
687274,"A3398","TT2.b3.Nb","Pinus ponderosa Southern Rocky Mountain Forest & Woodland Alliance","Southwest regional peer review (NM, AZ, CO, UT, NV)",2023-02-17 02:51:42,"E. Muldavin et al."
687015,"A3398","TT2.b3.Nb","Pinus ponderosa Southern Rocky Mountain Forest & Woodland Alliance","Southwest regional peer review (NM, AZ, CO, UT, NV)",2023-02-17 02:51:42,"E. Muldavin et al."
686633,"A3398","TT2.b3.Nb","Pinus ponderosa Southern Rocky Mountain Forest & Woodland Alliance","Southwest regional peer review (NM, AZ, CO, UT, NV)",2023-02-17 02:51:42,"E. Muldavin et al."
685518,"A3398","TT2.b3.Nb","Pinus ponderosa Southern Rocky Mountain Forest & Woodland Alliance","Southwest regional peer review (NM, AZ, CO, UT, NV)",2023-02-17 02:51:42,"E. Muldavin et al."
685078,"A3398","TT2.b3.Nb","Pinus ponderosa Southern Rocky Mountain Forest & Woodland Alliance","California updates",2022-06-22 05:24:08,"J. Evens, R. Boul, D. Faber-Langendoen"
959215,"A3398","TT2.b3.Nb","Pinus ponderosa Southern Rocky Mountain Forest & Woodland Alliance","Southwest regional peer review (NM, AZ, CO, UT, NV)",2023-02-17 02:51:42,"E. Muldavin et al."
689280,"A3398","TT2.b3.Nb","Pinus ponderosa Southern Rocky Mountain Forest & Woodland Alliance","Southwest regional peer review (NM, AZ, CO, UT, NV)",2023-02-17 02:51:42,"E. Muldavin et al."
687468,"A3421","TP1.a2.Na","Populus deltoides - Salix nigra - Salix caroliniana Coastal Plain Floodplain Forest Alliance","Appalachians, Piedmont review, part 2",2020-12-09 12:41:25,"D. Faber-Langendoen"
689567,"A3421","TP1.a2.Na","Populus deltoides - Salix nigra - Salix caroliniana Coastal Plain Floodplain Forest Alliance","KY + TN Southeast USNVC reg'l review follow-up, May 2023",2023-08-25 12:27:36,"C. Elam, KY ecologists, D. Faber-Langendoen"
688426,"A3421","TP1.a2.Na","Populus deltoides - Salix nigra - Salix caroliniana Coastal Plain Floodplain Forest Alliance","Appalachians, Piedmont review, part 2",2020-12-09 12:41:24,"D. Faber-Langendoen"
689141,"A3423","TP1.a2.Nb","Populus deltoides Floodplain Forest Alliance","CNVC AB-SK-MB rangelands & MT regional USNVC reviews",2023-03-27 04:49:43,"Cooper, S. et al; Tremblay, Pyle, Downing, DFL"
686084,"A3423","TP1.a2.Nb","Populus deltoides Floodplain Forest Alliance","CNVC AB-SK-MB rangelands & MT regional USNVC reviews",2023-03-27 04:49:39,"Cooper, S. et al; Tremblay, Pyle, Downing, DFL"
689191,"A3423","TP1.a2.Nb","Populus deltoides Floodplain Forest Alliance","CNVC AB-SK-MB rangelands & MT regional USNVC reviews",2023-03-27 04:49:44,"Cooper, S. et al; Tremblay, Pyle, Downing, DFL"
685753,"A3423","TP1.a2.Nb","Populus deltoides Floodplain Forest Alliance","CNVC AB-SK-MB rangelands & MT regional USNVC reviews",2023-03-27 04:49:40,"Cooper, S. et al; Tremblay, Pyle, Downing, DFL"
683930,"A3423","TP1.a2.Nb","Populus deltoides Floodplain Forest Alliance","CNVC AB-SK-MB rangelands & MT regional USNVC reviews",2023-03-27 04:49:41,"Cooper, S. et al; Tremblay, Pyle, Downing, DFL"
783931,"A3428","","Nyssa biflora Interior Pond Forest Alliance","",2020-12-09 12:39:12,"D. Faber-Langendoen"
688758,"A3434","TP1.c2.Nb","Betula nana Alkaline Shrub Fen Alliance","",2024-06-21 04:45:00,"D.Faber-Langendoen"
688816,"A3434","TP1.c2.Nb","Betula nana Alkaline Shrub Fen Alliance","",2024-06-21 04:44:58,"D.Faber-Langendoen"
687905,"A3434","TP1.c2.Nb","Betula nana Alkaline Shrub Fen Alliance","",2024-06-21 04:45:04,"D.Faber-Langendoen"
686775,"A3434","TP1.c2.Nb","Betula nana Alkaline Shrub Fen Alliance","",2024-06-21 04:45:05,"D.Faber-Langendoen"
683328,"A3434","TP1.c2.Nb","Betula nana Alkaline Shrub Fen Alliance","",2024-06-21 04:45:01,"D.Faber-Langendoen"
686447,"A3434","TP1.c2.Nb","Betula nana Alkaline Shrub Fen Alliance","",2024-06-21 04:44:57,"D.Faber-Langendoen"
741266,"A3434","TP1.c2.Nb","Betula nana Alkaline Shrub Fen Alliance","",2024-06-21 04:44:56,"D.Faber-Langendoen"
688281,"A3434","TP1.c2.Nb","Betula nana Alkaline Shrub Fen Alliance","",2024-06-21 04:45:02,"D.Faber-Langendoen"
947909,"A4213","TT5.a1.Na","Artemisia spp. - Mixed Shrub Ruderal Understory Shrubland Alliance","MT-ID-WY USNVC reg'l review follow-up, May 2023",2023-08-02 04:00:23,"MT, ID, WY ecologists, D. Faber-Langendoen"
947953,"A4213","TT5.a1.Na","Artemisia spp. - Mixed Shrub Ruderal Understory Shrubland Alliance","MT-ID-WY USNVC reg'l review follow-up, May 2023",2023-08-02 04:00:23,"MT, ID, WY ecologists, D. Faber-Langendoen"
947935,"A4213","TT5.a1.Na","Artemisia spp. - Mixed Shrub Ruderal Understory Shrubland Alliance","MT-ID-WY USNVC reg'l review follow-up, May 2023",2023-08-02 04:00:23,"MT, ID, WY ecologists, D. Faber-Langendoen"
947918,"A4213","TT5.a1.Na","Artemisia spp. - Mixed Shrub Ruderal Understory Shrubland Alliance","MT-ID-WY USNVC reg'l review follow-up, May 2023",2023-08-02 04:00:23,"MT, ID, WY ecologists, D. Faber-Langendoen"
769105,"A4213","TT5.a1.Na","Artemisia spp. - Mixed Shrub Ruderal Understory Shrubland Alliance","MT-ID-WY USNVC reg'l review follow-up, May 2023",2023-08-02 04:00:23,"MT, ID, WY ecologists, D. Faber-Langendoen"
758071,"A4213","TT5.a1.Na","Artemisia spp. - Mixed Shrub Ruderal Understory Shrubland Alliance","MT-ID-WY USNVC reg'l review follow-up, May 2023",2023-08-02 04:00:23,"MT, ID, WY ecologists, D. Faber-Langendoen"
947968,"A4213","TT5.a1.Na","Artemisia spp. - Mixed Shrub Ruderal Understory Shrubland Alliance","MT-ID-WY USNVC reg'l review follow-up, May 2023",2023-08-02 04:00:23,"MT, ID, WY ecologists, D. Faber-Langendoen"
688557,"A4213","TT5.a1.Na","Artemisia spp. - Mixed Shrub Ruderal Understory Shrubland Alliance","MT-ID-WY USNVC reg'l review follow-up, May 2023",2023-08-02 04:00:23,"MT, ID, WY ecologists, D. Faber-Langendoen"
685957,"A4213","TT5.a1.Na","Artemisia spp. - Mixed Shrub Ruderal Understory Shrubland Alliance","MT-ID-WY USNVC reg'l review follow-up, May 2023",2023-08-02 04:00:23,"MT, ID, WY ecologists, D. Faber-Langendoen"
757438,"A4213","TT5.a1.Na","Artemisia spp. - Mixed Shrub Ruderal Understory Shrubland Alliance","MT-ID-WY USNVC reg'l review follow-up, May 2023",2023-08-02 04:00:23,"MT, ID, WY ecologists, D. Faber-Langendoen"
687726,"A4213","TT5.a1.Na","Artemisia spp. - Mixed Shrub Ruderal Understory Shrubland Alliance","MT-ID-WY USNVC reg'l review follow-up, May 2023",2023-08-02 04:00:23,"MT, ID, WY ecologists, D. Faber-Langendoen"
947962,"A4213","TT5.a1.Na","Artemisia spp. - Mixed Shrub Ruderal Understory Shrubland Alliance","MT-ID-WY USNVC reg'l review follow-up, May 2023",2023-08-02 04:00:23,"MT, ID, WY ecologists, D. Faber-Langendoen"
947923,"A4213","TT5.a1.Na","Artemisia spp. - Mixed Shrub Ruderal Understory Shrubland Alliance","MT-ID-WY USNVC reg'l review follow-up, May 2023",2023-08-02 04:00:23,"MT, ID, WY ecologists, D. Faber-Langendoen"
684390,"A4213","TT5.a1.Na","Artemisia spp. - Mixed Shrub Ruderal Understory Shrubland Alliance","MT-ID-WY USNVC reg'l review follow-up, May 2023",2023-08-02 04:00:23,"MT, ID, WY ecologists, D. Faber-Langendoen"
685940,"A3643","TT2.b3.Nd","Abies lasiocarpa - Picea engelmannii Rocky Mountain Dry-mesic Forest Alliance","Washington updates",2022-08-08 11:09:36,"T. Ramm-Granberg & D. Faber-Langendoen"
979420,"A3643","TT2.b3.Nd","Abies lasiocarpa - Picea engelmannii Rocky Mountain Dry-mesic Forest Alliance","WA NCCN Uplands & Wetlands",2022-02-07 08:52:28,"T. Ramm-Granberg"
683723,"A3643","TT2.b3.Nd","Abies lasiocarpa - Picea engelmannii Rocky Mountain Dry-mesic Forest Alliance","MT-ID-WY regional review of USNVC, March 2023",2023-04-12 05:31:38,"Cooper,S., others, D. Faber-Langendoen"
791580,"A3648","","Carex trichocarpa Graminoid Rivershore Alliance","New York NVC peer review",2021-04-29 04:21:36,"D. Faber-Langendoen & NYHP"
685176,"A3654","TP1.b1.Nc","Spartina pectinata Wet Prairie Alliance","NVC127_WI state types and NVC",2020-03-23 05:28:43,"D. Faber-Langendoen"
685728,"A3654","TP1.b1.Nc","Spartina pectinata Wet Prairie Alliance","",2026-01-29 02:52:19,"D.Faber-Langendoen"
798288,"A3656","","Cornus sericea - Salix spp. Shrub Swamp Alliance","",2019-02-05 12:00:00,"D. Faber-Langendoen"
688796,"A3656","","Cornus sericea - Salix spp. Shrub Swamp Alliance","",2019-02-05 12:00:00,"D. Faber-Langendoen"
686190,"A3656","","Cornus sericea - Salix spp. Shrub Swamp Alliance","",2019-02-05 12:00:00,"D. Faber-Langendoen"
687087,"A3659","","Eastern North American Sparsely Vegetated Rivershore Alliance","Northeast review, part 2",2020-12-16 06:43:00,"D. Faber-Langendoen"
689628,"A3659","","Eastern North American Sparsely Vegetated Rivershore Alliance","Northeast review, part 2",2020-12-16 06:43:04,"D. Faber-Langendoen"
688837,"A3659","","Eastern North American Sparsely Vegetated Rivershore Alliance","",2017-12-07 12:00:00,"D. Faber-Langendoen"
686372,"A3659","","Eastern North American Sparsely Vegetated Rivershore Alliance","Northeast review, part 2",2020-12-16 06:43:03,"D. Faber-Langendoen"
686635,"A3659","","Eastern North American Sparsely Vegetated Rivershore Alliance","Northeast review, part 2",2020-12-16 06:43:01,"D. Faber-Langendoen"
688068,"A3661","","Impatiens capensis - Impatiens pallida - Eupatorium spp. Wet Meadow Alliance","Northeast review 2020",2020-08-10 12:00:00,"D. Faber-Langendoen"
688254,"A0041","TP1.a2.Nc","Ebenopsis ebano - Sabal mexicana / Cardiospermum corindum Riparian Scrub Alliance","Texas USNVC reg'l review follow-up, May 2023",2023-08-14 06:25:33,"J. Singhurst, TX ecologists, D. Faber-Langendoen"
686314,"A0041","TP1.a2.Nc","Ebenopsis ebano - Sabal mexicana / Cardiospermum corindum Riparian Scrub Alliance","Texas USNVC reg'l review follow-up, May 2023",2023-08-14 06:25:33,"J. Singhurst, TX ecologists, D. Faber-Langendoen"
684903,"A0165","TT2.b3.Nb","Picea pungens Southern Rocky Mountain Mesic Forest Alliance","Southwest regional peer review (NM, AZ, CO, UT, NV)",2023-02-17 02:51:37,"E. Muldavin et al."
687098,"A0165","TT2.b3.Nb","Picea pungens Southern Rocky Mountain Mesic Forest Alliance","Southwest regional peer review (NM, AZ, CO, UT, NV)",2023-02-17 02:51:37,"E. Muldavin et al."
685674,"A0165","TT2.b3.Nb","Picea pungens Southern Rocky Mountain Mesic Forest Alliance","Southwest regional peer review (NM, AZ, CO, UT, NV)",2023-02-17 02:51:37,"E. Muldavin et al."
690077,"A0165","TT2.b3.Nb","Picea pungens Southern Rocky Mountain Mesic Forest Alliance","Southwest regional peer review (NM, AZ, CO, UT, NV)",2023-02-17 02:51:37,"E. Muldavin et al."
689037,"A0165","TT2.b3.Nb","Picea pungens Southern Rocky Mountain Mesic Forest Alliance","Southwest regional peer review (NM, AZ, CO, UT, NV)",2023-02-17 02:51:37,"E. Muldavin et al."
684604,"A0165","TT2.b3.Nb","Picea pungens Southern Rocky Mountain Mesic Forest Alliance","Southwest regional peer review (NM, AZ, CO, UT, NV)",2023-02-17 02:51:37,"E. Muldavin et al."
686921,"A0165","TT2.b3.Nb","Picea pungens Southern Rocky Mountain Mesic Forest Alliance","Southwest regional peer review (NM, AZ, CO, UT, NV)",2023-02-17 02:51:37,"E. Muldavin et al."
688464,"A0329","","Quercus palustris - Quercus bicolor Flatwoods & Swamp Forest Alliance","Northeast review 2020",2020-08-10 08:47:27,"D. Faber-Langendoen"
687248,"A0329","","Quercus palustris - Quercus bicolor Flatwoods & Swamp Forest Alliance","Northeast review 2020",2020-08-10 08:47:26,"D. Faber-Langendoen"
683458,"A0329","","Quercus palustris - Quercus bicolor Flatwoods & Swamp Forest Alliance","Northeast review 2020",2020-08-10 08:47:27,"D. Faber-Langendoen"
687748,"A0329","","Quercus palustris - Quercus bicolor Flatwoods & Swamp Forest Alliance","Northeast review 2020",2020-08-10 08:47:26,"D. Faber-Langendoen"
683595,"A0329","","Quercus palustris - Quercus bicolor Flatwoods & Swamp Forest Alliance","Northeast review 2020",2020-08-10 08:47:26,"D. Faber-Langendoen"
686638,"A0329","","Quercus palustris - Quercus bicolor Flatwoods & Swamp Forest Alliance","Northeast review 2020",2020-08-10 08:47:26,"D. Faber-Langendoen"
685847,"A0329","","Quercus palustris - Quercus bicolor Flatwoods & Swamp Forest Alliance","Northeast review 2020",2020-08-10 08:47:26,"D. Faber-Langendoen"
683518,"A0329","","Quercus palustris - Quercus bicolor Flatwoods & Swamp Forest Alliance","Northeast review 2020",2020-08-10 08:47:26,"D. Faber-Langendoen"
685467,"A0329","","Quercus palustris - Quercus bicolor Flatwoods & Swamp Forest Alliance","Northeast review 2020",2020-08-10 08:47:26,"D. Faber-Langendoen"
802017,"A0329","","Quercus palustris - Quercus bicolor Flatwoods & Swamp Forest Alliance","Northeast review 2020",2020-08-10 08:47:27,"D. Faber-Langendoen"
689285,"A0329","","Quercus palustris - Quercus bicolor Flatwoods & Swamp Forest Alliance","Northeast review 2020",2020-08-10 08:47:26,"D. Faber-Langendoen"
688879,"A0556","TT4.d1.Nb","Picea engelmannii Rock Alliance","MT-ID-WY USNVC reg'l review follow-up, May 2023",2023-08-02 04:00:30,"MT, ID, WY ecologists, D. Faber-Langendoen"
685159,"A0581","TP1.a2.Na","Pinus serotina Swamp Woodland Alliance","Southeast, Texarkana USNVC reg'l review, June 2023",2023-06-24 09:01:39,"Southeast + TX ecologists, D. Faber-Langendoen"
684312,"A0581","TP1.a2.Na","Pinus serotina Swamp Woodland Alliance","NC NVC peer review",2021-04-29 04:56:09,"D. Faber-Langendoen & M. Schafale"
687406,"A0581","TP1.a2.Na","Pinus serotina Swamp Woodland Alliance","NC NVC peer review",2021-04-29 04:56:09,"D. Faber-Langendoen & M. Schafale"
685096,"A0636","TP1.a2.Nb","Populus deltoides Floodplain Woodland Alliance","CNVC AB-SK-MB rangelands & MT regional USNVC reviews",2023-03-27 04:49:47,"Cooper, S. et al; Tremblay, Pyle, Downing, DFL"
685122,"A0636","TP1.a2.Nb","Populus deltoides Floodplain Woodland Alliance","CNVC AB-SK-MB rangelands & MT regional USNVC reviews",2023-03-27 12:00:00,"Cooper, S. et al; Tremblay, Pyle, Downing, DFL"
686124,"A0636","TP1.a2.Nb","Populus deltoides Floodplain Woodland Alliance","CNVC AB-SK-MB rangelands & MT regional USNVC reviews",2023-03-27 04:49:53,"Cooper, S. et al; Tremblay, Pyle, Downing, DFL"
685322,"A0636","TP1.a2.Nb","Populus deltoides Floodplain Woodland Alliance","CNVC AB-SK-MB rangelands & MT regional USNVC reviews",2023-03-27 04:50:00,"Cooper, S. et al; Tremblay, Pyle, Downing, DFL"
687845,"A0636","TP1.a2.Nb","Populus deltoides Floodplain Woodland Alliance","CNVC AB-SK-MB rangelands & MT regional USNVC reviews",2023-03-27 04:49:51,"Cooper, S. et al; Tremblay, Pyle, Downing, DFL"
686924,"A0636","TP1.a2.Nb","Populus deltoides Floodplain Woodland Alliance","CNVC AB-SK-MB rangelands & MT regional USNVC reviews",2023-03-27 04:49:59,"Cooper, S. et al; Tremblay, Pyle, Downing, DFL"
685664,"A0636","TP1.a2.Nb","Populus deltoides Floodplain Woodland Alliance","CNVC AB-SK-MB rangelands & MT regional USNVC reviews",2023-03-27 04:49:49,"Cooper, S. et al; Tremblay, Pyle, Downing, DFL"
687121,"A0636","TP1.a2.Nb","Populus deltoides Floodplain Woodland Alliance","CNVC AB-SK-MB rangelands & MT regional USNVC reviews",2023-03-27 04:49:56,"Cooper, S. et al; Tremblay, Pyle, Downing, DFL"
788029,"A0636","TP1.a2.Nb","Populus deltoides Floodplain Woodland Alliance","CNVC AB-SK-MB rangelands & MT regional USNVC reviews",2023-03-27 04:49:48,"Cooper, S. et al; Tremblay, Pyle, Downing, DFL"
688650,"A0636","TP1.a2.Nb","Populus deltoides Floodplain Woodland Alliance","CNVC AB-SK-MB rangelands & MT regional USNVC reviews",2023-03-27 04:49:52,"Cooper, S. et al; Tremblay, Pyle, Downing, DFL"
788026,"A0636","TP1.a2.Nb","Populus deltoides Floodplain Woodland Alliance","CNVC AB-SK-MB rangelands & MT regional USNVC reviews",2023-03-27 04:49:55,"Cooper, S. et al; Tremblay, Pyle, Downing, DFL"
686571,"A0644","TP1.a2.Nc","Populus fremontii Great Basin Riparian Forest Alliance","California updates",2022-06-22 05:25:34,"J. Evens, R. Boul, D. Faber-Langendoen"
731174,"A0653","","Acer rubrum Swamp Woodland Alliance","Northeast review 2020",2020-08-10 08:47:00,"D. Faber-Langendoen"
684410,"A0653","","Acer rubrum Swamp Woodland Alliance","Northeast review 2020",2020-08-10 08:47:00,"D. Faber-Langendoen"
686450,"A0793","TT4.a1.Nb","Quercus turbinella Chaparral Alliance","Texas USNVC reg'l review follow-up, May 2023",2023-08-14 06:26:15,"J. Singhurst, TX ecologists, D. Faber-Langendoen"
685159,"A0802","TP1.b1.Na","Cyrilla racemiflora - Ilex coriacea Wet Shrubland Alliance","NC NVC peer review",2021-04-29 04:56:11,"D. Faber-Langendoen & M. Schafale"
687186,"A0802","TP1.b1.Na","Cyrilla racemiflora - Ilex coriacea Wet Shrubland Alliance","NC NVC peer review",2021-04-29 04:56:11,"D. Faber-Langendoen & M. Schafale"
687011,"A0816","TT4.b1.Nf","Artemisia filifolia Great Plains Sand Prairie Scrub Alliance","Misc Great Plains edits",2019-12-19 12:00:00,"D. Faber-Langendoen"
731157,"A3596","","Taxodium distichum Nonriverine Swamp Forest Alliance","",2020-12-09 12:39:26,"D. Faber-Langendoen"
689839,"A3596","","Taxodium distichum Nonriverine Swamp Forest Alliance","",2020-12-09 12:39:26,"D. Faber-Langendoen"
686711,"A3596","","Taxodium distichum Nonriverine Swamp Forest Alliance","",2020-12-09 12:39:26,"D. Faber-Langendoen"
687863,"A3598","TP1.c1.Na","Californian Acidic Graminoid Fen Alliance","Washington NCCN Wetlands",2021-12-26 11:05:55,"Tynan Ramm-Granberg"
942442,"A3608","TT2.b2.Na","Picea sitchensis / Rubus spectabilis Mesic Forest Alliance","Washington NCCN Wetlands",2021-12-26 11:10:29,"Tynan Ramm-Granberg"
686712,"A3628","TP1.a2.Na","Quercus laurifolia - Quercus phellos - Pinus taeda Coastal Plain Riparian Forest Alliance","Appalachians, Piedmont review, part 2",2020-12-09 12:40:51,"D. Faber-Langendoen"
688515,"A3628","TP1.a2.Na","Quercus laurifolia - Quercus phellos - Pinus taeda Coastal Plain Riparian Forest Alliance","Appalachians, Piedmont review, part 2",2020-12-09 12:40:53,"D. Faber-Langendoen"
689714,"A3628","TP1.a2.Na","Quercus laurifolia - Quercus phellos - Pinus taeda Coastal Plain Riparian Forest Alliance","Appalachians, Piedmont review, part 2",2020-12-09 12:40:50,"D. Faber-Langendoen"
686846,"A3628","TP1.a2.Na","Quercus laurifolia - Quercus phellos - Pinus taeda Coastal Plain Riparian Forest Alliance","Appalachians, Piedmont review, part 2",2020-12-09 12:40:49,"D. Faber-Langendoen"
683511,"A3632","","Quercus phellos - Quercus nigra Coastal Plain Floodplain Forest Alliance","Appalachians, Piedmont review, part 2",2020-12-09 12:41:14,"D. Faber-Langendoen"
683278,"A3632","","Quercus phellos - Quercus nigra Coastal Plain Floodplain Forest Alliance","Appalachians, Piedmont review, part 2",2020-12-09 12:41:17,"D. Faber-Langendoen"
683485,"A3632","","Quercus phellos - Quercus nigra Coastal Plain Floodplain Forest Alliance","Appalachians, Piedmont review, part 2",2020-12-09 12:41:07,"D. Faber-Langendoen"
687275,"A3632","","Quercus phellos - Quercus nigra Coastal Plain Floodplain Forest Alliance","Appalachians, Piedmont review, part 2",2020-12-09 12:41:04,"D. Faber-Langendoen"
684588,"A3632","","Quercus phellos - Quercus nigra Coastal Plain Floodplain Forest Alliance","Appalachians, Piedmont review, part 2",2020-12-09 12:41:11,"D. Faber-Langendoen"
802087,"A3632","","Quercus phellos - Quercus nigra Coastal Plain Floodplain Forest Alliance","Appalachians, Piedmont review, part 2",2020-12-09 12:41:08,"D. Faber-Langendoen"
686051,"A3632","","Quercus phellos - Quercus nigra Coastal Plain Floodplain Forest Alliance","Appalachians, Piedmont review, part 2",2020-12-09 12:41:09,"D. Faber-Langendoen"
684181,"A3632","","Quercus phellos - Quercus nigra Coastal Plain Floodplain Forest Alliance","Appalachians, Piedmont review, part 2",2020-12-09 12:41:03,"D. Faber-Langendoen"
685208,"A3632","","Quercus phellos - Quercus nigra Coastal Plain Floodplain Forest Alliance","Appalachians, Piedmont review, part 2",2020-12-09 12:41:18,"D. Faber-Langendoen"
687911,"A3632","","Quercus phellos - Quercus nigra Coastal Plain Floodplain Forest Alliance","Appalachians, Piedmont review, part 2",2020-12-09 12:41:16,"D. Faber-Langendoen"
685550,"A3632","","Quercus phellos - Quercus nigra Coastal Plain Floodplain Forest Alliance","Appalachians, Piedmont review, part 2",2020-12-09 12:41:13,"D. Faber-Langendoen"
689271,"A3632","","Quercus phellos - Quercus nigra Coastal Plain Floodplain Forest Alliance","Appalachians, Piedmont review, part 2",2020-12-09 12:41:05,"D. Faber-Langendoen"
686831,"A3632","","Quercus phellos - Quercus nigra Coastal Plain Floodplain Forest Alliance","Appalachians, Piedmont review, part 2",2020-12-09 12:41:20,"D. Faber-Langendoen"
686704,"A3581","","Stuckenia pectinata - Zannichellia palustris - Ceratophyllum demersum Freshwater Subtidal Marsh Alliance","Northeast review 2020",2020-08-10 08:47:07,"D. Faber-Langendoen"
798674,"A3581","","Stuckenia pectinata - Zannichellia palustris - Ceratophyllum demersum Freshwater Subtidal Marsh Alliance","Northeast review 2020",2020-08-10 08:47:07,"D. Faber-Langendoen"
687618,"A3581","","Stuckenia pectinata - Zannichellia palustris - Ceratophyllum demersum Freshwater Subtidal Marsh Alliance","Northeast review 2020",2020-08-10 08:47:07,"D. Faber-Langendoen"
684618,"A3581","","Stuckenia pectinata - Zannichellia palustris - Ceratophyllum demersum Freshwater Subtidal Marsh Alliance","Northeast review 2020",2020-08-10 08:47:07,"D. Faber-Langendoen"
689850,"A3587","TP1.b1.Nc","Schoenoplectus spp. - Poa palustris Marsh Alliance","CNVC AB-SK-MB rangelands & MT regional USNVC reviews",2023-03-27 04:49:25,"Cooper, S. et al; Tremblay, Pyle, Downing, DFL"
683603,"A3590","TT4.b1.Nf","Shepherdia argentea Wet Shrubland Alliance","CNVC AB-SK-MB rangelands & MT regional USNVC reviews",2023-03-27 12:00:00,"Cooper, S. et al; Tremblay, Pyle, Downing, DFL"
688025,"G486","MB1.a3.Ed","Caribbean Coastal Salt Marsh","Assigned to the one alliance in the group (NVC174_Southeast_hierarchy_1forAprilWorkshop).",2023-05-11 12:00:00,"D. Faber-Langendoen"
878628,"G840","TT4.d1.Na","Appalachian Cliff & Rock Vegetation","New Hampshire EIA work & associated NVC refinements",2022-10-17 08:13:27,"W. Nichols, D Faber-Langendoen"
900042,"G840","TT4.d1.Na","Appalachian Cliff & Rock Vegetation","New Hampshire EIA work & associated NVC refinements",2022-10-17 08:13:27,"W. Nichols, D Faber-Langendoen"
899966,"G840","TT4.d1.Na","Appalachian Cliff & Rock Vegetation","New Hampshire EIA work & associated NVC refinements",2022-10-17 08:13:27,"W. Nichols, D Faber-Langendoen"
900045,"G840","TT4.d1.Na","Appalachian Cliff & Rock Vegetation","New Hampshire EIA work & associated NVC refinements",2022-10-17 08:13:27,"W. Nichols, D Faber-Langendoen"
959812,"G840","TT4.d1.Na","Appalachian Cliff & Rock Vegetation","New Hampshire EIA work & associated NVC refinements",2022-10-17 08:13:27,"W. Nichols, D Faber-Langendoen"
878639,"G840","TT4.d1.Na","Appalachian Cliff & Rock Vegetation","New Hampshire EIA work & associated NVC refinements",2022-10-17 08:13:27,"W. Nichols, D Faber-Langendoen"
688894,"A3321","TT4.b1.Nb","Andropogon virginicus - Ambrosia artemisiifolia - Conyza canadensis Eastern Ruderal Grassland Alliance","IVC clean-up Dec 2023-Jan 2024",2024-02-23 08:34:52,"D. Faber-Langendoen, P. McIntyre, C. Nordman"
857230,"A3321","TT4.b1.Nb","Andropogon virginicus - Ambrosia artemisiifolia - Conyza canadensis Eastern Ruderal Grassland Alliance","IVC clean-up Dec 2023-Jan 2024",2024-02-23 08:34:55,"D. Faber-Langendoen, P. McIntyre, C. Nordman"
687210,"A3326","TT2.b1.Na","Quercus velutina - Quercus alba North-Central Forest Alliance","Central Midwest regional review",2022-07-24 04:57:40,"Program ecologist & D. Faber-Langendoen"
683569,"A3326","TT2.b1.Na","Quercus velutina - Quercus alba North-Central Forest Alliance","Central Midwest regional review",2022-07-24 04:57:42,"Program ecologist & D. Faber-Langendoen"
683568,"A3326","TT2.b1.Na","Quercus velutina - Quercus alba North-Central Forest Alliance","Peer review project",2021-04-29 10:26:37,""
685150,"A3326","TT2.b1.Na","Quercus velutina - Quercus alba North-Central Forest Alliance","Misc Great Plains edits",2019-12-19 12:00:00,"D. Faber-Langendoen"
687965,"A3326","TT2.b1.Na","Quercus velutina - Quercus alba North-Central Forest Alliance","Central Midwest regional review",2022-07-24 04:57:44,"Program ecologist & D. Faber-Langendoen"
688965,"A3326","TT2.b1.Na","Quercus velutina - Quercus alba North-Central Forest Alliance","Central Midwest regional review",2022-07-24 04:57:39,"Program ecologist & D. Faber-Langendoen"
683898,"A3326","TT2.b1.Na","Quercus velutina - Quercus alba North-Central Forest Alliance","NVC127_WI state types and NVC",2020-03-23 05:28:01,"D. Faber-Langendoen"
685519,"A3331","TT6.b2.Nb","Phyllodoce empetriformis - Cassiope mertensiana - Vaccinium deliciosum Alpine Dwarf-shrubland Alliance","WA NCCN Uplands & Wetlands",2022-02-07 08:53:04,"T. Ramm-Granberg"
688808,"A3336","TT6.b2.Nb","Eriogonum spp. - Luzula spp. Alpine Snowbed Alliance","WA NCCN Uplands",2022-02-23 04:09:20,"T. Ramm-Granberg"
732800,"A3341","TP1.a2.Na","Taxodium ascendens / Carex striata Swamp Forest Alliance","Southeast US reg'l review of USNVC, April 2023",2023-05-11 02:44:18,"D. Faber-Langendoen"
684982,"A3341","TP1.a2.Na","Taxodium ascendens / Carex striata Swamp Forest Alliance","Southeast US reg'l review of USNVC, April 2023",2023-05-11 02:44:18,"D. Faber-Langendoen"
732831,"A3341","TP1.a2.Na","Taxodium ascendens / Carex striata Swamp Forest Alliance","Southeast US reg'l review of USNVC, April 2023",2023-05-11 02:44:18,"D. Faber-Langendoen"
686969,"A3341","TP1.a2.Na","Taxodium ascendens / Carex striata Swamp Forest Alliance","Restoring back to A2321 as parent because A3341 was merged with another alliance into A2321",2023-08-29 12:00:00,"Southeast + TX ecologists, D. Faber-Langendoen"
732872,"A3342","TP1.a2.Na","Taxodium ascendens / Rhynchospora careyana - Panicum rigidulum Swamp Forest Alliance","Southeast US reg'l review of USNVC, April 2023",2023-05-11 02:44:20,"D. Faber-Langendoen"
686630,"A3342","TP1.a2.Na","Taxodium ascendens / Rhynchospora careyana - Panicum rigidulum Swamp Forest Alliance","Southeast US reg'l review of USNVC, April 2023",2023-05-11 02:44:20,"D. Faber-Langendoen"
687749,"A3342","TP1.a2.Na","Taxodium ascendens / Rhynchospora careyana - Panicum rigidulum Swamp Forest Alliance","Southeast US reg'l review of USNVC, April 2023",2023-05-11 02:44:20,"D. Faber-Langendoen"
688640,"A3342","TP1.a2.Na","Taxodium ascendens / Rhynchospora careyana - Panicum rigidulum Swamp Forest Alliance","Southeast US reg'l review of USNVC, April 2023",2023-05-11 02:44:20,"D. Faber-Langendoen"
1127128,"A3184","TT5.a1.Na","Artemisia tridentata ssp. wyomingensis Dry Steppe & Shrubland Alliance","California updates",2022-06-22 05:26:06,"J. Evens, R. Boul, D. Faber-Langendoen"
770570,"A3184","TT5.a1.Na","Artemisia tridentata ssp. wyomingensis Dry Steppe & Shrubland Alliance","California updates",2022-06-22 05:26:13,"J. Evens, R. Boul, D. Faber-Langendoen"
785235,"A3184","TT5.a1.Na","Artemisia tridentata ssp. wyomingensis Dry Steppe & Shrubland Alliance","California updates",2022-06-22 05:26:03,"J. Evens, R. Boul, D. Faber-Langendoen"
770580,"A3184","TT5.a1.Na","Artemisia tridentata ssp. wyomingensis Dry Steppe & Shrubland Alliance","California updates",2022-06-22 05:26:24,"J. Evens, R. Boul, D. Faber-Langendoen"
683771,"A3184","TT5.a1.Na","Artemisia tridentata ssp. wyomingensis Dry Steppe & Shrubland Alliance","California updates",2022-06-22 05:26:11,"J. Evens, R. Boul, D. Faber-Langendoen"
688556,"A3184","TT5.a1.Na","Artemisia tridentata ssp. wyomingensis Dry Steppe & Shrubland Alliance","California updates",2022-06-22 05:26:08,"J. Evens, R. Boul, D. Faber-Langendoen"
684395,"A3184","TT5.a1.Na","Artemisia tridentata ssp. wyomingensis Dry Steppe & Shrubland Alliance","California updates",2022-06-22 05:25:59,"J. Evens, R. Boul, D. Faber-Langendoen"
687925,"A3184","TT5.a1.Na","Artemisia tridentata ssp. wyomingensis Dry Steppe & Shrubland Alliance","California updates",2022-06-22 05:26:19,"J. Evens, R. Boul, D. Faber-Langendoen"
785308,"A3184","TT5.a1.Na","Artemisia tridentata ssp. wyomingensis Dry Steppe & Shrubland Alliance","California updates",2022-06-22 05:26:16,"J. Evens, R. Boul, D. Faber-Langendoen"
689361,"A3184","TT5.a1.Na","Artemisia tridentata ssp. wyomingensis Dry Steppe & Shrubland Alliance","California updates",2022-06-22 05:26:02,"J. Evens, R. Boul, D. Faber-Langendoen"
770588,"A3184","TT5.a1.Na","Artemisia tridentata ssp. wyomingensis Dry Steppe & Shrubland Alliance","California updates",2022-06-22 05:26:22,"J. Evens, R. Boul, D. Faber-Langendoen"
689200,"A3184","TT5.a1.Na","Artemisia tridentata ssp. wyomingensis Dry Steppe & Shrubland Alliance","California updates",2022-06-22 05:26:15,"J. Evens, R. Boul, D. Faber-Langendoen"
685893,"A3184","TT5.a1.Na","Artemisia tridentata ssp. wyomingensis Dry Steppe & Shrubland Alliance","California updates",2022-06-22 05:26:09,"J. Evens, R. Boul, D. Faber-Langendoen"
689952,"A3184","TT5.a1.Na","Artemisia tridentata ssp. wyomingensis Dry Steppe & Shrubland Alliance","California updates",2022-06-22 05:26:05,"J. Evens, R. Boul, D. Faber-Langendoen"
685053,"A3186","TT5.b1.Na","Sporobolus airoides - Sporobolus wrightii - Panicum obtusum Lowland Desert Grassland Alliance","",2025-03-05 02:22:46,"D.Faber-Langendoen"
741458,"A3186","TT5.b1.Na","Sporobolus airoides - Sporobolus wrightii - Panicum obtusum Lowland Desert Grassland Alliance","",2024-06-04 05:42:55,"D.Faber-Langendoen"
688417,"A3196","TT5.a1.Na","Ericameria nauseosa Steppe & Shrubland Alliance","edits in prep for USNVC v3.0 release",2025-06-26 05:27:56,"D. Faber-Langendoen"
688417,"A3196","TT5.a1.Na","Ericameria nauseosa Steppe & Shrubland Alliance","<table width=""149""> <colgroup> <col width=""149"" /> </colgroup> <tbody> <tr> <td width=""149"">Great Plains Peer Review 2019</td> </tr> </tbody></table>",2019-07-05 12:00:00,"Don Faber-Langendoen"
686797,"A3204","TT5.b1.Na","Bouteloua eriopoda - Bouteloua ramosa Piedmont Desert Grassland Alliance","Southwest regional peer review (NM, AZ, CO, UT, NV)",2023-02-17 02:58:13,"E. Muldavin et al."
689514,"A3204","TT5.b1.Na","Bouteloua eriopoda - Bouteloua ramosa Piedmont Desert Grassland Alliance","Southwest regional peer review (NM, AZ, CO, UT, NV)",2023-02-17 02:58:11,"E. Muldavin et al."
684557,"A3246","TT4.b1.Nf","Juniperus pinchotii - Quercus mohriana Scrub & Woodland Alliance","Texas USNVC reg'l review follow-up, May 2023",2023-08-14 06:25:34,"J. Singhurst, TX ecologists, D. Faber-Langendoen"
687017,"A3246","TT4.b1.Nf","Juniperus pinchotii - Quercus mohriana Scrub & Woodland Alliance","Texas USNVC reg'l review follow-up, May 2023",2023-08-14 06:25:34,"J. Singhurst, TX ecologists, D. Faber-Langendoen"
1284849,"A3246","TT4.b1.Nf","Juniperus pinchotii - Quercus mohriana Scrub & Woodland Alliance","Texas USNVC reg'l review follow-up, May 2023",2023-08-14 06:25:34,"J. Singhurst, TX ecologists, D. Faber-Langendoen"
683220,"A4093","TT4.b1.Nb","Iva angustifolia - Clinopodium arkansanum - Distichlis spicata West Gulf Coastal Plain Saline & Weches Bedrock Grassland Alliance","Southeast, Texarkana USNVC reg'l review, June 2023",2023-06-24 08:59:24,"Southeast + TX ecologists, D. Faber-Langendoen"
689461,"A4093","TT4.b1.Nb","Iva angustifolia - Clinopodium arkansanum - Distichlis spicata West Gulf Coastal Plain Saline & Weches Bedrock Grassland Alliance","Southeast, Texarkana USNVC reg'l review, June 2023",2023-06-24 08:59:24,"Southeast + TX ecologists, D. Faber-Langendoen"
689523,"A4093","TT4.b1.Nb","Iva angustifolia - Clinopodium arkansanum - Distichlis spicata West Gulf Coastal Plain Saline & Weches Bedrock Grassland Alliance","Southeast, Texarkana USNVC reg'l review, June 2023",2023-06-24 08:59:24,"Southeast + TX ecologists, D. Faber-Langendoen"
686200,"A4093","TT4.b1.Nb","Iva angustifolia - Clinopodium arkansanum - Distichlis spicata West Gulf Coastal Plain Saline & Weches Bedrock Grassland Alliance","Southeast, Texarkana USNVC reg'l review, June 2023",2023-06-24 08:59:24,"Southeast + TX ecologists, D. Faber-Langendoen"
685079,"A4042","TT4.b1.Nf","Schizachyrium scoparium - Bouteloua curtipendula Central Plains Grassland Alliance","Great Plains Peer Review 2019",2019-07-31 12:00:00,"D. Faber-Langendoen"
684611,"A4042","TT4.b1.Nf","Schizachyrium scoparium - Bouteloua curtipendula Central Plains Grassland Alliance","Great Plains peer review",2019-06-26 12:00:00,"D. Faber-Langendoen"
685221,"A4062","TT4.b1.Nf","Schizachyrium scoparium - Liatris elegans var. carizzana Sandy Grassland Alliance","Southeast, Texarkana USNVC reg'l review, June 2023",2023-06-24 08:59:15,"Southeast + TX ecologists, D. Faber-Langendoen"
689625,"A4062","TT4.b1.Nf","Schizachyrium scoparium - Liatris elegans var. carizzana Sandy Grassland Alliance","Southeast, Texarkana USNVC reg'l review, June 2023",2023-06-24 08:59:15,"Southeast + TX ecologists, D. Faber-Langendoen"
689522,"A4064","TP1.d1.Na","Nymphaea odorata - Nuphar spp. - Brasenia schreberi Aquatic Vegetation Alliance","New Hampshire xwalk, EST updates",2022-08-03 04:58:37,"W. Nichols, D. Faber-Langendoen"
687860,"A4064","TP1.d1.Na","Nymphaea odorata - Nuphar spp. - Brasenia schreberi Aquatic Vegetation Alliance","",2026-01-26 06:48:22,"D.Faber-Langendoen"
683978,"A4065","TP1.b1.Nc","Orontium aquaticum - Schoenoplectus subterminalis Marsh Alliance","NC NVC peer review",2021-04-29 04:56:11,"D. Faber-Langendoen & M. Schafale"
689821,"A4080","TP1.b1.Ne","Oenanthe sarmentosa Wet Meadow Alliance","Washington NCCN Wetlands",2021-12-26 11:06:04,"Tynan Ramm-Granberg"
686435,"A4086","TT6.b2.Nb","Arctostaphylos uva-ursi Cascadian Alpine Dwarf-shrubland Alliance","edits in prep for USNVC v3.0 release",2025-06-26 05:27:55,"D. Faber-Langendoen"
683091,"A2514","TP1.c1.Na","Ledum glandulosum - Ledum groenlandicum Shrub Bog & Acidic Fen Alliance","Washington NCCN Wetlands",2021-12-26 11:11:06,"Tynan Ramm-Granberg"
686908,"A2514","TP1.c1.Na","Ledum glandulosum - Ledum groenlandicum Shrub Bog & Acidic Fen Alliance","Washington NCCN Wetlands",2021-12-26 11:11:23,"Tynan Ramm-Granberg"
689213,"A2514","TP1.c1.Na","Ledum glandulosum - Ledum groenlandicum Shrub Bog & Acidic Fen Alliance","Washington NCCN Wetlands",2021-12-26 11:11:19,"Tynan Ramm-Granberg"
686837,"A2514","TP1.c1.Na","Ledum glandulosum - Ledum groenlandicum Shrub Bog & Acidic Fen Alliance","Washington NCCN Wetlands",2021-12-26 11:11:14,"Tynan Ramm-Granberg"
683905,"A2514","TP1.c1.Na","Ledum glandulosum - Ledum groenlandicum Shrub Bog & Acidic Fen Alliance","Washington NCCN Wetlands",2021-12-26 11:11:01,"Tynan Ramm-Granberg"
687606,"A2514","TP1.c1.Na","Ledum glandulosum - Ledum groenlandicum Shrub Bog & Acidic Fen Alliance","Washington NCCN Wetlands",2021-12-26 11:11:27,"Tynan Ramm-Granberg"
683752,"A2514","TP1.c1.Na","Ledum glandulosum - Ledum groenlandicum Shrub Bog & Acidic Fen Alliance","Washington NCCN Wetlands",2021-12-26 11:11:10,"Tynan Ramm-Granberg"
689865,"A3911","TT2.b1.Na","Quercus ilicifolia Sand Barrens Scrub Alliance","New York NVC peer review",2021-04-29 04:21:35,"D. Faber-Langendoen & NYHP"
685625,"A3913","TT4.b1.Nc","Vaccinium angustifolium - Vaccinium pallidum Sandy Heath Alliance","",2019-01-09 12:00:00,"D. Faber-Langendoen"
685772,"A3913","TT4.b1.Nc","Vaccinium angustifolium - Vaccinium pallidum Sandy Heath Alliance","",2019-01-09 12:00:00,"D. Faber-Langendoen"
839370,"A3932","TP1.b3.Nb","Hordeum jubatum Alkaline Wet Meadow Alliance","Washington updates",2022-08-08 11:08:29,"T. Ramm-Granberg & D. Faber-Langendoen"
688577,"A3955","MB1.a3.Na","Batis maritima - Sarcocornia spp. - Salicornia spp. Intertidal Salt Flat Alliance","Southeast, Texarkana USNVC reg'l review, June 2023",2023-06-24 09:00:14,"Southeast + TX ecologists, D. Faber-Langendoen"
928295,"A3955","MB1.a3.Na","Batis maritima - Sarcocornia spp. - Salicornia spp. Intertidal Salt Flat Alliance","Southeast, Texarkana USNVC reg'l review, June 2023",2023-06-24 09:00:14,"Southeast + TX ecologists, D. Faber-Langendoen"
684404,"A3955","MB1.a3.Na","Batis maritima - Sarcocornia spp. - Salicornia spp. Intertidal Salt Flat Alliance","Southeast US reg'l review of USNVC, April 2023",2023-05-11 02:50:39,"D. Faber-Langendoen"
686149,"A3955","MB1.a3.Na","Batis maritima - Sarcocornia spp. - Salicornia spp. Intertidal Salt Flat Alliance","Northeast review 2020",2020-08-10 12:00:00,"D. Faber-Langendoen"
687881,"A3955","MB1.a3.Na","Batis maritima - Sarcocornia spp. - Salicornia spp. Intertidal Salt Flat Alliance","Northeast review, part 2",2020-12-16 06:43:43,"D. Faber-Langendoen"
686230,"A3955","MB1.a3.Na","Batis maritima - Sarcocornia spp. - Salicornia spp. Intertidal Salt Flat Alliance","Southeast, Texarkana USNVC reg'l review, June 2023",2023-06-24 09:00:14,"Southeast + TX ecologists, D. Faber-Langendoen"
685586,"A3956","MB1.a3.Na","Distichlis spicata - Sporobolus virginicus Intertidal Salt Marsh Alliance","Southeast, Texarkana USNVC reg'l review, June 2023",2023-06-24 09:00:18,"Southeast + TX ecologists, D. Faber-Langendoen"
687783,"A3956","MB1.a3.Na","Distichlis spicata - Sporobolus virginicus Intertidal Salt Marsh Alliance","Southeast, Texarkana USNVC reg'l review, June 2023",2023-06-24 09:00:18,"Southeast + TX ecologists, D. Faber-Langendoen"
686872,"A3957","MB1.a3.Na","Spartina spartinae - Sporobolus virginicus - Monanthochloe littoralis Intertidal Salt Marsh Alliance","Southeast, Texarkana USNVC reg'l review, June 2023",2023-06-24 09:00:26,"Southeast + TX ecologists, D. Faber-Langendoen"
687935,"A3957","MB1.a3.Na","Spartina spartinae - Sporobolus virginicus - Monanthochloe littoralis Intertidal Salt Marsh Alliance","Southeast, Texarkana USNVC reg'l review, June 2023",2023-06-24 09:00:26,"Southeast + TX ecologists, D. Faber-Langendoen"
685083,"A3957","MB1.a3.Na","Spartina spartinae - Sporobolus virginicus - Monanthochloe littoralis Intertidal Salt Marsh Alliance","Southeast, Texarkana USNVC reg'l review, June 2023",2023-06-24 09:00:26,"Southeast + TX ecologists, D. Faber-Langendoen"
685046,"A3967","TT4.b1.Ne","Rosa nutkana Central Rocky Mountain Shrubland Alliance","Washington NCCN Wetlands",2021-12-26 11:06:05,"Tynan Ramm-Granberg"
684662,"A3967","TT4.b1.Ne","Rosa nutkana Central Rocky Mountain Shrubland Alliance","Washington NCCN Wetlands",2021-12-26 11:06:05,"Tynan Ramm-Granberg"
683324,"A1430","","Juncus militaris Pondshore Marsh Alliance","Northeast review 2020",2020-08-10 08:47:08,"D. Faber-Langendoen"
689338,"A1334","TP1.b3.Nb","Sporobolus airoides - Muhlenbergia asperifolia - Spartina gracilis Alkaline Wet Meadow Alliance","Major QC of US-CAN-MX IVC",2024-03-20 08:30:06,"D. Faber-Langendoen"
683092,"A3765","TP1.c1.Na","Pinus contorta / Ledum groenlandicum Treed Bog & Fen Alliance","Washington NCCN Wetlands",2021-12-26 11:13:10,"Tynan Ramm-Granberg"
685289,"A3765","TP1.c1.Na","Pinus contorta / Ledum groenlandicum Treed Bog & Fen Alliance","Washington NCCN Wetlands",2021-12-26 11:13:09,"Tynan Ramm-Granberg"
688908,"A3765","TP1.c1.Na","Pinus contorta / Ledum groenlandicum Treed Bog & Fen Alliance","Washington NCCN Wetlands",2021-12-26 11:13:08,"Tynan Ramm-Granberg"
688664,"A3684","","Alnus incana - Cornus amomum Alluvial & Tidal Shrub Swamp Alliance","",2019-02-05 12:00:00,"D. Faber-Langendoen"
683138,"A3684","","Alnus incana - Cornus amomum Alluvial & Tidal Shrub Swamp Alliance","",2019-02-05 12:00:00,"D. Faber-Langendoen"
721914,"A3684","","Alnus incana - Cornus amomum Alluvial & Tidal Shrub Swamp Alliance","",2019-02-05 12:00:00,"D. Faber-Langendoen"
721917,"A3684","","Alnus incana - Cornus amomum Alluvial & Tidal Shrub Swamp Alliance","",2019-02-05 12:00:00,"D. Faber-Langendoen"
684398,"A3684","","Alnus incana - Cornus amomum Alluvial & Tidal Shrub Swamp Alliance","",2019-02-05 12:00:00,"D. Faber-Langendoen"
721925,"A3684","","Alnus incana - Cornus amomum Alluvial & Tidal Shrub Swamp Alliance","",2019-02-05 12:00:00,"D. Faber-Langendoen"
686600,"A3474","TT4.b1.Nb","Schizachyrium scoparium - Danthonia sericea - Bigelowia nuttallii Cumberland Sandstone Grassland Alliance","Appalachians, Piedmont review, part 2",2020-12-09 12:00:00,"D. Faber-Langendoen"
686832,"A3474","TT4.b1.Nb","Schizachyrium scoparium - Danthonia sericea - Bigelowia nuttallii Cumberland Sandstone Grassland Alliance","Appalachians, Piedmont review, part 2",2020-12-09 12:41:45,"D. Faber-Langendoen"
687290,"A3476","","Panicum virgatum Southern Interior Marsh Alliance","",2019-02-05 12:00:00,"D. Faber-Langendoen"
686978,"A3476","","Panicum virgatum Southern Interior Marsh Alliance","",2019-02-05 12:00:00,"D. Faber-Langendoen"
683412,"A3477","","Betula pumila - Chamaedaphne calyculata - Myrica gale Shrub Fen Alliance","NVC127_WI state types and NVC",2020-03-23 05:28:07,"D. Faber-Langendoen"
686852,"A3477","","Betula pumila - Chamaedaphne calyculata - Myrica gale Shrub Fen Alliance","NVC127_WI state types and NVC",2020-03-23 05:28:05,"D. Faber-Langendoen"
684576,"A3477","","Betula pumila - Chamaedaphne calyculata - Myrica gale Shrub Fen Alliance","NVC127_WI state types and NVC",2020-03-23 05:28:41,"D. Faber-Langendoen"
683438,"A3477","","Betula pumila - Chamaedaphne calyculata - Myrica gale Shrub Fen Alliance","NVC127_WI state types and NVC",2020-03-23 05:28:39,"D. Faber-Langendoen"
683539,"A3477","","Betula pumila - Chamaedaphne calyculata - Myrica gale Shrub Fen Alliance","NVC127_WI state types and NVC",2020-03-23 05:28:04,"D. Faber-Langendoen"
688433,"A3479","","Carex lasiocarpa - Carex livida Alkaline Graminoid Fen Alliance","merge (NVC127_WI state types and NVC)",2020-03-26 12:35:52,"D. Faber-Langendoen"
683904,"A3479","","Carex lasiocarpa - Carex livida Alkaline Graminoid Fen Alliance","NVC127_WI state types and NVC",2020-03-23 05:28:42,"D. Faber-Langendoen"
683112,"A3479","","Carex lasiocarpa - Carex livida Alkaline Graminoid Fen Alliance","NVC127_WI state types and NVC",2020-03-23 05:28:08,"D. Faber-Langendoen"
688452,"A3479","","Carex lasiocarpa - Carex livida Alkaline Graminoid Fen Alliance","merge (NVC127_WI state types and NVC)",2020-03-26 12:35:52,"D. Faber-Langendoen"
687312,"A3485","TP1.b1.Nc","Schoenoplectus americanus Marsh Alliance","MT-ID-WY USNVC reg'l review follow-up, May 2023",2023-08-02 04:00:02,"MT, ID, WY ecologists, D. Faber-Langendoen"
684190,"A3485","TP1.b1.Nc","Schoenoplectus americanus Marsh Alliance","MT-ID-WY USNVC reg'l review follow-up, May 2023",2023-08-02 04:00:02,"MT, ID, WY ecologists, D. Faber-Langendoen"
688014,"A3485","TP1.b1.Nc","Schoenoplectus americanus Marsh Alliance","MT-ID-WY USNVC reg'l review follow-up, May 2023",2023-08-02 04:00:02,"MT, ID, WY ecologists, D. Faber-Langendoen"
683180,"A3485","TP1.b1.Nc","Schoenoplectus americanus Marsh Alliance","MT-ID-WY USNVC reg'l review follow-up, May 2023",2023-08-02 04:00:02,"MT, ID, WY ecologists, D. Faber-Langendoen"
684937,"A3487","TP1.b1.Nc","Typha angustifolia - Typha latifolia - Schoenoplectus spp. Marsh Alliance","MT-ID-WY USNVC reg'l review follow-up, May 2023",2023-08-02 04:00:04,"MT, ID, WY ecologists, D. Faber-Langendoen"
686547,"A3487","TP1.b1.Nc","Typha angustifolia - Typha latifolia - Schoenoplectus spp. Marsh Alliance","MT-ID-WY USNVC reg'l review follow-up, May 2023",2023-08-02 04:00:04,"MT, ID, WY ecologists, D. Faber-Langendoen"
688782,"A3487","TP1.b1.Nc","Typha angustifolia - Typha latifolia - Schoenoplectus spp. Marsh Alliance","MT-ID-WY USNVC reg'l review follow-up, May 2023",2023-08-02 04:00:04,"MT, ID, WY ecologists, D. Faber-Langendoen"
687047,"A3487","TP1.b1.Nc","Typha angustifolia - Typha latifolia - Schoenoplectus spp. Marsh Alliance","MT-ID-WY USNVC reg'l review follow-up, May 2023",2023-08-02 04:00:04,"MT, ID, WY ecologists, D. Faber-Langendoen"
686664,"A3488","TP1.b1.Nc","Sagittaria latifolia - Sagittaria cuneata - Leersia oryzoides Great Plains Marsh Alliance","MT-ID-WY regional review of USNVC, March 2023",2023-04-12 05:33:25,"Cooper,S., others, D. Faber-Langendoen"
684027,"A3488","TP1.b1.Nc","Sagittaria latifolia - Sagittaria cuneata - Leersia oryzoides Great Plains Marsh Alliance","MT-ID-WY USNVC reg'l review follow-up, May 2023",2023-08-02 03:59:58,"MT, ID, WY ecologists, D. Faber-Langendoen"
839396,"A3489","TP1.b1.Nc","Eleocharis palustris Great Plains Marsh Alliance","MT-ID-WY regional review of USNVC, March 2023",2023-04-12 05:33:23,"Cooper,S., others, D. Faber-Langendoen"
687312,"A3489","TP1.b1.Nc","Eleocharis palustris Great Plains Marsh Alliance","MT-ID-WY regional review of USNVC, March 2023",2023-04-12 05:33:22,"Cooper,S., others, D. Faber-Langendoen"
686664,"A3490","TP1.b1.Nc","Polygonum pensylvanicum - Polygonum lapathifolium Marsh Alliance","MT-ID-WY USNVC reg'l review follow-up, May 2023",2023-08-02 03:59:56,"MT, ID, WY ecologists, D. Faber-Langendoen"
685598,"A3490","TP1.b1.Nc","Polygonum pensylvanicum - Polygonum lapathifolium Marsh Alliance","MT-ID-WY USNVC reg'l review follow-up, May 2023",2023-08-02 03:59:56,"MT, ID, WY ecologists, D. Faber-Langendoen"
689127,"A3493","TP1.b1.Nc","Spartina pectinata Great Plains Wet Meadow Alliance","CNVC AB-SK-MB rangelands & MT regional USNVC reviews",2023-03-27 04:49:12,"Cooper, S. et al; Tremblay, Pyle, Downing, DFL"
686036,"A3493","TP1.b1.Nc","Spartina pectinata Great Plains Wet Meadow Alliance","CNVC AB-SK-MB rangelands & MT regional USNVC reviews",2023-03-27 04:49:12,"Cooper, S. et al; Tremblay, Pyle, Downing, DFL"
685521,"A3493","TP1.b1.Nc","Spartina pectinata Great Plains Wet Meadow Alliance","CNVC AB-SK-MB rangelands & MT regional USNVC reviews",2023-03-27 04:49:12,"Cooper, S. et al; Tremblay, Pyle, Downing, DFL"
950167,"A3493","TP1.b1.Nc","Spartina pectinata Great Plains Wet Meadow Alliance","CNVC AB-SK-MB rangelands & MT regional USNVC reviews",2023-03-27 04:49:12,"Cooper, S. et al; Tremblay, Pyle, Downing, DFL"
683843,"A3493","TP1.b1.Nc","Spartina pectinata Great Plains Wet Meadow Alliance","CNVC AB-SK-MB rangelands & MT regional USNVC reviews",2023-03-27 04:49:12,"Cooper, S. et al; Tremblay, Pyle, Downing, DFL"
684622,"A3493","TP1.b1.Nc","Spartina pectinata Great Plains Wet Meadow Alliance","CNVC AB-SK-MB rangelands & MT regional USNVC reviews",2023-03-27 04:49:12,"Cooper, S. et al; Tremblay, Pyle, Downing, DFL"
686478,"A3493","TP1.b1.Nc","Spartina pectinata Great Plains Wet Meadow Alliance","CNVC AB-SK-MB rangelands & MT regional USNVC reviews",2023-03-27 04:49:12,"Cooper, S. et al; Tremblay, Pyle, Downing, DFL"
686036,"A2306","TP1.b1.Nc","Spartina pectinata Great Plains Wet Meadow Alliance","",2025-05-04 04:40:22,"D.Faber-Langendoen"
950167,"A2306","TP1.b1.Nc","Spartina pectinata Great Plains Wet Meadow Alliance","",2025-05-04 04:40:22,"D.Faber-Langendoen"
1284833,"A2306","TP1.b1.Nc","Spartina pectinata Great Plains Wet Meadow Alliance","",2025-05-04 04:40:22,"D.Faber-Langendoen"
684622,"A2306","TP1.b1.Nc","Spartina pectinata Great Plains Wet Meadow Alliance","",2025-05-04 04:40:22,"D.Faber-Langendoen"
686478,"A2306","TP1.b1.Nc","Spartina pectinata Great Plains Wet Meadow Alliance","",2025-05-04 04:40:22,"D.Faber-Langendoen"
688057,"A3539","TP1.b1.Ne","Equisetum arvense - Equisetum hyemale - Equisetum variegatum Wet Meadow Alliance","Washington NCCN Wetlands",2021-12-26 11:06:20,"Tynan Ramm-Granberg"
770566,"A3539","TP1.b1.Ne","Equisetum arvense - Equisetum hyemale - Equisetum variegatum Wet Meadow Alliance","Washington NCCN Wetlands",2021-12-26 11:06:20,"Tynan Ramm-Granberg"
758104,"A3539","TP1.b1.Ne","Equisetum arvense - Equisetum hyemale - Equisetum variegatum Wet Meadow Alliance","Washington NCCN Wetlands",2021-12-26 11:06:20,"Tynan Ramm-Granberg"
686616,"A3539","TP1.b1.Ne","Equisetum arvense - Equisetum hyemale - Equisetum variegatum Wet Meadow Alliance","Washington NCCN Wetlands",2021-12-26 11:06:20,"Tynan Ramm-Granberg"
1225223,"A3435","TP1.c2.Nb","Carex limosa - Carex buxbaumii - Triglochin maritima Alkaline Graminoid Fen Alliance","",2024-06-21 04:45:17,"D.Faber-Langendoen"
683375,"A3435","TP1.c2.Nb","Carex limosa - Carex buxbaumii - Triglochin maritima Alkaline Graminoid Fen Alliance","",2024-06-21 04:45:13,"D.Faber-Langendoen"
688282,"A3435","TP1.c2.Nb","Carex limosa - Carex buxbaumii - Triglochin maritima Alkaline Graminoid Fen Alliance","",2024-06-21 04:45:08,"D.Faber-Langendoen"
683931,"A3435","TP1.c2.Nb","Carex limosa - Carex buxbaumii - Triglochin maritima Alkaline Graminoid Fen Alliance","Washington updates",2022-08-08 11:10:39,"T. Ramm-Granberg & D. Faber-Langendoen"
683185,"A3435","TP1.c2.Nb","Carex limosa - Carex buxbaumii - Triglochin maritima Alkaline Graminoid Fen Alliance","",2024-06-21 04:45:16,"D.Faber-Langendoen"
683614,"A3435","TP1.c2.Nb","Carex limosa - Carex buxbaumii - Triglochin maritima Alkaline Graminoid Fen Alliance","",2024-06-21 04:45:14,"D.Faber-Langendoen"
687111,"A3435","TP1.c2.Nb","Carex limosa - Carex buxbaumii - Triglochin maritima Alkaline Graminoid Fen Alliance","",2024-06-21 04:45:19,"D.Faber-Langendoen"
685898,"A3435","TP1.c2.Nb","Carex limosa - Carex buxbaumii - Triglochin maritima Alkaline Graminoid Fen Alliance","Washington updates",2022-08-08 11:10:37,"T. Ramm-Granberg & D. Faber-Langendoen"
689222,"A3435","TP1.c2.Nb","Carex limosa - Carex buxbaumii - Triglochin maritima Alkaline Graminoid Fen Alliance","",2024-06-21 04:45:10,"D.Faber-Langendoen"
689729,"A3435","TP1.c2.Nb","Carex limosa - Carex buxbaumii - Triglochin maritima Alkaline Graminoid Fen Alliance","",2024-06-21 04:45:07,"D.Faber-Langendoen"
1110179,"A3435","TP1.c2.Nb","Carex limosa - Carex buxbaumii - Triglochin maritima Alkaline Graminoid Fen Alliance","",2024-06-21 04:45:12,"D.Faber-Langendoen"
683661,"A3435","TP1.c2.Nb","Carex limosa - Carex buxbaumii - Triglochin maritima Alkaline Graminoid Fen Alliance","",2024-06-21 04:45:09,"D.Faber-Langendoen"
686323,"A3435","TP1.c2.Nb","Carex limosa - Carex buxbaumii - Triglochin maritima Alkaline Graminoid Fen Alliance","",2024-06-21 04:45:20,"D.Faber-Langendoen"
683131,"A3438","TP1.c1.Na","Ledum glandulosum Acidic Shrub Fen Alliance","California updates",2022-06-22 05:23:34,"J. Evens, R. Boul, D. Faber-Langendoen"
688520,"A3440","","Quercus michauxii - Liquidambar styraciflua - Platanus occidentalis West Gulf Coastal Plain Wet Forest Alliance","",2020-12-09 12:39:14,"D. Faber-Langendoen"
688336,"A3442","TP1.b1.Na","Ilex coriacea - Ilex glabra - Kalmia latifolia Hillside Seepage Shrub Bog Alliance","Southeast, Texarkana USNVC reg'l review, June 2023",2023-06-24 09:02:52,"Southeast + TX ecologists, D. Faber-Langendoen"
688520,"A3445","TP1.a2.Na","Quercus stellata - Quercus falcata Wet Flatwoods Forest Alliance","Southeast, Texarkana USNVC reg'l review, June 2023",2023-06-24 08:59:04,"Southeast + TX ecologists, D. Faber-Langendoen"
688520,"A3445","TP1.a2.Na","Quercus stellata - Quercus falcata Wet Flatwoods Forest Alliance","Appalachians, Piedmont review, part 2",2020-12-09 12:40:32,"D. Faber-Langendoen"
688151,"A3445","TP1.a2.Na","Quercus stellata - Quercus falcata Wet Flatwoods Forest Alliance","Southeast, Texarkana USNVC reg'l review, June 2023",2023-06-24 08:59:04,"Southeast + TX ecologists, D. Faber-Langendoen"
683596,"A3445","TP1.a2.Na","Quercus stellata - Quercus falcata Wet Flatwoods Forest Alliance","Southeast, Texarkana USNVC reg'l review, June 2023",2023-06-24 08:59:04,"Southeast + TX ecologists, D. Faber-Langendoen"
688785,"A3447","TT2.b3.Nb","Pinus ponderosa / Herbaceous Understory Central Rocky Mountain Open Woodland Alliance","Interior West, Rocky Mountain Uplands review",2022-01-03 10:01:10,"F.J. Triepke, P. McIntyre, D. Faber-Langendoen"
685719,"A3447","TT2.b3.Nb","Pinus ponderosa / Herbaceous Understory Central Rocky Mountain Open Woodland Alliance","Interior West, Rocky Mountain Uplands review",2022-01-03 10:01:10,"F.J. Triepke, P. McIntyre, D. Faber-Langendoen"
684736,"A3447","TT2.b3.Nb","Pinus ponderosa / Herbaceous Understory Central Rocky Mountain Open Woodland Alliance","Interior West, Rocky Mountain Uplands review",2022-01-03 10:01:10,"F.J. Triepke, P. McIntyre, D. Faber-Langendoen"
686825,"A3447","TT2.b3.Nb","Pinus ponderosa / Herbaceous Understory Central Rocky Mountain Open Woodland Alliance","Interior West, Rocky Mountain Uplands review",2022-01-03 10:01:10,"F.J. Triepke, P. McIntyre, D. Faber-Langendoen"
689096,"A3447","TT2.b3.Nb","Pinus ponderosa / Herbaceous Understory Central Rocky Mountain Open Woodland Alliance","Interior West, Rocky Mountain Uplands review",2022-01-03 10:01:10,"F.J. Triepke, P. McIntyre, D. Faber-Langendoen"
685651,"A3447","TT2.b3.Nb","Pinus ponderosa / Herbaceous Understory Central Rocky Mountain Open Woodland Alliance","Interior West, Rocky Mountain Uplands review",2022-01-03 10:01:10,"F.J. Triepke, P. McIntyre, D. Faber-Langendoen"
689030,"A3452","","Dulichium arundinaceum - Carex canescens Subboreal Acidic Graminoid Fen Alliance","Northeast review 2020",2020-08-10 12:00:00,"D. Faber-Langendoen"
731252,"A3452","","Dulichium arundinaceum - Carex canescens Subboreal Acidic Graminoid Fen Alliance","Northeast review 2020",2020-08-10 08:47:03,"D. Faber-Langendoen"
721939,"A3452","","Dulichium arundinaceum - Carex canescens Subboreal Acidic Graminoid Fen Alliance","Northeast review 2020",2020-08-10 08:47:03,"D. Faber-Langendoen"
684085,"A3452","","Dulichium arundinaceum - Carex canescens Subboreal Acidic Graminoid Fen Alliance","Northeast review 2020",2020-08-10 08:47:03,"D. Faber-Langendoen"
689311,"A3466","TT2.b3.Nb","Pinus ponderosa Northwest Great Plains Open Woodland Alliance","MT-ID-WY USNVC reg'l review follow-up, May 2023",2023-08-02 03:59:29,"MT, ID, WY ecologists, D. Faber-Langendoen"
690090,"A3466","TT2.b3.Nb","Pinus ponderosa Northwest Great Plains Open Woodland Alliance","MT-ID-WY USNVC reg'l review follow-up, May 2023",2023-08-02 03:59:29,"MT, ID, WY ecologists, D. Faber-Langendoen"
684120,"A3466","TT2.b3.Nb","Pinus ponderosa Northwest Great Plains Open Woodland Alliance","MT-ID-WY USNVC reg'l review follow-up, May 2023",2023-08-02 03:59:29,"MT, ID, WY ecologists, D. Faber-Langendoen"
685766,"A3466","TT2.b3.Nb","Pinus ponderosa Northwest Great Plains Open Woodland Alliance","MT-ID-WY USNVC reg'l review follow-up, May 2023",2023-08-02 03:59:29,"MT, ID, WY ecologists, D. Faber-Langendoen"
686468,"A3466","TT2.b3.Nb","Pinus ponderosa Northwest Great Plains Open Woodland Alliance","MT-ID-WY USNVC reg'l review follow-up, May 2023",2023-08-02 03:59:29,"MT, ID, WY ecologists, D. Faber-Langendoen"
686832,"A3472","","Kalmia latifolia - Gaylussacia baccata - Gaylussacia brachycera Cumberland Bedrock Heath Alliance","",2020-12-09 12:39:40,"D. Faber-Langendoen"
947950,"A0828","TT2.b3.Na","Cercocarpus ledifolius Scrub Alliance","Interior West, Rocky Mountain Uplands review",2022-01-04 08:12:55,"F.J. Triepke, P. McIntyre, D. Faber-Langendoen"
688392,"A0828","TT2.b3.Na","Cercocarpus ledifolius Scrub Alliance","Interior West, Rocky Mountain Uplands review",2022-01-04 08:12:55,"F.J. Triepke, P. McIntyre, D. Faber-Langendoen"
683490,"A0828","TT2.b3.Na","Cercocarpus ledifolius Scrub Alliance","Interior West, Rocky Mountain Uplands review",2022-01-04 08:12:55,"F.J. Triepke, P. McIntyre, D. Faber-Langendoen"
683942,"A0828","TT2.b3.Na","Cercocarpus ledifolius Scrub Alliance","Interior West, Rocky Mountain Uplands review",2022-01-04 08:12:55,"F.J. Triepke, P. McIntyre, D. Faber-Langendoen"
688734,"A0828","TT2.b3.Na","Cercocarpus ledifolius Scrub Alliance","Interior West, Rocky Mountain Uplands review",2022-01-04 08:12:55,"F.J. Triepke, P. McIntyre, D. Faber-Langendoen"
688649,"A0828","TT2.b3.Na","Cercocarpus ledifolius Scrub Alliance","Interior West, Rocky Mountain Uplands review",2022-01-04 08:12:55,"F.J. Triepke, P. McIntyre, D. Faber-Langendoen"
683864,"A3588","TP1.b1.Nc","Cornus drummondii - Amorpha fruticosa Wet Shrubland Alliance","CNVC AB-SK-MB rangelands & MT regional USNVC reviews",2023-03-27 04:49:19,"Cooper, S. et al; Tremblay, Pyle, Downing, DFL"
899781,"G245","","North Pacific Mountain Hemlock - Silver Fir Forest & Tree Island","",2018-05-23 12:00:00,"D. Faber-Langendoen"
899778,"G245","","North Pacific Mountain Hemlock - Silver Fir Forest & Tree Island","",2018-05-23 12:00:00,"D. Faber-Langendoen"
899775,"G245","","North Pacific Mountain Hemlock - Silver Fir Forest & Tree Island","",2018-05-23 12:00:00,"D. Faber-Langendoen"
899776,"G245","","North Pacific Mountain Hemlock - Silver Fir Forest & Tree Island","",2018-05-15 12:00:00,"D. Faber-Langendoen"
899777,"G245","","North Pacific Mountain Hemlock - Silver Fir Forest & Tree Island","",2018-05-15 12:00:00,"D. Faber-Langendoen"
899779,"G245","","North Pacific Mountain Hemlock - Silver Fir Forest & Tree Island","",2018-05-23 12:00:00,"D. Faber-Langendoen"
689617,"A1016","","Cornus amomum - Salix candida - Aronia melanocarpa Tall Shrub Fen Alliance","Northeast review 2020",2020-08-10 08:47:04,"D. Faber-Langendoen"
684789,"A1016","","Cornus amomum - Salix candida - Aronia melanocarpa Tall Shrub Fen Alliance","Northeast review 2020",2020-08-10 08:47:04,"D. Faber-Langendoen"
689618,"A1016","","Cornus amomum - Salix candida - Aronia melanocarpa Tall Shrub Fen Alliance","Northeast review 2020",2020-08-10 08:47:04,"D. Faber-Langendoen"
685036,"A1016","","Cornus amomum - Salix candida - Aronia melanocarpa Tall Shrub Fen Alliance","Northeast review 2020",2020-08-10 08:47:04,"D. Faber-Langendoen"
686987,"A1029","MS2.a1.Na","Vachellia farnesiana - Opuntia dillenii - Lycium carolinianum var. quadrifidum Dune Scrub Alliance","Southeast, Texarkana USNVC reg'l review, June 2023",2023-06-24 08:59:33,"Southeast + TX ecologists, D. Faber-Langendoen"
688002,"A3622","TT2.b3.Nd","Juniperus grandis - Pinus albicaulis Woodland Alliance","California updates",2022-06-22 05:24:55,"J. Evens, R. Boul, D. Faber-Langendoen"
688594,"A3622","TT2.b3.Nd","Juniperus grandis - Pinus albicaulis Woodland Alliance","California updates",2022-06-22 05:24:54,"J. Evens, R. Boul, D. Faber-Langendoen"
687486,"A3622","TT2.b3.Nd","Juniperus grandis - Pinus albicaulis Woodland Alliance","California updates",2022-06-22 05:24:52,"J. Evens, R. Boul, D. Faber-Langendoen"
687333,"A3622","TT2.b3.Nd","Juniperus grandis - Pinus albicaulis Woodland Alliance","California updates",2022-06-22 05:24:47,"J. Evens, R. Boul, D. Faber-Langendoen"
688832,"A3622","TT2.b3.Nd","Juniperus grandis - Pinus albicaulis Woodland Alliance","California updates",2022-06-22 05:24:42,"J. Evens, R. Boul, D. Faber-Langendoen"
684831,"A3622","TT2.b3.Nd","Juniperus grandis - Pinus albicaulis Woodland Alliance","California updates",2022-06-22 05:24:49,"J. Evens, R. Boul, D. Faber-Langendoen"
683588,"A3622","TT2.b3.Nd","Juniperus grandis - Pinus albicaulis Woodland Alliance","California updates",2022-06-22 05:24:46,"J. Evens, R. Boul, D. Faber-Langendoen"
689949,"A3622","TT2.b3.Nd","Juniperus grandis - Pinus albicaulis Woodland Alliance","California updates",2022-06-22 05:24:48,"J. Evens, R. Boul, D. Faber-Langendoen"
686879,"A3622","TT2.b3.Nd","Juniperus grandis - Pinus albicaulis Woodland Alliance","California updates",2022-06-22 05:24:41,"J. Evens, R. Boul, D. Faber-Langendoen"
688458,"A3622","TT2.b3.Nd","Juniperus grandis - Pinus albicaulis Woodland Alliance","California updates",2022-06-22 05:24:44,"J. Evens, R. Boul, D. Faber-Langendoen"
683838,"A3622","TT2.b3.Nd","Juniperus grandis - Pinus albicaulis Woodland Alliance","California updates",2022-06-22 05:24:51,"J. Evens, R. Boul, D. Faber-Langendoen"
684150,"A3337","TT6.b2.Nb","Festuca idahoensis ssp. roemeri - Festuca saximontana Alpine Meadow Alliance","TRG 03/27/2024 (NVC184_GrpMap_v0.9): Douglas and Bliss described this community from the Okanogan Mountains, which while broadly speaking are part of the North Cascades, are far more Rocky Mtn in character. Plots are located on eastern edge of EPA/Omernik North Cascades ecoregion, but in the Okanogan ecoregion in Washington's system. I think this association is a better fit for A3155 (G314).",2024-06-21 12:00:00,"D.Faber-Langendoen"
688644,"A3337","TT6.b2.Nb","Festuca idahoensis ssp. roemeri - Festuca saximontana Alpine Meadow Alliance","TRG 03/27/2024 (NVC184_GrpMap_v0.9): Douglas and Bliss described this community from the Okanogan Mountains, which while broadly speaking are part of the North Cascades, are far more Rocky Mtn in character. Plots are located on eastern edge of EPA/Omernik North Cascades ecoregion, but in the Okanogan ecoregion in Washington's system. I think this association is a better fit for A3155 (G314).",2024-06-21 12:00:00,"D.Faber-Langendoen"
687407,"A3486","TP1.b1.Nc","Schoenoplectus acutus - Bolboschoenus maritimus - Schoenoplectus tabernaemontani Marsh Alliance","MT-ID-WY USNVC reg'l review follow-up, May 2023",2023-08-02 04:00:00,"MT, ID, WY ecologists, D. Faber-Langendoen"
683701,"A3486","TP1.b1.Nc","Schoenoplectus acutus - Bolboschoenus maritimus - Schoenoplectus tabernaemontani Marsh Alliance","MT-ID-WY USNVC reg'l review follow-up, May 2023",2023-08-02 04:00:00,"MT, ID, WY ecologists, D. Faber-Langendoen"
899791,"G488","TT4.b1.Ne","Sierran-North Pacific Bald, Bluff & Prairie","USNVC 3.0 pre-release edits",2025-06-23 07:37:10,"D. Faber-Langendoen"
688352,"A3619","TT2.b3.Nd","Abies magnifica var. magnifica - Abies magnifica var. shastensis Forest Alliance","California updates",2022-06-22 05:23:22,"J. Evens, R. Boul, D. Faber-Langendoen"
689501,"A3619","TT2.b3.Nd","Abies magnifica var. magnifica - Abies magnifica var. shastensis Forest Alliance","California updates",2022-06-22 05:23:22,"J. Evens, R. Boul, D. Faber-Langendoen"
687183,"A3619","TT2.b3.Nd","Abies magnifica var. magnifica - Abies magnifica var. shastensis Forest Alliance","California updates",2022-06-22 05:23:22,"J. Evens, R. Boul, D. Faber-Langendoen"
688351,"A3619","TT2.b3.Nd","Abies magnifica var. magnifica - Abies magnifica var. shastensis Forest Alliance","California updates",2022-06-22 05:23:22,"J. Evens, R. Boul, D. Faber-Langendoen"
686883,"A3619","TT2.b3.Nd","Abies magnifica var. magnifica - Abies magnifica var. shastensis Forest Alliance","California updates",2022-06-22 05:23:22,"J. Evens, R. Boul, D. Faber-Langendoen"
688950,"A3619","TT2.b3.Nd","Abies magnifica var. magnifica - Abies magnifica var. shastensis Forest Alliance","California updates",2022-06-22 05:23:22,"J. Evens, R. Boul, D. Faber-Langendoen"
685430,"A3619","TT2.b3.Nd","Abies magnifica var. magnifica - Abies magnifica var. shastensis Forest Alliance","California updates",2022-06-22 05:23:22,"J. Evens, R. Boul, D. Faber-Langendoen"
1110294,"A3619","TT2.b3.Nd","Abies magnifica var. magnifica - Abies magnifica var. shastensis Forest Alliance","California updates",2022-06-22 05:23:22,"J. Evens, R. Boul, D. Faber-Langendoen"
689945,"A3619","TT2.b3.Nd","Abies magnifica var. magnifica - Abies magnifica var. shastensis Forest Alliance","California updates",2022-06-22 05:23:22,"J. Evens, R. Boul, D. Faber-Langendoen"
687258,"A3619","TT2.b3.Nd","Abies magnifica var. magnifica - Abies magnifica var. shastensis Forest Alliance","California updates",2022-06-22 05:23:22,"J. Evens, R. Boul, D. Faber-Langendoen"
688753,"A3619","TT2.b3.Nd","Abies magnifica var. magnifica - Abies magnifica var. shastensis Forest Alliance","California updates",2022-06-22 05:23:22,"J. Evens, R. Boul, D. Faber-Langendoen"
685590,"A3619","TT2.b3.Nd","Abies magnifica var. magnifica - Abies magnifica var. shastensis Forest Alliance","California updates",2022-06-22 05:23:22,"J. Evens, R. Boul, D. Faber-Langendoen"
687836,"A3619","TT2.b3.Nd","Abies magnifica var. magnifica - Abies magnifica var. shastensis Forest Alliance","California updates",2022-06-22 05:23:22,"J. Evens, R. Boul, D. Faber-Langendoen"
684816,"A3619","TT2.b3.Nd","Abies magnifica var. magnifica - Abies magnifica var. shastensis Forest Alliance","California updates",2022-06-22 05:23:22,"J. Evens, R. Boul, D. Faber-Langendoen"
687043,"A3619","TT2.b3.Nd","Abies magnifica var. magnifica - Abies magnifica var. shastensis Forest Alliance","California updates",2022-06-22 05:23:22,"J. Evens, R. Boul, D. Faber-Langendoen"
688829,"A3678","TT2.b3.Nc","Abies lowiana - Abies magnifica var. magnifica - Abies magnifica var. shastensis Forest Alliance","California updates",2022-06-22 05:23:28,"J. Evens, R. Boul, D. Faber-Langendoen"
688415,"A3678","TT2.b3.Nc","Abies lowiana - Abies magnifica var. magnifica - Abies magnifica var. shastensis Forest Alliance","California updates",2022-06-22 05:23:28,"J. Evens, R. Boul, D. Faber-Langendoen"
685227,"A3678","TT2.b3.Nc","Abies lowiana - Abies magnifica var. magnifica - Abies magnifica var. shastensis Forest Alliance","California updates",2022-06-22 05:23:28,"J. Evens, R. Boul, D. Faber-Langendoen"
686679,"A3678","TT2.b3.Nc","Abies lowiana - Abies magnifica var. magnifica - Abies magnifica var. shastensis Forest Alliance","California updates",2022-06-22 05:23:28,"J. Evens, R. Boul, D. Faber-Langendoen"
683457,"A3678","TT2.b3.Nc","Abies lowiana - Abies magnifica var. magnifica - Abies magnifica var. shastensis Forest Alliance","California updates",2022-06-22 05:23:28,"J. Evens, R. Boul, D. Faber-Langendoen"
690067,"A3678","TT2.b3.Nc","Abies lowiana - Abies magnifica var. magnifica - Abies magnifica var. shastensis Forest Alliance","California updates",2022-06-22 05:23:28,"J. Evens, R. Boul, D. Faber-Langendoen"
683874,"A3678","TT2.b3.Nc","Abies lowiana - Abies magnifica var. magnifica - Abies magnifica var. shastensis Forest Alliance","California updates",2022-06-22 05:23:28,"J. Evens, R. Boul, D. Faber-Langendoen"
683690,"A3804","TP1.b1.Ne","Carex aquatilis - Carex utriculata - Deschampsia cespitosa Wet Meadow Alliance","Washington NCCN Wetlands",2021-12-26 11:14:08,"Tynan Ramm-Granberg"
690099,"A3804","TP1.b1.Ne","Carex aquatilis - Carex utriculata - Deschampsia cespitosa Wet Meadow Alliance","Washington NCCN Wetlands",2021-12-26 11:14:03,"Tynan Ramm-Granberg"
684210,"A3804","TP1.b1.Ne","Carex aquatilis - Carex utriculata - Deschampsia cespitosa Wet Meadow Alliance","Washington NCCN Wetlands",2021-12-26 11:13:59,"Tynan Ramm-Granberg"
689243,"A3804","TP1.b1.Ne","Carex aquatilis - Carex utriculata - Deschampsia cespitosa Wet Meadow Alliance","Washington NCCN Wetlands",2021-12-26 11:14:10,"Tynan Ramm-Granberg"
686153,"A3804","TP1.b1.Ne","Carex aquatilis - Carex utriculata - Deschampsia cespitosa Wet Meadow Alliance","Washington NCCN Wetlands",2021-12-26 11:14:02,"Tynan Ramm-Granberg"
687593,"A3804","TP1.b1.Ne","Carex aquatilis - Carex utriculata - Deschampsia cespitosa Wet Meadow Alliance","Washington NCCN Wetlands",2021-12-26 11:14:04,"Tynan Ramm-Granberg"
689048,"A3804","TP1.b1.Ne","Carex aquatilis - Carex utriculata - Deschampsia cespitosa Wet Meadow Alliance","Washington NCCN Wetlands",2021-12-26 11:13:59,"Tynan Ramm-Granberg"
688459,"A3804","TP1.b1.Ne","Carex aquatilis - Carex utriculata - Deschampsia cespitosa Wet Meadow Alliance","Washington NCCN Wetlands",2021-12-26 11:14:07,"Tynan Ramm-Granberg"
683988,"A3804","TP1.b1.Ne","Carex aquatilis - Carex utriculata - Deschampsia cespitosa Wet Meadow Alliance","Washington NCCN Wetlands",2021-12-26 11:14:11,"Tynan Ramm-Granberg"
1110179,"A3804","TP1.b1.Ne","Carex aquatilis - Carex utriculata - Deschampsia cespitosa Wet Meadow Alliance","Washington NCCN Wetlands",2021-12-28 12:00:00,"Tynan Ramm-Granberg"
688149,"A3804","TP1.b1.Ne","Carex aquatilis - Carex utriculata - Deschampsia cespitosa Wet Meadow Alliance","Washington NCCN Wetlands",2021-12-26 11:14:13,"Tynan Ramm-Granberg"
685129,"A3804","TP1.b1.Ne","Carex aquatilis - Carex utriculata - Deschampsia cespitosa Wet Meadow Alliance","Washington NCCN Wetlands",2021-12-26 11:14:12,"Tynan Ramm-Granberg"
686154,"A3804","TP1.b1.Ne","Carex aquatilis - Carex utriculata - Deschampsia cespitosa Wet Meadow Alliance","Washington NCCN Wetlands",2021-12-26 11:14:03,"Tynan Ramm-Granberg"
1110176,"A3804","TP1.b1.Ne","Carex aquatilis - Carex utriculata - Deschampsia cespitosa Wet Meadow Alliance","Washington NCCN Wetlands",2021-12-28 12:00:00,"Tynan Ramm-Granberg"
1285420,"G015","TT2.b1.Na","Southern Appalachian Oak Forest & Woodland","IVC clean-up Dec 2023-Jan 2024",2024-02-23 08:34:29,"D. Faber-Langendoen, P. McIntyre, C. Nordman"
1159131,"G650","TT2.b1.Na","Central Appalachian-Northeast Oak Forest & Woodland","",2021-10-22 12:00:00,"D. Faber-Langendoen"
899243,"G650","TT2.b1.Na","Central Appalachian-Northeast Oak Forest & Woodland","Appalachian Mountains revisions 2019",2019-11-04 10:25:55,"D. Faber-Langendoen"
841993,"G650","TT2.b1.Na","Central Appalachian-Northeast Oak Forest & Woodland","Appalachian Mountains revisions 2019",2019-11-04 10:25:47,"D. Faber-Langendoen"
686934,"A0248","","Quercus montana - Quercus coccinea Forest Alliance","Appalachians",2020-05-05 11:47:53,"D. Faber-Langendoen"
728821,"A0248","","Quercus montana - Quercus coccinea Forest Alliance","Appalachian Mountains revisions 2019",2019-11-04 10:25:38,"D. Faber-Langendoen"
686512,"A0248","","Quercus montana - Quercus coccinea Forest Alliance","Appalachian Mountains revisions 2019",2019-11-04 10:25:34,"D. Faber-Langendoen"
688482,"A0248","","Quercus montana - Quercus coccinea Forest Alliance","Appalachian Mountains revisions 2019",2019-11-04 10:25:42,"D. Faber-Langendoen"
684808,"A0248","","Quercus montana - Quercus coccinea Forest Alliance","Appalachian Mountains revisions 2019",2019-11-04 10:25:35,"D. Faber-Langendoen"
687537,"A0248","","Quercus montana - Quercus coccinea Forest Alliance","Appalachians",2020-05-05 12:00:00,"D. Faber-Langendoen"
684730,"A0248","","Quercus montana - Quercus coccinea Forest Alliance","Appalachian Mountains revisions 2019",2019-11-04 10:25:40,"D. Faber-Langendoen"
687462,"A0248","","Quercus montana - Quercus coccinea Forest Alliance","Appalachians",2020-05-05 11:47:53,"D. Faber-Langendoen"
688054,"A0250","TT2.b1.Na","Quercus montana - Quercus rubra Forest Alliance","Appalachians",2020-05-05 11:49:08,"D. Faber-Langendoen"
686143,"A0250","TT2.b1.Na","Quercus montana - Quercus rubra Forest Alliance","Appalachians",2020-05-05 12:00:00,"D. Faber-Langendoen"
683617,"A0250","TT2.b1.Na","Quercus montana - Quercus rubra Forest Alliance","Appalachians",2020-05-05 11:49:07,"D. Faber-Langendoen"
688864,"A0677","TT2.b1.Na","Pinus pungens - Pinus rigida - Quercus montana Woodland Alliance","USNVC NC revisions",2023-10-18 06:19:59,"M. Schafale, D. Faber-Langendoen"
689688,"A0677","TT2.b1.Na","Pinus pungens - Pinus rigida - Quercus montana Woodland Alliance","USNVC NC revisions",2023-10-18 12:00:00,"M. Schafale, D. Faber-Langendoen"
685025,"A0677","TT2.b1.Na","Pinus pungens - Pinus rigida - Quercus montana Woodland Alliance","Appalachians, Piedmont review, part 2",2020-12-09 12:40:20,"D. Faber-Langendoen"
683196,"A0677","TT2.b1.Na","Pinus pungens - Pinus rigida - Quercus montana Woodland Alliance","Northeast review 2020",2020-08-10 12:00:00,"D. Faber-Langendoen"
684257,"A2080","","Pinus strobus - Quercus montana Appalachian Forest Alliance","Appalachian Mountains revisions 2019",2019-11-04 10:25:30,"D. Faber-Langendoen"
686116,"A2080","","Pinus strobus - Quercus montana Appalachian Forest Alliance","Appalachian Mountains revisions 2019",2019-11-04 10:25:28,"D. Faber-Langendoen"
685190,"A2080","","Pinus strobus - Quercus montana Appalachian Forest Alliance","Appalachian Mountains revisions 2019",2019-11-04 10:25:26,"D. Faber-Langendoen"
689639,"A2080","","Pinus strobus - Quercus montana Appalachian Forest Alliance","Appalachian Mountains revisions 2019",2019-11-04 10:25:24,"D. Faber-Langendoen"
791646,"A2080","","Pinus strobus - Quercus montana Appalachian Forest Alliance","Appalachian Mountains revisions 2019",2019-11-04 10:25:32,"D. Faber-Langendoen"
689368,"A3289","","Quercus montana - Quercus falcata Forest Alliance","",2020-12-09 12:39:05,"D. Faber-Langendoen"
688220,"A3289","","Quercus montana - Quercus falcata Forest Alliance","",2020-12-09 12:39:05,"D. Faber-Langendoen"
740220,"A3289","","Quercus montana - Quercus falcata Forest Alliance","",2020-12-09 12:39:05,"D. Faber-Langendoen"
687856,"A3289","","Quercus montana - Quercus falcata Forest Alliance","",2020-12-09 12:39:05,"D. Faber-Langendoen"
688482,"A3289","","Quercus montana - Quercus falcata Forest Alliance","Appalachians",2020-05-05 11:48:50,"D. Faber-Langendoen"
684621,"A3289","","Quercus montana - Quercus falcata Forest Alliance","Appalachians",2020-05-05 11:48:51,"D. Faber-Langendoen"
683183,"A3289","","Quercus montana - Quercus falcata Forest Alliance","",2020-12-09 12:39:05,"D. Faber-Langendoen"
685442,"A3289","","Quercus montana - Quercus falcata Forest Alliance","",2020-12-09 12:39:05,"D. Faber-Langendoen"
683611,"A3289","","Quercus montana - Quercus falcata Forest Alliance","",2020-12-09 12:39:05,"D. Faber-Langendoen"
687226,"A3289","","Quercus montana - Quercus falcata Forest Alliance","",2020-12-09 12:39:05,"D. Faber-Langendoen"
683394,"A3289","","Quercus montana - Quercus falcata Forest Alliance","",2020-12-09 12:39:05,"D. Faber-Langendoen"
687818,"A3289","","Quercus montana - Quercus falcata Forest Alliance","",2020-12-09 12:39:05,"D. Faber-Langendoen"
689688,"A3312","TT2.b1.Na","Pinus virginiana - Quercus montana Acidic Shale Woodland Alliance","Appalachians",2020-05-05 12:00:00,"D. Faber-Langendoen"
684217,"A3312","TT2.b1.Na","Pinus virginiana - Quercus montana Acidic Shale Woodland Alliance","USNVC VA clean-up",2023-12-22 03:04:58,"K. Pattersons, D. Faber-Langendoen"
943698,"A3312","TT2.b1.Na","Pinus virginiana - Quercus montana Acidic Shale Woodland Alliance","Appalachians",2020-05-05 11:50:04,"D. Faber-Langendoen"
686117,"A3312","TT2.b1.Na","Pinus virginiana - Quercus montana Acidic Shale Woodland Alliance","USNVC VA clean-up",2023-12-22 03:04:59,"K. Pattersons, D. Faber-Langendoen"
688864,"A3960","TT4.b1.Nb","Quercus montana - Pinus echinata / Schizachyrium scoparium Scrub Alliance","NC NVC peer review",2021-04-29 04:56:10,"D. Faber-Langendoen & M. Schafale"
689771,"A3909","","Quercus ilicifolia - Aronia melanocarpa Bedrock Shrubland Alliance","Northeast review 2020",2020-08-10 12:00:00,"D. Faber-Langendoen"
686773,"A3158","TT5.b1.Na","Opuntia engelmannii - Cylindropuntia imbricata - Grusonia schottii Chihuahuan Desert Succulent Scrub Alliance","Southwest regional peer review (NM, AZ, CO, UT, NV)",2023-02-17 02:58:10,"E. Muldavin et al."
686775,"A1123","TP1.b1.Ne","Vaccinium uliginosum - Vaccinium cespitosum Wet Shrubland Alliance","Washington NCCN Wetlands",2021-12-26 11:13:29,"Tynan Ramm-Granberg"
686762,"A1123","TP1.b1.Ne","Vaccinium uliginosum - Vaccinium cespitosum Wet Shrubland Alliance","USNVC California review",2023-02-20 06:57:33,"Evens, J., R. Boul, D. Faber-Langendoen"
688791,"A1123","TP1.b1.Ne","Vaccinium uliginosum - Vaccinium cespitosum Wet Shrubland Alliance","WA NCCN Uplands & Wetlands",2022-02-07 08:52:59,"T. Ramm-Granberg"
687156,"A3585","TP1.c1.Na","Myrica gale - Spiraea douglasii - Vaccinium cespitosum Shrub Fen Alliance","Washington NCCN Wetlands",2021-12-26 11:12:53,"Tynan Ramm-Granberg"
689590,"A3585","TP1.c1.Na","Myrica gale - Spiraea douglasii - Vaccinium cespitosum Shrub Fen Alliance","Washington NCCN Wetlands",2021-12-26 11:12:49,"Tynan Ramm-Granberg"
688728,"A3585","TP1.c1.Na","Myrica gale - Spiraea douglasii - Vaccinium cespitosum Shrub Fen Alliance","Washington NCCN Wetlands",2021-12-26 11:12:59,"Tynan Ramm-Granberg"
687157,"A3585","TP1.c1.Na","Myrica gale - Spiraea douglasii - Vaccinium cespitosum Shrub Fen Alliance","Washington NCCN Wetlands",2021-12-26 11:12:56,"Tynan Ramm-Granberg"
685906,"A3585","TP1.c1.Na","Myrica gale - Spiraea douglasii - Vaccinium cespitosum Shrub Fen Alliance","Washington NCCN Wetlands",2021-12-26 11:12:51,"Tynan Ramm-Granberg"
687040,"A3295","","Quercus stellata - Quercus margarettae Woodland Alliance","Appalachians",2020-05-05 11:47:52,"D. Faber-Langendoen"
685429,"A3295","","Quercus stellata - Quercus margarettae Woodland Alliance","Appalachians",2020-05-05 11:47:52,"D. Faber-Langendoen"
687882,"A1374","TP1.b1.Ne","Juncus arcticus ssp. littoralis - Juncus mexicanus Wet Meadow Alliance","Washington NCCN Wetlands",2021-12-26 11:06:12,"Tynan Ramm-Granberg"
686583,"A1374","TP1.b1.Ne","Juncus arcticus ssp. littoralis - Juncus mexicanus Wet Meadow Alliance","Washington NCCN Wetlands",2021-12-26 11:06:12,"Tynan Ramm-Granberg"
687329,"A3898","MB1.a3.Nb","Argentina egedii - Calamagrostis nutkaensis - Juncus arcticus ssp. littoralis Salt Marsh Alliance","Washington updates",2022-08-08 11:08:22,"T. Ramm-Granberg & D. Faber-Langendoen"
689905,"A3898","MB1.a3.Nb","Argentina egedii - Calamagrostis nutkaensis - Juncus arcticus ssp. littoralis Salt Marsh Alliance","Washington updates",2022-08-08 11:08:22,"T. Ramm-Granberg & D. Faber-Langendoen"
685889,"A3898","MB1.a3.Nb","Argentina egedii - Calamagrostis nutkaensis - Juncus arcticus ssp. littoralis Salt Marsh Alliance","Washington updates",2022-08-08 11:08:22,"T. Ramm-Granberg & D. Faber-Langendoen"
689870,"A3903","MB1.a3.Nb","Bolboschoenus maritimus - Schoenoplectus californicus Salt Marsh Alliance","California USNVC review",2023-02-27 12:54:38,"Evens, J., R. Boul"
687261,"A3903","MB1.a3.Nb","Bolboschoenus maritimus - Schoenoplectus californicus Salt Marsh Alliance","California USNVC review",2023-02-27 12:54:38,"Evens, J., R. Boul"
685790,"A3903","MB1.a3.Nb","Bolboschoenus maritimus - Schoenoplectus californicus Salt Marsh Alliance","Washington updates",2022-08-08 11:10:55,"T. Ramm-Granberg & D. Faber-Langendoen"
685790,"A3903","MB1.a3.Nb","Bolboschoenus maritimus - Schoenoplectus californicus Salt Marsh Alliance","California USNVC review",2023-02-27 12:54:38,"Evens, J., R. Boul"
1277752,"A3903","MB1.a3.Nb","Bolboschoenus maritimus - Schoenoplectus californicus Salt Marsh Alliance","California reg'l review of USNVC, 2021-2022",2023-05-01 08:41:11,"P. McIntyre, D. Faber-Langendoen"
893476,"A4225","TT4.d1.Na","Central Midwest-Interior Alkaline Talus & Rock Outcrop Alliance","",2019-01-24 12:00:00,"D. Faber-Langendoen"
893473,"A4225","TT4.d1.Na","Central Midwest-Interior Alkaline Talus & Rock Outcrop Alliance","",2019-01-24 12:00:00,"D. Faber-Langendoen"
688808,"A3330","TT6.b2.Nb","Vaccinium cespitosum - Vaccinium membranaceum - Vaccinium scoparium Cascadian Alpine Dwarf-shrubland Alliance","WA NCCN Uplands & Wetlands",2022-02-07 08:53:05,"T. Ramm-Granberg"
685616,"A3910","","Danthonia spicata - Deschampsia flexuosa - Deschampsia cespitosa Bedrock Grassland Alliance","Northeast review 2020",2020-08-10 12:00:00,"D. Faber-Langendoen"
885459,"A3380","","Alnus serrulata Appalachian Shrub Seep Alliance","",2020-12-09 12:39:45,"D. Faber-Langendoen"
689174,"A3355","TT2.a1.Nc","Hesperocyparis sargentii - Hesperocyparis macnabiana - Hesperocyparis bakeri Woodland Alliance","California updates",2022-06-22 05:23:59,"J. Evens, R. Boul, D. Faber-Langendoen"
686632,"A3355","TT2.a1.Nc","Hesperocyparis sargentii - Hesperocyparis macnabiana - Hesperocyparis bakeri Woodland Alliance","California updates",2022-06-22 05:24:00,"J. Evens, R. Boul, D. Faber-Langendoen"
1239379,"G198","TT2.a1.Nc","Californian Conifer Forest & Woodland","remaining edits for V3.0 release",2025-08-14 05:41:23,"D. Faber-Langendoen"
687316,"A4092","TT4.b1.Nb","Bigelowia nuttallii - Aristida longespica - Schizachyrium scoparium West Gulf Coastal Plain Grassland Alliance","Southeast, Texarkana USNVC reg'l review, June 2023",2023-06-24 08:59:22,"Southeast + TX ecologists, D. Faber-Langendoen"
689006,"A4092","TT4.b1.Nb","Bigelowia nuttallii - Aristida longespica - Schizachyrium scoparium West Gulf Coastal Plain Grassland Alliance","Southeast, Texarkana USNVC reg'l review, June 2023",2023-06-24 08:59:22,"Southeast + TX ecologists, D. Faber-Langendoen"
688579,"A4092","TT4.b1.Nb","Bigelowia nuttallii - Aristida longespica - Schizachyrium scoparium West Gulf Coastal Plain Grassland Alliance","Southeast, Texarkana USNVC reg'l review, June 2023",2023-06-24 08:59:22,"Southeast + TX ecologists, D. Faber-Langendoen"
687696,"A4092","TT4.b1.Nb","Bigelowia nuttallii - Aristida longespica - Schizachyrium scoparium West Gulf Coastal Plain Grassland Alliance","Southeast, Texarkana USNVC reg'l review, June 2023",2023-06-24 08:59:22,"Southeast + TX ecologists, D. Faber-Langendoen"
1277549,"A3820","TP1.b1.Ne","Danthonia californica - Carex lenticularis - Deschampsia cespitosa Coastal & Lowland Marsh Alliance","California reg'l review of USNVC, 2021-2022",2023-05-01 08:41:04,"P. McIntyre, D. Faber-Langendoen"
686151,"A3820","TP1.b1.Ne","Danthonia californica - Carex lenticularis - Deschampsia cespitosa Coastal & Lowland Marsh Alliance","Washington NCCN Wetlands",2021-12-26 11:13:17,"Tynan Ramm-Granberg"
687036,"A3820","TP1.b1.Ne","Danthonia californica - Carex lenticularis - Deschampsia cespitosa Coastal & Lowland Marsh Alliance","Washington NCCN Wetlands",2021-12-26 11:13:15,"Tynan Ramm-Granberg"
1277547,"A3820","TP1.b1.Ne","Danthonia californica - Carex lenticularis - Deschampsia cespitosa Coastal & Lowland Marsh Alliance","California reg'l review of USNVC, 2021-2022",2023-05-01 08:41:05,"P. McIntyre, D. Faber-Langendoen"
685711,"A3820","TP1.b1.Ne","Danthonia californica - Carex lenticularis - Deschampsia cespitosa Coastal & Lowland Marsh Alliance","Washington NCCN Wetlands",2021-12-26 11:13:17,"Tynan Ramm-Granberg"
1277551,"A3820","TP1.b1.Ne","Danthonia californica - Carex lenticularis - Deschampsia cespitosa Coastal & Lowland Marsh Alliance","California reg'l review of USNVC, 2021-2022",2023-05-01 08:41:02,"P. McIntyre, D. Faber-Langendoen"
686488,"A3820","TP1.b1.Ne","Danthonia californica - Carex lenticularis - Deschampsia cespitosa Coastal & Lowland Marsh Alliance","Washington NCCN Wetlands",2021-12-28 06:51:00,"Tynan Ramm-Granberg"
1277545,"A3820","TP1.b1.Ne","Danthonia californica - Carex lenticularis - Deschampsia cespitosa Coastal & Lowland Marsh Alliance","California reg'l review of USNVC, 2021-2022",2023-05-01 08:41:07,"P. McIntyre, D. Faber-Langendoen"
885978,"A3847","TP1.b1.Ne","Phragmites australis ssp. australis - Arundo donax - Typha angustifolia Ruderal Marsh Alliance","move to A3848, it is a low-statured graminoid",2017-08-14 12:00:00,"G. Kittel"
684708,"A3847","TP1.b1.Ne","Phragmites australis ssp. australis - Arundo donax - Typha angustifolia Ruderal Marsh Alliance","move to native alliance A0947",2017-08-14 12:00:00,"G. Kittel"
860641,"D039","3.A.2.Na","North American Warm Desert Scrub & Grassland","NVC171-NM",2023-12-06 02:02:11,"D. Faber-Langendoen"
860504,"D039","3.A.2.Na","North American Warm Desert Scrub & Grassland","NVC171-NM",2023-12-06 02:02:10,"D. Faber-Langendoen"
879242,"D039","3.A.2.Na","North American Warm Desert Scrub & Grassland","NVC171-NM",2023-12-06 02:02:11,"D. Faber-Langendoen"
860456,"D039","3.A.2.Na","North American Warm Desert Scrub & Grassland","NVC171-NM",2023-12-06 02:02:11,"D. Faber-Langendoen"
860585,"D039","3.A.2.Na","North American Warm Desert Scrub & Grassland","NVC171-NM",2023-12-06 02:02:10,"D. Faber-Langendoen"
860499,"D039","3.A.2.Na","North American Warm Desert Scrub & Grassland","NVC171-NM",2023-12-06 02:02:10,"D. Faber-Langendoen"
860552,"D039","3.A.2.Na","North American Warm Desert Scrub & Grassland","NVC171-NM",2023-12-06 02:02:10,"D. Faber-Langendoen"
837646,"M168","","Rocky Mountain-Vancouverian Subalpine-High Montane Mesic Meadow","Western chaparral, shrubland etc updates Aug 2023",2023-08-25 12:00:00,"Member program ecologists, D. Faber-Langendoen"
836955,"M168","","Rocky Mountain-Vancouverian Subalpine-High Montane Mesic Meadow","Western chaparral, shrubland etc updates Aug 2023",2023-08-25 06:12:09,"Member program ecologists, D. Faber-Langendoen"
683631,"A3666","","Schoenoplectus tabernaemontani - Bolboschoenus fluviatilis - Typha spp. Shallow Marsh Alliance","Northeast review 2020",2020-08-10 08:47:05,"D. Faber-Langendoen"
683475,"A3666","","Schoenoplectus tabernaemontani - Bolboschoenus fluviatilis - Typha spp. Shallow Marsh Alliance","Northeast review 2020",2020-08-10 08:47:05,"D. Faber-Langendoen"
684895,"A4000","TT4.b1.Nf","Bouteloua gracilis - Bouteloua dactyloides Shortgrass Prairie Alliance","Great Plains Peer Review 2019",2019-07-31 12:00:00,"D. Faber-Langendoen"
689973,"A3234","TT2.a1.Na","Quercus alba - Carya tomentosa Mesic Coastal Plain Forest Alliance","NVC163 Central Midwest regional review",2022-04-13 08:34:53,"D. Faber-Langendoen, M. Leahy, et al"
820772,"A3234","TT2.a1.Na","Quercus alba - Carya tomentosa Mesic Coastal Plain Forest Alliance","NVC163 Central Midwest regional review",2022-04-13 08:34:53,"D. Faber-Langendoen, M. Leahy, et al"
689838,"A3234","TT2.a1.Na","Quercus alba - Carya tomentosa Mesic Coastal Plain Forest Alliance","NVC163 Central Midwest regional review",2022-04-13 08:34:53,"D. Faber-Langendoen, M. Leahy, et al"
684485,"A3234","TT2.a1.Na","Quercus alba - Carya tomentosa Mesic Coastal Plain Forest Alliance","NVC163 Central Midwest regional review",2022-04-13 08:34:53,"D. Faber-Langendoen, M. Leahy, et al"
821455,"A3234","TT2.a1.Na","Quercus alba - Carya tomentosa Mesic Coastal Plain Forest Alliance","NVC163 Central Midwest regional review",2022-04-13 08:34:53,"D. Faber-Langendoen, M. Leahy, et al"
687633,"A3234","TT2.a1.Na","Quercus alba - Carya tomentosa Mesic Coastal Plain Forest Alliance","NVC163 Central Midwest regional review",2022-04-13 08:34:53,"D. Faber-Langendoen, M. Leahy, et al"
689571,"A3234","TT2.a1.Na","Quercus alba - Carya tomentosa Mesic Coastal Plain Forest Alliance","NVC163 Central Midwest regional review",2022-04-13 08:34:53,"D. Faber-Langendoen, M. Leahy, et al"
685135,"A3234","TT2.a1.Na","Quercus alba - Carya tomentosa Mesic Coastal Plain Forest Alliance","NVC163 Central Midwest regional review",2022-04-13 08:34:53,"D. Faber-Langendoen, M. Leahy, et al"
721877,"A3234","TT2.a1.Na","Quercus alba - Carya tomentosa Mesic Coastal Plain Forest Alliance","NVC163 Central Midwest regional review",2022-04-13 08:34:53,"D. Faber-Langendoen, M. Leahy, et al"
788077,"A3234","TT2.a1.Na","Quercus alba - Carya tomentosa Mesic Coastal Plain Forest Alliance","NVC163 Central Midwest regional review",2022-04-13 08:34:53,"D. Faber-Langendoen, M. Leahy, et al"
1222787,"A4210","TT4.b1.Ne","Festuca idahoensis ssp. roemeri - Danthonia californica Interior Prairie, Bald & Bluff Grassland Alliance","USNVC California review",2023-02-20 12:00:00,"Evens, J., R. Boul, D. Faber-Langendoen"
684654,"A4210","TT4.b1.Ne","Festuca idahoensis ssp. roemeri - Danthonia californica Interior Prairie, Bald & Bluff Grassland Alliance","USNVC California review",2023-02-20 06:57:21,"Evens, J., R. Boul, D. Faber-Langendoen"
687118,"A4210","TT4.b1.Ne","Festuca idahoensis ssp. roemeri - Danthonia californica Interior Prairie, Bald & Bluff Grassland Alliance","USNVC California review",2023-02-20 06:57:24,"Evens, J., R. Boul, D. Faber-Langendoen"
689210,"A4210","TT4.b1.Ne","Festuca idahoensis ssp. roemeri - Danthonia californica Interior Prairie, Bald & Bluff Grassland Alliance","Washington updates",2022-08-08 11:10:31,"T. Ramm-Granberg & D. Faber-Langendoen"
1222803,"A4210","TT4.b1.Ne","Festuca idahoensis ssp. roemeri - Danthonia californica Interior Prairie, Bald & Bluff Grassland Alliance","USNVC California review",2023-02-20 06:57:22,"Evens, J., R. Boul, D. Faber-Langendoen"
684653,"A4210","TT4.b1.Ne","Festuca idahoensis ssp. roemeri - Danthonia californica Interior Prairie, Bald & Bluff Grassland Alliance","Washington updates",2022-08-08 11:10:28,"T. Ramm-Granberg & D. Faber-Langendoen"
800985,"A3992","TT4.d1.Na","Eastern North American Erosional Bluff Alliance","",2025-03-05 02:22:44,"D.Faber-Langendoen"
1042167,"G898","TT6.b1.Xa","Arctic Herbaceous Tundra","",2025-03-05 02:21:46,"D.Faber-Langendoen"
1042143,"G898","TT6.b1.Xa","Arctic Herbaceous Tundra","",2025-03-05 02:21:46,"D.Faber-Langendoen"
1042190,"G898","TT6.b1.Xa","Arctic Herbaceous Tundra","",2025-03-05 02:21:46,"D.Faber-Langendoen"
1042153,"G898","TT6.b1.Xa","Arctic Herbaceous Tundra","",2025-03-05 02:21:46,"D.Faber-Langendoen"
687227,"A4047","TT4.b1.Nf","Schizachyrium scoparium - Sorghastrum nutans Central Sand & Gravel Grassland Alliance","Southeast Grasslands revisions by D. Estes, SGI, et al",2024-02-23 08:28:13,"D. Estes et al"
684993,"A4047","TT4.b1.Nf","Schizachyrium scoparium - Sorghastrum nutans Central Sand & Gravel Grassland Alliance","NVC163 Central Midwest regional review",2022-04-14 02:43:47,"D. Faber-Langendoen, M. Leahy, et al"
684993,"A4047","TT4.b1.Nf","Schizachyrium scoparium - Sorghastrum nutans Central Sand & Gravel Grassland Alliance","Great Plains Peer Review",2019-06-27 12:00:00,"Don Faber-Langendoen"
686904,"A2079","","Lasallia papulosa - Lasallia caroliniana Appalachian Rock Outcrop Alliance","",2020-12-09 12:39:33,"D. Faber-Langendoen"
686039,"A3475","TP1.b1.Nc","Dulichium arundinaceum - Carex spp. Central Interior Pond Marsh Alliance","",2019-02-05 12:00:00,"D. Faber-Langendoen"
836282,"A3475","TP1.b1.Nc","Dulichium arundinaceum - Carex spp. Central Interior Pond Marsh Alliance","",2019-02-05 12:00:00,"D. Faber-Langendoen"
687830,"A3475","TP1.b1.Nc","Dulichium arundinaceum - Carex spp. Central Interior Pond Marsh Alliance","",2019-02-05 12:00:00,"D. Faber-Langendoen"
687924,"A3703","","Dasiphora fruticosa - Carex sterilis - Carex flava Alkaline Shrub Fen Alliance","Northeast review 2020",2020-08-10 12:00:00,"D. Faber-Langendoen"
689508,"A3703","","Dasiphora fruticosa - Carex sterilis - Carex flava Alkaline Shrub Fen Alliance","Vermont",2020-04-29 01:14:26,"D. Faber-Langendoen"
685846,"A3703","","Dasiphora fruticosa - Carex sterilis - Carex flava Alkaline Shrub Fen Alliance","Northeast review 2020",2020-08-10 08:47:04,"D. Faber-Langendoen"
687547,"A3703","","Dasiphora fruticosa - Carex sterilis - Carex flava Alkaline Shrub Fen Alliance","Northeast review 2020",2020-08-10 08:47:04,"D. Faber-Langendoen"
687910,"A3703","","Dasiphora fruticosa - Carex sterilis - Carex flava Alkaline Shrub Fen Alliance","Northeast review 2020",2020-08-10 08:47:04,"D. Faber-Langendoen"
686266,"A3703","","Dasiphora fruticosa - Carex sterilis - Carex flava Alkaline Shrub Fen Alliance","Northeast review 2020",2020-08-10 08:47:04,"D. Faber-Langendoen"
685318,"A3703","","Dasiphora fruticosa - Carex sterilis - Carex flava Alkaline Shrub Fen Alliance","Northeast review 2020",2020-08-10 12:00:00,"D. Faber-Langendoen"
687808,"A3703","","Dasiphora fruticosa - Carex sterilis - Carex flava Alkaline Shrub Fen Alliance","Northeast review 2020",2020-08-10 08:47:04,"D. Faber-Langendoen"
1275224,"A4250","TT4.b1.Nf","Phleum pratense - Poa pratensis - Bromus inermis Ruderal Grassland Alliance","",2024-06-04 05:36:09,"D.Faber-Langendoen"
730773,"A4250","TT4.b1.Nf","Phleum pratense - Poa pratensis - Bromus inermis Ruderal Grassland Alliance","",2024-06-04 05:36:09,"D.Faber-Langendoen"
684776,"A4250","TT4.b1.Nf","Phleum pratense - Poa pratensis - Bromus inermis Ruderal Grassland Alliance","",2024-06-04 05:36:09,"D.Faber-Langendoen"
688601,"A4250","TT4.b1.Nf","Phleum pratense - Poa pratensis - Bromus inermis Ruderal Grassland Alliance","",2024-06-04 05:36:09,"D.Faber-Langendoen"
1041615,"M175","TT6.b1.Xa","Arctic Scree, Rock & Cliff Barrens","",2025-04-11 07:21:30,"D.Faber-Langendoen"
1044283,"G616","TT6.b1.Xa","Arctic Gravel Floodplain Vegetation","",2025-03-05 02:21:51,"D.Faber-Langendoen"
1041543,"G856","TT2.c1.Na","Central Alaskan Boreal Montane Woodland","",2025-03-05 02:21:25,"D.Faber-Langendoen"
1041546,"G856","TT2.c1.Na","Central Alaskan Boreal Montane Woodland","",2025-03-05 02:21:25,"D.Faber-Langendoen"
1041477,"G848","TT4.c1.Na","Alaskan-Yukon Boreal Montane Alder - Willow Shrubland","",2025-03-05 02:21:37,"D.Faber-Langendoen"
1041472,"G848","TT4.c1.Na","Alaskan-Yukon Boreal Montane Alder - Willow Shrubland","",2025-03-05 02:21:37,"D.Faber-Langendoen"
1222847,"A3396","TT2.b3.Nb","Pseudotsuga menziesii - Pinus contorta Central Rocky Mountain Forest Alliance","Washington updates",2022-08-08 11:09:21,"T. Ramm-Granberg & D. Faber-Langendoen"
688266,"A0586","TT2.b3.Na","Cercocarpus ledifolius Shrubby Woodland Alliance","Interior West, Rocky Mountain Uplands review",2022-01-04 08:12:50,"F.J. Triepke, P. McIntyre, D. Faber-Langendoen"
688142,"A0586","TT2.b3.Na","Cercocarpus ledifolius Shrubby Woodland Alliance","Interior West, Rocky Mountain Uplands review",2022-01-04 08:12:50,"F.J. Triepke, P. McIntyre, D. Faber-Langendoen"
815326,"A0586","TT2.b3.Na","Cercocarpus ledifolius Shrubby Woodland Alliance","Interior West, Rocky Mountain Uplands review",2022-01-04 08:12:50,"F.J. Triepke, P. McIntyre, D. Faber-Langendoen"
688393,"A0586","TT2.b3.Na","Cercocarpus ledifolius Shrubby Woodland Alliance","Interior West, Rocky Mountain Uplands review",2022-01-04 08:12:50,"F.J. Triepke, P. McIntyre, D. Faber-Langendoen"
687419,"A0586","TT2.b3.Na","Cercocarpus ledifolius Shrubby Woodland Alliance","Interior West, Rocky Mountain Uplands review",2022-01-04 08:12:50,"F.J. Triepke, P. McIntyre, D. Faber-Langendoen"
815381,"A0586","TT2.b3.Na","Cercocarpus ledifolius Shrubby Woodland Alliance","Interior West, Rocky Mountain Uplands review",2022-01-04 08:12:50,"F.J. Triepke, P. McIntyre, D. Faber-Langendoen"
689745,"A0586","TT2.b3.Na","Cercocarpus ledifolius Shrubby Woodland Alliance","Interior West, Rocky Mountain Uplands review",2022-01-04 08:12:50,"F.J. Triepke, P. McIntyre, D. Faber-Langendoen"
687850,"A3574","TT2.b3.Na","Juniperus monosperma Shrubby Woodland Alliance","",2025-03-05 02:22:16,"D.Faber-Langendoen"
820828,"A3574","TT2.b3.Na","Juniperus monosperma Shrubby Woodland Alliance","",2025-03-05 02:22:21,"D.Faber-Langendoen"
684526,"A3574","TT2.b3.Na","Juniperus monosperma Shrubby Woodland Alliance","",2025-03-05 02:22:24,"D.Faber-Langendoen"
684488,"A3574","TT2.b3.Na","Juniperus monosperma Shrubby Woodland Alliance","",2025-03-05 02:22:20,"D.Faber-Langendoen"
689077,"A3574","TT2.b3.Na","Juniperus monosperma Shrubby Woodland Alliance","",2025-03-05 02:22:17,"D.Faber-Langendoen"
688467,"A3574","TT2.b3.Na","Juniperus monosperma Shrubby Woodland Alliance","",2025-03-05 02:22:18,"D.Faber-Langendoen"
687360,"A3574","TT2.b3.Na","Juniperus monosperma Shrubby Woodland Alliance","",2025-03-05 02:22:22,"D.Faber-Langendoen"
690100,"A4035","","Juniperus horizontalis - Dasiphora fruticosa / Schizachyrium scoparium Shrubland Alliance","Great Plains Peer Review 2019 based on merge of parent alliance",2019-08-01 04:38:59,"D. Faber-Langendoen"
689929,"A4035","","Juniperus horizontalis - Dasiphora fruticosa / Schizachyrium scoparium Shrubland Alliance","Great Plains Peer Review 2019 based on merge of parent alliance",2019-08-01 04:38:59,"D. Faber-Langendoen"
685859,"A4035","","Juniperus horizontalis - Dasiphora fruticosa / Schizachyrium scoparium Shrubland Alliance","Great Plains Peer Review 2019 based on merge of parent alliance",2019-08-01 04:38:59,"D. Faber-Langendoen"
687276,"A4035","","Juniperus horizontalis - Dasiphora fruticosa / Schizachyrium scoparium Shrubland Alliance","Great Plains Peer Review 2019 based on merge of parent alliance",2019-08-01 04:38:59,"D. Faber-Langendoen"
684486,"A4035","","Juniperus horizontalis - Dasiphora fruticosa / Schizachyrium scoparium Shrubland Alliance","Great Plains Peer Review 2019 based on merge of parent alliance",2019-08-01 04:38:59,"D. Faber-Langendoen"
857875,"A2109","TT2.b3.Na","Pinus monophylla - Juniperus osteosperma Grassy Open Woodland Alliance","California USNVC updates Aug 2023",2023-08-25 06:51:14,"R. Boul, J. Evens, D. Faber-Langendoen"
959267,"A3576","TT2.b3.Na","Pinus edulis - Juniperus monosperma Shrubby Woodland Alliance","",2025-03-05 02:22:29,"D.Faber-Langendoen"
689227,"A3576","TT2.b3.Na","Pinus edulis - Juniperus monosperma Shrubby Woodland Alliance","",2025-03-05 02:22:30,"D.Faber-Langendoen"
1041581,"G859","TT2.c1.Na","Alaska-Yukon Northern Boreal Mesic Woodland","",2025-03-05 02:21:27,"D.Faber-Langendoen"
1041586,"G859","TT2.c1.Na","Alaska-Yukon Northern Boreal Mesic Woodland","",2025-03-05 02:21:27,"D.Faber-Langendoen"
1042040,"G896","TT6.b1.Xa","Arctic Dwarf-shrub Tundra","",2025-03-05 02:22:53,"D.Faber-Langendoen"
1042030,"G896","TT6.b1.Xa","Arctic Dwarf-shrub Tundra","",2025-03-05 02:22:52,"D.Faber-Langendoen"
839419,"A3823","TP1.b1.Nf","Carex aquatilis - Carex spp. - Eriophorum angustifolium Sedge Meadow Alliance","",2018-05-16 12:00:00,"D. Faber-Langendoen"
899665,"G751","TT2.b2.Na","Coastal Western Hemlock - Sitka Spruce Rainforest","USNVC 3.0 pre-release edits",2025-06-23 07:37:09,"D. Faber-Langendoen"
899669,"G751","TT2.b2.Na","Coastal Western Hemlock - Sitka Spruce Rainforest","Washington updates",2022-08-08 11:10:00,"T. Ramm-Granberg & D. Faber-Langendoen"
688377,"A3432","TP1.c2.Na","Myrica gale - Spiraea douglasii Alkaline Fen Alliance","WA NCCN Uplands & Wetlands",2022-02-07 08:52:24,"T. Ramm-Granberg"
683757,"A3432","TP1.c2.Na","Myrica gale - Spiraea douglasii Alkaline Fen Alliance","WA NCCN Uplands & Wetlands",2022-02-07 08:52:24,"T. Ramm-Granberg"
689528,"A4373","","Pinus rigida Sandy Woodland Alliance","Northeast review 2020",2020-08-10 12:00:00,"D. Faber-Langendoen"
950084,"A4373","","Pinus rigida Sandy Woodland Alliance","Appalachian Mountains revisions 2019",2019-11-04 12:00:00,"D. Faber-Langendoen"
683533,"A4373","","Pinus rigida Sandy Woodland Alliance","Northeast review 2020",2020-08-10 08:46:58,"D. Faber-Langendoen"
684099,"A4373","","Pinus rigida Sandy Woodland Alliance","Northeast review 2020",2020-08-10 12:00:00,"D. Faber-Langendoen"
689988,"A4373","","Pinus rigida Sandy Woodland Alliance","Appalachian Mountains revisions 2019",2019-11-04 12:00:00,"D. Faber-Langendoen"
685733,"A4373","","Pinus rigida Sandy Woodland Alliance","Northeast review 2020",2020-08-10 08:46:58,"D. Faber-Langendoen"
947926,"A3496","","Juniperus osteosperma Shrubby Woodland Alliance","",2019-01-10 12:00:00,"D. Faber-Langendoen"
688820,"A3496","","Juniperus osteosperma Shrubby Woodland Alliance","",2019-01-10 12:00:00,"D. Faber-Langendoen"
971692,"A3496","","Juniperus osteosperma Shrubby Woodland Alliance","",2019-01-10 12:00:00,"D. Faber-Langendoen"
688977,"A3496","","Juniperus osteosperma Shrubby Woodland Alliance","",2019-01-10 12:00:00,"D. Faber-Langendoen"
964291,"A3496","","Juniperus osteosperma Shrubby Woodland Alliance","",2019-01-10 12:00:00,"D. Faber-Langendoen"
948167,"A3496","","Juniperus osteosperma Shrubby Woodland Alliance","",2019-01-10 12:00:00,"D. Faber-Langendoen"
794090,"A3496","","Juniperus osteosperma Shrubby Woodland Alliance","",2019-01-10 12:00:00,"D. Faber-Langendoen"
686405,"A3496","","Juniperus osteosperma Shrubby Woodland Alliance","",2019-01-10 12:00:00,"D. Faber-Langendoen"
769162,"A3496","","Juniperus osteosperma Shrubby Woodland Alliance","",2019-01-10 12:00:00,"D. Faber-Langendoen"
683945,"A3496","","Juniperus osteosperma Shrubby Woodland Alliance","",2019-01-10 12:00:00,"D. Faber-Langendoen"
685412,"A3496","","Juniperus osteosperma Shrubby Woodland Alliance","",2019-01-10 12:00:00,"D. Faber-Langendoen"
683870,"A3496","","Juniperus osteosperma Shrubby Woodland Alliance","",2019-01-10 12:00:00,"D. Faber-Langendoen"
948175,"A3496","","Juniperus osteosperma Shrubby Woodland Alliance","",2019-01-10 12:00:00,"D. Faber-Langendoen"
689211,"A3496","","Juniperus osteosperma Shrubby Woodland Alliance","",2019-01-10 12:00:00,"D. Faber-Langendoen"
686382,"A3496","","Juniperus osteosperma Shrubby Woodland Alliance","",2019-01-10 12:00:00,"D. Faber-Langendoen"
688904,"A3496","","Juniperus osteosperma Shrubby Woodland Alliance","",2019-01-10 12:00:00,"D. Faber-Langendoen"
964298,"A3496","","Juniperus osteosperma Shrubby Woodland Alliance","",2019-01-10 12:00:00,"D. Faber-Langendoen"
947974,"A3496","","Juniperus osteosperma Shrubby Woodland Alliance","",2019-01-10 12:00:00,"D. Faber-Langendoen"
791964,"A3496","","Juniperus osteosperma Shrubby Woodland Alliance","",2019-01-10 12:00:00,"D. Faber-Langendoen"
686259,"A3496","","Juniperus osteosperma Shrubby Woodland Alliance","",2019-01-10 12:00:00,"D. Faber-Langendoen"
683155,"A3496","","Juniperus osteosperma Shrubby Woodland Alliance","",2019-01-10 12:00:00,"D. Faber-Langendoen"
948169,"A3496","","Juniperus osteosperma Shrubby Woodland Alliance","",2019-01-10 12:00:00,"D. Faber-Langendoen"
685440,"A3496","","Juniperus osteosperma Shrubby Woodland Alliance","",2019-01-10 12:00:00,"D. Faber-Langendoen"
947977,"A3496","","Juniperus osteosperma Shrubby Woodland Alliance","",2019-01-10 12:00:00,"D. Faber-Langendoen"
758133,"A3496","","Juniperus osteosperma Shrubby Woodland Alliance","",2019-01-10 12:00:00,"D. Faber-Langendoen"
686383,"A3496","","Juniperus osteosperma Shrubby Woodland Alliance","",2019-01-10 12:00:00,"D. Faber-Langendoen"
683363,"A3685","TP1.b1.Nc","Alnus spp. - Salix spp. - Cornus sericea Shrub Swamp Alliance","Northeast review, part 2",2020-12-16 12:00:00,"D. Faber-Langendoen"
688664,"A4377","TP1.b1.Nc","Alnus incana Shrub Swamp Alliance","CT & RI review",2022-08-09 12:04:53,"J. Lundgren, K. Metzler, D. Faber-Langendoen"
688796,"A4377","TP1.b1.Nc","Alnus incana Shrub Swamp Alliance","NVC108 Eastern Wet Meadows and Shrub swamps final_4feb19_LAS",2020-03-09 12:00:00,"D. Faber-Langendoen"
899021,"G599","TP1.b1.Nc","Central Interior Wet Meadow, Marsh & Shrub Swamp","Southeast, Texarkana USNVC reg'l review, June 2023",2023-06-24 09:02:53,"Southeast + TX ecologists, D. Faber-Langendoen"
689865,"A4369","MS2.a1.Na","Morella pensylvanica / Schizachyrium spp. Heath & Grassland Alliance","",2024-06-28 12:22:33,"D.Faber-Langendoen"
689865,"A4369","MS2.a1.Na","Morella pensylvanica / Schizachyrium spp. Heath & Grassland Alliance","New York NVC peer review",2021-04-29 04:21:39,"D. Faber-Langendoen & NYHP"
685570,"A4369","MS2.a1.Na","Morella pensylvanica / Schizachyrium spp. Heath & Grassland Alliance","Northeast review 2020",2020-08-10 08:47:34,"D. Faber-Langendoen"
686800,"A4096","TT4.b1.Ne","Dasiphora fruticosa / Festuca campestris - Festuca idahoensis Shrub-steppe Alliance","TRG 9/27/23: Move back to A3989. Was moved to this alliance because of ""shrubland"" in name, but nobody looked at the description. This is a lush grassland with a sparse shrub layer (<10% cover) beneath (NVC184_GrpMap_v0.9).",2024-06-21 12:00:00,"D.Faber-Langendoen"
836508,"M898","","Central Appalachian-Northeast Scrub & Grassland","Appalachians",2020-05-05 12:00:00,"D. Faber-Langendoen"
931844,"M898","","Central Appalachian-Northeast Scrub & Grassland","Northeast review 2020",2020-08-10 12:00:00,"D. Faber-Langendoen"
689410,"A1562","","Dasiphora fruticosa / Rhynchospora capillacea - Carex flava Alkaline Shrub Fen Alliance","Northeast review 2020",2020-08-10 08:47:04,"D. Faber-Langendoen"
689623,"A1562","","Dasiphora fruticosa / Rhynchospora capillacea - Carex flava Alkaline Shrub Fen Alliance","Northeast review 2020",2020-08-10 08:47:04,"D. Faber-Langendoen"
687038,"A1562","","Dasiphora fruticosa / Rhynchospora capillacea - Carex flava Alkaline Shrub Fen Alliance","Northeast review 2020",2020-08-10 08:47:04,"D. Faber-Langendoen"
686912,"A0958","TP1.b1.Ne","Dasiphora fruticosa Wet Shrubland Alliance","",2024-06-21 04:44:52,"D.Faber-Langendoen"
688720,"A3830","","Alnus incana / Dasiphora fruticosa Riverscour Alliance","",2020-12-16 06:42:13,"D. Faber-Langendoen"
800164,"A3830","","Alnus incana / Dasiphora fruticosa Riverscour Alliance","Northeast review 2020",2020-08-10 08:47:38,"D. Faber-Langendoen"
689052,"A3830","","Alnus incana / Dasiphora fruticosa Riverscour Alliance","",2020-12-16 06:42:13,"D. Faber-Langendoen"
684522,"A3830","","Alnus incana / Dasiphora fruticosa Riverscour Alliance","Northeast review 2020",2020-08-10 08:47:38,"D. Faber-Langendoen"
742073,"A3027","","Boltonia montana Pondshore Wet Meadow Alliance","Northeast review 2020",2020-08-10 12:00:00,"D. Faber-Langendoen"
1041552,"G857","TT2.c1.Na","Southern Alaskan Boreal Montane Woodland","",2025-03-05 02:21:24,"D.Faber-Langendoen"
1041555,"G857","TT2.c1.Na","Southern Alaskan Boreal Montane Woodland","",2025-03-05 02:21:24,"D.Faber-Langendoen"
1044280,"G368","TP1.b1.Nf","North American Arctic Tall Willow Wet Shrubland","",2025-03-05 02:22:00,"D.Faber-Langendoen"
1044277,"G368","TP1.b1.Nf","North American Arctic Tall Willow Wet Shrubland","",2025-03-05 02:22:00,"D.Faber-Langendoen"
689358,"A3674","TT2.b3.Nc","Abies lowiana - Pseudotsuga menziesii Coastal, Cascadian & Sierran Forest Alliance","California updates",2022-06-22 05:25:22,"J. Evens, R. Boul, D. Faber-Langendoen"
685789,"A3674","TT2.b3.Nc","Abies lowiana - Pseudotsuga menziesii Coastal, Cascadian & Sierran Forest Alliance","California updates",2022-06-22 05:25:16,"J. Evens, R. Boul, D. Faber-Langendoen"
688428,"A3674","TT2.b3.Nc","Abies lowiana - Pseudotsuga menziesii Coastal, Cascadian & Sierran Forest Alliance","California updates",2022-06-22 05:25:23,"J. Evens, R. Boul, D. Faber-Langendoen"
979398,"A3674","TT2.b3.Nc","Abies lowiana - Pseudotsuga menziesii Coastal, Cascadian & Sierran Forest Alliance","",2019-01-09 12:00:00,"T. Ramm-Granberg (WA NHP)"
683079,"A3674","TT2.b3.Nc","Abies lowiana - Pseudotsuga menziesii Coastal, Cascadian & Sierran Forest Alliance","California updates",2022-06-22 05:25:20,"J. Evens, R. Boul, D. Faber-Langendoen"
690079,"A3674","TT2.b3.Nc","Abies lowiana - Pseudotsuga menziesii Coastal, Cascadian & Sierran Forest Alliance","California updates",2022-06-22 05:25:17,"J. Evens, R. Boul, D. Faber-Langendoen"
688225,"A3674","TT2.b3.Nc","Abies lowiana - Pseudotsuga menziesii Coastal, Cascadian & Sierran Forest Alliance","California updates",2022-06-22 05:25:07,"J. Evens, R. Boul, D. Faber-Langendoen"
683409,"A3674","TT2.b3.Nc","Abies lowiana - Pseudotsuga menziesii Coastal, Cascadian & Sierran Forest Alliance","California updates",2022-06-22 05:25:19,"J. Evens, R. Boul, D. Faber-Langendoen"
688506,"A3674","TT2.b3.Nc","Abies lowiana - Pseudotsuga menziesii Coastal, Cascadian & Sierran Forest Alliance","California updates",2022-06-22 05:25:08,"J. Evens, R. Boul, D. Faber-Langendoen"
685823,"A3674","TT2.b3.Nc","Abies lowiana - Pseudotsuga menziesii Coastal, Cascadian & Sierran Forest Alliance","California updates",2022-06-22 05:25:06,"J. Evens, R. Boul, D. Faber-Langendoen"
979517,"A3674","TT2.b3.Nc","Abies lowiana - Pseudotsuga menziesii Coastal, Cascadian & Sierran Forest Alliance","NVC133",2021-04-06 12:00:00,"DFL, TRG"
688911,"A3674","TT2.b3.Nc","Abies lowiana - Pseudotsuga menziesii Coastal, Cascadian & Sierran Forest Alliance","California updates",2022-06-22 05:25:13,"J. Evens, R. Boul, D. Faber-Langendoen"
689467,"A3674","TT2.b3.Nc","Abies lowiana - Pseudotsuga menziesii Coastal, Cascadian & Sierran Forest Alliance","California updates",2022-06-22 05:25:11,"J. Evens, R. Boul, D. Faber-Langendoen"
685687,"A3674","TT2.b3.Nc","Abies lowiana - Pseudotsuga menziesii Coastal, Cascadian & Sierran Forest Alliance","California updates",2022-06-22 05:25:14,"J. Evens, R. Boul, D. Faber-Langendoen"
685106,"A3674","TT2.b3.Nc","Abies lowiana - Pseudotsuga menziesii Coastal, Cascadian & Sierran Forest Alliance","California updates",2022-06-22 05:25:10,"J. Evens, R. Boul, D. Faber-Langendoen"
1041831,"G867","TT6.b2.Nb","Western Boreal Alpine Mesic Dwarf Birch - Willow Shrubland","",2025-04-11 07:21:13,"D.Faber-Langendoen"
1041825,"G867","TT6.b2.Nb","Western Boreal Alpine Mesic Dwarf Birch - Willow Shrubland","",2025-04-11 07:21:13,"D.Faber-Langendoen"
686575,"A3577","TT2.b3.Na","Pinus edulis - Juniperus monosperma Grassy Woodland Alliance","",2025-03-05 02:22:26,"D.Faber-Langendoen"
959307,"A3577","TT2.b3.Na","Pinus edulis - Juniperus monosperma Grassy Woodland Alliance","",2025-03-05 02:22:25,"D.Faber-Langendoen"
687328,"A3577","TT2.b3.Na","Pinus edulis - Juniperus monosperma Grassy Woodland Alliance","",2025-03-05 02:22:28,"D.Faber-Langendoen"
1275227,"A4375","TT4.b1.Nf","Northern & Central Great Plains Ruderal Grassland & Shrubland Alliance","",2024-06-04 05:36:08,"D.Faber-Langendoen"
689209,"A4375","TT4.b1.Nf","Northern & Central Great Plains Ruderal Grassland & Shrubland Alliance","Great Plains Peer Review 2019",2019-07-31 05:33:39,"D. Faber-Langendoen"
684776,"A4375","TT4.b1.Nf","Northern & Central Great Plains Ruderal Grassland & Shrubland Alliance","Great Plains Peer Review 2019",2019-07-31 05:33:40,"D. Faber-Langendoen"
1275229,"A4375","TT4.b1.Nf","Northern & Central Great Plains Ruderal Grassland & Shrubland Alliance","",2024-06-04 05:36:08,"D.Faber-Langendoen"
688601,"A4375","TT4.b1.Nf","Northern & Central Great Plains Ruderal Grassland & Shrubland Alliance","Great Plains Peer Review 2019",2019-07-31 05:33:42,"D. Faber-Langendoen"
683283,"A3478","","Dasiphora fruticosa - Myrica gale - Trichophorum alpinum Alkaline Shrub Fen Alliance","Northeast review 2020",2020-08-10 08:47:03,"D. Faber-Langendoen"
689327,"A3478","","Dasiphora fruticosa - Myrica gale - Trichophorum alpinum Alkaline Shrub Fen Alliance","Northeast review 2020",2020-08-10 08:47:03,"D. Faber-Langendoen"
934599,"G183","TP1.c2.Na","Midwest Prairie Alkaline Fen","",2025-05-04 04:41:19,"D.Faber-Langendoen"
690040,"A3704","TP1.c2.Na","Dasiphora fruticosa / Oligoneuron riddellii - Andropogon gerardii Graminoid Fen Alliance","NVC127_WI state types and NVC",2020-03-23 05:28:37,"D. Faber-Langendoen"
685728,"A3704","TP1.c2.Na","Dasiphora fruticosa / Oligoneuron riddellii - Andropogon gerardii Graminoid Fen Alliance","NVC163 Midwest - last Indiana revisions",2024-02-23 12:34:10,"W. Williams, S. Namestnik, D. Faber-Langendoen"
688796,"A4378","TP1.b1.Nc","Cornus sericea - Alnus incana - Cephalanthus occidentalis Midwest Shrub Swamp Alliance","",2021-09-03 12:00:00,"D. Faber-Langendoen"
689319,"A3584","TP1.c1.Na","Carex aquatilis - Sphagnum spp. - Rhynchospora spp. Acidic Fen Alliance","Washington NCCN Wetlands",2021-12-26 11:11:30,"Tynan Ramm-Granberg"
686113,"A3584","TP1.c1.Na","Carex aquatilis - Sphagnum spp. - Rhynchospora spp. Acidic Fen Alliance","Washington NCCN Wetlands",2021-12-26 11:12:43,"Tynan Ramm-Granberg"
684135,"A3584","TP1.c1.Na","Carex aquatilis - Sphagnum spp. - Rhynchospora spp. Acidic Fen Alliance","Washington NCCN Wetlands",2021-12-26 11:12:47,"Tynan Ramm-Granberg"
688851,"A3584","TP1.c1.Na","Carex aquatilis - Sphagnum spp. - Rhynchospora spp. Acidic Fen Alliance","Washington NCCN Wetlands",2021-12-26 11:12:45,"Tynan Ramm-Granberg"
685496,"A4058","TT4.b1.Nf","Schizachyrium scoparium - Bouteloua curtipendula Central Loamy Grassland Alliance","",2019-01-31 12:00:00,"D. Faber-Langendoen"
683127,"A0347","","Fraxinus nigra - Acer rubrum - Larix laricina Swamp Forest Alliance","Northeast review 2020",2020-08-10 08:47:00,"D. Faber-Langendoen"
689867,"A0347","","Fraxinus nigra - Acer rubrum - Larix laricina Swamp Forest Alliance","Northeast review 2020",2020-08-10 08:47:00,"D. Faber-Langendoen"
689089,"A0347","","Fraxinus nigra - Acer rubrum - Larix laricina Swamp Forest Alliance","NVC127_WI state types and NVC",2020-03-23 05:28:13,"D. Faber-Langendoen"
689355,"A0347","","Fraxinus nigra - Acer rubrum - Larix laricina Swamp Forest Alliance","NVC127_WI state types and NVC",2020-03-23 05:28:14,"D. Faber-Langendoen"
683995,"A0347","","Fraxinus nigra - Acer rubrum - Larix laricina Swamp Forest Alliance","Northeast review 2020",2020-08-10 12:00:00,"D. Faber-Langendoen"
685788,"A0347","","Fraxinus nigra - Acer rubrum - Larix laricina Swamp Forest Alliance","",2019-02-01 12:00:00,"D. Faber-Langendoen"
687237,"A0347","","Fraxinus nigra - Acer rubrum - Larix laricina Swamp Forest Alliance","Northeast review 2020",2020-08-10 08:47:00,"D. Faber-Langendoen"
684916,"A0347","","Fraxinus nigra - Acer rubrum - Larix laricina Swamp Forest Alliance","Northeast review 2020",2020-08-10 08:47:00,"D. Faber-Langendoen"
686573,"A0347","","Fraxinus nigra - Acer rubrum - Larix laricina Swamp Forest Alliance","",2019-02-01 12:00:00,"D. Faber-Langendoen"
856702,"M877","TP1.c2.Na","North American Boreal & Subboreal Alkaline Fen","USNVC 3.0 pre-release edits",2025-06-17 07:12:14,"D. Faber-Langendoen"
860767,"M877","TP1.c2.Na","North American Boreal & Subboreal Alkaline Fen","USNVC 3.0 pre-release edits",2025-06-17 07:12:14,"D. Faber-Langendoen"
948499,"M877","TP1.c2.Na","North American Boreal & Subboreal Alkaline Fen","USNVC 3.0 pre-release edits",2025-06-17 07:12:14,"D. Faber-Langendoen"
835830,"M877","TP1.c2.Na","North American Boreal & Subboreal Alkaline Fen","USNVC 3.0 pre-release edits",2025-06-17 07:12:14,"D. Faber-Langendoen"
948485,"M877","TP1.c2.Na","North American Boreal & Subboreal Alkaline Fen","USNVC 3.0 pre-release edits",2025-06-17 07:12:14,"D. Faber-Langendoen"
1352334,"M877","TP1.c2.Na","North American Boreal & Subboreal Alkaline Fen","USNVC 3.0 pre-release edits",2025-06-17 07:12:14,"D. Faber-Langendoen"
685123,"A3433","TP1.c2.Na","Carex aquatilis - Carex livida - Carex cusickii Alkaline Fen Alliance","Washington NCCN Wetlands",2021-12-26 11:05:52,"Tynan Ramm-Granberg"
688088,"A3433","TP1.c2.Na","Carex aquatilis - Carex livida - Carex cusickii Alkaline Fen Alliance","Washington NCCN Wetlands",2021-12-26 11:05:52,"Tynan Ramm-Granberg"
686523,"A3433","TP1.c2.Na","Carex aquatilis - Carex livida - Carex cusickii Alkaline Fen Alliance","Washington NCCN Wetlands",2021-12-26 11:05:52,"Tynan Ramm-Granberg"
684699,"A3433","TP1.c2.Na","Carex aquatilis - Carex livida - Carex cusickii Alkaline Fen Alliance","Washington NCCN Wetlands",2021-12-26 11:05:52,"Tynan Ramm-Granberg"
1239383,"G344","TT2.b3.Nc","Californian Montane Conifer Forest & Woodland","",2025-05-05 08:39:02,"D.Faber-Langendoen"
1239379,"G344","TT2.b3.Nc","Californian Montane Conifer Forest & Woodland","USNVC 3.0 pre-release edits",2025-06-23 07:37:10,"D. Faber-Langendoen"
686704,"A4485","TP1.d1.Na","Stuckenia pectinata - Ceratophyllum demersum Southern Freshwater Subtidal Marsh Alliance","Northeast review 2020",2020-08-10 08:47:40,"D. Faber-Langendoen"
798674,"A4485","TP1.d1.Na","Stuckenia pectinata - Ceratophyllum demersum Southern Freshwater Subtidal Marsh Alliance","Northeast review 2020",2020-08-10 08:47:40,"D. Faber-Langendoen"
687618,"A4485","TP1.d1.Na","Stuckenia pectinata - Ceratophyllum demersum Southern Freshwater Subtidal Marsh Alliance","Northeast review 2020",2020-08-10 08:47:40,"D. Faber-Langendoen"
684618,"A4485","TP1.d1.Na","Stuckenia pectinata - Ceratophyllum demersum Southern Freshwater Subtidal Marsh Alliance","Northeast review 2020",2020-08-10 08:47:40,"D. Faber-Langendoen"
688642,"A3297","TT2.b1.Na","Acer saccharum - Tilia americana Rocky Woodland Alliance","New York NVC peer review",2021-04-29 04:21:37,"D. Faber-Langendoen & NYHP"
686765,"A3297","TT2.b1.Na","Acer saccharum - Tilia americana Rocky Woodland Alliance","Vermont",2020-04-29 01:13:54,"D. Faber-Langendoen"
1159201,"A4110","TT4.b1.Nc","Vaccinium angustifolium - Vaccinium pallidum Northern Rocky Heath Alliance","Northeast review, part 2b",2020-12-22 07:54:14,"D. Faber-Langendoen"
685616,"A4111","TT4.b1.Nb","Vaccinium pallidum - Vaccinium spp. - Kalmia angustifolia Rocky Heath Alliance","Northeast review 2020",2020-08-10 12:00:00,"D. Faber-Langendoen"
686555,"A4681","TP1.b1.Nc","Carex spp. - Leersia oryzoides - Eupatorium spp. Wet Meadow Alliance","USNVC NC revisions",2023-10-18 06:20:10,"M. Schafale, D. Faber-Langendoen"
684226,"A4681","TP1.b1.Nc","Carex spp. - Leersia oryzoides - Eupatorium spp. Wet Meadow Alliance","USNVC NC revisions",2023-10-18 12:00:00,"M. Schafale, D. Faber-Langendoen"
791580,"A4681","TP1.b1.Nc","Carex spp. - Leersia oryzoides - Eupatorium spp. Wet Meadow Alliance","USNVC VA clean-up",2023-12-22 03:05:14,"K. Pattersons, D. Faber-Langendoen"
791580,"A4681","TP1.b1.Nc","Carex spp. - Leersia oryzoides - Eupatorium spp. Wet Meadow Alliance","New York NVC peer review",2021-04-29 04:21:39,"D. Faber-Langendoen & NYHP"
742150,"A1399","","Carex spp. - Leersia oryzoides - Eupatorium spp. Wet Meadow Alliance","Appalachians, Piedmont review, part 2",2020-12-09 12:42:04,"D. Faber-Langendoen"
685302,"A1399","","Carex spp. - Leersia oryzoides - Eupatorium spp. Wet Meadow Alliance","Appalachians, Piedmont review, part 2",2020-12-09 12:42:06,"D. Faber-Langendoen"
690011,"A1399","","Carex spp. - Leersia oryzoides - Eupatorium spp. Wet Meadow Alliance","Appalachians, Piedmont review, part 2",2020-12-09 12:41:59,"D. Faber-Langendoen"
686039,"A1399","","Carex spp. - Leersia oryzoides - Eupatorium spp. Wet Meadow Alliance","Appalachians, Piedmont review, part 2",2020-12-09 12:42:05,"D. Faber-Langendoen"
687973,"A1399","","Carex spp. - Leersia oryzoides - Eupatorium spp. Wet Meadow Alliance","Appalachians, Piedmont review, part 2",2020-12-09 12:41:58,"D. Faber-Langendoen"
836282,"A1399","","Carex spp. - Leersia oryzoides - Eupatorium spp. Wet Meadow Alliance","Appalachians, Piedmont review, part 2",2020-12-09 12:41:52,"D. Faber-Langendoen"
793415,"A1399","","Carex spp. - Leersia oryzoides - Eupatorium spp. Wet Meadow Alliance","Appalachians, Piedmont review, part 2",2020-12-09 12:42:00,"D. Faber-Langendoen"
687621,"A1399","","Carex spp. - Leersia oryzoides - Eupatorium spp. Wet Meadow Alliance","Appalachians, Piedmont review, part 2",2020-12-09 12:41:54,"D. Faber-Langendoen"
742073,"A1399","","Carex spp. - Leersia oryzoides - Eupatorium spp. Wet Meadow Alliance","Appalachians, Piedmont review, part 2",2020-12-09 12:00:00,"D. Faber-Langendoen"
687830,"A1399","","Carex spp. - Leersia oryzoides - Eupatorium spp. Wet Meadow Alliance","Appalachians, Piedmont review, part 2",2020-12-09 12:42:08,"D. Faber-Langendoen"
688068,"A1399","","Carex spp. - Leersia oryzoides - Eupatorium spp. Wet Meadow Alliance","Appalachians, Piedmont review, part 2",2020-12-09 12:00:00,"D. Faber-Langendoen"
689581,"A0948","TP1.b1.Nc","Salix nigra Sand-Gravel Floodplain Scrub Alliance","Southeast US reg'l review of USNVC, April 2023",2023-05-11 02:50:12,"D. Faber-Langendoen"
684439,"A0948","TP1.b1.Nc","Salix nigra Sand-Gravel Floodplain Scrub Alliance","Southeast US reg'l review of USNVC, April 2023",2023-05-11 02:50:13,"D. Faber-Langendoen"
793421,"A0948","TP1.b1.Nc","Salix nigra Sand-Gravel Floodplain Scrub Alliance","Southeast US reg'l review of USNVC, April 2023",2023-05-11 02:50:10,"D. Faber-Langendoen"
802033,"A0948","TP1.b1.Nc","Salix nigra Sand-Gravel Floodplain Scrub Alliance","Southeast US reg'l review of USNVC, April 2023",2023-05-11 02:50:09,"D. Faber-Langendoen"
839094,"A0948","TP1.b1.Nc","Salix nigra Sand-Gravel Floodplain Scrub Alliance","Southeast US reg'l review of USNVC, April 2023",2023-05-11 02:50:15,"D. Faber-Langendoen"
689447,"A4014","TP1.b1.Na","Spartina patens Gulf Coast Oligohaline Tidal Marsh Alliance","Southeast, Texarkana USNVC reg'l review, June 2023",2023-06-24 09:00:02,"Southeast + TX ecologists, D. Faber-Langendoen"
684545,"A4014","TP1.b1.Na","Spartina patens Gulf Coast Oligohaline Tidal Marsh Alliance","Southeast, Texarkana USNVC reg'l review, June 2023",2023-06-24 09:00:02,"Southeast + TX ecologists, D. Faber-Langendoen"
687631,"A3406","TP1.c1.Na","Cladium mariscoides - Rhynchospora alba Fen Alliance","Northeast review 2020",2020-08-10 08:47:42,"D. Faber-Langendoen"
689146,"A3406","TP1.c1.Na","Cladium mariscoides - Rhynchospora alba Fen Alliance","CT & RI review",2022-08-09 12:04:52,"J. Lundgren, K. Metzler, D. Faber-Langendoen"
685318,"A3406","TP1.c1.Na","Cladium mariscoides - Rhynchospora alba Fen Alliance","K. Walz pointed out that this type is in the Ridge & Valley on dolomite and limestone and thus does not belong in G1171 North Atlantic Coastal Bog & Fen. So we're moving it back to A4479.",2022-11-01 12:00:00,"D. Faber-Langendoen, K. Walz"
933729,"G907","TT2.b1.Na","Laurentian Pine - Oak Forest & Woodland","Northeast review 2020",2020-08-10 08:47:18,"D. Faber-Langendoen"
1150931,"G907","TT2.b1.Na","Laurentian Pine - Oak Forest & Woodland","Northeast review 2020",2020-08-10 08:47:18,"D. Faber-Langendoen"
899362,"G907","TT2.b1.Na","Laurentian Pine - Oak Forest & Woodland","Northeast review 2020",2020-08-10 08:47:18,"D. Faber-Langendoen"
1232155,"G908","TT2.b1.Na","Acadian-Appalachian Dry Forest & Woodland","USNVC prelim review Aug 2023",2023-08-29 06:25:44,"D. Faber-Langendoen"
899411,"G909","TT6.b2.Na","Northern Appalachian Alpine Tundra","Northeast review 2020",2020-08-10 08:47:49,"D. Faber-Langendoen"
899077,"G909","TT6.b2.Na","Northern Appalachian Alpine Tundra","Northeast review 2020",2020-08-10 08:47:49,"D. Faber-Langendoen"
899484,"G909","TT6.b2.Na","Northern Appalachian Alpine Tundra","Northeast review 2020",2020-08-10 08:47:50,"D. Faber-Langendoen"
899409,"G909","TT6.b2.Na","Northern Appalachian Alpine Tundra","Northeast review 2020",2020-08-10 08:47:49,"D. Faber-Langendoen"
900054,"G909","TT6.b2.Na","Northern Appalachian Alpine Tundra","New York NVC peer review",2021-04-29 04:21:40,"D. Faber-Langendoen & NYHP"
899078,"G909","TT6.b2.Na","Northern Appalachian Alpine Tundra","Northeast review 2020",2020-08-10 08:47:49,"D. Faber-Langendoen"
900055,"G909","TT6.b2.Na","Northern Appalachian Alpine Tundra","New York NVC peer review",2021-04-29 04:21:40,"D. Faber-Langendoen & NYHP"
899410,"G909","TT6.b2.Na","Northern Appalachian Alpine Tundra","Northeast review 2020",2020-08-10 08:47:49,"D. Faber-Langendoen"
899108,"G909","TT6.b2.Na","Northern Appalachian Alpine Tundra","Northeast review 2020",2020-08-10 08:47:49,"D. Faber-Langendoen"
689881,"A0627","TT2.b1.Nb","Sapindus saponaria Scrub Woodland Alliance","Great Plains Peer Review 2019",2019-07-31 05:33:58,"D. Faber-Langendoen"
899637,"G913","TP1.b1.Na","South Atlantic & Gulf Coastal Tidal Freshwater Marsh","Northeast review 2020",2020-08-10 08:47:40,"D. Faber-Langendoen"
900067,"G913","TP1.b1.Na","South Atlantic & Gulf Coastal Tidal Freshwater Marsh","Northeast review 2020",2020-08-10 12:00:00,"D. Faber-Langendoen"
1093938,"G913","TP1.b1.Na","South Atlantic & Gulf Coastal Tidal Freshwater Marsh","Northeast review 2020",2020-08-10 08:47:41,"D. Faber-Langendoen"
900068,"G913","TP1.b1.Na","South Atlantic & Gulf Coastal Tidal Freshwater Marsh","Northeast review 2020",2020-08-10 08:47:41,"D. Faber-Langendoen"
871156,"G913","TP1.b1.Na","South Atlantic & Gulf Coastal Tidal Freshwater Marsh","Northeast review 2020",2020-08-10 08:47:39,"D. Faber-Langendoen"
900067,"G914","TP1.b1.Na","North Atlantic Coastal Tidal Freshwater Marsh","USNVC NC revisions",2023-10-18 12:00:00,"M. Schafale, D. Faber-Langendoen"
899932,"G917","TP1.a2.Nb","Central Interior-Great Lakes Flatwoods & Swamp Forest","New Hampshire EIA work & associated NVC refinements",2022-10-17 08:13:59,"W. Nichols, D Faber-Langendoen"
899932,"G917","TP1.a2.Nb","Central Interior-Great Lakes Flatwoods & Swamp Forest","IVC clean-up Dec 2023-Jan 2024",2024-02-23 08:33:50,"D. Faber-Langendoen, P. McIntyre, C. Nordman"
899932,"G917","TP1.a2.Nb","Central Interior-Great Lakes Flatwoods & Swamp Forest","New York NVC peer review",2021-04-29 04:21:38,"D. Faber-Langendoen & NYHP"
899932,"G917","TP1.a2.Nb","Central Interior-Great Lakes Flatwoods & Swamp Forest","Northeast review 2020",2020-08-10 08:47:27,"D. Faber-Langendoen"
1159125,"G917","TP1.a2.Nb","Central Interior-Great Lakes Flatwoods & Swamp Forest","NVC163 Central Midwest regional review",2022-04-14 02:43:45,"D. Faber-Langendoen, M. Leahy, et al"
1159125,"G917","TP1.a2.Nb","Central Interior-Great Lakes Flatwoods & Swamp Forest","IVC clean-up Dec 2023-Jan 2024",2024-02-23 08:33:50,"D. Faber-Langendoen, P. McIntyre, C. Nordman"
1159131,"G917","TP1.a2.Nb","Central Interior-Great Lakes Flatwoods & Swamp Forest","IVC clean-up Dec 2023-Jan 2024",2024-02-23 08:33:50,"D. Faber-Langendoen, P. McIntyre, C. Nordman"
1159127,"G917","TP1.a2.Nb","Central Interior-Great Lakes Flatwoods & Swamp Forest","IVC clean-up Dec 2023-Jan 2024",2024-02-23 08:33:50,"D. Faber-Langendoen, P. McIntyre, C. Nordman"
899532,"G917","TP1.a2.Nb","Central Interior-Great Lakes Flatwoods & Swamp Forest","Northeast review 2020",2020-08-10 08:47:27,"D. Faber-Langendoen"
1146928,"G917","TP1.a2.Nb","Central Interior-Great Lakes Flatwoods & Swamp Forest","IVC clean-up Dec 2023-Jan 2024",2024-02-23 08:33:50,"D. Faber-Langendoen, P. McIntyre, C. Nordman"
1146928,"G917","TP1.a2.Nb","Central Interior-Great Lakes Flatwoods & Swamp Forest","",2021-10-22 05:08:57,"D. Faber-Langendoen"
1146928,"G917","TP1.a2.Nb","Central Interior-Great Lakes Flatwoods & Swamp Forest","Northeast review 2020",2020-08-10 08:47:27,"D. Faber-Langendoen"
842028,"G917","TP1.a2.Nb","Central Interior-Great Lakes Flatwoods & Swamp Forest","IVC clean-up Dec 2023-Jan 2024",2024-02-23 08:33:50,"D. Faber-Langendoen, P. McIntyre, C. Nordman"
842028,"G917","TP1.a2.Nb","Central Interior-Great Lakes Flatwoods & Swamp Forest","Northeast review 2020",2020-08-10 08:47:25,"D. Faber-Langendoen"
1150951,"G921","TT2.b1.Na","Laurentian Hardwood Forest","Northeast review 2020",2020-08-10 08:47:19,"D. Faber-Langendoen"
1150947,"G921","TT2.b1.Na","Laurentian Hardwood Forest","Northeast review 2020",2020-08-10 08:47:19,"D. Faber-Langendoen"
1150941,"G921","TT2.b1.Na","Laurentian Hardwood Forest","Northeast review 2020",2020-08-10 08:47:20,"D. Faber-Langendoen"
1150949,"G921","TT2.b1.Na","Laurentian Hardwood Forest","Northeast review 2020",2020-08-10 08:47:19,"D. Faber-Langendoen"
899421,"G921","TT2.b1.Na","Laurentian Hardwood Forest","Northeast review 2020",2020-08-10 08:47:19,"D. Faber-Langendoen"
1150945,"G921","TT2.b1.Na","Laurentian Hardwood Forest","Northeast review 2020",2020-08-10 08:47:19,"D. Faber-Langendoen"
1150943,"G921","TT2.b1.Na","Laurentian Hardwood Forest","Northeast review 2020",2020-08-10 08:47:20,"D. Faber-Langendoen"
889211,"A4472","TP1.a2.Nb","Acer saccharinum - Populus deltoides Midwest Floodplain Forest Alliance","Northeast review 2020",2020-08-10 08:47:25,"D. Faber-Langendoen"
688809,"A4472","TP1.a2.Nb","Acer saccharinum - Populus deltoides Midwest Floodplain Forest Alliance","Northeast review 2020",2020-08-10 08:47:23,"D. Faber-Langendoen"
684386,"A4472","TP1.a2.Nb","Acer saccharinum - Populus deltoides Midwest Floodplain Forest Alliance","Northeast review 2020",2020-08-10 08:47:24,"D. Faber-Langendoen"
689773,"A4472","TP1.a2.Nb","Acer saccharinum - Populus deltoides Midwest Floodplain Forest Alliance","Northeast review 2020",2020-08-10 08:47:23,"D. Faber-Langendoen"
742067,"A4473","TP1.a2.Nb","Acer saccharinum - Populus deltoides East-Central Floodplain Forest Alliance","New York NVC peer review",2021-04-29 04:21:37,"D. Faber-Langendoen & NYHP"
684386,"A4473","TP1.a2.Nb","Acer saccharinum - Populus deltoides East-Central Floodplain Forest Alliance","",2021-10-22 05:08:55,"D. Faber-Langendoen"
684612,"A4478","TP1.c1.Na","Chamaedaphne - Gaylussacia dumosa / Carex striata Open Bog Alliance","Northeast review 2020",2020-08-10 12:00:00,"D. Faber-Langendoen"
684200,"A4478","TP1.c1.Na","Chamaedaphne - Gaylussacia dumosa / Carex striata Open Bog Alliance","Northeast review 2020",2020-08-10 08:47:35,"D. Faber-Langendoen"
800167,"A4478","TP1.c1.Na","Chamaedaphne - Gaylussacia dumosa / Carex striata Open Bog Alliance","Northeast review 2020",2020-08-10 08:47:35,"D. Faber-Langendoen"
689146,"A4478","TP1.c1.Na","Chamaedaphne - Gaylussacia dumosa / Carex striata Open Bog Alliance","Northeast review, part 2",2020-12-16 12:00:00,"D. Faber-Langendoen"
688436,"A4478","TP1.c1.Na","Chamaedaphne - Gaylussacia dumosa / Carex striata Open Bog Alliance","Northeast review 2020",2020-08-10 08:47:35,"D. Faber-Langendoen"
917080,"A4478","TP1.c1.Na","Chamaedaphne - Gaylussacia dumosa / Carex striata Open Bog Alliance","Northeast review 2020",2020-08-10 08:47:35,"D. Faber-Langendoen"
689666,"A4478","TP1.c1.Na","Chamaedaphne - Gaylussacia dumosa / Carex striata Open Bog Alliance","Northeast review 2020",2020-08-10 08:47:35,"D. Faber-Langendoen"
688511,"A4478","TP1.c1.Na","Chamaedaphne - Gaylussacia dumosa / Carex striata Open Bog Alliance","Northeast review 2020",2020-08-10 08:47:35,"D. Faber-Langendoen"
686121,"A4470","MS2.a1.Na","Ammophila breviligulata - Schizachyrium littorale - Spartina patens Dune Grassland Alliance","Northeast review 2020",2020-08-10 08:47:33,"D. Faber-Langendoen"
687092,"A4470","MS2.a1.Na","Ammophila breviligulata - Schizachyrium littorale - Spartina patens Dune Grassland Alliance","Northeast review 2020",2020-08-10 08:47:33,"D. Faber-Langendoen"
684424,"A4470","MS2.a1.Na","Ammophila breviligulata - Schizachyrium littorale - Spartina patens Dune Grassland Alliance","Northeast review 2020",2020-08-10 12:00:00,"D. Faber-Langendoen"
687600,"A4470","MS2.a1.Na","Ammophila breviligulata - Schizachyrium littorale - Spartina patens Dune Grassland Alliance","Northeast review 2020",2020-08-10 08:47:33,"D. Faber-Langendoen"
814856,"A4470","MS2.a1.Na","Ammophila breviligulata - Schizachyrium littorale - Spartina patens Dune Grassland Alliance","Northeast review 2020",2020-08-10 08:47:33,"D. Faber-Langendoen"
685381,"A4470","MS2.a1.Na","Ammophila breviligulata - Schizachyrium littorale - Spartina patens Dune Grassland Alliance","Northeast review 2020",2020-08-10 08:47:33,"D. Faber-Langendoen"
950084,"A4468","TT2.b1.Na","Pinus rigida Inland Sandy Woodland Alliance","Northeast review 2020",2020-08-10 12:00:00,"D. Faber-Langendoen"
683533,"A4468","TT2.b1.Na","Pinus rigida Inland Sandy Woodland Alliance","Northeast review 2020",2020-08-10 08:47:22,"D. Faber-Langendoen"
689988,"A4468","TT2.b1.Na","Pinus rigida Inland Sandy Woodland Alliance","Northeast review 2020",2020-08-10 12:00:00,"D. Faber-Langendoen"
685733,"A4468","TT2.b1.Na","Pinus rigida Inland Sandy Woodland Alliance","Northeast review 2020",2020-08-10 08:47:22,"D. Faber-Langendoen"
683786,"A4467","TT2.b1.Na","Quercus montana - Quercus rubra / Vaccinium angustifolium Rocky Woodland Alliance","Appalachians, Piedmont review, part 2",2020-12-09 12:40:18,"D. Faber-Langendoen"
683786,"A4466","TT2.b1.Na","Quercus rubra - Quercus montana - Betula lenta Talus Woodland Alliance","Northeast review 2020",2020-08-10 08:47:17,"D. Faber-Langendoen"
687537,"A4466","TT2.b1.Na","Quercus rubra - Quercus montana - Betula lenta Talus Woodland Alliance","Northeast review 2020",2020-08-10 12:00:00,"D. Faber-Langendoen"
683963,"A4466","TT2.b1.Na","Quercus rubra - Quercus montana - Betula lenta Talus Woodland Alliance","USNVC VA clean-up",2023-12-22 03:04:57,"K. Pattersons, D. Faber-Langendoen"
687189,"A4466","TT2.b1.Na","Quercus rubra - Quercus montana - Betula lenta Talus Woodland Alliance","Northeast review 2020",2020-08-10 08:47:16,"D. Faber-Langendoen"
952808,"A4466","TT2.b1.Na","Quercus rubra - Quercus montana - Betula lenta Talus Woodland Alliance","Northeast review 2020",2020-08-10 08:47:17,"D. Faber-Langendoen"
686982,"A4466","TT2.b1.Na","Quercus rubra - Quercus montana - Betula lenta Talus Woodland Alliance","Northeast review 2020",2020-08-10 08:47:17,"D. Faber-Langendoen"
685271,"A4466","TT2.b1.Na","Quercus rubra - Quercus montana - Betula lenta Talus Woodland Alliance","Northeast review 2020",2020-08-10 08:47:17,"D. Faber-Langendoen"
933791,"A4466","TT2.b1.Na","Quercus rubra - Quercus montana - Betula lenta Talus Woodland Alliance","Northeast review 2020",2020-08-10 08:47:17,"D. Faber-Langendoen"
689030,"A4480","TP1.c1.Na","Aronia arbutifolia / Eriophorum virginicum / Sphagnum spp. Allegheny Fen Alliance","Northeast review, part 2",2020-12-16 12:00:00,"D. Faber-Langendoen"
731252,"A4480","TP1.c1.Na","Aronia arbutifolia / Eriophorum virginicum / Sphagnum spp. Allegheny Fen Alliance","Northeast review 2020",2020-08-10 08:47:36,"D. Faber-Langendoen"
687304,"A4480","TP1.c1.Na","Aronia arbutifolia / Eriophorum virginicum / Sphagnum spp. Allegheny Fen Alliance","",2024-06-04 05:42:57,"D.Faber-Langendoen"
721939,"A4480","TP1.c1.Na","Aronia arbutifolia / Eriophorum virginicum / Sphagnum spp. Allegheny Fen Alliance","Northeast review 2020",2020-08-10 08:47:36,"D. Faber-Langendoen"
684085,"A4480","TP1.c1.Na","Aronia arbutifolia / Eriophorum virginicum / Sphagnum spp. Allegheny Fen Alliance","Northeast review 2020",2020-08-10 08:47:36,"D. Faber-Langendoen"
685272,"A4491","MB1.a3.Na","Spartina patens - Juncus gerardii High Salt Marsh Alliance","CT & RI review",2022-08-09 12:05:18,"J. Lundgren, K. Metzler, D. Faber-Langendoen"
686195,"A4491","MB1.a3.Na","Spartina patens - Juncus gerardii High Salt Marsh Alliance","New York NVC peer review",2021-04-29 04:21:39,"D. Faber-Langendoen & NYHP"
689750,"A4493","MB1.a3.Na","Spartina alterniflora - Spartina cynosuroides - Carex paleacea Brackish Tidal Marsh Alliance","USNVC VA clean-up",2023-12-22 03:05:17,"K. Pattersons, D. Faber-Langendoen"
689189,"A4493","MB1.a3.Na","Spartina alterniflora - Spartina cynosuroides - Carex paleacea Brackish Tidal Marsh Alliance","Northeast review, part 2",2020-12-16 12:00:00,"D. Faber-Langendoen"
683268,"A4493","MB1.a3.Na","Spartina alterniflora - Spartina cynosuroides - Carex paleacea Brackish Tidal Marsh Alliance","USNVC VA clean-up",2023-12-22 03:05:18,"K. Pattersons, D. Faber-Langendoen"
721920,"A4493","MB1.a3.Na","Spartina alterniflora - Spartina cynosuroides - Carex paleacea Brackish Tidal Marsh Alliance","Northeast review, part 2",2020-12-16 06:43:51,"D. Faber-Langendoen"
683434,"A4490","MB1.a3.Na","Spartina patens - Juncus roemerianus High Salt Marsh Alliance","Southeast, Texarkana USNVC reg'l review, June 2023",2023-06-24 09:00:24,"Southeast + TX ecologists, D. Faber-Langendoen"
683434,"A4490","MB1.a3.Na","Spartina patens - Juncus roemerianus High Salt Marsh Alliance","Northeast review 2020",2020-08-10 08:47:46,"D. Faber-Langendoen"
687678,"A4490","MB1.a3.Na","Spartina patens - Juncus roemerianus High Salt Marsh Alliance","Southeast, Texarkana USNVC reg'l review, June 2023",2023-06-24 09:00:24,"Southeast + TX ecologists, D. Faber-Langendoen"
817156,"A4490","MB1.a3.Na","Spartina patens - Juncus roemerianus High Salt Marsh Alliance","Southeast, Texarkana USNVC reg'l review, June 2023",2023-06-24 09:00:24,"Southeast + TX ecologists, D. Faber-Langendoen"
817156,"A4490","MB1.a3.Na","Spartina patens - Juncus roemerianus High Salt Marsh Alliance","Northeast review 2020",2020-08-10 08:47:46,"D. Faber-Langendoen"
689496,"A4490","MB1.a3.Na","Spartina patens - Juncus roemerianus High Salt Marsh Alliance","Northeast review 2020",2020-08-10 08:47:47,"D. Faber-Langendoen"
688802,"A4490","MB1.a3.Na","Spartina patens - Juncus roemerianus High Salt Marsh Alliance","Southeast, Texarkana USNVC reg'l review, June 2023",2023-06-24 09:00:24,"Southeast + TX ecologists, D. Faber-Langendoen"
688802,"A4490","MB1.a3.Na","Spartina patens - Juncus roemerianus High Salt Marsh Alliance","Northeast review 2020",2020-08-10 08:47:46,"D. Faber-Langendoen"
685272,"A4490","MB1.a3.Na","Spartina patens - Juncus roemerianus High Salt Marsh Alliance","Northeast review 2020",2020-08-10 08:47:47,"D. Faber-Langendoen"
689804,"A4490","MB1.a3.Na","Spartina patens - Juncus roemerianus High Salt Marsh Alliance","Northeast review 2020",2020-08-10 12:00:00,"D. Faber-Langendoen"
687568,"A4490","MB1.a3.Na","Spartina patens - Juncus roemerianus High Salt Marsh Alliance","Northeast review, part 2",2020-12-16 06:43:48,"D. Faber-Langendoen"
684198,"A4490","MB1.a3.Na","Spartina patens - Juncus roemerianus High Salt Marsh Alliance","Northeast review 2020",2020-08-10 08:47:47,"D. Faber-Langendoen"
1252492,"A4490","MB1.a3.Na","Spartina patens - Juncus roemerianus High Salt Marsh Alliance","Southeast, Texarkana USNVC reg'l review, June 2023",2023-06-24 09:00:24,"Southeast + TX ecologists, D. Faber-Langendoen"
686195,"A4490","MB1.a3.Na","Spartina patens - Juncus roemerianus High Salt Marsh Alliance","Northeast review 2020",2020-08-10 08:47:47,"D. Faber-Langendoen"
688411,"A4490","MB1.a3.Na","Spartina patens - Juncus roemerianus High Salt Marsh Alliance","Northeast review, part 2",2020-12-16 06:43:46,"D. Faber-Langendoen"
685427,"A4488","MB1.a3.Na","Iva frutescens - Baccharis halimifolia / Juncus roemerianus Tidal Shrub Salt Marsh Alliance","Southeast, Texarkana USNVC reg'l review, June 2023",2023-06-24 09:00:20,"Southeast + TX ecologists, D. Faber-Langendoen"
685427,"A4488","MB1.a3.Na","Iva frutescens - Baccharis halimifolia / Juncus roemerianus Tidal Shrub Salt Marsh Alliance","Northeast review 2020",2020-08-10 08:47:46,"D. Faber-Langendoen"
684404,"A4488","MB1.a3.Na","Iva frutescens - Baccharis halimifolia / Juncus roemerianus Tidal Shrub Salt Marsh Alliance","Southeast, Texarkana USNVC reg'l review, June 2023",2023-06-24 09:00:20,"Southeast + TX ecologists, D. Faber-Langendoen"
684167,"A4488","MB1.a3.Na","Iva frutescens - Baccharis halimifolia / Juncus roemerianus Tidal Shrub Salt Marsh Alliance","Southeast, Texarkana USNVC reg'l review, June 2023",2023-06-24 09:00:20,"Southeast + TX ecologists, D. Faber-Langendoen"
684167,"A4488","MB1.a3.Na","Iva frutescens - Baccharis halimifolia / Juncus roemerianus Tidal Shrub Salt Marsh Alliance","Northeast review 2020",2020-08-10 08:47:46,"D. Faber-Langendoen"
801957,"A4488","MB1.a3.Na","Iva frutescens - Baccharis halimifolia / Juncus roemerianus Tidal Shrub Salt Marsh Alliance","Northeast review 2020",2020-08-10 08:47:46,"D. Faber-Langendoen"
686210,"A4488","MB1.a3.Na","Iva frutescens - Baccharis halimifolia / Juncus roemerianus Tidal Shrub Salt Marsh Alliance","Northeast review 2020",2020-08-10 08:47:46,"D. Faber-Langendoen"
952647,"A4482","TP1.b1.Na","Morella cerifera - Rosa palustris South Tidal Freshwater Shrubland Alliance","Southeast, Texarkana USNVC reg'l review, June 2023",2023-06-24 08:59:48,"Southeast + TX ecologists, D. Faber-Langendoen"
952647,"A4482","TP1.b1.Na","Morella cerifera - Rosa palustris South Tidal Freshwater Shrubland Alliance","Northeast review 2020",2020-08-10 08:47:39,"D. Faber-Langendoen"
684151,"A4482","TP1.b1.Na","Morella cerifera - Rosa palustris South Tidal Freshwater Shrubland Alliance","Southeast, Texarkana USNVC reg'l review, June 2023",2023-06-24 08:59:48,"Southeast + TX ecologists, D. Faber-Langendoen"
684151,"A4482","TP1.b1.Na","Morella cerifera - Rosa palustris South Tidal Freshwater Shrubland Alliance","Northeast review 2020",2020-08-10 08:47:38,"D. Faber-Langendoen"
721904,"A4482","TP1.b1.Na","Morella cerifera - Rosa palustris South Tidal Freshwater Shrubland Alliance","Northeast review 2020",2020-08-10 08:47:38,"D. Faber-Langendoen"
686863,"A4482","TP1.b1.Na","Morella cerifera - Rosa palustris South Tidal Freshwater Shrubland Alliance","Northeast review 2020",2020-08-10 08:47:38,"D. Faber-Langendoen"
907668,"A4482","TP1.b1.Na","Morella cerifera - Rosa palustris South Tidal Freshwater Shrubland Alliance","Southeast, Texarkana USNVC reg'l review, June 2023",2023-06-24 08:59:48,"Southeast + TX ecologists, D. Faber-Langendoen"
1151277,"G895","TT2.a1.Na","Southern Coastal Plain Dry Oak Forest","Southeast US reg'l review of USNVC, April 2023",2023-05-11 02:46:54,"D. Faber-Langendoen"
950065,"G894","TT2.b1.Na","North Atlantic Coastal Forest","IVC clean-up Dec 2023-Jan 2024",2024-02-23 08:33:47,"D. Faber-Langendoen, P. McIntyre, C. Nordman"
899243,"G894","TT2.b1.Na","North Atlantic Coastal Forest","IVC clean-up Dec 2023-Jan 2024",2024-02-23 08:33:47,"D. Faber-Langendoen, P. McIntyre, C. Nordman"
841993,"G894","TT2.b1.Na","North Atlantic Coastal Forest","IVC clean-up Dec 2023-Jan 2024",2024-02-23 08:33:47,"D. Faber-Langendoen, P. McIntyre, C. Nordman"
1132346,"G894","TT2.b1.Na","North Atlantic Coastal Forest","IVC clean-up Dec 2023-Jan 2024",2024-02-23 08:33:47,"D. Faber-Langendoen, P. McIntyre, C. Nordman"
687040,"A4440","TT2.a1.Na","Quercus falcata - Quercus alba - Carya pallida Forest Alliance","Appalachians",2020-05-05 11:48:40,"D. Faber-Langendoen"
689165,"A4440","TT2.a1.Na","Quercus falcata - Quercus alba - Carya pallida Forest Alliance","NVC163 Central Midwest regional review",2022-04-14 02:44:02,"D. Faber-Langendoen, M. Leahy, et al"
732630,"A4440","TT2.a1.Na","Quercus falcata - Quercus alba - Carya pallida Forest Alliance","NVC163 Central Midwest regional review",2022-04-14 02:44:03,"D. Faber-Langendoen, M. Leahy, et al"
685429,"A4440","TT2.a1.Na","Quercus falcata - Quercus alba - Carya pallida Forest Alliance","Appalachians",2020-05-05 11:48:39,"D. Faber-Langendoen"
685774,"A4440","TT2.a1.Na","Quercus falcata - Quercus alba - Carya pallida Forest Alliance","Southeast US reg'l review of USNVC, April 2023",2023-05-11 02:46:56,"D. Faber-Langendoen"
689368,"A4438","TT2.a1.Na","Quercus montana - Quercus alba Piedmont Dry Forest Alliance","Appalachians, Piedmont review, part 2",2020-12-09 12:40:14,"D. Faber-Langendoen"
688220,"A4438","TT2.a1.Na","Quercus montana - Quercus alba Piedmont Dry Forest Alliance","Appalachians, Piedmont review, part 2",2020-12-09 12:40:01,"D. Faber-Langendoen"
740220,"A4438","TT2.a1.Na","Quercus montana - Quercus alba Piedmont Dry Forest Alliance","Appalachians, Piedmont review, part 2",2020-12-09 12:40:02,"D. Faber-Langendoen"
687856,"A4438","TT2.a1.Na","Quercus montana - Quercus alba Piedmont Dry Forest Alliance","Appalachians, Piedmont review, part 2",2020-12-09 12:40:12,"D. Faber-Langendoen"
683183,"A4438","TT2.a1.Na","Quercus montana - Quercus alba Piedmont Dry Forest Alliance","Appalachians, Piedmont review, part 2",2020-12-09 12:40:10,"D. Faber-Langendoen"
684700,"A4438","TT2.a1.Na","Quercus montana - Quercus alba Piedmont Dry Forest Alliance","Appalachians, Piedmont review, part 2",2020-12-09 12:39:59,"D. Faber-Langendoen"
685442,"A4438","TT2.a1.Na","Quercus montana - Quercus alba Piedmont Dry Forest Alliance","Appalachians, Piedmont review, part 2",2020-12-09 12:40:09,"D. Faber-Langendoen"
683611,"A4438","TT2.a1.Na","Quercus montana - Quercus alba Piedmont Dry Forest Alliance","Appalachians, Piedmont review, part 2",2020-12-09 12:40:05,"D. Faber-Langendoen"
687226,"A4438","TT2.a1.Na","Quercus montana - Quercus alba Piedmont Dry Forest Alliance","Appalachians, Piedmont review, part 2",2020-12-09 12:40:08,"D. Faber-Langendoen"
683394,"A4438","TT2.a1.Na","Quercus montana - Quercus alba Piedmont Dry Forest Alliance","Appalachians, Piedmont review, part 2",2020-12-09 12:40:13,"D. Faber-Langendoen"
687818,"A4438","TT2.a1.Na","Quercus montana - Quercus alba Piedmont Dry Forest Alliance","Appalachians, Piedmont review, part 2",2020-12-09 12:40:04,"D. Faber-Langendoen"
688949,"A4436","TT2.b1.Na","Quercus alba - Carya glabra - Fraxinus americana Forest Alliance","Appalachians",2020-05-05 11:49:36,"D. Faber-Langendoen"
758559,"A4436","TT2.b1.Na","Quercus alba - Carya glabra - Fraxinus americana Forest Alliance","Appalachians",2020-05-05 11:49:27,"D. Faber-Langendoen"
758559,"A4436","TT2.b1.Na","Quercus alba - Carya glabra - Fraxinus americana Forest Alliance","final review of revisions to NVC in Appalachians / Mid-Atlantic",2021-06-07 12:30:44,"D. Faber-Langendoen"
802075,"A4436","TT2.b1.Na","Quercus alba - Carya glabra - Fraxinus americana Forest Alliance","Appalachians",2020-05-05 12:00:00,"D. Faber-Langendoen"
687197,"A4436","TT2.b1.Na","Quercus alba - Carya glabra - Fraxinus americana Forest Alliance","Appalachians",2020-05-05 11:49:30,"D. Faber-Langendoen"
791578,"A4436","TT2.b1.Na","Quercus alba - Carya glabra - Fraxinus americana Forest Alliance","Appalachians",2020-05-05 11:49:32,"D. Faber-Langendoen"
686973,"A4436","TT2.b1.Na","Quercus alba - Carya glabra - Fraxinus americana Forest Alliance","Appalachians",2020-05-05 11:49:37,"D. Faber-Langendoen"
684450,"A4436","TT2.b1.Na","Quercus alba - Carya glabra - Fraxinus americana Forest Alliance","Appalachians",2020-05-05 11:49:25,"D. Faber-Langendoen"
687805,"A4436","TT2.b1.Na","Quercus alba - Carya glabra - Fraxinus americana Forest Alliance","Appalachians",2020-05-05 11:49:26,"D. Faber-Langendoen"
793418,"A4436","TT2.b1.Na","Quercus alba - Carya glabra - Fraxinus americana Forest Alliance","Appalachians",2020-05-05 11:49:34,"D. Faber-Langendoen"
688757,"A4436","TT2.b1.Na","Quercus alba - Carya glabra - Fraxinus americana Forest Alliance","Appalachians",2020-05-05 11:49:38,"D. Faber-Langendoen"
738472,"A4436","TT2.b1.Na","Quercus alba - Carya glabra - Fraxinus americana Forest Alliance","Appalachians",2020-05-05 12:00:00,"D. Faber-Langendoen"
738472,"A4436","TT2.b1.Na","Quercus alba - Carya glabra - Fraxinus americana Forest Alliance","final review of revisions to NVC in Appalachians / Mid-Atlantic",2021-06-07 12:00:00,"D. Faber-Langendoen"
685156,"A4436","TT2.b1.Na","Quercus alba - Carya glabra - Fraxinus americana Forest Alliance","Appalachians",2020-05-05 11:49:31,"D. Faber-Langendoen"
1132398,"G890","TT2.b1.Nb","Southeastern Great Plains Woodland","Texas USNVC reg'l review follow-up, May 2023",2023-08-14 06:25:27,"J. Singhurst, TX ecologists, D. Faber-Langendoen"
899005,"G890","TT2.b1.Nb","Southeastern Great Plains Woodland","Texas USNVC reg'l review follow-up, May 2023",2023-08-14 06:25:27,"J. Singhurst, TX ecologists, D. Faber-Langendoen"
684158,"A4384","TT4.b1.Nf","Prunus virginiana - Symphoricarpos occidentalis - Amelanchier alnifolia Northern Plains Shrubland Alliance","CNVC AB-SK-MB rangelands & MT regional USNVC reviews",2023-03-27 04:49:08,"Cooper, S. et al; Tremblay, Pyle, Downing, DFL"
684499,"A4384","TT4.b1.Nf","Prunus virginiana - Symphoricarpos occidentalis - Amelanchier alnifolia Northern Plains Shrubland Alliance","CNVC AB-SK-MB rangelands & MT regional USNVC reviews",2023-03-27 04:49:08,"Cooper, S. et al; Tremblay, Pyle, Downing, DFL"
686914,"A4384","TT4.b1.Nf","Prunus virginiana - Symphoricarpos occidentalis - Amelanchier alnifolia Northern Plains Shrubland Alliance","CNVC AB-SK-MB rangelands & MT regional USNVC reviews",2023-03-27 04:49:08,"Cooper, S. et al; Tremblay, Pyle, Downing, DFL"
683603,"A4384","TT4.b1.Nf","Prunus virginiana - Symphoricarpos occidentalis - Amelanchier alnifolia Northern Plains Shrubland Alliance","MT-ID-WY regional review of USNVC, March 2023",2023-04-12 12:00:00,"Cooper,S., others, D. Faber-Langendoen"
895820,"A4384","TT4.b1.Nf","Prunus virginiana - Symphoricarpos occidentalis - Amelanchier alnifolia Northern Plains Shrubland Alliance","CNVC AB-SK-MB rangelands & MT regional USNVC reviews",2023-03-27 04:49:08,"Cooper, S. et al; Tremblay, Pyle, Downing, DFL"
684443,"A4384","TT4.b1.Nf","Prunus virginiana - Symphoricarpos occidentalis - Amelanchier alnifolia Northern Plains Shrubland Alliance","CNVC AB-SK-MB rangelands & MT regional USNVC reviews",2023-03-27 04:49:08,"Cooper, S. et al; Tremblay, Pyle, Downing, DFL"
684765,"A4384","TT4.b1.Nf","Prunus virginiana - Symphoricarpos occidentalis - Amelanchier alnifolia Northern Plains Shrubland Alliance","MT-ID-WY regional review of USNVC, March 2023",2023-04-12 05:33:26,"Cooper,S., others, D. Faber-Langendoen"
933779,"A3241","TT2.b1.Na","Quercus rubra - Acer saccharum - Betula alleghaniensis Forest Alliance","Vermont",2020-04-29 01:13:51,"D. Faber-Langendoen"
689739,"A3241","TT2.b1.Na","Quercus rubra - Acer saccharum - Betula alleghaniensis Forest Alliance","Vermont",2020-04-29 01:13:49,"D. Faber-Langendoen"
933831,"A3241","TT2.b1.Na","Quercus rubra - Acer saccharum - Betula alleghaniensis Forest Alliance","Vermont",2020-04-29 01:13:52,"D. Faber-Langendoen"
684612,"A3450","","Chamaedaphne calyculata - Vaccinium corymbosum Acidic Shrub Bog & Fen Alliance","Northeast review 2020",2020-08-10 12:00:00,"D. Faber-Langendoen"
684200,"A3450","","Chamaedaphne calyculata - Vaccinium corymbosum Acidic Shrub Bog & Fen Alliance","Northeast review 2020",2020-08-10 08:47:03,"D. Faber-Langendoen"
689513,"A3450","","Chamaedaphne calyculata - Vaccinium corymbosum Acidic Shrub Bog & Fen Alliance","NVC127_WI state types and NVC",2020-03-23 12:00:00,"D. Faber-Langendoen"
685409,"A3450","","Chamaedaphne calyculata - Vaccinium corymbosum Acidic Shrub Bog & Fen Alliance","Vermont",2020-04-29 01:14:22,"D. Faber-Langendoen"
688461,"A3450","","Chamaedaphne calyculata - Vaccinium corymbosum Acidic Shrub Bog & Fen Alliance","NVC127_WI state types and NVC",2020-03-23 05:28:36,"D. Faber-Langendoen"
800167,"A3450","","Chamaedaphne calyculata - Vaccinium corymbosum Acidic Shrub Bog & Fen Alliance","Northeast review 2020",2020-08-10 08:47:03,"D. Faber-Langendoen"
689146,"A3450","","Chamaedaphne calyculata - Vaccinium corymbosum Acidic Shrub Bog & Fen Alliance","Northeast review 2020",2020-08-10 12:00:00,"D. Faber-Langendoen"
688436,"A3450","","Chamaedaphne calyculata - Vaccinium corymbosum Acidic Shrub Bog & Fen Alliance","Northeast review 2020",2020-08-10 08:47:03,"D. Faber-Langendoen"
917080,"A3450","","Chamaedaphne calyculata - Vaccinium corymbosum Acidic Shrub Bog & Fen Alliance","Northeast review 2020",2020-08-10 08:47:03,"D. Faber-Langendoen"
684360,"A3450","","Chamaedaphne calyculata - Vaccinium corymbosum Acidic Shrub Bog & Fen Alliance","NVC127_WI state types and NVC",2020-03-23 05:28:30,"D. Faber-Langendoen"
685030,"A3450","","Chamaedaphne calyculata - Vaccinium corymbosum Acidic Shrub Bog & Fen Alliance","Vermont",2020-04-29 12:00:00,"D. Faber-Langendoen"
689666,"A3450","","Chamaedaphne calyculata - Vaccinium corymbosum Acidic Shrub Bog & Fen Alliance","Northeast review 2020",2020-08-10 08:47:03,"D. Faber-Langendoen"
688511,"A3450","","Chamaedaphne calyculata - Vaccinium corymbosum Acidic Shrub Bog & Fen Alliance","Northeast review 2020",2020-08-10 08:47:03,"D. Faber-Langendoen"
933779,"A4447","TT2.b1.Na","Acer saccharum - Betula alleghaniensis / Viburnum lantanoides Forest Alliance","Northeast review 2020",2020-08-10 08:47:20,"D. Faber-Langendoen"
686765,"A4447","TT2.b1.Na","Acer saccharum - Betula alleghaniensis / Viburnum lantanoides Forest Alliance","Northeast review 2020",2020-08-10 08:47:20,"D. Faber-Langendoen"
685903,"A4447","TT2.b1.Na","Acer saccharum - Betula alleghaniensis / Viburnum lantanoides Forest Alliance","Northeast review, part 2",2020-12-16 06:42:24,"D. Faber-Langendoen"
683584,"A4443","TT2.b1.Na","Picea rubens - Abies balsamea - Betula alleghaniensis Forest Alliance","Northeast review 2020",2020-08-10 08:47:21,"D. Faber-Langendoen"
1176999,"A4443","TT2.b1.Na","Picea rubens - Abies balsamea - Betula alleghaniensis Forest Alliance","New Hampshire EIA work & associated NVC refinements",2022-10-17 08:13:50,"W. Nichols, D Faber-Langendoen"
685368,"A4443","TT2.b1.Na","Picea rubens - Abies balsamea - Betula alleghaniensis Forest Alliance","Northeast review, part 2",2020-12-16 06:42:23,"D. Faber-Langendoen"
686890,"A4442","TT2.b1.Na","Picea rubens - Betula alleghaniensis - Acer saccharum Forest Alliance","Northeast review 2020",2020-08-10 12:00:00,"D. Faber-Langendoen"
687579,"A0620","TT2.b1.Na","Quercus macrocarpa Central Tallgrass Woodland Alliance","Great Plains Peer Review 2019",2019-07-31 12:00:00,"D. Faber-Langendoen"
687938,"A0620","TT2.b1.Na","Quercus macrocarpa Central Tallgrass Woodland Alliance","Great Plains Peer Review 2019",2019-07-31 05:32:57,"D. Faber-Langendoen"
687266,"A0620","TT2.b1.Na","Quercus macrocarpa Central Tallgrass Woodland Alliance","Great Plains Peer Review 2019",2019-07-31 05:33:12,"D. Faber-Langendoen"
686656,"A0620","TT2.b1.Na","Quercus macrocarpa Central Tallgrass Woodland Alliance","Great Plains Peer Review 2019",2019-07-31 12:00:00,"D. Faber-Langendoen"
1127128,"A4381","TT4.b1.Nf","Atriplex gardneri - Artemisia tridentata Northwestern Plains Dwarf-shrubland Alliance","Incorrectly assigned to A4381 (NVC125 Great Plains).",2021-01-15 12:00:00,"D. Faber-Langendoen"
1125704,"A4381","TT4.b1.Nf","Atriplex gardneri - Artemisia tridentata Northwestern Plains Dwarf-shrubland Alliance","CNVC AB-SK-MB rangelands & MT regional USNVC reviews",2023-03-27 04:49:06,"Cooper, S. et al; Tremblay, Pyle, Downing, DFL"
688417,"A4381","TT4.b1.Nf","Atriplex gardneri - Artemisia tridentata Northwestern Plains Dwarf-shrubland Alliance","CNVC AB-SK-MB rangelands & MT regional USNVC reviews",2023-03-27 04:49:06,"Cooper, S. et al; Tremblay, Pyle, Downing, DFL"
685579,"A4381","TT4.b1.Nf","Atriplex gardneri - Artemisia tridentata Northwestern Plains Dwarf-shrubland Alliance","CNVC AB-SK-MB rangelands & MT regional USNVC reviews",2023-03-27 04:49:06,"Cooper, S. et al; Tremblay, Pyle, Downing, DFL"
684500,"A4381","TT4.b1.Nf","Atriplex gardneri - Artemisia tridentata Northwestern Plains Dwarf-shrubland Alliance","CNVC AB-SK-MB rangelands & MT regional USNVC reviews",2023-03-27 04:49:06,"Cooper, S. et al; Tremblay, Pyle, Downing, DFL"
687652,"A4381","TT4.b1.Nf","Atriplex gardneri - Artemisia tridentata Northwestern Plains Dwarf-shrubland Alliance","CNVC AB-SK-MB rangelands & MT regional USNVC reviews",2023-03-27 04:49:06,"Cooper, S. et al; Tremblay, Pyle, Downing, DFL"
1127126,"A4381","TT4.b1.Nf","Atriplex gardneri - Artemisia tridentata Northwestern Plains Dwarf-shrubland Alliance","CNVC AB-SK-MB rangelands & MT regional USNVC reviews",2023-03-27 04:49:06,"Cooper, S. et al; Tremblay, Pyle, Downing, DFL"
684999,"A4381","TT4.b1.Nf","Atriplex gardneri - Artemisia tridentata Northwestern Plains Dwarf-shrubland Alliance","CNVC AB-SK-MB rangelands & MT regional USNVC reviews",2023-03-27 04:49:06,"Cooper, S. et al; Tremblay, Pyle, Downing, DFL"
683911,"A4381","TT4.b1.Nf","Atriplex gardneri - Artemisia tridentata Northwestern Plains Dwarf-shrubland Alliance","CNVC AB-SK-MB rangelands & MT regional USNVC reviews",2023-03-27 04:49:06,"Cooper, S. et al; Tremblay, Pyle, Downing, DFL"
1125712,"A4381","TT4.b1.Nf","Atriplex gardneri - Artemisia tridentata Northwestern Plains Dwarf-shrubland Alliance","CNVC AB-SK-MB rangelands & MT regional USNVC reviews",2023-03-27 04:49:06,"Cooper, S. et al; Tremblay, Pyle, Downing, DFL"
683786,"A0624","","Quercus rubra - Quercus montana Dry Rocky Woodland Alliance","Northeast review 2020",2020-08-10 08:46:57,"D. Faber-Langendoen"
687537,"A0624","","Quercus rubra - Quercus montana Dry Rocky Woodland Alliance","Northeast review 2020",2020-08-10 12:00:00,"D. Faber-Langendoen"
687189,"A0624","","Quercus rubra - Quercus montana Dry Rocky Woodland Alliance","Northeast review 2020",2020-08-10 08:46:57,"D. Faber-Langendoen"
952808,"A0624","","Quercus rubra - Quercus montana Dry Rocky Woodland Alliance","Northeast review 2020",2020-08-10 08:46:57,"D. Faber-Langendoen"
686982,"A0624","","Quercus rubra - Quercus montana Dry Rocky Woodland Alliance","Northeast review 2020",2020-08-10 08:46:57,"D. Faber-Langendoen"
685271,"A0624","","Quercus rubra - Quercus montana Dry Rocky Woodland Alliance","Northeast review 2020",2020-08-10 08:46:57,"D. Faber-Langendoen"
933791,"A0624","","Quercus rubra - Quercus montana Dry Rocky Woodland Alliance","Northeast review 2020",2020-08-10 08:46:57,"D. Faber-Langendoen"
687357,"A0681","","Pinus rigida - Quercus alba - Quercus stellata Ultramafic Woodland Alliance","",2020-12-09 12:39:09,"D. Faber-Langendoen"
905858,"A0681","","Pinus rigida - Quercus alba - Quercus stellata Ultramafic Woodland Alliance","Appalachian Mountains revisions 2019",2019-11-04 10:26:01,"D. Faber-Langendoen"
686593,"A0681","","Pinus rigida - Quercus alba - Quercus stellata Ultramafic Woodland Alliance","",2020-12-09 12:39:09,"D. Faber-Langendoen"
687946,"A0681","","Pinus rigida - Quercus alba - Quercus stellata Ultramafic Woodland Alliance","",2020-12-09 12:39:09,"D. Faber-Langendoen"
688827,"A4393","TT2.b1.Na","Quercus velutina - Quercus alba - Pinus spp. Northeast Forest Alliance","Northeast review 2020",2020-08-10 08:47:18,"D. Faber-Langendoen"
685147,"A4393","TT2.b1.Na","Quercus velutina - Quercus alba - Pinus spp. Northeast Forest Alliance","New Hampshire EIA work & associated NVC refinements",2022-10-17 08:13:42,"W. Nichols, D Faber-Langendoen"
728821,"A4392","TT2.b1.Na","Quercus montana - Quercus coccinea - Pinus strobus Forest Alliance","Appalachians",2020-05-05 11:49:11,"D. Faber-Langendoen"
686116,"A4392","TT2.b1.Na","Quercus montana - Quercus coccinea - Pinus strobus Forest Alliance","Appalachians",2020-05-05 11:49:13,"D. Faber-Langendoen"
684700,"A4392","TT2.b1.Na","Quercus montana - Quercus coccinea - Pinus strobus Forest Alliance","Appalachians",2020-05-05 11:49:12,"D. Faber-Langendoen"
787680,"A4391","TT2.b1.Na","Quercus alba - Quercus montana Western Allegheny Forest Alliance","Appalachians",2020-05-05 11:49:24,"D. Faber-Langendoen"
683149,"A4391","TT2.b1.Na","Quercus alba - Quercus montana Western Allegheny Forest Alliance","Appalachians",2020-05-05 11:49:23,"D. Faber-Langendoen"
686934,"A4390","TT2.b1.Na","Quercus alba - Quercus rubra - Quercus montana Forest Alliance","Appalachians",2020-05-05 11:49:06,"D. Faber-Langendoen"
684700,"A4390","TT2.b1.Na","Quercus alba - Quercus rubra - Quercus montana Forest Alliance","IVC clean-up Dec 2023-Jan 2024",2024-02-23 08:34:28,"D. Faber-Langendoen, P. McIntyre, C. Nordman"
687537,"A4390","TT2.b1.Na","Quercus alba - Quercus rubra - Quercus montana Forest Alliance","Appalachians",2020-05-05 12:00:00,"D. Faber-Langendoen"
687462,"A4390","TT2.b1.Na","Quercus alba - Quercus rubra - Quercus montana Forest Alliance","Appalachians",2020-05-05 11:49:03,"D. Faber-Langendoen"
688997,"A4382","TT4.b1.Nf","Andropogon gerardii - Sorghastrum nutans Northern Mixedgrass Grassland Alliance","Further grasslands revisions for AB, SK, MB",2024-04-05 06:04:38,"A Wells, M Tremblay, L Pyle, D Downing, DFL"
688263,"A4382","TT4.b1.Nf","Andropogon gerardii - Sorghastrum nutans Northern Mixedgrass Grassland Alliance","Further grasslands revisions for AB, SK, MB",2024-04-05 06:04:38,"A Wells, M Tremblay, L Pyle, D Downing, DFL"
933803,"A3224","","Laurentian-Acadian Sugar Maple Mesic Forest","Vermont",2020-04-29 01:13:40,"D. Faber-Langendoen"
684266,"A3224","","Laurentian-Acadian Sugar Maple Mesic Forest","Vermont",2020-04-29 01:13:38,"D. Faber-Langendoen"
688533,"A3224","","Laurentian-Acadian Sugar Maple Mesic Forest","Vermont",2020-04-29 01:13:37,"D. Faber-Langendoen"
689924,"A3224","","Laurentian-Acadian Sugar Maple Mesic Forest","Vermont",2020-04-29 01:13:39,"D. Faber-Langendoen"
683303,"A3713","TP1.a2.Nb","Fraxinus pennsylvanica - Tilia americana - Quercus spp. Mesic Floodplain Alliance","Central Midwest regional review",2022-07-24 04:57:45,"Program ecologist & D. Faber-Langendoen"
687582,"A3713","TP1.a2.Nb","Fraxinus pennsylvanica - Tilia americana - Quercus spp. Mesic Floodplain Alliance","NVC163 Central Midwest regional review",2022-04-14 02:43:42,"D. Faber-Langendoen, M. Leahy, et al"
687008,"A4399","TP1.c1.Na","Chamaedaphne calyculata / Carex oligosperma Bog Alliance","Northeast review, part 2",2020-12-16 06:42:38,"D. Faber-Langendoen"
731316,"A4399","TP1.c1.Na","Chamaedaphne calyculata / Carex oligosperma Bog Alliance","Northeast review, part 2",2020-12-16 06:42:35,"D. Faber-Langendoen"
688511,"A4399","TP1.c1.Na","Chamaedaphne calyculata / Carex oligosperma Bog Alliance","Northeast review, part 2",2020-12-16 06:42:34,"D. Faber-Langendoen"
688461,"A4398","TP1.c1.Na","Chamaedaphne calyculata / Carex lasiocarpa Poor Fen Alliance","Vermont",2020-04-29 01:14:20,"D. Faber-Langendoen"
688997,"A4677","TT4.b1.Nf","Andropogon gerardii Central Mixedgrass Grassland Alliance","Misc Great Plains edits",2019-12-19 05:31:57,"D. Faber-Langendoen"
683208,"A4677","TT4.b1.Nf","Andropogon gerardii Central Mixedgrass Grassland Alliance","Texas USNVC reg'l review follow-up, May 2023",2023-08-14 06:26:17,"J. Singhurst, TX ecologists, D. Faber-Langendoen"
1170324,"CG0007","","Ontario-Quebec Boreal Mesic Paper Birch – Balsam Fir – Trembling Aspen Forest","",2022-03-29 04:05:04,"D. Faber-Langendoen"
683905,"A4409","TP1.c1.Na","Ledum groenlandicum - Kalmia microphylla - Rhynchospora alba Shrub & Open Bog Alliance","WA NCCN Uplands & Wetlands",2022-02-07 08:52:56,"T. Ramm-Granberg"
686908,"A4410","TP1.c1.Na","Ledum glandulosum - Darlingtonia californica Shrub & Open Fen Alliance","California updates",2022-06-22 05:23:38,"J. Evens, R. Boul, D. Faber-Langendoen"
689213,"A4410","TP1.c1.Na","Ledum glandulosum - Darlingtonia californica Shrub & Open Fen Alliance","California updates",2022-06-22 05:23:38,"J. Evens, R. Boul, D. Faber-Langendoen"
686837,"A4410","TP1.c1.Na","Ledum glandulosum - Darlingtonia californica Shrub & Open Fen Alliance","California updates",2022-06-22 05:23:38,"J. Evens, R. Boul, D. Faber-Langendoen"
686762,"A4410","TP1.c1.Na","Ledum glandulosum - Darlingtonia californica Shrub & Open Fen Alliance","California USNVC review",2023-03-23 06:28:28,"J. Evens, R. Boul, P. McIntyre, D. Faber-Langendoen"
687863,"A4410","TP1.c1.Na","Ledum glandulosum - Darlingtonia californica Shrub & Open Fen Alliance","Washington NCCN Wetlands",2021-12-26 11:13:01,"Tynan Ramm-Granberg"
687863,"A4410","TP1.c1.Na","Ledum glandulosum - Darlingtonia californica Shrub & Open Fen Alliance","California updates",2022-06-22 05:23:38,"J. Evens, R. Boul, D. Faber-Langendoen"
687606,"A4410","TP1.c1.Na","Ledum glandulosum - Darlingtonia californica Shrub & Open Fen Alliance","California updates",2022-06-22 05:23:38,"J. Evens, R. Boul, D. Faber-Langendoen"
684135,"A4411","TP1.c1.Na","Myrica gale - Carex utriculata - Sphagnum spp. Acidic Shrub & Open Fen Alliance","WA NCCN Uplands & Wetlands",2022-02-07 08:52:57,"T. Ramm-Granberg"
688377,"A4411","TP1.c1.Na","Myrica gale - Carex utriculata - Sphagnum spp. Acidic Shrub & Open Fen Alliance","WA NCCN Uplands & Wetlands",2022-02-07 08:52:51,"T. Ramm-Granberg"
683757,"A4411","TP1.c1.Na","Myrica gale - Carex utriculata - Sphagnum spp. Acidic Shrub & Open Fen Alliance","WA NCCN Uplands & Wetlands",2022-02-07 08:52:54,"T. Ramm-Granberg"
687736,"A4416","TP1.b1.Ne","Alnus viridis ssp. sinuata Riparian Shrubland Alliance","MT-ID-WY USNVC reg'l review follow-up, May 2023",2023-08-02 04:02:44,"MT, ID, WY ecologists, D. Faber-Langendoen"
689345,"A4416","TP1.b1.Ne","Alnus viridis ssp. sinuata Riparian Shrubland Alliance","MT-ID-WY USNVC reg'l review follow-up, May 2023",2023-08-02 04:02:47,"MT, ID, WY ecologists, D. Faber-Langendoen"
683666,"A4416","TP1.b1.Ne","Alnus viridis ssp. sinuata Riparian Shrubland Alliance","MT-ID-WY USNVC reg'l review follow-up, May 2023",2023-08-02 04:02:45,"MT, ID, WY ecologists, D. Faber-Langendoen"
684487,"A4419","TP1.b1.Ne","Spiraea douglasii - Malus fusca - Salix sitchensis Lowland Wet Shrubland Alliance","Washington NCCN Wetlands",2021-12-26 11:13:32,"Tynan Ramm-Granberg"
688197,"A4419","TP1.b1.Ne","Spiraea douglasii - Malus fusca - Salix sitchensis Lowland Wet Shrubland Alliance","",2024-06-21 04:44:47,"D.Faber-Langendoen"
686912,"A4421","TP1.b1.Ne","Alnus incana - Cornus sericea Riparian Shrubland Alliance","MT-ID-WY USNVC reg'l review follow-up, May 2023",2023-08-02 04:02:40,"MT, ID, WY ecologists, D. Faber-Langendoen"
686744,"A4421","TP1.b1.Ne","Alnus incana - Cornus sericea Riparian Shrubland Alliance","MT-ID-WY USNVC reg'l review follow-up, May 2023",2023-08-02 04:02:36,"MT, ID, WY ecologists, D. Faber-Langendoen"
686260,"A4421","TP1.b1.Ne","Alnus incana - Cornus sericea Riparian Shrubland Alliance","MT-ID-WY USNVC reg'l review follow-up, May 2023",2023-08-02 04:02:39,"MT, ID, WY ecologists, D. Faber-Langendoen"
686370,"A4421","TP1.b1.Ne","Alnus incana - Cornus sericea Riparian Shrubland Alliance","MT-ID-WY USNVC reg'l review follow-up, May 2023",2023-08-02 04:02:37,"MT, ID, WY ecologists, D. Faber-Langendoen"
683551,"A4421","TP1.b1.Ne","Alnus incana - Cornus sericea Riparian Shrubland Alliance","MT-ID-WY USNVC reg'l review follow-up, May 2023",2023-08-02 04:02:43,"MT, ID, WY ecologists, D. Faber-Langendoen"
686400,"A4421","TP1.b1.Ne","Alnus incana - Cornus sericea Riparian Shrubland Alliance","MT-ID-WY USNVC reg'l review follow-up, May 2023",2023-08-02 04:02:41,"MT, ID, WY ecologists, D. Faber-Langendoen"
689822,"A4423","TP1.b1.Ne","Deschampsia cespitosa - Carex unilateralis - Danthonia californica Wet Prairie Alliance","Washington NCCN Wetlands",2021-12-26 11:13:12,"Tynan Ramm-Granberg"
685046,"A4423","TP1.b1.Ne","Deschampsia cespitosa - Carex unilateralis - Danthonia californica Wet Prairie Alliance","Washington NCCN Wetlands",2021-12-26 11:13:12,"Tynan Ramm-Granberg"
689922,"A4423","TP1.b1.Ne","Deschampsia cespitosa - Carex unilateralis - Danthonia californica Wet Prairie Alliance","Washington NCCN Wetlands",2021-12-26 12:00:00,"Tynan Ramm-Granberg"
685711,"A4423","TP1.b1.Ne","Deschampsia cespitosa - Carex unilateralis - Danthonia californica Wet Prairie Alliance","",2024-06-21 04:44:43,"D.Faber-Langendoen"
686488,"A4423","TP1.b1.Ne","Deschampsia cespitosa - Carex unilateralis - Danthonia californica Wet Prairie Alliance","USNVC California review",2023-02-20 06:57:30,"Evens, J., R. Boul, D. Faber-Langendoen"
684662,"A4423","TP1.b1.Ne","Deschampsia cespitosa - Carex unilateralis - Danthonia californica Wet Prairie Alliance","Washington NCCN Wetlands",2021-12-26 11:13:28,"Tynan Ramm-Granberg"
688967,"A4423","TP1.b1.Ne","Deschampsia cespitosa - Carex unilateralis - Danthonia californica Wet Prairie Alliance","Washington NCCN Wetlands",2021-12-26 12:00:00,"Tynan Ramm-Granberg"
690041,"A4423","TP1.b1.Ne","Deschampsia cespitosa - Carex unilateralis - Danthonia californica Wet Prairie Alliance","Washington NCCN Wetlands",2021-12-26 11:13:19,"Tynan Ramm-Granberg"
685195,"A4423","TP1.b1.Ne","Deschampsia cespitosa - Carex unilateralis - Danthonia californica Wet Prairie Alliance","Washington NCCN Wetlands",2021-12-26 11:14:47,"Tynan Ramm-Granberg"
684922,"A4423","TP1.b1.Ne","Deschampsia cespitosa - Carex unilateralis - Danthonia californica Wet Prairie Alliance","Washington NCCN Wetlands",2021-12-26 11:13:20,"Tynan Ramm-Granberg"
686893,"A4423","TP1.b1.Ne","Deschampsia cespitosa - Carex unilateralis - Danthonia californica Wet Prairie Alliance","Washington NCCN Wetlands",2021-12-26 11:13:18,"Tynan Ramm-Granberg"
689288,"A4424","TP1.b1.Ne","Senecio triangularis - Saxifraga spp. - Mimulus spp. Streamside Wet Meadow Alliance","Washington NCCN Wetlands",2021-12-26 11:14:40,"Tynan Ramm-Granberg"
685110,"A4424","TP1.b1.Ne","Senecio triangularis - Saxifraga spp. - Mimulus spp. Streamside Wet Meadow Alliance","Washington NCCN Wetlands",2021-12-26 11:14:38,"Tynan Ramm-Granberg"
688737,"A4424","TP1.b1.Ne","Senecio triangularis - Saxifraga spp. - Mimulus spp. Streamside Wet Meadow Alliance","Washington NCCN Wetlands",2021-12-26 11:13:15,"Tynan Ramm-Granberg"
688016,"A4424","TP1.b1.Ne","Senecio triangularis - Saxifraga spp. - Mimulus spp. Streamside Wet Meadow Alliance","Washington NCCN Wetlands",2021-12-26 11:14:38,"Tynan Ramm-Granberg"
688558,"A4424","TP1.b1.Ne","Senecio triangularis - Saxifraga spp. - Mimulus spp. Streamside Wet Meadow Alliance","Washington NCCN Wetlands",2021-12-26 11:14:44,"Tynan Ramm-Granberg"
683097,"A4424","TP1.b1.Ne","Senecio triangularis - Saxifraga spp. - Mimulus spp. Streamside Wet Meadow Alliance","Washington NCCN Wetlands",2021-12-26 11:14:39,"Tynan Ramm-Granberg"
685952,"A4424","TP1.b1.Ne","Senecio triangularis - Saxifraga spp. - Mimulus spp. Streamside Wet Meadow Alliance","Washington NCCN Wetlands",2021-12-26 11:14:43,"Tynan Ramm-Granberg"
799477,"A4424","TP1.b1.Ne","Senecio triangularis - Saxifraga spp. - Mimulus spp. Streamside Wet Meadow Alliance","Washington NCCN Wetlands",2021-12-26 11:14:45,"Tynan Ramm-Granberg"
689503,"A4424","TP1.b1.Ne","Senecio triangularis - Saxifraga spp. - Mimulus spp. Streamside Wet Meadow Alliance","Washington NCCN Wetlands",2021-12-26 11:14:41,"Tynan Ramm-Granberg"
683122,"A4424","TP1.b1.Ne","Senecio triangularis - Saxifraga spp. - Mimulus spp. Streamside Wet Meadow Alliance","Washington NCCN Wetlands",2021-12-26 11:14:41,"Tynan Ramm-Granberg"
689550,"A4424","TP1.b1.Ne","Senecio triangularis - Saxifraga spp. - Mimulus spp. Streamside Wet Meadow Alliance","Washington NCCN Wetlands",2021-12-26 11:14:42,"Tynan Ramm-Granberg"
689550,"A4424","TP1.b1.Ne","Senecio triangularis - Saxifraga spp. - Mimulus spp. Streamside Wet Meadow Alliance","MT-ID-WY USNVC reg'l review follow-up, May 2023",2023-08-02 04:02:20,"MT, ID, WY ecologists, D. Faber-Langendoen"
689048,"A4426","TP1.b1.Ne","Danthonia californica - Deschampsia cespitosa - Camassia quamash Wet Grassland Alliance","WA NCCN Uplands & Wetlands",2022-02-07 08:53:02,"T. Ramm-Granberg"
684388,"A4426","TP1.b1.Ne","Danthonia californica - Deschampsia cespitosa - Camassia quamash Wet Grassland Alliance","Washington NCCN Wetlands",2021-12-26 11:14:51,"Tynan Ramm-Granberg"
683630,"A4426","TP1.b1.Ne","Danthonia californica - Deschampsia cespitosa - Camassia quamash Wet Grassland Alliance","Washington NCCN Wetlands",2021-12-26 11:13:48,"Tynan Ramm-Granberg"
683543,"A4426","TP1.b1.Ne","Danthonia californica - Deschampsia cespitosa - Camassia quamash Wet Grassland Alliance","Washington NCCN Wetlands",2021-12-26 11:14:49,"Tynan Ramm-Granberg"
686576,"A4426","TP1.b1.Ne","Danthonia californica - Deschampsia cespitosa - Camassia quamash Wet Grassland Alliance","Washington NCCN Wetlands",2021-12-26 11:14:50,"Tynan Ramm-Granberg"
684456,"A4428","TP1.a2.Nf","Populus balsamifera ssp. trichocarpa - Alnus rubra - Fraxinus latifolia Riparian Forest Alliance","Washington NCCN Wetlands",2021-12-26 11:09:34,"Tynan Ramm-Granberg"
687376,"A4428","TP1.a2.Nf","Populus balsamifera ssp. trichocarpa - Alnus rubra - Fraxinus latifolia Riparian Forest Alliance","Washington NCCN Wetlands",2021-12-26 11:09:02,"Tynan Ramm-Granberg"
687707,"A4428","TP1.a2.Nf","Populus balsamifera ssp. trichocarpa - Alnus rubra - Fraxinus latifolia Riparian Forest Alliance","Washington NCCN Wetlands",2021-12-26 11:08:57,"Tynan Ramm-Granberg"
683351,"A4428","TP1.a2.Nf","Populus balsamifera ssp. trichocarpa - Alnus rubra - Fraxinus latifolia Riparian Forest Alliance","Washington NCCN Wetlands",2021-12-26 11:08:32,"Tynan Ramm-Granberg"
685992,"A4428","TP1.a2.Nf","Populus balsamifera ssp. trichocarpa - Alnus rubra - Fraxinus latifolia Riparian Forest Alliance","Washington NCCN Wetlands",2021-12-26 11:09:49,"Tynan Ramm-Granberg"
687336,"A4428","TP1.a2.Nf","Populus balsamifera ssp. trichocarpa - Alnus rubra - Fraxinus latifolia Riparian Forest Alliance","Washington NCCN Wetlands",2021-12-26 11:08:25,"Tynan Ramm-Granberg"
687336,"A4428","TP1.a2.Nf","Populus balsamifera ssp. trichocarpa - Alnus rubra - Fraxinus latifolia Riparian Forest Alliance","WA NCCN Uplands & Wetlands",2022-02-07 08:52:45,"T. Ramm-Granberg"
690056,"A4428","TP1.a2.Nf","Populus balsamifera ssp. trichocarpa - Alnus rubra - Fraxinus latifolia Riparian Forest Alliance","Washington NCCN Wetlands",2021-12-26 11:07:23,"Tynan Ramm-Granberg"
690056,"A4428","TP1.a2.Nf","Populus balsamifera ssp. trichocarpa - Alnus rubra - Fraxinus latifolia Riparian Forest Alliance","WA NCCN Uplands & Wetlands",2022-02-07 08:52:44,"T. Ramm-Granberg"
683956,"A4428","TP1.a2.Nf","Populus balsamifera ssp. trichocarpa - Alnus rubra - Fraxinus latifolia Riparian Forest Alliance","Washington NCCN Wetlands",2021-12-26 11:08:52,"Tynan Ramm-Granberg"
688875,"A4428","TP1.a2.Nf","Populus balsamifera ssp. trichocarpa - Alnus rubra - Fraxinus latifolia Riparian Forest Alliance","Washington NCCN Wetlands",2021-12-26 11:08:16,"Tynan Ramm-Granberg"
688912,"A4428","TP1.a2.Nf","Populus balsamifera ssp. trichocarpa - Alnus rubra - Fraxinus latifolia Riparian Forest Alliance","Washington NCCN Wetlands",2021-12-26 11:08:11,"Tynan Ramm-Granberg"
685074,"A4428","TP1.a2.Nf","Populus balsamifera ssp. trichocarpa - Alnus rubra - Fraxinus latifolia Riparian Forest Alliance","Washington NCCN Wetlands",2021-12-26 11:07:57,"Tynan Ramm-Granberg"
686556,"A4428","TP1.a2.Nf","Populus balsamifera ssp. trichocarpa - Alnus rubra - Fraxinus latifolia Riparian Forest Alliance","Washington NCCN Wetlands",2021-12-26 12:00:00,"Tynan Ramm-Granberg"
688690,"A4428","TP1.a2.Nf","Populus balsamifera ssp. trichocarpa - Alnus rubra - Fraxinus latifolia Riparian Forest Alliance","Washington NCCN Wetlands",2021-12-26 11:09:53,"Tynan Ramm-Granberg"
684231,"A4428","TP1.a2.Nf","Populus balsamifera ssp. trichocarpa - Alnus rubra - Fraxinus latifolia Riparian Forest Alliance","Washington NCCN Wetlands",2021-12-26 11:09:44,"Tynan Ramm-Granberg"
690062,"A4428","TP1.a2.Nf","Populus balsamifera ssp. trichocarpa - Alnus rubra - Fraxinus latifolia Riparian Forest Alliance","Washington NCCN Wetlands",2021-12-26 11:09:39,"Tynan Ramm-Granberg"
689471,"A4428","TP1.a2.Nf","Populus balsamifera ssp. trichocarpa - Alnus rubra - Fraxinus latifolia Riparian Forest Alliance","Washington NCCN Wetlands",2021-12-26 11:09:27,"Tynan Ramm-Granberg"
688874,"A4428","TP1.a2.Nf","Populus balsamifera ssp. trichocarpa - Alnus rubra - Fraxinus latifolia Riparian Forest Alliance","Washington NCCN Wetlands",2021-12-26 11:09:31,"Tynan Ramm-Granberg"
688874,"A4428","TP1.a2.Nf","Populus balsamifera ssp. trichocarpa - Alnus rubra - Fraxinus latifolia Riparian Forest Alliance","WA NCCN Uplands & Wetlands",2022-02-07 08:52:42,"T. Ramm-Granberg"
684452,"A4428","TP1.a2.Nf","Populus balsamifera ssp. trichocarpa - Alnus rubra - Fraxinus latifolia Riparian Forest Alliance","Washington NCCN Wetlands",2021-12-26 11:08:37,"Tynan Ramm-Granberg"
689847,"A4428","TP1.a2.Nf","Populus balsamifera ssp. trichocarpa - Alnus rubra - Fraxinus latifolia Riparian Forest Alliance","Washington NCCN Wetlands",2021-12-26 11:08:29,"Tynan Ramm-Granberg"
686558,"A4428","TP1.a2.Nf","Populus balsamifera ssp. trichocarpa - Alnus rubra - Fraxinus latifolia Riparian Forest Alliance","Washington NCCN Wetlands",2021-12-26 11:08:20,"Tynan Ramm-Granberg"
684080,"A4428","TP1.a2.Nf","Populus balsamifera ssp. trichocarpa - Alnus rubra - Fraxinus latifolia Riparian Forest Alliance","Washington NCCN Wetlands",2021-12-26 11:08:02,"Tynan Ramm-Granberg"
787976,"A4428","TP1.a2.Nf","Populus balsamifera ssp. trichocarpa - Alnus rubra - Fraxinus latifolia Riparian Forest Alliance","Washington NCCN Wetlands",2021-12-26 11:07:51,"Tynan Ramm-Granberg"
689080,"A4428","TP1.a2.Nf","Populus balsamifera ssp. trichocarpa - Alnus rubra - Fraxinus latifolia Riparian Forest Alliance","Washington NCCN Wetlands",2021-12-26 11:07:31,"Tynan Ramm-Granberg"
683703,"A4428","TP1.a2.Nf","Populus balsamifera ssp. trichocarpa - Alnus rubra - Fraxinus latifolia Riparian Forest Alliance","Washington NCCN Wetlands",2021-12-26 11:09:16,"Tynan Ramm-Granberg"
690063,"A4428","TP1.a2.Nf","Populus balsamifera ssp. trichocarpa - Alnus rubra - Fraxinus latifolia Riparian Forest Alliance","Washington NCCN Wetlands",2021-12-26 11:08:42,"Tynan Ramm-Granberg"
687337,"A4428","TP1.a2.Nf","Populus balsamifera ssp. trichocarpa - Alnus rubra - Fraxinus latifolia Riparian Forest Alliance","Washington NCCN Wetlands",2021-12-26 11:10:01,"Tynan Ramm-Granberg"
688062,"A4428","TP1.a2.Nf","Populus balsamifera ssp. trichocarpa - Alnus rubra - Fraxinus latifolia Riparian Forest Alliance","Washington NCCN Wetlands",2021-12-26 11:07:38,"Tynan Ramm-Granberg"
688062,"A4428","TP1.a2.Nf","Populus balsamifera ssp. trichocarpa - Alnus rubra - Fraxinus latifolia Riparian Forest Alliance","WA NCCN Uplands & Wetlands",2022-02-07 08:52:48,"T. Ramm-Granberg"
688876,"A4428","TP1.a2.Nf","Populus balsamifera ssp. trichocarpa - Alnus rubra - Fraxinus latifolia Riparian Forest Alliance","Washington NCCN Wetlands",2021-12-26 11:09:57,"Tynan Ramm-Granberg"
686115,"A4428","TP1.a2.Nf","Populus balsamifera ssp. trichocarpa - Alnus rubra - Fraxinus latifolia Riparian Forest Alliance","Washington NCCN Wetlands",2021-12-26 11:08:08,"Tynan Ramm-Granberg"
684232,"A4428","TP1.a2.Nf","Populus balsamifera ssp. trichocarpa - Alnus rubra - Fraxinus latifolia Riparian Forest Alliance","Washington NCCN Wetlands",2021-12-26 11:08:47,"Tynan Ramm-Granberg"
689848,"A4428","TP1.a2.Nf","Populus balsamifera ssp. trichocarpa - Alnus rubra - Fraxinus latifolia Riparian Forest Alliance","Washington NCCN Wetlands",2021-12-26 11:10:05,"Tynan Ramm-Granberg"
690057,"A4428","TP1.a2.Nf","Populus balsamifera ssp. trichocarpa - Alnus rubra - Fraxinus latifolia Riparian Forest Alliance","Washington NCCN Wetlands",2021-12-26 11:09:21,"Tynan Ramm-Granberg"
683875,"A4428","TP1.a2.Nf","Populus balsamifera ssp. trichocarpa - Alnus rubra - Fraxinus latifolia Riparian Forest Alliance","Washington NCCN Wetlands",2021-12-26 11:09:07,"Tynan Ramm-Granberg"
686961,"A4429","TP1.a2.Nd","Alnus rhombifolia - Alnus rubra Interior Swamp & Riparian Forest Alliance","This is an interior (not Vancouverian) <i>Alnus rubra</i> type of the Blue Mountains and interior rainforests of the Rockies; move to a new <i>Alnus rubra</i> alliance (A2412) in G506 (TRG 9/27/23, NVC184_GrpMap_v0.9).",2024-06-21 12:00:00,"D. Faber-Langendoen"
685642,"A4429","TP1.a2.Nd","Alnus rhombifolia - Alnus rubra Interior Swamp & Riparian Forest Alliance","Washington NCCN Wetlands",2021-12-26 11:07:05,"Tynan Ramm-Granberg"
685642,"A4429","TP1.a2.Nd","Alnus rhombifolia - Alnus rubra Interior Swamp & Riparian Forest Alliance","",2024-06-21 04:45:53,"D.Faber-Langendoen"
689088,"A4429","TP1.a2.Nd","Alnus rhombifolia - Alnus rubra Interior Swamp & Riparian Forest Alliance","Washington NCCN Wetlands",2021-12-26 11:06:51,"Tynan Ramm-Granberg"
689088,"A4429","TP1.a2.Nd","Alnus rhombifolia - Alnus rubra Interior Swamp & Riparian Forest Alliance","",2024-06-21 04:45:48,"D.Faber-Langendoen"
686031,"A4429","TP1.a2.Nd","Alnus rhombifolia - Alnus rubra Interior Swamp & Riparian Forest Alliance","Washington NCCN Wetlands",2021-12-26 11:06:49,"Tynan Ramm-Granberg"
686031,"A4429","TP1.a2.Nd","Alnus rhombifolia - Alnus rubra Interior Swamp & Riparian Forest Alliance","",2024-06-21 04:45:47,"D.Faber-Langendoen"
686556,"A4429","TP1.a2.Nd","Alnus rhombifolia - Alnus rubra Interior Swamp & Riparian Forest Alliance","This is an interior (not Vancouverian) <i>Alnus rubra</i> type of the Blue Mountains and interior rainforests of the Rockies; move to a new <i>Alnus rubra</i> alliance (A2412) in G506 (TRG 9/27/23, NVC184_GrpMap_v0.9).",2024-06-21 12:00:00,"D.Faber-Langendoen"
687383,"A4429","TP1.a2.Nd","Alnus rhombifolia - Alnus rubra Interior Swamp & Riparian Forest Alliance","Washington NCCN Wetlands",2021-12-26 11:07:01,"Tynan Ramm-Granberg"
687383,"A4429","TP1.a2.Nd","Alnus rhombifolia - Alnus rubra Interior Swamp & Riparian Forest Alliance","",2024-06-21 04:45:51,"D.Faber-Langendoen"
687679,"A4429","TP1.a2.Nd","Alnus rhombifolia - Alnus rubra Interior Swamp & Riparian Forest Alliance","This is an interior (not Vancouverian) <i>Alnus rubra</i> type of the Blue Mountains and interior rainforests of the Rockies; move to a new <i>Alnus rubra</i> alliance (A2412) in G506 (TRG 9/27/23, NVC184_GrpMap_v0.9).",2024-06-21 12:00:00,"D.Faber-Langendoen"
685443,"A4429","TP1.a2.Nd","Alnus rhombifolia - Alnus rubra Interior Swamp & Riparian Forest Alliance","This is an interior (not Vancouverian) <i>Alnus rubra</i> type of the Blue Mountains and interior rainforests of the Rockies; move to a new <i>Alnus rubra</i> alliance (A2412) in G506 (TRG 9/27/23, NVC184_GrpMap_v0.9).",2024-06-21 12:00:00,"D. Faber-Langendoen"
688062,"A4429","TP1.a2.Nd","Alnus rhombifolia - Alnus rubra Interior Swamp & Riparian Forest Alliance","",2024-06-24 05:32:58,"D.Faber-Langendoen"
686378,"A4429","TP1.a2.Nd","Alnus rhombifolia - Alnus rubra Interior Swamp & Riparian Forest Alliance","Washington NCCN Wetlands",2021-12-26 11:06:55,"Tynan Ramm-Granberg"
686378,"A4429","TP1.a2.Nd","Alnus rhombifolia - Alnus rubra Interior Swamp & Riparian Forest Alliance","",2024-06-21 04:45:50,"D.Faber-Langendoen"
683616,"A4429","TP1.a2.Nd","Alnus rhombifolia - Alnus rubra Interior Swamp & Riparian Forest Alliance","Washington NCCN Wetlands",2021-12-26 11:06:47,"Tynan Ramm-Granberg"
683616,"A4429","TP1.a2.Nd","Alnus rhombifolia - Alnus rubra Interior Swamp & Riparian Forest Alliance","",2024-06-21 04:45:46,"D.Faber-Langendoen"
685384,"A4429","TP1.a2.Nd","Alnus rhombifolia - Alnus rubra Interior Swamp & Riparian Forest Alliance","Washington NCCN Wetlands",2021-12-26 11:12:41,"Tynan Ramm-Granberg"
685384,"A4429","TP1.a2.Nd","Alnus rhombifolia - Alnus rubra Interior Swamp & Riparian Forest Alliance","",2024-06-21 04:45:44,"D.Faber-Langendoen"
688391,"A4429","TP1.a2.Nd","Alnus rhombifolia - Alnus rubra Interior Swamp & Riparian Forest Alliance","Washington NCCN Wetlands",2021-12-26 11:07:09,"Tynan Ramm-Granberg"
688391,"A4429","TP1.a2.Nd","Alnus rhombifolia - Alnus rubra Interior Swamp & Riparian Forest Alliance","",2024-06-21 04:45:54,"D.Faber-Langendoen"
688197,"A4418","TP1.b1.Ne","Alnus viridis - Acer circinatum - Salix sitchensis Montane Wet Shrubland Alliance","California USNVC updates Aug 2023",2023-08-25 06:51:17,"R. Boul, J. Evens, D. Faber-Langendoen"
684330,"A4418","TP1.b1.Ne","Alnus viridis - Acer circinatum - Salix sitchensis Montane Wet Shrubland Alliance","USNVC California review",2023-02-20 06:57:32,"Evens, J., R. Boul, D. Faber-Langendoen"
683391,"A4418","TP1.b1.Ne","Alnus viridis - Acer circinatum - Salix sitchensis Montane Wet Shrubland Alliance","Washington NCCN Wetlands",2021-12-26 11:13:35,"Tynan Ramm-Granberg"
688786,"A4418","TP1.b1.Ne","Alnus viridis - Acer circinatum - Salix sitchensis Montane Wet Shrubland Alliance","Washington NCCN Wetlands",2021-12-26 11:13:34,"Tynan Ramm-Granberg"
684559,"A4418","TP1.b1.Ne","Alnus viridis - Acer circinatum - Salix sitchensis Montane Wet Shrubland Alliance","Washington NCCN Wetlands",2021-12-26 11:13:33,"Tynan Ramm-Granberg"
686361,"A3963","TT4.b1.Ne","Amelanchier alnifolia Montane-Foothill Shrubland Alliance","Washington updates",2022-08-08 11:10:05,"T. Ramm-Granberg & D. Faber-Langendoen"
770487,"A3963","TT4.b1.Ne","Amelanchier alnifolia Montane-Foothill Shrubland Alliance","Washington updates",2022-08-08 11:10:06,"T. Ramm-Granberg & D. Faber-Langendoen"
684290,"A3985","TT4.b1.Ne","Elymus lanceolatus - Hesperostipa comata - Phacelia hastata Central Rockies Sandy Grassland Alliance","edits in prep for USNVC v3.0 release",2025-06-26 05:27:57,"D. Faber-Langendoen"
683212,"A3739","MS2.a1.Nb","Festuca rubra - Calamagrostis nutkaensis Coastal Headland Grassland Alliance","Marin & San Mateo Counties CNPS USNVC review",2023-04-05 05:38:04,"Evens, J., Boul, R., McIntyre, P."
684435,"A3739","MS2.a1.Nb","Festuca rubra - Calamagrostis nutkaensis Coastal Headland Grassland Alliance","Washington updates",2022-08-08 11:10:33,"T. Ramm-Granberg & D. Faber-Langendoen"
685627,"A3739","MS2.a1.Nb","Festuca rubra - Calamagrostis nutkaensis Coastal Headland Grassland Alliance","USNVC California review",2023-02-20 06:57:26,"Evens, J., R. Boul, D. Faber-Langendoen"
685279,"A3891","TP1.b1.Nd","Carex praegracilis - Eleocharis palustris - Hordeum jubatum Wet Meadow Alliance","Washington updates",2022-08-08 11:10:43,"T. Ramm-Granberg & D. Faber-Langendoen"
686178,"A3895","TP1.b1.Nd","Schoenoplectus americanus - Schoenoplectus pungens - Eleocharis palustris Marsh Alliance","Washington updates",2022-08-08 11:10:57,"T. Ramm-Granberg & D. Faber-Langendoen"
841794,"A3895","TP1.b1.Nd","Schoenoplectus americanus - Schoenoplectus pungens - Eleocharis palustris Marsh Alliance","Washington updates",2022-08-08 11:10:46,"T. Ramm-Granberg & D. Faber-Langendoen"
685790,"A3895","TP1.b1.Nd","Schoenoplectus americanus - Schoenoplectus pungens - Eleocharis palustris Marsh Alliance","California updates",2022-06-22 05:25:56,"J. Evens, R. Boul, D. Faber-Langendoen"
683733,"A3895","TP1.b1.Nd","Schoenoplectus americanus - Schoenoplectus pungens - Eleocharis palustris Marsh Alliance","Washington updates",2022-08-08 11:10:52,"T. Ramm-Granberg & D. Faber-Langendoen"
683828,"A3895","TP1.b1.Nd","Schoenoplectus americanus - Schoenoplectus pungens - Eleocharis palustris Marsh Alliance","Washington updates",2022-08-08 11:10:48,"T. Ramm-Granberg & D. Faber-Langendoen"
1238807,"A3896","TP1.b1.Nd","Typha domingensis - Typha latifolia - Schoenoplectus acutus Western Marsh Alliance","Southwest regional peer review (NM, AZ, CO, UT, NV)",2023-02-17 02:58:07,"E. Muldavin et al."
683383,"A2627","TP1.b1.Ne","Eryngium petiolatum - Plagiobothrys figuratus North Pacific Vernal Pool Alliance","Washington updates",2022-08-08 11:10:58,"T. Ramm-Granberg & D. Faber-Langendoen"
685005,"A2627","TP1.b1.Ne","Eryngium petiolatum - Plagiobothrys figuratus North Pacific Vernal Pool Alliance","Washington updates",2022-08-08 11:11:00,"T. Ramm-Granberg & D. Faber-Langendoen"
969525,"A4243","TP1.b1.Ne","Carex pansa - Juncus falcatus Interdunal Wet Meadow Alliance","Marin & San Mateo Counties CNPS USNVC review",2023-04-05 05:37:17,"Evens, J., Boul, R., McIntyre, P."
683355,"A4243","TP1.b1.Ne","Carex pansa - Juncus falcatus Interdunal Wet Meadow Alliance","Marin & San Mateo Counties CNPS USNVC review",2023-04-05 05:37:17,"Evens, J., Boul, R., McIntyre, P."
687206,"A4243","TP1.b1.Ne","Carex pansa - Juncus falcatus Interdunal Wet Meadow Alliance","Marin & San Mateo Counties CNPS USNVC review",2023-04-05 12:00:00,"Evens, J., Boul, R., McIntyre, P."
685711,"A4413","TP1.b1.Ne","Deschampsia cespitosa - Petasites frigidus - Carex interrupta Streamside Wet Meadow Alliance","USNVC California review",2023-02-20 06:57:28,"Evens, J., R. Boul, D. Faber-Langendoen"
686488,"A4413","TP1.b1.Ne","Deschampsia cespitosa - Petasites frigidus - Carex interrupta Streamside Wet Meadow Alliance","Washington updates",2022-08-08 11:11:09,"T. Ramm-Granberg & D. Faber-Langendoen"
899855,"G107","TP1.a2.Nc","Great Basin-Colorado Plateau Semi-desert Riparian Forest","",2025-03-05 02:23:04,"D.Faber-Langendoen"
685122,"A3798","TP1.a2.Nc","Populus deltoides ssp. wislizeni - Salix amygdaloides Riparian Woodland Alliance","California updates",2022-06-22 12:00:00,"J. Evens, R. Boul, D. Faber-Langendoen"
685322,"A3798","TP1.a2.Nc","Populus deltoides ssp. wislizeni - Salix amygdaloides Riparian Woodland Alliance","California updates",2022-06-22 05:25:33,"J. Evens, R. Boul, D. Faber-Langendoen"
686924,"A3798","TP1.a2.Nc","Populus deltoides ssp. wislizeni - Salix amygdaloides Riparian Woodland Alliance","California updates",2022-06-22 05:25:31,"J. Evens, R. Boul, D. Faber-Langendoen"
684223,"A3798","TP1.a2.Nc","Populus deltoides ssp. wislizeni - Salix amygdaloides Riparian Woodland Alliance","MT-ID-WY USNVC reg'l review follow-up, May 2023",2023-08-02 03:59:40,"MT, ID, WY ecologists, D. Faber-Langendoen"
684220,"A3798","TP1.a2.Nc","Populus deltoides ssp. wislizeni - Salix amygdaloides Riparian Woodland Alliance","California updates",2022-06-22 05:25:28,"J. Evens, R. Boul, D. Faber-Langendoen"
688212,"A2182","MS2.a1.Ea","Ipomoea pes-caprae - Canavalia rosea - Sesuvium portulacastrum Sand Beach Alliance","Southeast US reg'l review of USNVC, April 2023",2023-05-15 02:15:59,"D. Faber-Langendoen"
683257,"A4224","TT4.d1.Nc","Eastern Boreal Alkaline Talus Alliance","Northeast review, part 2c",2020-12-22 09:49:13,"D. Faber-Langendoen"
686955,"A4227","TT4.d1.Nc","Eastern Boreal Acidic Talus Alliance","Northeast review, part 2c",2020-12-22 09:49:15,"D. Faber-Langendoen"
687150,"A4227","TT4.d1.Nc","Eastern Boreal Acidic Talus Alliance","Northeast review, part 2c",2020-12-22 09:49:11,"D. Faber-Langendoen"
687913,"A4227","TT4.d1.Nc","Eastern Boreal Acidic Talus Alliance","Northeast review, part 2c",2020-12-22 09:49:12,"D. Faber-Langendoen"
683811,"A4227","TT4.d1.Nc","Eastern Boreal Acidic Talus Alliance","Northeast review, part 2c",2020-12-22 09:49:10,"D. Faber-Langendoen"
860754,"M538","TT4.b2.Nb","Atlantic Coastal Heath","CNVC 2023 review, NF subset",2023-02-12 03:26:14,"W. Meades, D Faber-Langendoen"
1041597,"M538","TT4.b2.Nb","Atlantic Coastal Heath","CNVC Newfoundland review",2023-02-20 07:14:36,"Meades, W., D. Faber-Langendoen"
1041594,"M538","TT4.b2.Nb","Atlantic Coastal Heath","CNVC 2023 review, NF subset",2023-02-12 12:00:00,"W. Meades, D Faber-Langendoen"
860829,"M538","TT4.b2.Nb","Atlantic Coastal Heath","CNVC_NF2023 placed in incorrect parent.",2024-01-13 03:22:20,"D. Faber-Langendoen"
860839,"M538","TT4.b2.Nb","Atlantic Coastal Heath","CNVC Ontario review",2023-03-05 02:43:55,"D. Faber-Langendoen"
860878,"M538","TT4.b2.Nb","Atlantic Coastal Heath","CNVC_NF2023 placed in incorrect parent.",2024-01-13 03:22:20,"D. Faber-Langendoen"
860808,"M538","TT4.b2.Nb","Atlantic Coastal Heath","CNVC_NF2023 placed in incorrect parent.",2024-01-13 03:22:21,"D. Faber-Langendoen"
683792,"A2276","TP1.d1.Na","Eichhornia crassipes - Ludwigia peploides - Alternanthera philoxeroides Ruderal Aquatic Vegetation Alliance","Marin & San Mateo Counties CNPS USNVC review",2023-04-05 05:37:56,"Evens, J., Boul, R., McIntyre, P."
683783,"A2276","TP1.d1.Na","Eichhornia crassipes - Ludwigia peploides - Alternanthera philoxeroides Ruderal Aquatic Vegetation Alliance","Marin & San Mateo Counties CNPS USNVC review",2023-04-05 05:37:58,"Evens, J., Boul, R., McIntyre, P."
964254,"A2276","TP1.d1.Na","Eichhornia crassipes - Ludwigia peploides - Alternanthera philoxeroides Ruderal Aquatic Vegetation Alliance","Marin & San Mateo Counties CNPS USNVC review",2023-04-05 05:37:57,"Evens, J., Boul, R., McIntyre, P."
686108,"A2276","TP1.d1.Na","Eichhornia crassipes - Ludwigia peploides - Alternanthera philoxeroides Ruderal Aquatic Vegetation Alliance","Marin & San Mateo Counties CNPS USNVC review",2023-04-05 05:37:54,"Evens, J., Boul, R., McIntyre, P."
684875,"A2276","TP1.d1.Na","Eichhornia crassipes - Ludwigia peploides - Alternanthera philoxeroides Ruderal Aquatic Vegetation Alliance","Marin & San Mateo Counties CNPS USNVC review",2023-04-05 05:38:01,"Evens, J., Boul, R., McIntyre, P."
969591,"A2276","TP1.d1.Na","Eichhornia crassipes - Ludwigia peploides - Alternanthera philoxeroides Ruderal Aquatic Vegetation Alliance","Marin & San Mateo Counties CNPS USNVC review",2023-04-05 05:38:00,"Evens, J., Boul, R., McIntyre, P."
683140,"A2279","MB1.a3.Nb","Distichlis spicata - Frankenia salina High Salt Marsh Alliance","",2024-06-21 04:45:21,"D.Faber-Langendoen"
687819,"A2279","MB1.a3.Nb","Distichlis spicata - Frankenia salina High Salt Marsh Alliance","Marin & San Mateo Counties CNPS USNVC review",2023-04-05 05:38:30,"Evens, J., Boul, R., McIntyre, P."
683561,"A2279","MB1.a3.Nb","Distichlis spicata - Frankenia salina High Salt Marsh Alliance","",2024-06-21 04:45:23,"D.Faber-Langendoen"
686202,"A4709","TT2.b3.Nb","Pinus ponderosa Central Rocky Mountain Dry Open Woodland Alliance","MT-ID-WY USNVC reg'l review follow-up, May 2023",2023-08-02 04:01:40,"MT, ID, WY ecologists, D. Faber-Langendoen"
685078,"A4709","TT2.b3.Nb","Pinus ponderosa Central Rocky Mountain Dry Open Woodland Alliance","MT-ID-WY USNVC reg'l review follow-up, May 2023",2023-08-02 04:01:42,"MT, ID, WY ecologists, D. Faber-Langendoen"
683330,"A3395","TT2.b3.Nb","Pseudotsuga menziesii - Pinus ponderosa Dry Central Rocky Mountain Woodland Alliance","MT-ID-WY regional review of USNVC, March 2023",2023-04-12 05:30:35,"Cooper,S., others, D. Faber-Langendoen"
686197,"A3395","TT2.b3.Nb","Pseudotsuga menziesii - Pinus ponderosa Dry Central Rocky Mountain Woodland Alliance","MT-ID-WY regional review of USNVC, March 2023",2023-04-12 05:30:34,"Cooper,S., others, D. Faber-Langendoen"
689956,"A3392","TT2.b3.Nb","Pseudotsuga menziesii - Pinus ponderosa Dry-mesic Central Rocky Mountain Forest & Woodland Alliance","MT-ID-WY USNVC reg'l review follow-up, May 2023",2023-08-02 04:01:43,"MT, ID, WY ecologists, D. Faber-Langendoen"
683235,"A3392","TT2.b3.Nb","Pseudotsuga menziesii - Pinus ponderosa Dry-mesic Central Rocky Mountain Forest & Woodland Alliance","Washington updates",2022-08-08 11:09:25,"T. Ramm-Granberg & D. Faber-Langendoen"
684313,"A3392","TT2.b3.Nb","Pseudotsuga menziesii - Pinus ponderosa Dry-mesic Central Rocky Mountain Forest & Woodland Alliance","Washington updates",2022-08-08 11:09:23,"T. Ramm-Granberg & D. Faber-Langendoen"
683980,"A3392","TT2.b3.Nb","Pseudotsuga menziesii - Pinus ponderosa Dry-mesic Central Rocky Mountain Forest & Woodland Alliance","Washington updates",2022-08-08 11:09:26,"T. Ramm-Granberg & D. Faber-Langendoen"
685819,"A3392","TT2.b3.Nb","Pseudotsuga menziesii - Pinus ponderosa Dry-mesic Central Rocky Mountain Forest & Woodland Alliance","MT-ID-WY regional review of USNVC, March 2023",2023-04-12 05:30:36,"Cooper,S., others, D. Faber-Langendoen"
979451,"A3582","TT2.b3.Nb","Tsuga heterophylla - Abies grandis Cascadian Wet-mesic Forest Alliance","Washington updates",2022-08-08 11:09:33,"T. Ramm-Granberg & D. Faber-Langendoen"
684731,"A3377","TT2.b2.Na","Tsuga heterophylla - Pseudotsuga menziesii / Rubus spectabilis Moist Forest Alliance","WA NCCN Uplands & Wetlands",2022-02-07 08:52:32,"T. Ramm-Granberg"
785239,"A3207","TT5.a1.Na","Artemisia tridentata ssp. spiciformis - Artemisia tridentata ssp. vaseyana Shrub Steppe Alliance","MT-ID-WY regional review of USNVC, March 2023",2023-04-12 05:29:50,"Cooper,S., others, D. Faber-Langendoen"
683820,"A3207","TT5.a1.Na","Artemisia tridentata ssp. spiciformis - Artemisia tridentata ssp. vaseyana Shrub Steppe Alliance","MT-ID-WY regional review of USNVC, March 2023",2023-04-12 05:29:50,"Cooper,S., others, D. Faber-Langendoen"
683339,"A3207","TT5.a1.Na","Artemisia tridentata ssp. spiciformis - Artemisia tridentata ssp. vaseyana Shrub Steppe Alliance","MT-ID-WY regional review of USNVC, March 2023",2023-04-12 05:29:50,"Cooper,S., others, D. Faber-Langendoen"
685838,"A3207","TT5.a1.Na","Artemisia tridentata ssp. spiciformis - Artemisia tridentata ssp. vaseyana Shrub Steppe Alliance","MT-ID-WY regional review of USNVC, March 2023",2023-04-12 05:29:50,"Cooper,S., others, D. Faber-Langendoen"
785242,"A3207","TT5.a1.Na","Artemisia tridentata ssp. spiciformis - Artemisia tridentata ssp. vaseyana Shrub Steppe Alliance","MT-ID-WY regional review of USNVC, March 2023",2023-04-12 05:29:50,"Cooper,S., others, D. Faber-Langendoen"
785148,"A3207","TT5.a1.Na","Artemisia tridentata ssp. spiciformis - Artemisia tridentata ssp. vaseyana Shrub Steppe Alliance","MT-ID-WY regional review of USNVC, March 2023",2023-04-12 05:29:50,"Cooper,S., others, D. Faber-Langendoen"
688900,"A3207","TT5.a1.Na","Artemisia tridentata ssp. spiciformis - Artemisia tridentata ssp. vaseyana Shrub Steppe Alliance","MT-ID-WY regional review of USNVC, March 2023",2023-04-12 05:29:50,"Cooper,S., others, D. Faber-Langendoen"
686264,"A3207","TT5.a1.Na","Artemisia tridentata ssp. spiciformis - Artemisia tridentata ssp. vaseyana Shrub Steppe Alliance","MT-ID-WY regional review of USNVC, March 2023",2023-04-12 05:29:50,"Cooper,S., others, D. Faber-Langendoen"
803006,"A3207","TT5.a1.Na","Artemisia tridentata ssp. spiciformis - Artemisia tridentata ssp. vaseyana Shrub Steppe Alliance","MT-ID-WY regional review of USNVC, March 2023",2023-04-12 05:29:50,"Cooper,S., others, D. Faber-Langendoen"
684803,"A3207","TT5.a1.Na","Artemisia tridentata ssp. spiciformis - Artemisia tridentata ssp. vaseyana Shrub Steppe Alliance","MT-ID-WY regional review of USNVC, March 2023",2023-04-12 05:29:50,"Cooper,S., others, D. Faber-Langendoen"
684359,"A3207","TT5.a1.Na","Artemisia tridentata ssp. spiciformis - Artemisia tridentata ssp. vaseyana Shrub Steppe Alliance","MT-ID-WY regional review of USNVC, March 2023",2023-04-12 05:29:50,"Cooper,S., others, D. Faber-Langendoen"
684262,"A3207","TT5.a1.Na","Artemisia tridentata ssp. spiciformis - Artemisia tridentata ssp. vaseyana Shrub Steppe Alliance","MT-ID-WY regional review of USNVC, March 2023",2023-04-12 05:29:50,"Cooper,S., others, D. Faber-Langendoen"
687033,"A3207","TT5.a1.Na","Artemisia tridentata ssp. spiciformis - Artemisia tridentata ssp. vaseyana Shrub Steppe Alliance","MT-ID-WY regional review of USNVC, March 2023",2023-04-12 05:29:50,"Cooper,S., others, D. Faber-Langendoen"
689170,"A3207","TT5.a1.Na","Artemisia tridentata ssp. spiciformis - Artemisia tridentata ssp. vaseyana Shrub Steppe Alliance","MT-ID-WY regional review of USNVC, March 2023",2023-04-12 05:29:50,"Cooper,S., others, D. Faber-Langendoen"
683340,"A3207","TT5.a1.Na","Artemisia tridentata ssp. spiciformis - Artemisia tridentata ssp. vaseyana Shrub Steppe Alliance","MT-ID-WY regional review of USNVC, March 2023",2023-04-12 05:29:50,"Cooper,S., others, D. Faber-Langendoen"
687032,"A3207","TT5.a1.Na","Artemisia tridentata ssp. spiciformis - Artemisia tridentata ssp. vaseyana Shrub Steppe Alliance","MT-ID-WY regional review of USNVC, March 2023",2023-04-12 05:29:50,"Cooper,S., others, D. Faber-Langendoen"
686689,"A3207","TT5.a1.Na","Artemisia tridentata ssp. spiciformis - Artemisia tridentata ssp. vaseyana Shrub Steppe Alliance","MT-ID-WY regional review of USNVC, March 2023",2023-04-12 05:29:50,"Cooper,S., others, D. Faber-Langendoen"
685656,"A3207","TT5.a1.Na","Artemisia tridentata ssp. spiciformis - Artemisia tridentata ssp. vaseyana Shrub Steppe Alliance","MT-ID-WY regional review of USNVC, March 2023",2023-04-12 05:29:50,"Cooper,S., others, D. Faber-Langendoen"
857845,"A3207","TT5.a1.Na","Artemisia tridentata ssp. spiciformis - Artemisia tridentata ssp. vaseyana Shrub Steppe Alliance","MT-ID-WY regional review of USNVC, March 2023",2023-04-12 05:29:50,"Cooper,S., others, D. Faber-Langendoen"
686099,"A3207","TT5.a1.Na","Artemisia tridentata ssp. spiciformis - Artemisia tridentata ssp. vaseyana Shrub Steppe Alliance","MT-ID-WY regional review of USNVC, March 2023",2023-04-12 05:29:50,"Cooper,S., others, D. Faber-Langendoen"
689987,"A3207","TT5.a1.Na","Artemisia tridentata ssp. spiciformis - Artemisia tridentata ssp. vaseyana Shrub Steppe Alliance","MT-ID-WY regional review of USNVC, March 2023",2023-04-12 05:29:50,"Cooper,S., others, D. Faber-Langendoen"
686628,"A3207","TT5.a1.Na","Artemisia tridentata ssp. spiciformis - Artemisia tridentata ssp. vaseyana Shrub Steppe Alliance","MT-ID-WY regional review of USNVC, March 2023",2023-04-12 05:29:50,"Cooper,S., others, D. Faber-Langendoen"
683756,"A3207","TT5.a1.Na","Artemisia tridentata ssp. spiciformis - Artemisia tridentata ssp. vaseyana Shrub Steppe Alliance","MT-ID-WY regional review of USNVC, March 2023",2023-04-12 05:29:50,"Cooper,S., others, D. Faber-Langendoen"
683836,"A3207","TT5.a1.Na","Artemisia tridentata ssp. spiciformis - Artemisia tridentata ssp. vaseyana Shrub Steppe Alliance","MT-ID-WY regional review of USNVC, March 2023",2023-04-12 05:29:50,"Cooper,S., others, D. Faber-Langendoen"
686908,"A2158","TP1.c1.Na","Ledum glandulosum - Darlingtonia californica Acidic Shrub Fen Alliance","California updates",2022-06-22 05:25:55,"J. Evens, R. Boul, D. Faber-Langendoen"
689213,"A2158","TP1.c1.Na","Ledum glandulosum - Darlingtonia californica Acidic Shrub Fen Alliance","California updates",2022-06-22 05:25:53,"J. Evens, R. Boul, D. Faber-Langendoen"
686837,"A2158","TP1.c1.Na","Ledum glandulosum - Darlingtonia californica Acidic Shrub Fen Alliance","California updates",2022-06-22 05:25:51,"J. Evens, R. Boul, D. Faber-Langendoen"
683131,"A2158","TP1.c1.Na","Ledum glandulosum - Darlingtonia californica Acidic Shrub Fen Alliance","California updates",2022-06-22 05:25:47,"J. Evens, R. Boul, D. Faber-Langendoen"
687863,"A2158","TP1.c1.Na","Ledum glandulosum - Darlingtonia californica Acidic Shrub Fen Alliance","California updates",2022-06-22 05:25:48,"J. Evens, R. Boul, D. Faber-Langendoen"
687606,"A2158","TP1.c1.Na","Ledum glandulosum - Darlingtonia californica Acidic Shrub Fen Alliance","California updates",2022-06-22 05:25:50,"J. Evens, R. Boul, D. Faber-Langendoen"
686263,"A2150","TT2.a1.Nc","Umbellularia californica Forest Alliance","Marin & San Mateo Counties CNPS USNVC review",2023-04-05 05:37:45,"Evens, J., Boul, R., McIntyre, P."
688352,"A2143","TT2.b3.Nd","Abies magnifica - Abies lowiana Forest Alliance","California updates",2022-06-22 05:24:26,"J. Evens, R. Boul, D. Faber-Langendoen"
688829,"A2143","TT2.b3.Nd","Abies magnifica - Abies lowiana Forest Alliance","California updates",2022-06-22 05:25:03,"J. Evens, R. Boul, D. Faber-Langendoen"
688415,"A2143","TT2.b3.Nd","Abies magnifica - Abies lowiana Forest Alliance","California updates",2022-06-22 05:24:57,"J. Evens, R. Boul, D. Faber-Langendoen"
685227,"A2143","TT2.b3.Nd","Abies magnifica - Abies lowiana Forest Alliance","California updates",2022-06-22 05:24:58,"J. Evens, R. Boul, D. Faber-Langendoen"
689501,"A2143","TT2.b3.Nd","Abies magnifica - Abies lowiana Forest Alliance","California updates",2022-06-22 05:24:34,"J. Evens, R. Boul, D. Faber-Langendoen"
686679,"A2143","TT2.b3.Nd","Abies magnifica - Abies lowiana Forest Alliance","California updates",2022-06-22 05:25:01,"J. Evens, R. Boul, D. Faber-Langendoen"
687183,"A2143","TT2.b3.Nd","Abies magnifica - Abies lowiana Forest Alliance","California updates",2022-06-22 05:24:31,"J. Evens, R. Boul, D. Faber-Langendoen"
688351,"A2143","TT2.b3.Nd","Abies magnifica - Abies lowiana Forest Alliance","California updates",2022-06-22 05:24:27,"J. Evens, R. Boul, D. Faber-Langendoen"
686883,"A2143","TT2.b3.Nd","Abies magnifica - Abies lowiana Forest Alliance","California updates",2022-06-22 05:24:23,"J. Evens, R. Boul, D. Faber-Langendoen"
688950,"A2143","TT2.b3.Nd","Abies magnifica - Abies lowiana Forest Alliance","California updates",2022-06-22 05:24:22,"J. Evens, R. Boul, D. Faber-Langendoen"
685430,"A2143","TT2.b3.Nd","Abies magnifica - Abies lowiana Forest Alliance","California updates",2022-06-22 05:24:19,"J. Evens, R. Boul, D. Faber-Langendoen"
1110294,"A2143","TT2.b3.Nd","Abies magnifica - Abies lowiana Forest Alliance","California updates",2022-06-22 05:24:30,"J. Evens, R. Boul, D. Faber-Langendoen"
689945,"A2143","TT2.b3.Nd","Abies magnifica - Abies lowiana Forest Alliance","California updates",2022-06-22 05:24:32,"J. Evens, R. Boul, D. Faber-Langendoen"
687258,"A2143","TT2.b3.Nd","Abies magnifica - Abies lowiana Forest Alliance","California updates",2022-06-22 05:24:35,"J. Evens, R. Boul, D. Faber-Langendoen"
683457,"A2143","TT2.b3.Nd","Abies magnifica - Abies lowiana Forest Alliance","California updates",2022-06-22 05:25:02,"J. Evens, R. Boul, D. Faber-Langendoen"
688753,"A2143","TT2.b3.Nd","Abies magnifica - Abies lowiana Forest Alliance","California updates",2022-06-22 05:24:18,"J. Evens, R. Boul, D. Faber-Langendoen"
690067,"A2143","TT2.b3.Nd","Abies magnifica - Abies lowiana Forest Alliance","California updates",2022-06-22 05:25:05,"J. Evens, R. Boul, D. Faber-Langendoen"
685590,"A2143","TT2.b3.Nd","Abies magnifica - Abies lowiana Forest Alliance","California updates",2022-06-22 05:24:37,"J. Evens, R. Boul, D. Faber-Langendoen"
683874,"A2143","TT2.b3.Nd","Abies magnifica - Abies lowiana Forest Alliance","California updates",2022-06-22 05:24:59,"J. Evens, R. Boul, D. Faber-Langendoen"
687836,"A2143","TT2.b3.Nd","Abies magnifica - Abies lowiana Forest Alliance","California updates",2022-06-22 05:24:24,"J. Evens, R. Boul, D. Faber-Langendoen"
684816,"A2143","TT2.b3.Nd","Abies magnifica - Abies lowiana Forest Alliance","California updates",2022-06-22 05:24:21,"J. Evens, R. Boul, D. Faber-Langendoen"
687043,"A2143","TT2.b3.Nd","Abies magnifica - Abies lowiana Forest Alliance","California updates",2022-06-22 05:24:17,"J. Evens, R. Boul, D. Faber-Langendoen"
683718,"A2163","TT5.a1.Na","Artemisia tridentata ssp. wyomingensis Dry Shrub Steppe Alliance","MT-ID-WY USNVC reg'l review follow-up, May 2023",2023-08-02 04:03:05,"MT, ID, WY ecologists, D. Faber-Langendoen"
684395,"A2164","TT5.a1.Na","Artemisia tridentata ssp. wyomingensis Desert Shrubland Alliance","MT-ID-WY USNVC reg'l review follow-up, May 2023",2023-08-02 04:03:04,"MT, ID, WY ecologists, D. Faber-Langendoen"
683916,"A3612","TT2.b3.Nb","Tsuga heterophylla - Thuja plicata Cool-Mesic Central Rocky Mountain Forest Alliance","MT-ID-WY regional review of USNVC, March 2023",2023-04-12 05:30:24,"Cooper,S., others, D. Faber-Langendoen"
688750,"A3612","TT2.b3.Nb","Tsuga heterophylla - Thuja plicata Cool-Mesic Central Rocky Mountain Forest Alliance","MT-ID-WY regional review of USNVC, March 2023",2023-04-12 05:30:26,"Cooper,S., others, D. Faber-Langendoen"
685134,"A3612","TT2.b3.Nb","Tsuga heterophylla - Thuja plicata Cool-Mesic Central Rocky Mountain Forest Alliance","Washington updates",2022-08-08 11:09:30,"T. Ramm-Granberg & D. Faber-Langendoen"
683293,"A3613","TT2.b3.Nb","Tsuga heterophylla - Thuja plicata Warm-Mesic Central Rocky Mountain Forest Alliance","Washington NCCN Wetlands",2021-12-26 11:12:38,"Tynan Ramm-Granberg"
688045,"A3613","TT2.b3.Nb","Tsuga heterophylla - Thuja plicata Warm-Mesic Central Rocky Mountain Forest Alliance","Washington updates",2022-08-08 11:09:32,"T. Ramm-Granberg & D. Faber-Langendoen"
687029,"A3613","TT2.b3.Nb","Tsuga heterophylla - Thuja plicata Warm-Mesic Central Rocky Mountain Forest Alliance","Washington NCCN Wetlands",2021-12-26 11:06:44,"Tynan Ramm-Granberg"
686263,"A0106","TT2.b3.Nc","Pseudotsuga menziesii - Notholithocarpus densiflorus - Arbutus menziesii Forest Alliance","California updates",2022-06-22 05:24:04,"J. Evens, R. Boul, D. Faber-Langendoen"
689384,"A3303","TT2.b1.Na","Quercus rubra - Acer saccharum - Liriodendron tulipifera Forest Alliance","USNVC VA clean-up",2023-12-22 03:04:55,"K. Pattersons, D. Faber-Langendoen"
686716,"A3303","TT2.b1.Na","Quercus rubra - Acer saccharum - Liriodendron tulipifera Forest Alliance","New York NVC peer review",2021-04-29 04:21:37,"D. Faber-Langendoen & NYHP"
685683,"A3303","TT2.b1.Na","Quercus rubra - Acer saccharum - Liriodendron tulipifera Forest Alliance","Northeast review 2020",2020-08-10 08:47:18,"D. Faber-Langendoen"
685836,"A3303","TT2.b1.Na","Quercus rubra - Acer saccharum - Liriodendron tulipifera Forest Alliance","Appalachian Mountains revisions 2019",2019-11-04 10:26:12,"D. Faber-Langendoen"
689506,"A4414","TP1.b1.Ne","Carex obnupta - Oenanthe sarmentosa - Scirpus microcarpus Wet Meadow-Marsh Alliance","Washington NCCN Wetlands",2021-12-26 11:13:14,"Tynan Ramm-Granberg"
683355,"A4414","TP1.b1.Ne","Carex obnupta - Oenanthe sarmentosa - Scirpus microcarpus Wet Meadow-Marsh Alliance","Washington NCCN Wetlands",2021-12-26 11:13:22,"Tynan Ramm-Granberg"
683355,"A4414","TP1.b1.Ne","Carex obnupta - Oenanthe sarmentosa - Scirpus microcarpus Wet Meadow-Marsh Alliance","Washington updates",2022-08-08 11:11:03,"T. Ramm-Granberg & D. Faber-Langendoen"
683261,"A4414","TP1.b1.Ne","Carex obnupta - Oenanthe sarmentosa - Scirpus microcarpus Wet Meadow-Marsh Alliance","Washington NCCN Wetlands",2021-12-26 11:13:26,"Tynan Ramm-Granberg"
683261,"A4414","TP1.b1.Ne","Carex obnupta - Oenanthe sarmentosa - Scirpus microcarpus Wet Meadow-Marsh Alliance","Marin & San Mateo Counties CNPS USNVC review",2023-04-05 05:38:22,"Evens, J., Boul, R., McIntyre, P."
685428,"A4414","TP1.b1.Ne","Carex obnupta - Oenanthe sarmentosa - Scirpus microcarpus Wet Meadow-Marsh Alliance","Washington NCCN Wetlands",2021-12-26 11:13:24,"Tynan Ramm-Granberg"
685428,"A4414","TP1.b1.Ne","Carex obnupta - Oenanthe sarmentosa - Scirpus microcarpus Wet Meadow-Marsh Alliance","Marin & San Mateo Counties CNPS USNVC review",2023-04-05 05:38:19,"Evens, J., Boul, R., McIntyre, P."
684812,"A4414","TP1.b1.Ne","Carex obnupta - Oenanthe sarmentosa - Scirpus microcarpus Wet Meadow-Marsh Alliance","Washington NCCN Wetlands",2021-12-26 11:13:27,"Tynan Ramm-Granberg"
684812,"A4414","TP1.b1.Ne","Carex obnupta - Oenanthe sarmentosa - Scirpus microcarpus Wet Meadow-Marsh Alliance","Marin & San Mateo Counties CNPS USNVC review",2023-04-05 05:38:25,"Evens, J., Boul, R., McIntyre, P."
686129,"A4414","TP1.b1.Ne","Carex obnupta - Oenanthe sarmentosa - Scirpus microcarpus Wet Meadow-Marsh Alliance","Washington NCCN Wetlands",2021-12-26 11:13:13,"Tynan Ramm-Granberg"
683110,"A4414","TP1.b1.Ne","Carex obnupta - Oenanthe sarmentosa - Scirpus microcarpus Wet Meadow-Marsh Alliance","Washington NCCN Wetlands",2021-12-26 11:13:25,"Tynan Ramm-Granberg"
683110,"A4414","TP1.b1.Ne","Carex obnupta - Oenanthe sarmentosa - Scirpus microcarpus Wet Meadow-Marsh Alliance","Marin & San Mateo Counties CNPS USNVC review",2023-04-05 05:38:26,"Evens, J., Boul, R., McIntyre, P."
689821,"A4414","TP1.b1.Ne","Carex obnupta - Oenanthe sarmentosa - Scirpus microcarpus Wet Meadow-Marsh Alliance","Washington NCCN Wetlands",2021-12-26 11:13:27,"Tynan Ramm-Granberg"
686335,"A4414","TP1.b1.Ne","Carex obnupta - Oenanthe sarmentosa - Scirpus microcarpus Wet Meadow-Marsh Alliance","Washington NCCN Wetlands",2021-12-26 11:13:24,"Tynan Ramm-Granberg"
686335,"A4414","TP1.b1.Ne","Carex obnupta - Oenanthe sarmentosa - Scirpus microcarpus Wet Meadow-Marsh Alliance","Marin & San Mateo Counties CNPS USNVC review",2023-04-05 05:38:24,"Evens, J., Boul, R., McIntyre, P."
687206,"A4414","TP1.b1.Ne","Carex obnupta - Oenanthe sarmentosa - Scirpus microcarpus Wet Meadow-Marsh Alliance","Washington NCCN Wetlands",2021-12-26 12:00:00,"Tynan Ramm-Granberg"
687206,"A4414","TP1.b1.Ne","Carex obnupta - Oenanthe sarmentosa - Scirpus microcarpus Wet Meadow-Marsh Alliance","Washington updates",2022-08-08 12:00:00,"T. Ramm-Granberg & D. Faber-Langendoen"
687034,"A3899","MB1.a3.Nb","Carex lyngbyei - Deschampsia cespitosa - Bolboschoenus maritimus Brackish Marsh Alliance","Washington updates",2022-08-08 11:08:27,"T. Ramm-Granberg & D. Faber-Langendoen"
689487,"A3899","MB1.a3.Nb","Carex lyngbyei - Deschampsia cespitosa - Bolboschoenus maritimus Brackish Marsh Alliance","Washington updates",2022-08-08 11:08:27,"T. Ramm-Granberg & D. Faber-Langendoen"
687250,"A3899","MB1.a3.Nb","Carex lyngbyei - Deschampsia cespitosa - Bolboschoenus maritimus Brackish Marsh Alliance","Washington updates",2022-08-08 11:08:27,"T. Ramm-Granberg & D. Faber-Langendoen"
685649,"A3899","MB1.a3.Nb","Carex lyngbyei - Deschampsia cespitosa - Bolboschoenus maritimus Brackish Marsh Alliance","Washington updates",2022-08-08 11:08:27,"T. Ramm-Granberg & D. Faber-Langendoen"
689070,"A3451","TP1.c1.Na","Sphagnum rubellum - Rhynchospora alba Moss Fen Alliance","Northeast review 2020",2020-08-10 08:47:34,"D. Faber-Langendoen"
687008,"A3451","TP1.c1.Na","Sphagnum rubellum - Rhynchospora alba Moss Fen Alliance","Northeast review 2020",2020-08-10 08:47:34,"D. Faber-Langendoen"
797099,"A3451","TP1.c1.Na","Sphagnum rubellum - Rhynchospora alba Moss Fen Alliance","Northeast review 2020",2020-08-10 08:47:34,"D. Faber-Langendoen"
1131907,"A3451","TP1.c1.Na","Sphagnum rubellum - Rhynchospora alba Moss Fen Alliance","Northeast review 2020",2020-08-10 12:00:00,"D. Faber-Langendoen"
688846,"A3451","TP1.c1.Na","Sphagnum rubellum - Rhynchospora alba Moss Fen Alliance","Northeast review 2020",2020-08-10 08:47:34,"D. Faber-Langendoen"
731316,"A3451","TP1.c1.Na","Sphagnum rubellum - Rhynchospora alba Moss Fen Alliance","Northeast review 2020",2020-08-10 08:47:34,"D. Faber-Langendoen"
683438,"A4401","TP1.c2.Nb","Chamaedaphne calyculata - Myrica gale / Carex lasiocarpa Fen Alliance","Vermont",2020-04-29 01:14:25,"D. Faber-Langendoen"
683283,"A4441","TP1.c2.Nb","Betula pumila / Carex lasiocarpa - Carex flava Alkaline Fen Alliance","Northeast review 2020",2020-08-10 08:47:36,"D. Faber-Langendoen"
689327,"A4441","TP1.c2.Nb","Betula pumila / Carex lasiocarpa - Carex flava Alkaline Fen Alliance","Northeast review 2020",2020-08-10 08:47:36,"D. Faber-Langendoen"
684576,"A4441","TP1.c2.Nb","Betula pumila / Carex lasiocarpa - Carex flava Alkaline Fen Alliance","Northeast review 2020",2020-08-10 08:47:36,"D. Faber-Langendoen"
688452,"A4441","TP1.c2.Nb","Betula pumila / Carex lasiocarpa - Carex flava Alkaline Fen Alliance","WI state type crosswalk skeletal edits",2020-04-13 04:38:15,"D. Faber-Langendoen"
688720,"A3826","TP1.b1.Nc","Andropogon gerardii - Campanula rotundifolia - Anemone virginiana var. alba Riverscour Alliance","Northeast review, part 2",2020-12-16 06:43:12,"D. Faber-Langendoen"
800164,"A3826","TP1.b1.Nc","Andropogon gerardii - Campanula rotundifolia - Anemone virginiana var. alba Riverscour Alliance","Northeast review, part 2",2020-12-16 06:43:08,"D. Faber-Langendoen"
689052,"A3826","TP1.b1.Nc","Andropogon gerardii - Campanula rotundifolia - Anemone virginiana var. alba Riverscour Alliance","NVC143 & 128 skeletal edits",2021-07-21 09:41:16,""
689052,"A3826","TP1.b1.Nc","Andropogon gerardii - Campanula rotundifolia - Anemone virginiana var. alba Riverscour Alliance","Northeast review, part 2",2020-12-16 06:43:10,"D. Faber-Langendoen"
685098,"A3826","TP1.b1.Nc","Andropogon gerardii - Campanula rotundifolia - Anemone virginiana var. alba Riverscour Alliance","Northeast review, part 2",2020-12-16 06:43:05,"D. Faber-Langendoen"
684839,"A3826","TP1.b1.Nc","Andropogon gerardii - Campanula rotundifolia - Anemone virginiana var. alba Riverscour Alliance","Northeast review, part 2",2020-12-16 12:00:00,"D. Faber-Langendoen"
683957,"A3827","TP1.b1.Nc","Andropogon gerardii - Spartina pectinata - Apocynum cannabinum Riverscour Alliance","Northeast review, part 2",2020-12-16 06:43:09,"D. Faber-Langendoen"
873603,"A4496","TP1.b1.Nc","Acer spicatum - Sambucus racemosa / Veratrum viride Seep Alliance","Northeast review, part 2",2020-12-16 06:42:54,"D. Faber-Langendoen"
686112,"A4496","TP1.b1.Nc","Acer spicatum - Sambucus racemosa / Veratrum viride Seep Alliance","Northeast review, part 2",2020-12-16 06:42:52,"D. Faber-Langendoen"
1252839,"A4497","MB1.a3.Na","Spartina alterniflora South Atlantic-Gulf Low Salt Marsh Alliance","Southeast US reg'l review of USNVC, April 2023",2023-05-11 02:50:43,"D. Faber-Langendoen"
802175,"A4498","MB1.a3.Na","Spartina alterniflora North Atlantic Low Salt Marsh Alliance","CT & RI review",2022-08-09 12:04:56,"J. Lundgren, K. Metzler, D. Faber-Langendoen"
1176989,"A4494","TP1.b1.Nc","Central Lowlands Rivershore Alliance","Southeast US reg'l review of USNVC, April 2023",2023-05-11 02:49:56,"D. Faber-Langendoen"
1176989,"A4494","TP1.b1.Nc","Central Lowlands Rivershore Alliance","Northeast review, part 2b",2020-12-22 07:54:22,"D. Faber-Langendoen"
687942,"A3236","TT2.a1.Na","Acer floridanum - Quercus shumardii - Fraxinus americana Calcareous Atlantic Coastal Plain Forest Alliance","Southeast US reg'l review of USNVC, April 2023",2023-05-11 02:46:38,"D. Faber-Langendoen"
685533,"A3236","TT2.a1.Na","Acer floridanum - Quercus shumardii - Fraxinus americana Calcareous Atlantic Coastal Plain Forest Alliance","NVC163 Central Midwest regional review",2022-04-14 02:41:53,"D. Faber-Langendoen, M. Leahy, et al"
685774,"A3236","TT2.a1.Na","Acer floridanum - Quercus shumardii - Fraxinus americana Calcareous Atlantic Coastal Plain Forest Alliance","Southeast, Texarkana USNVC reg'l review, June 2023",2023-06-24 09:01:15,"Southeast + TX ecologists, D. Faber-Langendoen"
959235,"A4707","TT2.b3.Nc","Pinus ponderosa var. washoensis Forest & Woodland Alliance","Interior West, Rocky Mountain Uplands review",2022-01-03 10:02:49,"F.J. Triepke, P. McIntyre, D. Faber-Langendoen"
683636,"A4707","TT2.b3.Nc","Pinus ponderosa var. washoensis Forest & Woodland Alliance","Interior West, Rocky Mountain Uplands review",2022-01-03 10:02:22,"F.J. Triepke, P. McIntyre, D. Faber-Langendoen"
687499,"A4707","TT2.b3.Nc","Pinus ponderosa var. washoensis Forest & Woodland Alliance","Washington updates",2022-08-08 11:09:18,"T. Ramm-Granberg & D. Faber-Langendoen"
687499,"A4707","TT2.b3.Nc","Pinus ponderosa var. washoensis Forest & Woodland Alliance","Interior West, Rocky Mountain Uplands review",2022-01-03 10:02:19,"F.J. Triepke, P. McIntyre, D. Faber-Langendoen"
688785,"A4707","TT2.b3.Nc","Pinus ponderosa var. washoensis Forest & Woodland Alliance","Washington updates",2022-08-08 11:09:10,"T. Ramm-Granberg & D. Faber-Langendoen"
688785,"A4707","TT2.b3.Nc","Pinus ponderosa var. washoensis Forest & Woodland Alliance","Interior West, Rocky Mountain Uplands review",2022-01-03 10:02:59,"F.J. Triepke, P. McIntyre, D. Faber-Langendoen"
685719,"A4707","TT2.b3.Nc","Pinus ponderosa var. washoensis Forest & Woodland Alliance","Interior West, Rocky Mountain Uplands review",2022-01-03 10:02:55,"F.J. Triepke, P. McIntyre, D. Faber-Langendoen"
685481,"A4707","TT2.b3.Nc","Pinus ponderosa var. washoensis Forest & Woodland Alliance","Interior West, Rocky Mountain Uplands review",2022-01-03 10:02:28,"F.J. Triepke, P. McIntyre, D. Faber-Langendoen"
688843,"A4707","TT2.b3.Nc","Pinus ponderosa var. washoensis Forest & Woodland Alliance","Washington updates",2022-08-08 11:09:17,"T. Ramm-Granberg & D. Faber-Langendoen"
688843,"A4707","TT2.b3.Nc","Pinus ponderosa var. washoensis Forest & Woodland Alliance","Interior West, Rocky Mountain Uplands review",2022-01-03 10:02:05,"F.J. Triepke, P. McIntyre, D. Faber-Langendoen"
683981,"A4707","TT2.b3.Nc","Pinus ponderosa var. washoensis Forest & Woodland Alliance","Interior West, Rocky Mountain Uplands review",2022-01-03 10:02:17,"F.J. Triepke, P. McIntyre, D. Faber-Langendoen"
684736,"A4707","TT2.b3.Nc","Pinus ponderosa var. washoensis Forest & Woodland Alliance","Interior West, Rocky Mountain Uplands review",2022-01-03 10:03:01,"F.J. Triepke, P. McIntyre, D. Faber-Langendoen"
686825,"A4707","TT2.b3.Nc","Pinus ponderosa var. washoensis Forest & Woodland Alliance","Washington updates",2022-08-08 11:09:20,"T. Ramm-Granberg & D. Faber-Langendoen"
686825,"A4707","TT2.b3.Nc","Pinus ponderosa var. washoensis Forest & Woodland Alliance","Interior West, Rocky Mountain Uplands review",2022-01-03 10:03:02,"F.J. Triepke, P. McIntyre, D. Faber-Langendoen"
686391,"A4707","TT2.b3.Nc","Pinus ponderosa var. washoensis Forest & Woodland Alliance","Washington updates",2022-08-08 11:09:13,"T. Ramm-Granberg & D. Faber-Langendoen"
686391,"A4707","TT2.b3.Nc","Pinus ponderosa var. washoensis Forest & Woodland Alliance","Interior West, Rocky Mountain Uplands review",2022-01-03 10:02:40,"F.J. Triepke, P. McIntyre, D. Faber-Langendoen"
683395,"A4707","TT2.b3.Nc","Pinus ponderosa var. washoensis Forest & Woodland Alliance","Interior West, Rocky Mountain Uplands review",2022-01-03 10:01:49,"F.J. Triepke, P. McIntyre, D. Faber-Langendoen"
959222,"A4707","TT2.b3.Nc","Pinus ponderosa var. washoensis Forest & Woodland Alliance","Washington updates",2022-08-08 11:09:09,"T. Ramm-Granberg & D. Faber-Langendoen"
959222,"A4707","TT2.b3.Nc","Pinus ponderosa var. washoensis Forest & Woodland Alliance","Interior West, Rocky Mountain Uplands review",2022-01-03 10:02:47,"F.J. Triepke, P. McIntyre, D. Faber-Langendoen"
684286,"A4707","TT2.b3.Nc","Pinus ponderosa var. washoensis Forest & Woodland Alliance","Interior West, Rocky Mountain Uplands review",2022-01-03 10:02:08,"F.J. Triepke, P. McIntyre, D. Faber-Langendoen"
686748,"A4707","TT2.b3.Nc","Pinus ponderosa var. washoensis Forest & Woodland Alliance","Washington updates",2022-08-08 11:09:05,"T. Ramm-Granberg & D. Faber-Langendoen"
686748,"A4707","TT2.b3.Nc","Pinus ponderosa var. washoensis Forest & Woodland Alliance","Interior West, Rocky Mountain Uplands review",2022-01-03 10:01:57,"F.J. Triepke, P. McIntyre, D. Faber-Langendoen"
684207,"A4707","TT2.b3.Nc","Pinus ponderosa var. washoensis Forest & Woodland Alliance","Washington updates",2022-08-08 11:09:03,"T. Ramm-Granberg & D. Faber-Langendoen"
684207,"A4707","TT2.b3.Nc","Pinus ponderosa var. washoensis Forest & Woodland Alliance","Interior West, Rocky Mountain Uplands review",2022-01-03 10:02:43,"F.J. Triepke, P. McIntyre, D. Faber-Langendoen"
683477,"A4707","TT2.b3.Nc","Pinus ponderosa var. washoensis Forest & Woodland Alliance","Interior West, Rocky Mountain Uplands review",2022-01-03 10:02:32,"F.J. Triepke, P. McIntyre, D. Faber-Langendoen"
732561,"A4707","TT2.b3.Nc","Pinus ponderosa var. washoensis Forest & Woodland Alliance","Interior West, Rocky Mountain Uplands review",2022-01-03 10:02:52,"F.J. Triepke, P. McIntyre, D. Faber-Langendoen"
685480,"A4707","TT2.b3.Nc","Pinus ponderosa var. washoensis Forest & Woodland Alliance","Washington updates",2022-08-08 11:09:15,"T. Ramm-Granberg & D. Faber-Langendoen"
685480,"A4707","TT2.b3.Nc","Pinus ponderosa var. washoensis Forest & Woodland Alliance","Interior West, Rocky Mountain Uplands review",2022-01-03 10:02:02,"F.J. Triepke, P. McIntyre, D. Faber-Langendoen"
687498,"A4707","TT2.b3.Nc","Pinus ponderosa var. washoensis Forest & Woodland Alliance","Interior West, Rocky Mountain Uplands review",2022-01-03 10:01:59,"F.J. Triepke, P. McIntyre, D. Faber-Langendoen"
686747,"A4707","TT2.b3.Nc","Pinus ponderosa var. washoensis Forest & Woodland Alliance","Washington updates",2022-08-08 11:09:06,"T. Ramm-Granberg & D. Faber-Langendoen"
686747,"A4707","TT2.b3.Nc","Pinus ponderosa var. washoensis Forest & Woodland Alliance","Interior West, Rocky Mountain Uplands review",2022-01-03 10:01:55,"F.J. Triepke, P. McIntyre, D. Faber-Langendoen"
686824,"A4707","TT2.b3.Nc","Pinus ponderosa var. washoensis Forest & Woodland Alliance","Washington updates",2022-08-08 11:09:12,"T. Ramm-Granberg & D. Faber-Langendoen"
686824,"A4707","TT2.b3.Nc","Pinus ponderosa var. washoensis Forest & Woodland Alliance","Interior West, Rocky Mountain Uplands review",2022-01-03 10:02:12,"F.J. Triepke, P. McIntyre, D. Faber-Langendoen"
689096,"A4707","TT2.b3.Nc","Pinus ponderosa var. washoensis Forest & Woodland Alliance","Interior West, Rocky Mountain Uplands review",2022-01-03 10:03:07,"F.J. Triepke, P. McIntyre, D. Faber-Langendoen"
684573,"A4707","TT2.b3.Nc","Pinus ponderosa var. washoensis Forest & Woodland Alliance","Interior West, Rocky Mountain Uplands review",2022-01-03 10:01:53,"F.J. Triepke, P. McIntyre, D. Faber-Langendoen"
683120,"A4707","TT2.b3.Nc","Pinus ponderosa var. washoensis Forest & Woodland Alliance","Interior West, Rocky Mountain Uplands review",2022-01-03 10:01:47,"F.J. Triepke, P. McIntyre, D. Faber-Langendoen"
685909,"A4707","TT2.b3.Nc","Pinus ponderosa var. washoensis Forest & Woodland Alliance","Interior West, Rocky Mountain Uplands review",2022-01-03 10:02:15,"F.J. Triepke, P. McIntyre, D. Faber-Langendoen"
685651,"A4707","TT2.b3.Nc","Pinus ponderosa var. washoensis Forest & Woodland Alliance","Interior West, Rocky Mountain Uplands review",2022-01-03 10:03:05,"F.J. Triepke, P. McIntyre, D. Faber-Langendoen"
689369,"A4707","TT2.b3.Nc","Pinus ponderosa var. washoensis Forest & Woodland Alliance","Washington updates",2022-08-08 11:09:07,"T. Ramm-Granberg & D. Faber-Langendoen"
689369,"A4707","TT2.b3.Nc","Pinus ponderosa var. washoensis Forest & Woodland Alliance","Interior West, Rocky Mountain Uplands review",2022-01-03 10:01:51,"F.J. Triepke, P. McIntyre, D. Faber-Langendoen"
683660,"A4707","TT2.b3.Nc","Pinus ponderosa var. washoensis Forest & Woodland Alliance","Interior West, Rocky Mountain Uplands review",2022-01-03 10:02:36,"F.J. Triepke, P. McIntyre, D. Faber-Langendoen"
684500,"A3198","TT5.a1.Na","Artemisia tridentata - Mixed Desert Shrubland Alliance","<table width=""149""> <colgroup> <col width=""149"" /> </colgroup> <tbody> <tr> <td width=""149"">Great Plains Peer Review 2019</td> </tr> </tbody></table>",2019-07-05 12:00:00,"Don Faber-Langendoen"
688880,"A3198","TT5.a1.Na","Artemisia tridentata - Mixed Desert Shrubland Alliance","",2016-12-06 12:00:00,"K. Schulz"
688036,"A3183","TT5.a1.Na","Artemisia tridentata ssp. tridentata - Artemisia tridentata ssp. xericensis Shrub Steppe Alliance","Southwest regional peer review (NM, AZ, CO, UT, NV)",2023-02-17 02:58:30,"E. Muldavin et al."
688049,"A3179","TT5.a1.Na","Purshia tridentata - Artemisia tridentata Shrub Steppe Alliance","Southwest regional peer review (NM, AZ, CO, UT, NV)",2023-02-17 02:52:07,"E. Muldavin et al."
688671,"A3179","TT5.a1.Na","Purshia tridentata - Artemisia tridentata Shrub Steppe Alliance","Southwest regional peer review (NM, AZ, CO, UT, NV)",2023-02-17 02:52:07,"E. Muldavin et al."
685323,"A3179","TT5.a1.Na","Purshia tridentata - Artemisia tridentata Shrub Steppe Alliance","Southwest regional peer review (NM, AZ, CO, UT, NV)",2023-02-17 02:52:07,"E. Muldavin et al."
948023,"A3179","TT5.a1.Na","Purshia tridentata - Artemisia tridentata Shrub Steppe Alliance","Southwest regional peer review (NM, AZ, CO, UT, NV)",2023-02-17 02:52:07,"E. Muldavin et al."
688144,"A3179","TT5.a1.Na","Purshia tridentata - Artemisia tridentata Shrub Steppe Alliance","Southwest regional peer review (NM, AZ, CO, UT, NV)",2023-02-17 02:52:07,"E. Muldavin et al."
687207,"A3179","TT5.a1.Na","Purshia tridentata - Artemisia tridentata Shrub Steppe Alliance","Southwest regional peer review (NM, AZ, CO, UT, NV)",2023-02-17 02:52:07,"E. Muldavin et al."
689807,"A3179","TT5.a1.Na","Purshia tridentata - Artemisia tridentata Shrub Steppe Alliance","Southwest regional peer review (NM, AZ, CO, UT, NV)",2023-02-17 02:52:07,"E. Muldavin et al."
948029,"A3179","TT5.a1.Na","Purshia tridentata - Artemisia tridentata Shrub Steppe Alliance","Southwest regional peer review (NM, AZ, CO, UT, NV)",2023-02-17 02:52:07,"E. Muldavin et al."
688143,"A3179","TT5.a1.Na","Purshia tridentata - Artemisia tridentata Shrub Steppe Alliance","Southwest regional peer review (NM, AZ, CO, UT, NV)",2023-02-17 02:52:07,"E. Muldavin et al."
685501,"A3179","TT5.a1.Na","Purshia tridentata - Artemisia tridentata Shrub Steppe Alliance","Southwest regional peer review (NM, AZ, CO, UT, NV)",2023-02-17 02:52:07,"E. Muldavin et al."
948026,"A3179","TT5.a1.Na","Purshia tridentata - Artemisia tridentata Shrub Steppe Alliance","Southwest regional peer review (NM, AZ, CO, UT, NV)",2023-02-17 02:52:07,"E. Muldavin et al."
972209,"A3179","TT5.a1.Na","Purshia tridentata - Artemisia tridentata Shrub Steppe Alliance","Southwest regional peer review (NM, AZ, CO, UT, NV)",2023-02-17 02:52:07,"E. Muldavin et al."
972091,"A3179","TT5.a1.Na","Purshia tridentata - Artemisia tridentata Shrub Steppe Alliance","Southwest regional peer review (NM, AZ, CO, UT, NV)",2023-02-17 02:52:07,"E. Muldavin et al."
948032,"A3179","TT5.a1.Na","Purshia tridentata - Artemisia tridentata Shrub Steppe Alliance","Southwest regional peer review (NM, AZ, CO, UT, NV)",2023-02-17 02:52:07,"E. Muldavin et al."
686585,"A3179","TT5.a1.Na","Purshia tridentata - Artemisia tridentata Shrub Steppe Alliance","Southwest regional peer review (NM, AZ, CO, UT, NV)",2023-02-17 02:52:07,"E. Muldavin et al."
684484,"A3179","TT5.a1.Na","Purshia tridentata - Artemisia tridentata Shrub Steppe Alliance","Southwest regional peer review (NM, AZ, CO, UT, NV)",2023-02-17 02:52:07,"E. Muldavin et al."
688050,"A3179","TT5.a1.Na","Purshia tridentata - Artemisia tridentata Shrub Steppe Alliance","Southwest regional peer review (NM, AZ, CO, UT, NV)",2023-02-17 02:52:07,"E. Muldavin et al."
686244,"A3179","TT5.a1.Na","Purshia tridentata - Artemisia tridentata Shrub Steppe Alliance","Southwest regional peer review (NM, AZ, CO, UT, NV)",2023-02-17 02:52:07,"E. Muldavin et al."
687066,"A3179","TT5.a1.Na","Purshia tridentata - Artemisia tridentata Shrub Steppe Alliance","Southwest regional peer review (NM, AZ, CO, UT, NV)",2023-02-17 02:52:07,"E. Muldavin et al."
687416,"A3179","TT5.a1.Na","Purshia tridentata - Artemisia tridentata Shrub Steppe Alliance","Southwest regional peer review (NM, AZ, CO, UT, NV)",2023-02-17 02:52:07,"E. Muldavin et al."
688650,"A2234","TP1.a2.Nb","Populus deltoides Central-Southern Plains Floodplain Forest Alliance","MT-ID-WY regional review of USNVC, March 2023",2023-04-12 05:33:09,"Cooper,S., others, D. Faber-Langendoen"
690020,"A2187","TP1.b1.Na","Sagittaria lancifolia - Pontederia cordata - Najas guadalupensis South Florida Deep Marsh Alliance","Southeast, Texarkana USNVC reg'l review, June 2023",2023-06-24 09:03:01,"Southeast + TX ecologists, D. Faber-Langendoen"
1281920,"A2193","TT2.a1.Na","Pinus taeda - Quercus stellata - Quercus margarettae Bastrop Forest Alliance","Texas USNVC reg'l review follow-up, May 2023",2023-08-14 06:25:14,"J. Singhurst, TX ecologists, D. Faber-Langendoen"
1281922,"A2193","TT2.a1.Na","Pinus taeda - Quercus stellata - Quercus margarettae Bastrop Forest Alliance","Texas USNVC reg'l review follow-up, May 2023",2023-08-14 06:25:14,"J. Singhurst, TX ecologists, D. Faber-Langendoen"
685322,"A2235","TP1.a2.Nb","Populus deltoides Central-Southern Plains Riparian Forest Alliance","MT-ID-WY regional review of USNVC, March 2023",2023-04-12 05:33:10,"Cooper,S., others, D. Faber-Langendoen"
1242965,"G956","","Southern Tallgrass Savanna","KY + TN Southeast USNVC reg'l review follow-up, May 2023",2023-08-25 12:26:14,"C. Elam, KY ecologists, D. Faber-Langendoen"
1233790,"G956","","Southern Tallgrass Savanna","Central Midwest regional review",2022-07-25 09:47:19,"Program ecologists & D. Faber-Langendoen"
1233788,"G956","","Southern Tallgrass Savanna","KY + TN Southeast USNVC reg'l review follow-up, May 2023",2023-08-25 12:26:14,"C. Elam, KY ecologists, D. Faber-Langendoen"
688370,"A2170","TT4.b1.Nb","Juniperus virginiana / Schizachyrium scoparium - Bouteloua curtipendula Alkaline Bedrock Grassland Alliance","Southeast US reg'l review of USNVC, April 2023",2023-05-11 02:48:37,"D. Faber-Langendoen"
683728,"A2170","TT4.b1.Nb","Juniperus virginiana / Schizachyrium scoparium - Bouteloua curtipendula Alkaline Bedrock Grassland Alliance","Southeast, Texarkana USNVC reg'l review, June 2023",2023-06-24 09:02:29,"Southeast + TX ecologists, D. Faber-Langendoen"
686293,"A2170","TT4.b1.Nb","Juniperus virginiana / Schizachyrium scoparium - Bouteloua curtipendula Alkaline Bedrock Grassland Alliance","Southeast US reg'l review of USNVC, April 2023",2023-05-11 02:48:35,"D. Faber-Langendoen"
687420,"A3443","TP1.a2.Na","Quercus michauxii - Quercus pagoda - Quercus laurifolia Wet Flatwoods Forest Alliance","Appalachians, Piedmont review, part 2",2020-12-09 12:40:35,"D. Faber-Langendoen"
686636,"A3443","TP1.a2.Na","Quercus michauxii - Quercus pagoda - Quercus laurifolia Wet Flatwoods Forest Alliance","Appalachians, Piedmont review, part 2",2020-12-09 12:40:33,"D. Faber-Langendoen"
687547,"A4479","TP1.c2.Na","Dasiphora fruticosa - Carex flava - Carex tetanica Alkaline Fen Alliance","Northeast review 2020",2020-08-10 08:47:37,"D. Faber-Langendoen"
685036,"A4479","TP1.c2.Na","Dasiphora fruticosa - Carex flava - Carex tetanica Alkaline Fen Alliance","Northeast review 2020",2020-08-10 08:47:37,"D. Faber-Langendoen"
685318,"A4479","TP1.c2.Na","Dasiphora fruticosa - Carex flava - Carex tetanica Alkaline Fen Alliance","Northeast review, part 2",2020-12-16 12:00:00,"D. Faber-Langendoen"
689567,"A3649","TP1.b1.Na","Morella cerifera - Persea palustris - Salix caroliniana Maritime Scrub Swamp Alliance","Texas USNVC reg'l review follow-up, May 2023",2023-08-14 06:26:04,"J. Singhurst, TX ecologists, D. Faber-Langendoen"
687669,"A3649","TP1.b1.Na","Morella cerifera - Persea palustris - Salix caroliniana Maritime Scrub Swamp Alliance","",2021-10-22 05:09:00,"D. Faber-Langendoen"
817780,"A3649","TP1.b1.Na","Morella cerifera - Persea palustris - Salix caroliniana Maritime Scrub Swamp Alliance","Texas USNVC reg'l review follow-up, May 2023",2023-08-14 06:26:03,"J. Singhurst, TX ecologists, D. Faber-Langendoen"
907728,"A3649","TP1.b1.Na","Morella cerifera - Persea palustris - Salix caroliniana Maritime Scrub Swamp Alliance","Texas USNVC reg'l review follow-up, May 2023",2023-08-14 06:26:05,"J. Singhurst, TX ecologists, D. Faber-Langendoen"
685550,"A4683","TP1.a2.Na","Quercus phellos - Quercus nigra - Quercus pagoda Southeast Floodplain Forest Alliance","Southeast, Texarkana USNVC reg'l review, June 2023",2023-06-24 09:01:50,"Southeast + TX ecologists, D. Faber-Langendoen"
1159167,"G959","MB1.a3.Na","North Atlantic Brackish Tidal Marsh","CT & RI review",2022-08-09 12:00:00,"J. Lundgren, K. Metzler, D. Faber-Langendoen"
1159167,"G959","MB1.a3.Na","North Atlantic Brackish Tidal Marsh","Southeast, Texarkana USNVC reg'l review, June 2023",2023-06-24 12:00:00,"Southeast + TX ecologists, D. Faber-Langendoen"
1176975,"G958","MB1.a3.Na","South Atlantic & Gulf Coastal Salt Marsh","Southeast, Texarkana USNVC reg'l review, June 2023",2023-06-24 09:00:10,"Southeast + TX ecologists, D. Faber-Langendoen"
1251779,"G957","MB1.a3.Na","North Atlantic Salt Marsh","Southeast, Texarkana USNVC reg'l review, June 2023",2023-06-24 12:00:00,"Southeast + TX ecologists, D. Faber-Langendoen"
1176977,"G957","MB1.a3.Na","North Atlantic Salt Marsh","CT & RI review",2022-08-09 12:00:00,"J. Lundgren, K. Metzler, D. Faber-Langendoen"
1176977,"G957","MB1.a3.Na","North Atlantic Salt Marsh","Southeast, Texarkana USNVC reg'l review, June 2023",2023-06-24 12:00:00,"Southeast + TX ecologists, D. Faber-Langendoen"
1176975,"G957","MB1.a3.Na","North Atlantic Salt Marsh","CT & RI review",2022-08-09 12:04:58,"J. Lundgren, K. Metzler, D. Faber-Langendoen"
1159159,"G957","MB1.a3.Na","North Atlantic Salt Marsh","CT & RI review",2022-08-09 12:00:00,"J. Lundgren, K. Metzler, D. Faber-Langendoen"
1159159,"G957","MB1.a3.Na","North Atlantic Salt Marsh","Southeast, Texarkana USNVC reg'l review, June 2023",2023-06-24 12:00:00,"Southeast + TX ecologists, D. Faber-Langendoen"
1159177,"G957","MB1.a3.Na","North Atlantic Salt Marsh","CT & RI review",2022-08-09 12:00:00,"J. Lundgren, K. Metzler, D. Faber-Langendoen"
1159177,"G957","MB1.a3.Na","North Atlantic Salt Marsh","Southeast, Texarkana USNVC reg'l review, June 2023",2023-06-24 12:00:00,"Southeast + TX ecologists, D. Faber-Langendoen"
1159165,"G957","MB1.a3.Na","North Atlantic Salt Marsh","CT & RI review",2022-08-09 12:00:00,"J. Lundgren, K. Metzler, D. Faber-Langendoen"
1159165,"G957","MB1.a3.Na","North Atlantic Salt Marsh","Southeast, Texarkana USNVC reg'l review, June 2023",2023-06-24 12:00:00,"Southeast + TX ecologists, D. Faber-Langendoen"
686379,"A3419","TT2.b3.Nb","Pinus ponderosa / Festuca arizonica Grassy Woodland Alliance","Southwest regional peer review (NM, AZ, CO, UT, NV)",2023-02-17 02:55:32,"E. Muldavin et al."
683574,"A3427","TT2.b3.Nb","Juniperus scopulorum - Juniperus osteosperma / Pseudoroegneria spicata Woodland Alliance","Southwest regional peer review (NM, AZ, CO, UT, NV)",2023-02-17 02:56:15,"E. Muldavin et al."
687620,"A3427","TT2.b3.Nb","Juniperus scopulorum - Juniperus osteosperma / Pseudoroegneria spicata Woodland Alliance","MT-ID-WY USNVC reg'l review follow-up, May 2023",2023-08-02 04:01:44,"MT, ID, WY ecologists, D. Faber-Langendoen"
684939,"A3427","TT2.b3.Nb","Juniperus scopulorum - Juniperus osteosperma / Pseudoroegneria spicata Woodland Alliance","MT-ID-WY USNVC reg'l review follow-up, May 2023",2023-08-02 04:01:46,"MT, ID, WY ecologists, D. Faber-Langendoen"
820815,"A3797","TP1.a2.Nd","Pinus ponderosa - Mixed Conifer Riparian Forest Alliance","Southwest regional peer review (NM, AZ, CO, UT, NV)",2023-02-17 02:56:17,"E. Muldavin et al."
770558,"A3797","TP1.a2.Nd","Pinus ponderosa - Mixed Conifer Riparian Forest Alliance","Southwest regional peer review (NM, AZ, CO, UT, NV)",2023-02-17 02:56:19,"E. Muldavin et al."
686236,"A0957","TP1.a2.Nc","Juglans major Riparian Forest Alliance","Southwest regional peer review (NM, AZ, CO, UT, NV)",2023-02-17 02:56:26,"E. Muldavin et al."
686520,"A0957","TP1.a2.Nc","Juglans major Riparian Forest Alliance","Southwest regional peer review (NM, AZ, CO, UT, NV)",2023-02-17 02:56:25,"E. Muldavin et al."
684501,"A0957","TP1.a2.Nc","Juglans major Riparian Forest Alliance","Southwest regional peer review (NM, AZ, CO, UT, NV)",2023-02-17 02:56:28,"E. Muldavin et al."
686737,"A3453","TT2.b3.Nb","Picea pungens Southern Rocky Mountain Dry Forest & Woodland Alliance","Southwest regional peer review (NM, AZ, CO, UT, NV)",2023-02-17 02:51:23,"E. Muldavin et al."
684327,"A3453","TT2.b3.Nb","Picea pungens Southern Rocky Mountain Dry Forest & Woodland Alliance","Southwest regional peer review (NM, AZ, CO, UT, NV)",2023-02-17 02:51:23,"E. Muldavin et al."
684496,"A3453","TT2.b3.Nb","Picea pungens Southern Rocky Mountain Dry Forest & Woodland Alliance","Southwest regional peer review (NM, AZ, CO, UT, NV)",2023-02-17 02:51:23,"E. Muldavin et al."
684208,"A3453","TT2.b3.Nb","Picea pungens Southern Rocky Mountain Dry Forest & Woodland Alliance","Southwest regional peer review (NM, AZ, CO, UT, NV)",2023-02-17 02:51:23,"E. Muldavin et al."
815581,"A3453","TT2.b3.Nb","Picea pungens Southern Rocky Mountain Dry Forest & Woodland Alliance","Southwest regional peer review (NM, AZ, CO, UT, NV)",2023-02-17 02:51:23,"E. Muldavin et al."
684014,"A3453","TT2.b3.Nb","Picea pungens Southern Rocky Mountain Dry Forest & Woodland Alliance","Southwest regional peer review (NM, AZ, CO, UT, NV)",2023-02-17 02:51:23,"E. Muldavin et al."
684858,"A3453","TT2.b3.Nb","Picea pungens Southern Rocky Mountain Dry Forest & Woodland Alliance","Southwest regional peer review (NM, AZ, CO, UT, NV)",2023-02-17 02:51:23,"E. Muldavin et al."
1225600,"G213","TT2.b3.Nb","Central Rocky Mountain Ponderosa Pine Forest & Woodland","California updates",2022-06-22 05:24:11,"J. Evens, R. Boul, D. Faber-Langendoen"
686591,"A2270","TT2.a1.Nb","Quercus emoryi Grassy Woodland Alliance","Southwest regional peer review (NM, AZ, CO, UT, NV)",2023-02-17 02:53:26,"E. Muldavin et al."
684363,"A2270","TT2.a1.Nb","Quercus emoryi Grassy Woodland Alliance","Southwest regional peer review (NM, AZ, CO, UT, NV)",2023-02-17 02:53:40,"E. Muldavin et al."
686677,"A2270","TT2.a1.Nb","Quercus emoryi Grassy Woodland Alliance","Southwest regional peer review (NM, AZ, CO, UT, NV)",2023-02-17 02:53:38,"E. Muldavin et al."
684698,"A2270","TT2.a1.Nb","Quercus emoryi Grassy Woodland Alliance","Southwest regional peer review (NM, AZ, CO, UT, NV)",2023-02-17 02:53:23,"E. Muldavin et al."
683251,"A2270","TT2.a1.Nb","Quercus emoryi Grassy Woodland Alliance","Southwest regional peer review (NM, AZ, CO, UT, NV)",2023-02-17 02:53:33,"E. Muldavin et al."
689520,"A2270","TT2.a1.Nb","Quercus emoryi Grassy Woodland Alliance","Southwest regional peer review (NM, AZ, CO, UT, NV)",2023-02-17 02:53:30,"E. Muldavin et al."
685157,"A2270","TT2.a1.Nb","Quercus emoryi Grassy Woodland Alliance","Southwest regional peer review (NM, AZ, CO, UT, NV)",2023-02-17 02:53:44,"E. Muldavin et al."
684419,"A2270","TT2.a1.Nb","Quercus emoryi Grassy Woodland Alliance","Southwest regional peer review (NM, AZ, CO, UT, NV)",2023-02-17 02:53:32,"E. Muldavin et al."
685459,"A2270","TT2.a1.Nb","Quercus emoryi Grassy Woodland Alliance","Southwest regional peer review (NM, AZ, CO, UT, NV)",2023-02-17 02:53:24,"E. Muldavin et al."
683469,"A2270","TT2.a1.Nb","Quercus emoryi Grassy Woodland Alliance","Southwest regional peer review (NM, AZ, CO, UT, NV)",2023-02-17 02:53:34,"E. Muldavin et al."
687874,"A2270","TT2.a1.Nb","Quercus emoryi Grassy Woodland Alliance","Southwest regional peer review (NM, AZ, CO, UT, NV)",2023-02-17 02:53:29,"E. Muldavin et al."
686276,"A2270","TT2.a1.Nb","Quercus emoryi Grassy Woodland Alliance","Southwest regional peer review (NM, AZ, CO, UT, NV)",2023-02-17 02:53:27,"E. Muldavin et al."
684843,"A2270","TT2.a1.Nb","Quercus emoryi Grassy Woodland Alliance","Southwest regional peer review (NM, AZ, CO, UT, NV)",2023-02-17 02:53:41,"E. Muldavin et al."
683470,"A2270","TT2.a1.Nb","Quercus emoryi Grassy Woodland Alliance","Southwest regional peer review (NM, AZ, CO, UT, NV)",2023-02-17 02:53:37,"E. Muldavin et al."
684284,"A2270","TT2.a1.Nb","Quercus emoryi Grassy Woodland Alliance","Southwest regional peer review (NM, AZ, CO, UT, NV)",2023-02-17 02:53:21,"E. Muldavin et al."
689439,"A2267","TT5.b1.Na","Cleome isomeris - Ephedra californica Badlands Alliance","Southwest regional peer review (NM, AZ, CO, UT, NV)",2023-02-17 02:58:27,"E. Muldavin et al."
688049,"A2265","TT5.a1.Na","Purshia tridentata Shrub Steppe Alliance","Southwest regional peer review (NM, AZ, CO, UT, NV)",2023-02-17 02:58:38,"E. Muldavin et al."
688671,"A2265","TT5.a1.Na","Purshia tridentata Shrub Steppe Alliance","Southwest regional peer review (NM, AZ, CO, UT, NV)",2023-02-17 02:58:35,"E. Muldavin et al."
685323,"A2265","TT5.a1.Na","Purshia tridentata Shrub Steppe Alliance","Southwest regional peer review (NM, AZ, CO, UT, NV)",2023-02-17 02:58:56,"E. Muldavin et al."
948023,"A2265","TT5.a1.Na","Purshia tridentata Shrub Steppe Alliance","Southwest regional peer review (NM, AZ, CO, UT, NV)",2023-02-17 02:58:40,"E. Muldavin et al."
688144,"A2265","TT5.a1.Na","Purshia tridentata Shrub Steppe Alliance","Southwest regional peer review (NM, AZ, CO, UT, NV)",2023-02-17 02:58:55,"E. Muldavin et al."
687207,"A2265","TT5.a1.Na","Purshia tridentata Shrub Steppe Alliance","Southwest regional peer review (NM, AZ, CO, UT, NV)",2023-02-17 02:58:36,"E. Muldavin et al."
689807,"A2265","TT5.a1.Na","Purshia tridentata Shrub Steppe Alliance","Southwest regional peer review (NM, AZ, CO, UT, NV)",2023-02-17 02:58:46,"E. Muldavin et al."
948029,"A2265","TT5.a1.Na","Purshia tridentata Shrub Steppe Alliance","Southwest regional peer review (NM, AZ, CO, UT, NV)",2023-02-17 02:58:44,"E. Muldavin et al."
688143,"A2265","TT5.a1.Na","Purshia tridentata Shrub Steppe Alliance","Southwest regional peer review (NM, AZ, CO, UT, NV)",2023-02-17 02:58:53,"E. Muldavin et al."
685501,"A2265","TT5.a1.Na","Purshia tridentata Shrub Steppe Alliance","Southwest regional peer review (NM, AZ, CO, UT, NV)",2023-02-17 02:58:43,"E. Muldavin et al."
948026,"A2265","TT5.a1.Na","Purshia tridentata Shrub Steppe Alliance","Southwest regional peer review (NM, AZ, CO, UT, NV)",2023-02-17 02:58:42,"E. Muldavin et al."
972209,"A2265","TT5.a1.Na","Purshia tridentata Shrub Steppe Alliance","Southwest regional peer review (NM, AZ, CO, UT, NV)",2023-02-17 02:58:33,"E. Muldavin et al."
972091,"A2265","TT5.a1.Na","Purshia tridentata Shrub Steppe Alliance","Southwest regional peer review (NM, AZ, CO, UT, NV)",2023-02-17 02:58:31,"E. Muldavin et al."
948032,"A2265","TT5.a1.Na","Purshia tridentata Shrub Steppe Alliance","Southwest regional peer review (NM, AZ, CO, UT, NV)",2023-02-17 02:58:51,"E. Muldavin et al."
686585,"A2265","TT5.a1.Na","Purshia tridentata Shrub Steppe Alliance","Southwest regional peer review (NM, AZ, CO, UT, NV)",2023-02-17 02:58:57,"E. Muldavin et al."
684484,"A2265","TT5.a1.Na","Purshia tridentata Shrub Steppe Alliance","Southwest regional peer review (NM, AZ, CO, UT, NV)",2023-02-17 02:58:47,"E. Muldavin et al."
688050,"A2265","TT5.a1.Na","Purshia tridentata Shrub Steppe Alliance","Southwest regional peer review (NM, AZ, CO, UT, NV)",2023-02-17 02:58:34,"E. Muldavin et al."
686244,"A2265","TT5.a1.Na","Purshia tridentata Shrub Steppe Alliance","Southwest regional peer review (NM, AZ, CO, UT, NV)",2023-02-17 02:58:49,"E. Muldavin et al."
687066,"A2265","TT5.a1.Na","Purshia tridentata Shrub Steppe Alliance","Southwest regional peer review (NM, AZ, CO, UT, NV)",2023-02-17 02:58:39,"E. Muldavin et al."
687416,"A2265","TT5.a1.Na","Purshia tridentata Shrub Steppe Alliance","Southwest regional peer review (NM, AZ, CO, UT, NV)",2023-02-17 02:58:50,"E. Muldavin et al."
841789,"A2262","TT4.b1.Ne","Amelanchier utahensis - Cercocarpus montanus - Cercocarpus intricatus - Mixed Shrub Shrubland Alliance","Southwest regional peer review (NM, AZ, CO, UT, NV)",2023-02-17 02:57:38,"E. Muldavin et al."
688395,"A2262","TT4.b1.Ne","Amelanchier utahensis - Cercocarpus montanus - Cercocarpus intricatus - Mixed Shrub Shrubland Alliance","Southwest regional peer review (NM, AZ, CO, UT, NV)",2023-02-17 02:57:25,"E. Muldavin et al."
686361,"A2262","TT4.b1.Ne","Amelanchier utahensis - Cercocarpus montanus - Cercocarpus intricatus - Mixed Shrub Shrubland Alliance","Southwest regional peer review (NM, AZ, CO, UT, NV)",2023-02-17 02:57:26,"E. Muldavin et al."
689646,"A2262","TT4.b1.Ne","Amelanchier utahensis - Cercocarpus montanus - Cercocarpus intricatus - Mixed Shrub Shrubland Alliance","Southwest regional peer review (NM, AZ, CO, UT, NV)",2023-02-17 02:57:59,"E. Muldavin et al."
857768,"A2262","TT4.b1.Ne","Amelanchier utahensis - Cercocarpus montanus - Cercocarpus intricatus - Mixed Shrub Shrubland Alliance","Southwest regional peer review (NM, AZ, CO, UT, NV)",2023-02-17 02:57:40,"E. Muldavin et al."
770507,"A2262","TT4.b1.Ne","Amelanchier utahensis - Cercocarpus montanus - Cercocarpus intricatus - Mixed Shrub Shrubland Alliance","Southwest regional peer review (NM, AZ, CO, UT, NV)",2023-02-17 02:57:41,"E. Muldavin et al."
688600,"A2262","TT4.b1.Ne","Amelanchier utahensis - Cercocarpus montanus - Cercocarpus intricatus - Mixed Shrub Shrubland Alliance","Southwest regional peer review (NM, AZ, CO, UT, NV)",2023-02-17 02:58:03,"E. Muldavin et al."
683967,"A2262","TT4.b1.Ne","Amelanchier utahensis - Cercocarpus montanus - Cercocarpus intricatus - Mixed Shrub Shrubland Alliance","Southwest regional peer review (NM, AZ, CO, UT, NV)",2023-02-17 02:57:52,"E. Muldavin et al."
688710,"A2262","TT4.b1.Ne","Amelanchier utahensis - Cercocarpus montanus - Cercocarpus intricatus - Mixed Shrub Shrubland Alliance","Southwest regional peer review (NM, AZ, CO, UT, NV)",2023-02-17 02:57:46,"E. Muldavin et al."
683619,"A2262","TT4.b1.Ne","Amelanchier utahensis - Cercocarpus montanus - Cercocarpus intricatus - Mixed Shrub Shrubland Alliance","Southwest regional peer review (NM, AZ, CO, UT, NV)",2023-02-17 02:57:54,"E. Muldavin et al."
821390,"A2262","TT4.b1.Ne","Amelanchier utahensis - Cercocarpus montanus - Cercocarpus intricatus - Mixed Shrub Shrubland Alliance","Southwest regional peer review (NM, AZ, CO, UT, NV)",2023-02-17 02:58:02,"E. Muldavin et al."
793429,"A2262","TT4.b1.Ne","Amelanchier utahensis - Cercocarpus montanus - Cercocarpus intricatus - Mixed Shrub Shrubland Alliance","Southwest regional peer review (NM, AZ, CO, UT, NV)",2023-02-17 02:57:44,"E. Muldavin et al."
687987,"A2262","TT4.b1.Ne","Amelanchier utahensis - Cercocarpus montanus - Cercocarpus intricatus - Mixed Shrub Shrubland Alliance","Southwest regional peer review (NM, AZ, CO, UT, NV)",2023-02-17 02:57:49,"E. Muldavin et al."
689537,"A2262","TT4.b1.Ne","Amelanchier utahensis - Cercocarpus montanus - Cercocarpus intricatus - Mixed Shrub Shrubland Alliance","Southwest regional peer review (NM, AZ, CO, UT, NV)",2023-02-17 02:57:57,"E. Muldavin et al."
688394,"A2262","TT4.b1.Ne","Amelanchier utahensis - Cercocarpus montanus - Cercocarpus intricatus - Mixed Shrub Shrubland Alliance","Southwest regional peer review (NM, AZ, CO, UT, NV)",2023-02-17 02:57:34,"E. Muldavin et al."
793426,"A2262","TT4.b1.Ne","Amelanchier utahensis - Cercocarpus montanus - Cercocarpus intricatus - Mixed Shrub Shrubland Alliance","Southwest regional peer review (NM, AZ, CO, UT, NV)",2023-02-17 02:57:29,"E. Muldavin et al."
684724,"A2262","TT4.b1.Ne","Amelanchier utahensis - Cercocarpus montanus - Cercocarpus intricatus - Mixed Shrub Shrubland Alliance","Southwest regional peer review (NM, AZ, CO, UT, NV)",2023-02-17 02:57:31,"E. Muldavin et al."
688588,"A2262","TT4.b1.Ne","Amelanchier utahensis - Cercocarpus montanus - Cercocarpus intricatus - Mixed Shrub Shrubland Alliance","Southwest regional peer review (NM, AZ, CO, UT, NV)",2023-02-17 02:57:48,"E. Muldavin et al."
687729,"A2262","TT4.b1.Ne","Amelanchier utahensis - Cercocarpus montanus - Cercocarpus intricatus - Mixed Shrub Shrubland Alliance","Southwest regional peer review (NM, AZ, CO, UT, NV)",2023-02-17 02:57:45,"E. Muldavin et al."
684170,"A2262","TT4.b1.Ne","Amelanchier utahensis - Cercocarpus montanus - Cercocarpus intricatus - Mixed Shrub Shrubland Alliance","Southwest regional peer review (NM, AZ, CO, UT, NV)",2023-02-17 02:58:01,"E. Muldavin et al."
770487,"A2262","TT4.b1.Ne","Amelanchier utahensis - Cercocarpus montanus - Cercocarpus intricatus - Mixed Shrub Shrubland Alliance","Southwest regional peer review (NM, AZ, CO, UT, NV)",2023-02-17 02:57:28,"E. Muldavin et al."
684295,"A2262","TT4.b1.Ne","Amelanchier utahensis - Cercocarpus montanus - Cercocarpus intricatus - Mixed Shrub Shrubland Alliance","Southwest regional peer review (NM, AZ, CO, UT, NV)",2023-02-17 02:57:36,"E. Muldavin et al."
684416,"A2262","TT4.b1.Ne","Amelanchier utahensis - Cercocarpus montanus - Cercocarpus intricatus - Mixed Shrub Shrubland Alliance","Southwest regional peer review (NM, AZ, CO, UT, NV)",2023-02-17 02:57:58,"E. Muldavin et al."
801947,"A2262","TT4.b1.Ne","Amelanchier utahensis - Cercocarpus montanus - Cercocarpus intricatus - Mixed Shrub Shrubland Alliance","Southwest regional peer review (NM, AZ, CO, UT, NV)",2023-02-17 02:57:42,"E. Muldavin et al."
785168,"A2262","TT4.b1.Ne","Amelanchier utahensis - Cercocarpus montanus - Cercocarpus intricatus - Mixed Shrub Shrubland Alliance","Southwest regional peer review (NM, AZ, CO, UT, NV)",2023-02-17 02:57:51,"E. Muldavin et al."
685408,"A2262","TT4.b1.Ne","Amelanchier utahensis - Cercocarpus montanus - Cercocarpus intricatus - Mixed Shrub Shrubland Alliance","Southwest regional peer review (NM, AZ, CO, UT, NV)",2023-02-17 02:57:56,"E. Muldavin et al."
899495,"G222","TT2.b3.Nd","Rocky Mountain-Interior Subalpine-Montane Aspen Forest","California updates",2022-06-22 05:24:13,"J. Evens, R. Boul, D. Faber-Langendoen"
688451,"A2259","TT4.b1.Ne","Quercus gambelii - Ceanothus fendleri Grassy Shrubland Alliance","Southwest regional peer review (NM, AZ, CO, UT, NV)",2023-02-17 02:57:05,"E. Muldavin et al."
684979,"A2259","TT4.b1.Ne","Quercus gambelii - Ceanothus fendleri Grassy Shrubland Alliance","Southwest regional peer review (NM, AZ, CO, UT, NV)",2023-02-17 02:57:09,"E. Muldavin et al."
857887,"A2259","TT4.b1.Ne","Quercus gambelii - Ceanothus fendleri Grassy Shrubland Alliance","USNVC California review",2023-02-20 06:57:20,"Evens, J., R. Boul, D. Faber-Langendoen"
801950,"A2259","TT4.b1.Ne","Quercus gambelii - Ceanothus fendleri Grassy Shrubland Alliance","Southwest regional peer review (NM, AZ, CO, UT, NV)",2023-02-17 02:57:13,"E. Muldavin et al."
795006,"A2259","TT4.b1.Ne","Quercus gambelii - Ceanothus fendleri Grassy Shrubland Alliance","Southwest regional peer review (NM, AZ, CO, UT, NV)",2023-02-17 02:57:06,"E. Muldavin et al."
689150,"A2259","TT4.b1.Ne","Quercus gambelii - Ceanothus fendleri Grassy Shrubland Alliance","Southwest regional peer review (NM, AZ, CO, UT, NV)",2023-02-17 02:56:43,"E. Muldavin et al."
684767,"A2259","TT4.b1.Ne","Quercus gambelii - Ceanothus fendleri Grassy Shrubland Alliance","Southwest regional peer review (NM, AZ, CO, UT, NV)",2023-02-17 02:56:59,"E. Muldavin et al."
835323,"A2259","TT4.b1.Ne","Quercus gambelii - Ceanothus fendleri Grassy Shrubland Alliance","Southwest regional peer review (NM, AZ, CO, UT, NV)",2023-02-17 02:56:48,"E. Muldavin et al."
821425,"A2259","TT4.b1.Ne","Quercus gambelii - Ceanothus fendleri Grassy Shrubland Alliance","Southwest regional peer review (NM, AZ, CO, UT, NV)",2023-02-17 02:56:37,"E. Muldavin et al."
821383,"A2259","TT4.b1.Ne","Quercus gambelii - Ceanothus fendleri Grassy Shrubland Alliance","Southwest regional peer review (NM, AZ, CO, UT, NV)",2023-02-17 02:56:30,"E. Muldavin et al."
758367,"A2259","TT4.b1.Ne","Quercus gambelii - Ceanothus fendleri Grassy Shrubland Alliance","Southwest regional peer review (NM, AZ, CO, UT, NV)",2023-02-17 02:57:17,"E. Muldavin et al."
785230,"A2259","TT4.b1.Ne","Quercus gambelii - Ceanothus fendleri Grassy Shrubland Alliance","Southwest regional peer review (NM, AZ, CO, UT, NV)",2023-02-17 02:57:08,"E. Muldavin et al."
686417,"A2259","TT4.b1.Ne","Quercus gambelii - Ceanothus fendleri Grassy Shrubland Alliance","Southwest regional peer review (NM, AZ, CO, UT, NV)",2023-02-17 02:57:10,"E. Muldavin et al."
688821,"A2259","TT4.b1.Ne","Quercus gambelii - Ceanothus fendleri Grassy Shrubland Alliance","Southwest regional peer review (NM, AZ, CO, UT, NV)",2023-02-17 02:57:24,"E. Muldavin et al."
769467,"A2259","TT4.b1.Ne","Quercus gambelii - Ceanothus fendleri Grassy Shrubland Alliance","Southwest regional peer review (NM, AZ, CO, UT, NV)",2023-02-17 02:57:22,"E. Muldavin et al."
758477,"A2259","TT4.b1.Ne","Quercus gambelii - Ceanothus fendleri Grassy Shrubland Alliance","Southwest regional peer review (NM, AZ, CO, UT, NV)",2023-02-17 02:56:56,"E. Muldavin et al."
684697,"A2259","TT4.b1.Ne","Quercus gambelii - Ceanothus fendleri Grassy Shrubland Alliance","Southwest regional peer review (NM, AZ, CO, UT, NV)",2023-02-17 02:56:51,"E. Muldavin et al."
683334,"A2259","TT4.b1.Ne","Quercus gambelii - Ceanothus fendleri Grassy Shrubland Alliance","Southwest regional peer review (NM, AZ, CO, UT, NV)",2023-02-17 02:56:49,"E. Muldavin et al."
835311,"A2259","TT4.b1.Ne","Quercus gambelii - Ceanothus fendleri Grassy Shrubland Alliance","Southwest regional peer review (NM, AZ, CO, UT, NV)",2023-02-17 02:56:31,"E. Muldavin et al."
821393,"A2259","TT4.b1.Ne","Quercus gambelii - Ceanothus fendleri Grassy Shrubland Alliance","Southwest regional peer review (NM, AZ, CO, UT, NV)",2023-02-17 02:56:33,"E. Muldavin et al."
685870,"A2259","TT4.b1.Ne","Quercus gambelii - Ceanothus fendleri Grassy Shrubland Alliance","Southwest regional peer review (NM, AZ, CO, UT, NV)",2023-02-17 02:56:47,"E. Muldavin et al."
687869,"A2259","TT4.b1.Ne","Quercus gambelii - Ceanothus fendleri Grassy Shrubland Alliance","Southwest regional peer review (NM, AZ, CO, UT, NV)",2023-02-17 02:57:20,"E. Muldavin et al."
689005,"A2259","TT4.b1.Ne","Quercus gambelii - Ceanothus fendleri Grassy Shrubland Alliance","Southwest regional peer review (NM, AZ, CO, UT, NV)",2023-02-17 02:56:40,"E. Muldavin et al."
685113,"A2259","TT4.b1.Ne","Quercus gambelii - Ceanothus fendleri Grassy Shrubland Alliance","Southwest regional peer review (NM, AZ, CO, UT, NV)",2023-02-17 02:57:02,"E. Muldavin et al."
685512,"A2259","TT4.b1.Ne","Quercus gambelii - Ceanothus fendleri Grassy Shrubland Alliance","Southwest regional peer review (NM, AZ, CO, UT, NV)",2023-02-17 02:57:12,"E. Muldavin et al."
801954,"A2259","TT4.b1.Ne","Quercus gambelii - Ceanothus fendleri Grassy Shrubland Alliance","Southwest regional peer review (NM, AZ, CO, UT, NV)",2023-02-17 02:57:03,"E. Muldavin et al."
758371,"A2259","TT4.b1.Ne","Quercus gambelii - Ceanothus fendleri Grassy Shrubland Alliance","Southwest regional peer review (NM, AZ, CO, UT, NV)",2023-02-17 02:57:14,"E. Muldavin et al."
684766,"A2259","TT4.b1.Ne","Quercus gambelii - Ceanothus fendleri Grassy Shrubland Alliance","Southwest regional peer review (NM, AZ, CO, UT, NV)",2023-02-17 02:56:57,"E. Muldavin et al."
821379,"A2259","TT4.b1.Ne","Quercus gambelii - Ceanothus fendleri Grassy Shrubland Alliance","Southwest regional peer review (NM, AZ, CO, UT, NV)",2023-02-17 02:56:44,"E. Muldavin et al."
1176983,"A4397","TP1.a2.Nb","Larix laricina - Pinus strobus - Acer rubrum Swamp Alliance","New Hampshire xwalk, EST updates",2022-08-08 05:49:43,"W. Nichols, D. Faber-Langendoen"
689355,"A4397","TP1.a2.Nb","Larix laricina - Pinus strobus - Acer rubrum Swamp Alliance","Northeast review 2020",2020-08-10 08:47:28,"D. Faber-Langendoen"
690038,"A4056","TP1.b1.Nc","Andropogon gerardii - Panicum virgatum Wet-mesic Prairie Alliance","NVC127_WI state types and NVC",2020-03-23 05:28:44,"D. Faber-Langendoen"
683206,"A4056","TP1.b1.Nc","Andropogon gerardii - Panicum virgatum Wet-mesic Prairie Alliance","CNVC Grasslands revisions, March 2023",2024-02-23 08:18:54,"M. Tremblay, D. Downing, L. Pyle et al."
683438,"A4400","TP1.c2.Nb","Myrica gale - Chamaedaphne calyculata / Carex lasiocarpa Shore Fen Alliance","WI state type crosswalk skeletal edits",2020-04-13 04:38:13,"D. Faber-Langendoen"
688452,"A4400","TP1.c2.Nb","Myrica gale - Chamaedaphne calyculata / Carex lasiocarpa Shore Fen Alliance","Peer review project",2021-04-29 10:26:39,""
687034,"A2146","MB1.a3.Nb","Argentina egedii - Juncus arcticus ssp. littoralis - Deschampsia cespitosa Salt Marsh Alliance","Washington updates",2022-08-08 11:11:39,"T. Ramm-Granberg & D. Faber-Langendoen"
689487,"A2146","MB1.a3.Nb","Argentina egedii - Juncus arcticus ssp. littoralis - Deschampsia cespitosa Salt Marsh Alliance","Washington updates",2022-08-08 11:11:38,"T. Ramm-Granberg & D. Faber-Langendoen"
687329,"A2146","MB1.a3.Nb","Argentina egedii - Juncus arcticus ssp. littoralis - Deschampsia cespitosa Salt Marsh Alliance","Washington updates",2022-08-08 11:11:30,"T. Ramm-Granberg & D. Faber-Langendoen"
687250,"A2146","MB1.a3.Nb","Argentina egedii - Juncus arcticus ssp. littoralis - Deschampsia cespitosa Salt Marsh Alliance","Washington updates",2022-08-08 11:11:41,"T. Ramm-Granberg & D. Faber-Langendoen"
689905,"A2146","MB1.a3.Nb","Argentina egedii - Juncus arcticus ssp. littoralis - Deschampsia cespitosa Salt Marsh Alliance","Washington updates",2022-08-08 11:11:32,"T. Ramm-Granberg & D. Faber-Langendoen"
685889,"A2146","MB1.a3.Nb","Argentina egedii - Juncus arcticus ssp. littoralis - Deschampsia cespitosa Salt Marsh Alliance","Washington updates",2022-08-08 11:11:28,"T. Ramm-Granberg & D. Faber-Langendoen"
685649,"A2146","MB1.a3.Nb","Argentina egedii - Juncus arcticus ssp. littoralis - Deschampsia cespitosa Salt Marsh Alliance","Washington updates",2022-08-08 11:11:42,"T. Ramm-Granberg & D. Faber-Langendoen"
1222773,"A2148","TT4.b1.Ne","Festuca idahoensis ssp. roemeri - Arctostaphylos spp. Interior Balds Grassland Alliance","USNVC 3.0 pre-release edits",2025-06-23 07:37:10,"D. Faber-Langendoen"
684188,"A2226","TP1.b1.Na","Aristida beyrichiana - Rhynchospora spp. - Pleea tenuifolia Southern Coastal Plain Seep Alliance","Southeast US reg'l review of USNVC, April 2023",2023-05-11 02:50:21,"D. Faber-Langendoen"
688576,"A2226","TP1.b1.Na","Aristida beyrichiana - Rhynchospora spp. - Pleea tenuifolia Southern Coastal Plain Seep Alliance","Southeast US reg'l review of USNVC, April 2023",2023-05-11 02:50:30,"D. Faber-Langendoen"
686027,"A2226","TP1.b1.Na","Aristida beyrichiana - Rhynchospora spp. - Pleea tenuifolia Southern Coastal Plain Seep Alliance","Southeast US reg'l review of USNVC, April 2023",2023-05-11 02:50:23,"D. Faber-Langendoen"
688845,"A2226","TP1.b1.Na","Aristida beyrichiana - Rhynchospora spp. - Pleea tenuifolia Southern Coastal Plain Seep Alliance","Southeast US reg'l review of USNVC, April 2023",2023-05-11 02:50:26,"D. Faber-Langendoen"
685641,"A2226","TP1.b1.Na","Aristida beyrichiana - Rhynchospora spp. - Pleea tenuifolia Southern Coastal Plain Seep Alliance","Southeast US reg'l review of USNVC, April 2023",2023-05-11 02:50:28,"D. Faber-Langendoen"
683067,"A2226","TP1.b1.Na","Aristida beyrichiana - Rhynchospora spp. - Pleea tenuifolia Southern Coastal Plain Seep Alliance","Southeast US reg'l review of USNVC, April 2023",2023-05-11 02:50:22,"D. Faber-Langendoen"
683587,"A2226","TP1.b1.Na","Aristida beyrichiana - Rhynchospora spp. - Pleea tenuifolia Southern Coastal Plain Seep Alliance","Southeast US reg'l review of USNVC, April 2023",2023-05-11 02:50:32,"D. Faber-Langendoen"
686721,"A2226","TP1.b1.Na","Aristida beyrichiana - Rhynchospora spp. - Pleea tenuifolia Southern Coastal Plain Seep Alliance","Southeast US reg'l review of USNVC, April 2023",2023-05-11 02:50:25,"D. Faber-Langendoen"
802094,"A2226","TP1.b1.Na","Aristida beyrichiana - Rhynchospora spp. - Pleea tenuifolia Southern Coastal Plain Seep Alliance","Southeast US reg'l review of USNVC, April 2023",2023-05-11 02:50:19,"D. Faber-Langendoen"
684751,"A2226","TP1.b1.Na","Aristida beyrichiana - Rhynchospora spp. - Pleea tenuifolia Southern Coastal Plain Seep Alliance","Southeast US reg'l review of USNVC, April 2023",2023-05-11 02:50:29,"D. Faber-Langendoen"
688460,"A2223","TT4.b1.Nb","Schizachyrium scoparium - Sporobolus junceus - Lithospermum decipiens Grassland Alliance","Southeast US reg'l review of USNVC, April 2023",2023-05-11 02:48:40,"D. Faber-Langendoen"
687281,"A2223","TT4.b1.Nb","Schizachyrium scoparium - Sporobolus junceus - Lithospermum decipiens Grassland Alliance","Southeast US reg'l review of USNVC, April 2023",2023-05-11 02:48:41,"D. Faber-Langendoen"
730941,"A2223","TT4.b1.Nb","Schizachyrium scoparium - Sporobolus junceus - Lithospermum decipiens Grassland Alliance","KY + TN Southeast USNVC reg'l review follow-up, May 2023",2023-08-25 12:27:07,"C. Elam, KY ecologists, D. Faber-Langendoen"
946476,"A2223","TT4.b1.Nb","Schizachyrium scoparium - Sporobolus junceus - Lithospermum decipiens Grassland Alliance","Southeast US reg'l review of USNVC, April 2023",2023-05-11 02:48:38,"D. Faber-Langendoen"
689328,"A2223","TT4.b1.Nb","Schizachyrium scoparium - Sporobolus junceus - Lithospermum decipiens Grassland Alliance","KY + TN Southeast USNVC reg'l review follow-up, May 2023",2023-08-25 12:27:08,"C. Elam, KY ecologists, D. Faber-Langendoen"
685077,"A2223","TT4.b1.Nb","Schizachyrium scoparium - Sporobolus junceus - Lithospermum decipiens Grassland Alliance","Southeast US reg'l review of USNVC, April 2023",2023-05-11 02:48:45,"D. Faber-Langendoen"
683581,"A2223","TT4.b1.Nb","Schizachyrium scoparium - Sporobolus junceus - Lithospermum decipiens Grassland Alliance","Southeast US reg'l review of USNVC, April 2023",2023-05-11 02:48:44,"D. Faber-Langendoen"
688462,"A2223","TT4.b1.Nb","Schizachyrium scoparium - Sporobolus junceus - Lithospermum decipiens Grassland Alliance","Southeast US reg'l review of USNVC, April 2023",2023-05-11 02:48:42,"D. Faber-Langendoen"
685326,"A3860","TT4.a1.Na","Quercus wislizeni var. frutescens - Quercus chrysolepis Pre-montane Chaparral Alliance","Marin & San Mateo Counties CNPS USNVC review",2023-04-05 05:37:50,"Evens, J., Boul, R., McIntyre, P."
1277477,"G647","MS2.a1.Nb","North Pacific Maritime Coastal Ruderal Dune & Bluff","USNVC 3.0 pre-release edits",2025-06-23 07:37:14,"D. Faber-Langendoen"
686300,"A2280","TT2.a1.Nc","Pinus attenuata - Pinus sabiniana Woodland Alliance","Marin & San Mateo Counties CNPS USNVC review",2023-04-05 05:37:40,"Evens, J., Boul, R., McIntyre, P."
689212,"A2280","TT2.a1.Nc","Pinus attenuata - Pinus sabiniana Woodland Alliance","Marin & San Mateo Counties CNPS USNVC review",2023-04-05 05:37:34,"Evens, J., Boul, R., McIntyre, P."
687348,"A2280","TT2.a1.Nc","Pinus attenuata - Pinus sabiniana Woodland Alliance","Marin & San Mateo Counties CNPS USNVC review",2023-04-05 05:37:39,"Evens, J., Boul, R., McIntyre, P."
688328,"A2280","TT2.a1.Nc","Pinus attenuata - Pinus sabiniana Woodland Alliance","Marin & San Mateo Counties CNPS USNVC review",2023-04-05 05:37:33,"Evens, J., Boul, R., McIntyre, P."
964220,"A2297","MS2.a1.Nb","Isocoma menziesii Shrubland Alliance","Marin & San Mateo Counties CNPS USNVC review",2023-04-05 05:38:13,"Evens, J., Boul, R., McIntyre, P."
964211,"A2297","MS2.a1.Nb","Isocoma menziesii Shrubland Alliance","Marin & San Mateo Counties CNPS USNVC review",2023-04-05 05:38:06,"Evens, J., Boul, R., McIntyre, P."
964217,"A2297","MS2.a1.Nb","Isocoma menziesii Shrubland Alliance","Marin & San Mateo Counties CNPS USNVC review",2023-04-05 05:38:12,"Evens, J., Boul, R., McIntyre, P."
964205,"A2297","MS2.a1.Nb","Isocoma menziesii Shrubland Alliance","Marin & San Mateo Counties CNPS USNVC review",2023-04-05 05:38:14,"Evens, J., Boul, R., McIntyre, P."
964208,"A2297","MS2.a1.Nb","Isocoma menziesii Shrubland Alliance","Marin & San Mateo Counties CNPS USNVC review",2023-04-05 05:38:08,"Evens, J., Boul, R., McIntyre, P."
688442,"A2297","MS2.a1.Nb","Isocoma menziesii Shrubland Alliance","Marin & San Mateo Counties CNPS USNVC review",2023-04-05 05:38:15,"Evens, J., Boul, R., McIntyre, P."
686427,"A2297","MS2.a1.Nb","Isocoma menziesii Shrubland Alliance","Marin & San Mateo Counties CNPS USNVC review",2023-04-05 05:38:05,"Evens, J., Boul, R., McIntyre, P."
964214,"A2297","MS2.a1.Nb","Isocoma menziesii Shrubland Alliance","Marin & San Mateo Counties CNPS USNVC review",2023-04-05 05:38:09,"Evens, J., Boul, R., McIntyre, P."
689047,"A4389","TT4.b1.Nf","Hesperostipa comata - Pascopyrum smithii - Bouteloua gracilis Grassland Alliance","CNVC AB-SK-MB rangelands & MT regional USNVC reviews",2023-03-27 04:50:14,"Cooper, S. et al; Tremblay, Pyle, Downing, DFL"
683344,"A3586","TT4.b1.Nf","Artemisia cana / Hesperostipa comata - Pascopyrum smithii Shrubland Alliance","CNVC AB-SK-MB rangelands & MT regional USNVC reviews",2023-03-27 04:50:30,"Cooper, S. et al; Tremblay, Pyle, Downing, DFL"
683797,"A3586","TT4.b1.Nf","Artemisia cana / Hesperostipa comata - Pascopyrum smithii Shrubland Alliance","CNVC AB-SK-MB rangelands & MT regional USNVC reviews",2023-03-27 04:50:32,"Cooper, S. et al; Tremblay, Pyle, Downing, DFL"
683864,"A2307","TP1.b1.Nc","Salix interior - Mixed Shrubland Alliance","",2025-05-04 04:40:19,"D.Faber-Langendoen"
688305,"A2307","TP1.b1.Nc","Salix interior - Mixed Shrubland Alliance","",2025-05-04 04:40:19,"D.Faber-Langendoen"
689007,"A2398","TT4.b1.Nb","Spartina pectinata - Tripsacum dactyloides - Tridens strictus Wet Prairie Alliance","Southeast Grasslands revisions by D. Estes, SGI, et al",2024-02-23 08:28:38,"D. Estes et al"
683323,"A2398","TT4.b1.Nb","Spartina pectinata - Tripsacum dactyloides - Tridens strictus Wet Prairie Alliance","Southeast Grasslands revisions by D. Estes, SGI, et al",2024-02-23 08:28:37,"D. Estes et al"
1281910,"A2398","TT4.b1.Nb","Spartina pectinata - Tripsacum dactyloides - Tridens strictus Wet Prairie Alliance","Southeast Grasslands revisions by D. Estes, SGI, et al",2024-02-23 08:28:35,"D. Estes et al"
687023,"A2398","TT4.b1.Nb","Spartina pectinata - Tripsacum dactyloides - Tridens strictus Wet Prairie Alliance","Southeast Grasslands revisions by D. Estes, SGI, et al",2024-02-23 08:28:36,"D. Estes et al"
1090280,"A2392","TT4.b1.Nb","Schizachyrium scoparium - Andropogon gerardii - Panicum anceps Mesic Prairie Alliance","Southeast Grasslands revisions by D. Estes, SGI, et al",2024-02-23 08:28:18,"D. Estes et al"
685749,"A2392","TT4.b1.Nb","Schizachyrium scoparium - Andropogon gerardii - Panicum anceps Mesic Prairie Alliance","Southeast Grasslands revisions by D. Estes, SGI, et al",2024-02-23 08:28:21,"D. Estes et al"
686517,"A2392","TT4.b1.Nb","Schizachyrium scoparium - Andropogon gerardii - Panicum anceps Mesic Prairie Alliance","Southeast Grasslands revisions by D. Estes, SGI, et al",2024-02-23 08:28:19,"D. Estes et al"
685697,"A2392","TT4.b1.Nb","Schizachyrium scoparium - Andropogon gerardii - Panicum anceps Mesic Prairie Alliance","Southeast Grasslands revisions by D. Estes, SGI, et al",2024-02-23 08:28:27,"D. Estes et al"
687290,"A2392","TT4.b1.Nb","Schizachyrium scoparium - Andropogon gerardii - Panicum anceps Mesic Prairie Alliance","Southeast Grasslands revisions by D. Estes, SGI, et al",2024-02-23 08:28:26,"D. Estes et al"
688660,"A2392","TT4.b1.Nb","Schizachyrium scoparium - Andropogon gerardii - Panicum anceps Mesic Prairie Alliance","Southeast Grasslands revisions by D. Estes, SGI, et al",2024-02-23 08:28:15,"D. Estes et al"
685133,"A2392","TT4.b1.Nb","Schizachyrium scoparium - Andropogon gerardii - Panicum anceps Mesic Prairie Alliance","Southeast Grasslands revisions by D. Estes, SGI, et al",2024-02-23 08:28:22,"D. Estes et al"
685206,"A2392","TT4.b1.Nb","Schizachyrium scoparium - Andropogon gerardii - Panicum anceps Mesic Prairie Alliance","Southeast Grasslands revisions by D. Estes, SGI, et al",2024-02-23 08:28:20,"D. Estes et al"
685336,"A2392","TT4.b1.Nb","Schizachyrium scoparium - Andropogon gerardii - Panicum anceps Mesic Prairie Alliance","Southeast Grasslands revisions by D. Estes, SGI, et al",2024-02-23 08:28:24,"D. Estes et al"
687139,"A2392","TT4.b1.Nb","Schizachyrium scoparium - Andropogon gerardii - Panicum anceps Mesic Prairie Alliance","Southeast Grasslands revisions by D. Estes, SGI, et al",2024-02-23 08:28:28,"D. Estes et al"
687666,"A2392","TT4.b1.Nb","Schizachyrium scoparium - Andropogon gerardii - Panicum anceps Mesic Prairie Alliance","Southeast Grasslands revisions by D. Estes, SGI, et al",2024-02-23 08:28:16,"D. Estes et al"
684497,"A3463","TT2.b3.Nb","Pseudotsuga menziesii Central Rocky Mountain Mesic Mixed Conifer Forest Alliance","MT-ID-WY regional review of USNVC, March 2023",2023-04-12 05:30:44,"Cooper,S., others, D. Faber-Langendoen"
688414,"A3463","TT2.b3.Nb","Pseudotsuga menziesii Central Rocky Mountain Mesic Mixed Conifer Forest Alliance","Washington updates",2022-08-08 11:09:29,"T. Ramm-Granberg & D. Faber-Langendoen"
685686,"A3463","TT2.b3.Nb","Pseudotsuga menziesii Central Rocky Mountain Mesic Mixed Conifer Forest Alliance","Texas USNVC reg'l review follow-up, May 2023",2023-08-14 06:25:59,"J. Singhurst, TX ecologists, D. Faber-Langendoen"
685051,"A3987","TT4.b1.Ne","Pseudoroegneria spicata - Poa secunda Dry Grassland Alliance","MT-ID-WY regional review of USNVC, March 2023",2023-04-12 05:33:17,"Cooper,S., others, D. Faber-Langendoen"
686451,"A3987","TT4.b1.Ne","Pseudoroegneria spicata - Poa secunda Dry Grassland Alliance","Washington updates",2022-08-08 11:10:14,"T. Ramm-Granberg & D. Faber-Langendoen"
688658,"A3987","TT4.b1.Ne","Pseudoroegneria spicata - Poa secunda Dry Grassland Alliance","MT-ID-WY regional review of USNVC, March 2023",2023-04-12 05:33:19,"Cooper,S., others, D. Faber-Langendoen"
947909,"A1528","TT5.a1.Na","Artemisia tripartita ssp. tripartita Shrub Steppe Alliance","MT-ID-WY USNVC reg'l review follow-up, May 2023",2023-08-02 04:03:10,"MT, ID, WY ecologists, D. Faber-Langendoen"
947953,"A1528","TT5.a1.Na","Artemisia tripartita ssp. tripartita Shrub Steppe Alliance","MT-ID-WY USNVC reg'l review follow-up, May 2023",2023-08-02 04:03:26,"MT, ID, WY ecologists, D. Faber-Langendoen"
947935,"A1528","TT5.a1.Na","Artemisia tripartita ssp. tripartita Shrub Steppe Alliance","MT-ID-WY USNVC reg'l review follow-up, May 2023",2023-08-02 04:03:20,"MT, ID, WY ecologists, D. Faber-Langendoen"
947918,"A1528","TT5.a1.Na","Artemisia tripartita ssp. tripartita Shrub Steppe Alliance","MT-ID-WY USNVC reg'l review follow-up, May 2023",2023-08-02 04:03:15,"MT, ID, WY ecologists, D. Faber-Langendoen"
769105,"A1528","TT5.a1.Na","Artemisia tripartita ssp. tripartita Shrub Steppe Alliance","MT-ID-WY USNVC reg'l review follow-up, May 2023",2023-08-02 04:03:27,"MT, ID, WY ecologists, D. Faber-Langendoen"
758071,"A1528","TT5.a1.Na","Artemisia tripartita ssp. tripartita Shrub Steppe Alliance","MT-ID-WY USNVC reg'l review follow-up, May 2023",2023-08-02 04:03:16,"MT, ID, WY ecologists, D. Faber-Langendoen"
947968,"A1528","TT5.a1.Na","Artemisia tripartita ssp. tripartita Shrub Steppe Alliance","MT-ID-WY USNVC reg'l review follow-up, May 2023",2023-08-02 04:03:23,"MT, ID, WY ecologists, D. Faber-Langendoen"
688557,"A1528","TT5.a1.Na","Artemisia tripartita ssp. tripartita Shrub Steppe Alliance","MT-ID-WY USNVC reg'l review follow-up, May 2023",2023-08-02 04:03:13,"MT, ID, WY ecologists, D. Faber-Langendoen"
685957,"A1528","TT5.a1.Na","Artemisia tripartita ssp. tripartita Shrub Steppe Alliance","MT-ID-WY USNVC reg'l review follow-up, May 2023",2023-08-02 04:03:12,"MT, ID, WY ecologists, D. Faber-Langendoen"
757438,"A1528","TT5.a1.Na","Artemisia tripartita ssp. tripartita Shrub Steppe Alliance","MT-ID-WY USNVC reg'l review follow-up, May 2023",2023-08-02 04:03:19,"MT, ID, WY ecologists, D. Faber-Langendoen"
687726,"A1528","TT5.a1.Na","Artemisia tripartita ssp. tripartita Shrub Steppe Alliance","MT-ID-WY USNVC reg'l review follow-up, May 2023",2023-08-02 04:03:28,"MT, ID, WY ecologists, D. Faber-Langendoen"
947962,"A1528","TT5.a1.Na","Artemisia tripartita ssp. tripartita Shrub Steppe Alliance","MT-ID-WY USNVC reg'l review follow-up, May 2023",2023-08-02 04:03:21,"MT, ID, WY ecologists, D. Faber-Langendoen"
947923,"A1528","TT5.a1.Na","Artemisia tripartita ssp. tripartita Shrub Steppe Alliance","MT-ID-WY USNVC reg'l review follow-up, May 2023",2023-08-02 04:03:17,"MT, ID, WY ecologists, D. Faber-Langendoen"
684390,"A1528","TT5.a1.Na","Artemisia tripartita ssp. tripartita Shrub Steppe Alliance","MT-ID-WY USNVC reg'l review follow-up, May 2023",2023-08-02 04:03:24,"MT, ID, WY ecologists, D. Faber-Langendoen"
858054,"M551","MS2.a1.Na","North American Atlantic Coastal Beach & Rocky Shore","IVC clean-up Dec 2023-Jan 2024",2024-02-23 08:35:08,"D. Faber-Langendoen, P. McIntyre, C. Nordman"
889709,"M551","MS2.a1.Na","North American Atlantic Coastal Beach & Rocky Shore","IVC clean-up Dec 2023-Jan 2024",2024-02-23 08:35:07,"D. Faber-Langendoen, P. McIntyre, C. Nordman"
877393,"M551","MS2.a1.Na","North American Atlantic Coastal Beach & Rocky Shore","IVC clean-up Dec 2023-Jan 2024",2024-02-23 08:35:05,"D. Faber-Langendoen, P. McIntyre, C. Nordman"
877394,"M551","MS2.a1.Na","North American Atlantic Coastal Beach & Rocky Shore","IVC clean-up Dec 2023-Jan 2024",2024-02-23 08:35:03,"D. Faber-Langendoen, P. McIntyre, C. Nordman"
931850,"M551","MS2.a1.Na","North American Atlantic Coastal Beach & Rocky Shore","Major QC of US-CAN-MX IVC",2024-03-20 08:30:10,"D. Faber-Langendoen"
931850,"M551","MS2.a1.Na","North American Atlantic Coastal Beach & Rocky Shore","IVC clean-up Dec 2023-Jan 2024",2024-02-23 08:35:06,"D. Faber-Langendoen, P. McIntyre, C. Nordman"
836508,"M553","MS2.a1.Na","North American Atlantic Coastal Dune, Grassland & Rocky Headland","IVC clean-up Dec 2023-Jan 2024",2024-02-23 12:00:00,"D. Faber-Langendoen, P. McIntyre, C. Nordman"
857621,"M553","MS2.a1.Na","North American Atlantic Coastal Dune, Grassland & Rocky Headland","IVC clean-up Dec 2023-Jan 2024",2024-02-23 08:35:11,"D. Faber-Langendoen, P. McIntyre, C. Nordman"
837113,"M553","MS2.a1.Na","North American Atlantic Coastal Dune, Grassland & Rocky Headland","IVC clean-up Dec 2023-Jan 2024",2024-02-23 08:35:09,"D. Faber-Langendoen, P. McIntyre, C. Nordman"
837100,"M553","MS2.a1.Na","North American Atlantic Coastal Dune, Grassland & Rocky Headland","IVC clean-up Dec 2023-Jan 2024",2024-02-23 08:35:12,"D. Faber-Langendoen, P. McIntyre, C. Nordman"
837087,"M553","MS2.a1.Na","North American Atlantic Coastal Dune, Grassland & Rocky Headland","IVC clean-up Dec 2023-Jan 2024",2024-02-23 08:35:15,"D. Faber-Langendoen, P. McIntyre, C. Nordman"
1302654,"G1186","TT4.b1.Nb","Eastern Native Ruderal Grassland & Shrubland","",2025-03-05 02:21:33,"D.Faber-Langendoen"
1302656,"G1186","TT4.b1.Nb","Eastern Native Ruderal Grassland & Shrubland","",2025-03-05 02:21:33,"D.Faber-Langendoen"
899446,"G1186","TT4.b1.Nb","Eastern Native Ruderal Grassland & Shrubland","",2025-03-05 02:21:33,"D.Faber-Langendoen"
950065,"G1183","TT2.b1.Na","North Atlantic Coastal Plain Mesic Forest","IVC clean-up Dec 2023-Jan 2024",2024-02-23 08:34:35,"D. Faber-Langendoen, P. McIntyre, C. Nordman"
899243,"G1183","TT2.b1.Na","North Atlantic Coastal Plain Mesic Forest","IVC clean-up Dec 2023-Jan 2024",2024-02-23 08:34:33,"D. Faber-Langendoen, P. McIntyre, C. Nordman"
841993,"G1183","TT2.b1.Na","North Atlantic Coastal Plain Mesic Forest","IVC clean-up Dec 2023-Jan 2024",2024-02-23 08:34:32,"D. Faber-Langendoen, P. McIntyre, C. Nordman"
1132346,"G1183","TT2.b1.Na","North Atlantic Coastal Plain Mesic Forest","IVC clean-up Dec 2023-Jan 2024",2024-02-23 08:34:34,"D. Faber-Langendoen, P. McIntyre, C. Nordman"
899932,"G1176","TP1.a2.Nb","Central Interior-Great Lakes Flatwoods","IVC clean-up Dec 2023-Jan 2024",2024-02-23 08:34:36,"D. Faber-Langendoen, P. McIntyre, C. Nordman"
1159125,"G1176","TP1.a2.Nb","Central Interior-Great Lakes Flatwoods","IVC clean-up Dec 2023-Jan 2024",2024-02-23 08:34:43,"D. Faber-Langendoen, P. McIntyre, C. Nordman"
1159131,"G1176","TP1.a2.Nb","Central Interior-Great Lakes Flatwoods","IVC clean-up Dec 2023-Jan 2024",2024-02-23 08:34:39,"D. Faber-Langendoen, P. McIntyre, C. Nordman"
1159127,"G1176","TP1.a2.Nb","Central Interior-Great Lakes Flatwoods","IVC clean-up Dec 2023-Jan 2024",2024-02-23 08:34:41,"D. Faber-Langendoen, P. McIntyre, C. Nordman"
1146928,"G1176","TP1.a2.Nb","Central Interior-Great Lakes Flatwoods","IVC clean-up Dec 2023-Jan 2024",2024-02-23 08:34:37,"D. Faber-Langendoen, P. McIntyre, C. Nordman"
842028,"G1176","TP1.a2.Nb","Central Interior-Great Lakes Flatwoods","IVC clean-up Dec 2023-Jan 2024",2024-02-23 08:34:38,"D. Faber-Langendoen, P. McIntyre, C. Nordman"
685093,"A0323","TP1.a2.Na","Taxodium distichum - Taxodium ascendens - Nyssa biflora Blackwater Floodplain Forest Alliance","Southeast, Texarkana USNVC reg'l review, June 2023",2023-06-24 09:02:07,"Southeast + TX ecologists, D. Faber-Langendoen"
687042,"A0323","TP1.a2.Na","Taxodium distichum - Taxodium ascendens - Nyssa biflora Blackwater Floodplain Forest Alliance","Southeast US reg'l review of USNVC, April 2023",2023-05-11 02:47:33,"D. Faber-Langendoen"
1349442,"A2236","TP1.a2.Na","Acer rubrum - Nyssa biflora - Taxodium distichum Tidal Swamp Alliance","USNVC 3.0 pre-release edits",2025-06-23 07:37:11,"D. Faber-Langendoen"
685291,"A1540","TT4.b1.Nf","Yucca glauca - Calamovilfa longifolia Sand Prairie Scrub Alliance","",2025-05-04 04:40:44,"D.Faber-Langendoen"
1309291,"A2408","TT4.b1.Nf","Pascopyrum smithii - Hesperostipa comata Badlands Grassland Alliance","",2025-05-04 04:40:11,"D.Faber-Langendoen"
1309291,"A2444","TT4.b1.Nf","Pascopyrum smithii - Hesperostipa comata Badlands Grassland Alliance","",2025-05-04 04:40:56,"D.Faber-Langendoen"
907656,"A3690","MS2.a1.Na","Quercus virginiana - Ilex vomitoria - Morella cerifera Scrub Alliance","Southeast, Texarkana USNVC reg'l review, June 2023",2023-06-24 09:02:44,"Southeast + TX ecologists, D. Faber-Langendoen"
835969,"M541","","Central Interior Glades & Barrens","KY + TN Southeast USNVC reg'l review follow-up, May 2023",2023-08-25 12:26:20,"C. Elam, KY ecologists, D. Faber-Langendoen"
835984,"M541","","Central Interior Glades & Barrens","KY + TN Southeast USNVC reg'l review follow-up, May 2023",2023-08-25 12:00:00,"C. Elam, KY ecologists, D. Faber-Langendoen"
835984,"M541","","Central Interior Glades & Barrens","Southeast US reg'l review of USNVC, April 2023",2023-05-11 12:00:00,"D. Faber-Langendoen"
689482,"A2319","TT2.a1.Na","Fagus grandifolia - Magnolia grandiflora Southeast Coastal Plain Forest Alliance","Southeast US reg'l review of USNVC, April 2023",2023-05-11 02:46:29,"D. Faber-Langendoen"
687508,"A2319","TT2.a1.Na","Fagus grandifolia - Magnolia grandiflora Southeast Coastal Plain Forest Alliance","Southeast US reg'l review of USNVC, April 2023",2023-05-11 02:46:37,"D. Faber-Langendoen"
689588,"A2319","TT2.a1.Na","Fagus grandifolia - Magnolia grandiflora Southeast Coastal Plain Forest Alliance","Southeast US reg'l review of USNVC, April 2023",2023-05-11 02:46:18,"D. Faber-Langendoen"
687505,"A2319","TT2.a1.Na","Fagus grandifolia - Magnolia grandiflora Southeast Coastal Plain Forest Alliance","Southeast US reg'l review of USNVC, April 2023",2023-05-11 02:46:33,"D. Faber-Langendoen"
689753,"A2319","TT2.a1.Na","Fagus grandifolia - Magnolia grandiflora Southeast Coastal Plain Forest Alliance","Southeast US reg'l review of USNVC, April 2023",2023-05-11 02:46:22,"D. Faber-Langendoen"
688053,"A2319","TT2.a1.Na","Fagus grandifolia - Magnolia grandiflora Southeast Coastal Plain Forest Alliance","Southeast US reg'l review of USNVC, April 2023",2023-05-11 02:46:16,"D. Faber-Langendoen"
689036,"A2319","TT2.a1.Na","Fagus grandifolia - Magnolia grandiflora Southeast Coastal Plain Forest Alliance","Southeast US reg'l review of USNVC, April 2023",2023-05-11 02:46:30,"D. Faber-Langendoen"
688666,"A2319","TT2.a1.Na","Fagus grandifolia - Magnolia grandiflora Southeast Coastal Plain Forest Alliance","Southeast US reg'l review of USNVC, April 2023",2023-05-11 02:46:34,"D. Faber-Langendoen"
688744,"A2319","TT2.a1.Na","Fagus grandifolia - Magnolia grandiflora Southeast Coastal Plain Forest Alliance","Southeast US reg'l review of USNVC, April 2023",2023-05-11 02:46:23,"D. Faber-Langendoen"
689630,"A2319","TT2.a1.Na","Fagus grandifolia - Magnolia grandiflora Southeast Coastal Plain Forest Alliance","Southeast US reg'l review of USNVC, April 2023",2023-05-11 02:46:36,"D. Faber-Langendoen"
688681,"A2319","TT2.a1.Na","Fagus grandifolia - Magnolia grandiflora Southeast Coastal Plain Forest Alliance","Southeast US reg'l review of USNVC, April 2023",2023-05-11 02:46:32,"D. Faber-Langendoen"
688163,"A2319","TT2.a1.Na","Fagus grandifolia - Magnolia grandiflora Southeast Coastal Plain Forest Alliance","Southeast US reg'l review of USNVC, April 2023",2023-05-11 02:46:27,"D. Faber-Langendoen"
688154,"A2319","TT2.a1.Na","Fagus grandifolia - Magnolia grandiflora Southeast Coastal Plain Forest Alliance","Southeast US reg'l review of USNVC, April 2023",2023-05-11 02:46:26,"D. Faber-Langendoen"
689589,"A2319","TT2.a1.Na","Fagus grandifolia - Magnolia grandiflora Southeast Coastal Plain Forest Alliance","Southeast US reg'l review of USNVC, April 2023",2023-05-11 02:46:25,"D. Faber-Langendoen"
684324,"A2319","TT2.a1.Na","Fagus grandifolia - Magnolia grandiflora Southeast Coastal Plain Forest Alliance","Southeast US reg'l review of USNVC, April 2023",2023-05-11 02:46:19,"D. Faber-Langendoen"
683549,"A2319","TT2.a1.Na","Fagus grandifolia - Magnolia grandiflora Southeast Coastal Plain Forest Alliance","Southeast US reg'l review of USNVC, April 2023",2023-05-11 02:46:20,"D. Faber-Langendoen"
1090280,"A2330","TT4.b1.Nb","Eastern Highland Rim Prairie & Barrens Alliance","Southeast US reg'l review of USNVC, April 2023",2023-05-11 02:48:21,"D. Faber-Langendoen"
1090280,"A2330","TT4.b1.Nb","Eastern Highland Rim Prairie & Barrens Alliance","Southeast Grasslands revisions by D. Estes, SGI, et al",2024-02-23 08:27:45,"D. Estes et al"
685749,"A2330","TT4.b1.Nb","Eastern Highland Rim Prairie & Barrens Alliance","Southeast US reg'l review of USNVC, April 2023",2023-05-11 02:48:28,"D. Faber-Langendoen"
685749,"A2330","TT4.b1.Nb","Eastern Highland Rim Prairie & Barrens Alliance","Southeast Grasslands revisions by D. Estes, SGI, et al",2024-02-23 08:27:45,"D. Estes et al"
686517,"A2330","TT4.b1.Nb","Eastern Highland Rim Prairie & Barrens Alliance","Southeast US reg'l review of USNVC, April 2023",2023-05-11 02:48:22,"D. Faber-Langendoen"
686517,"A2330","TT4.b1.Nb","Eastern Highland Rim Prairie & Barrens Alliance","Southeast Grasslands revisions by D. Estes, SGI, et al",2024-02-23 08:27:45,"D. Estes et al"
685697,"A2330","TT4.b1.Nb","Eastern Highland Rim Prairie & Barrens Alliance","Southeast US reg'l review of USNVC, April 2023",2023-05-11 02:48:25,"D. Faber-Langendoen"
688660,"A2330","TT4.b1.Nb","Eastern Highland Rim Prairie & Barrens Alliance","Southeast Grasslands revisions by D. Estes, SGI, et al",2024-02-23 08:27:45,"D. Estes et al"
685029,"A2330","TT4.b1.Nb","Eastern Highland Rim Prairie & Barrens Alliance","Southeast US reg'l review of USNVC, April 2023",2023-05-11 02:48:32,"D. Faber-Langendoen"
685206,"A2330","TT4.b1.Nb","Eastern Highland Rim Prairie & Barrens Alliance","Southeast US reg'l review of USNVC, April 2023",2023-05-11 02:48:24,"D. Faber-Langendoen"
685206,"A2330","TT4.b1.Nb","Eastern Highland Rim Prairie & Barrens Alliance","Southeast Grasslands revisions by D. Estes, SGI, et al",2024-02-23 08:27:45,"D. Estes et al"
684753,"A2330","TT4.b1.Nb","Eastern Highland Rim Prairie & Barrens Alliance","Southeast US reg'l review of USNVC, April 2023",2023-05-11 02:48:29,"D. Faber-Langendoen"
687666,"A2330","TT4.b1.Nb","Eastern Highland Rim Prairie & Barrens Alliance","Southeast Grasslands revisions by D. Estes, SGI, et al",2024-02-23 08:27:45,"D. Estes et al"
687508,"A2320","TT2.a1.Na","Fagus grandifolia - Magnolia grandiflora West Gulf Coastal Plain Forest Alliance","Southeast, Texarkana USNVC reg'l review, June 2023",2023-06-24 09:01:13,"Southeast + TX ecologists, D. Faber-Langendoen"
689007,"A2332","TT4.b1.Nb","Interior Low Plateau-Southern Appalachian Wet-Mesic Prairie Alliance","Southeast US reg'l review of USNVC, April 2023",2023-05-11 02:49:13,"D. Faber-Langendoen"
685697,"A2332","TT4.b1.Nb","Interior Low Plateau-Southern Appalachian Wet-Mesic Prairie Alliance","Southeast Grasslands revisions by D. Estes, SGI, et al",2024-02-23 08:27:51,"D. Estes et al"
687290,"A2332","TT4.b1.Nb","Interior Low Plateau-Southern Appalachian Wet-Mesic Prairie Alliance","Southeast Grasslands revisions by D. Estes, SGI, et al",2024-02-23 08:27:51,"D. Estes et al"
685133,"A2332","TT4.b1.Nb","Interior Low Plateau-Southern Appalachian Wet-Mesic Prairie Alliance","Southeast Grasslands revisions by D. Estes, SGI, et al",2024-02-23 08:27:51,"D. Estes et al"
685336,"A2332","TT4.b1.Nb","Interior Low Plateau-Southern Appalachian Wet-Mesic Prairie Alliance","Southeast Grasslands revisions by D. Estes, SGI, et al",2024-02-23 08:27:51,"D. Estes et al"
687139,"A2332","TT4.b1.Nb","Interior Low Plateau-Southern Appalachian Wet-Mesic Prairie Alliance","Southeast US reg'l review of USNVC, April 2023",2023-05-11 02:49:15,"D. Faber-Langendoen"
687139,"A2332","TT4.b1.Nb","Interior Low Plateau-Southern Appalachian Wet-Mesic Prairie Alliance","Southeast Grasslands revisions by D. Estes, SGI, et al",2024-02-23 08:27:51,"D. Estes et al"
689007,"A2328","TT4.b1.Nb","Lower Mississippi Alluvial Plain Grand Prairie Alliance","Southeast Grasslands revisions by D. Estes, SGI, et al",2024-02-23 08:27:55,"D. Estes et al"
683323,"A2328","TT4.b1.Nb","Lower Mississippi Alluvial Plain Grand Prairie Alliance","Southeast US reg'l review of USNVC, April 2023",2023-05-11 02:48:55,"D. Faber-Langendoen"
683323,"A2328","TT4.b1.Nb","Lower Mississippi Alluvial Plain Grand Prairie Alliance","Southeast Grasslands revisions by D. Estes, SGI, et al",2024-02-23 08:27:55,"D. Estes et al"
688301,"A2328","TT4.b1.Nb","Lower Mississippi Alluvial Plain Grand Prairie Alliance","Southeast US reg'l review of USNVC, April 2023",2023-05-11 02:48:53,"D. Faber-Langendoen"
1281910,"A2328","TT4.b1.Nb","Lower Mississippi Alluvial Plain Grand Prairie Alliance","Southeast Grasslands revisions by D. Estes, SGI, et al",2024-02-23 08:27:55,"D. Estes et al"
687023,"A2328","TT4.b1.Nb","Lower Mississippi Alluvial Plain Grand Prairie Alliance","Southeast US reg'l review of USNVC, April 2023",2023-05-11 02:48:54,"D. Faber-Langendoen"
687023,"A2328","TT4.b1.Nb","Lower Mississippi Alluvial Plain Grand Prairie Alliance","Southeast Grasslands revisions by D. Estes, SGI, et al",2024-02-23 08:27:55,"D. Estes et al"
689263,"A2328","TT4.b1.Nb","Lower Mississippi Alluvial Plain Grand Prairie Alliance","Southeast US reg'l review of USNVC, April 2023",2023-05-11 02:48:57,"D. Faber-Langendoen"
686317,"A2317","TT2.b3.Nd","Populus tremuloides / Dwarf-shrub Rocky Mountain Forest Alliance","MT-ID-WY USNVC reg'l review follow-up, May 2023",2023-08-02 04:01:50,"MT, ID, WY ecologists, D. Faber-Langendoen"
686318,"A2317","TT2.b3.Nd","Populus tremuloides / Dwarf-shrub Rocky Mountain Forest Alliance","MT-ID-WY USNVC reg'l review follow-up, May 2023",2023-08-02 04:01:52,"MT, ID, WY ecologists, D. Faber-Langendoen"
689484,"A2312","TT2.b3.Nd","Populus tremuloides Tall Shrub Rocky Mountain Forest Alliance","MT-ID-WY regional review of USNVC, March 2023",2023-04-12 05:33:02,"Cooper,S., others, D. Faber-Langendoen"
689613,"A2312","TT2.b3.Nd","Populus tremuloides Tall Shrub Rocky Mountain Forest Alliance","MT-ID-WY regional review of USNVC, March 2023",2023-04-12 05:32:53,"Cooper,S., others, D. Faber-Langendoen"
686164,"A2312","TT2.b3.Nd","Populus tremuloides Tall Shrub Rocky Mountain Forest Alliance","MT-ID-WY regional review of USNVC, March 2023",2023-04-12 05:32:50,"Cooper,S., others, D. Faber-Langendoen"
687251,"A2312","TT2.b3.Nd","Populus tremuloides Tall Shrub Rocky Mountain Forest Alliance","MT-ID-WY regional review of USNVC, March 2023",2023-04-12 05:32:16,"Cooper,S., others, D. Faber-Langendoen"
686317,"A2312","TT2.b3.Nd","Populus tremuloides Tall Shrub Rocky Mountain Forest Alliance","MT-ID-WY regional review of USNVC, March 2023",2023-04-12 05:32:01,"Cooper,S., others, D. Faber-Langendoen"
689492,"A2312","TT2.b3.Nd","Populus tremuloides Tall Shrub Rocky Mountain Forest Alliance","MT-ID-WY regional review of USNVC, March 2023",2023-04-12 05:31:48,"Cooper,S., others, D. Faber-Langendoen"
683751,"A2312","TT2.b3.Nd","Populus tremuloides Tall Shrub Rocky Mountain Forest Alliance","MT-ID-WY regional review of USNVC, March 2023",2023-04-12 05:33:01,"Cooper,S., others, D. Faber-Langendoen"
683284,"A2312","TT2.b3.Nd","Populus tremuloides Tall Shrub Rocky Mountain Forest Alliance","MT-ID-WY regional review of USNVC, March 2023",2023-04-12 05:32:46,"Cooper,S., others, D. Faber-Langendoen"
688042,"A2312","TT2.b3.Nd","Populus tremuloides Tall Shrub Rocky Mountain Forest Alliance","MT-ID-WY regional review of USNVC, March 2023",2023-04-12 05:32:12,"Cooper,S., others, D. Faber-Langendoen"
686318,"A2312","TT2.b3.Nd","Populus tremuloides Tall Shrub Rocky Mountain Forest Alliance","MT-ID-WY regional review of USNVC, March 2023",2023-04-12 05:32:02,"Cooper,S., others, D. Faber-Langendoen"
689568,"A2312","TT2.b3.Nd","Populus tremuloides Tall Shrub Rocky Mountain Forest Alliance","MT-ID-WY regional review of USNVC, March 2023",2023-04-12 05:31:58,"Cooper,S., others, D. Faber-Langendoen"
948321,"A2312","TT2.b3.Nd","Populus tremuloides Tall Shrub Rocky Mountain Forest Alliance","MT-ID-WY regional review of USNVC, March 2023",2023-04-12 05:32:29,"Cooper,S., others, D. Faber-Langendoen"
785411,"A2312","TT2.b3.Nd","Populus tremuloides Tall Shrub Rocky Mountain Forest Alliance","MT-ID-WY regional review of USNVC, March 2023",2023-04-12 05:31:45,"Cooper,S., others, D. Faber-Langendoen"
731502,"A2312","TT2.b3.Nd","Populus tremuloides Tall Shrub Rocky Mountain Forest Alliance","MT-ID-WY regional review of USNVC, March 2023",2023-04-12 05:32:59,"Cooper,S., others, D. Faber-Langendoen"
689815,"A2312","TT2.b3.Nd","Populus tremuloides Tall Shrub Rocky Mountain Forest Alliance","MT-ID-WY regional review of USNVC, March 2023",2023-04-12 05:32:08,"Cooper,S., others, D. Faber-Langendoen"
684241,"A2312","TT2.b3.Nd","Populus tremuloides Tall Shrub Rocky Mountain Forest Alliance","MT-ID-WY regional review of USNVC, March 2023",2023-04-12 05:32:49,"Cooper,S., others, D. Faber-Langendoen"
689780,"A2312","TT2.b3.Nd","Populus tremuloides Tall Shrub Rocky Mountain Forest Alliance","MT-ID-WY regional review of USNVC, March 2023",2023-04-12 05:32:23,"Cooper,S., others, D. Faber-Langendoen"
685611,"A2312","TT2.b3.Nd","Populus tremuloides Tall Shrub Rocky Mountain Forest Alliance","MT-ID-WY regional review of USNVC, March 2023",2023-04-12 05:32:20,"Cooper,S., others, D. Faber-Langendoen"
686639,"A2312","TT2.b3.Nd","Populus tremuloides Tall Shrub Rocky Mountain Forest Alliance","MT-ID-WY regional review of USNVC, March 2023",2023-04-12 05:32:15,"Cooper,S., others, D. Faber-Langendoen"
684172,"A2312","TT2.b3.Nd","Populus tremuloides Tall Shrub Rocky Mountain Forest Alliance","MT-ID-WY regional review of USNVC, March 2023",2023-04-12 05:32:10,"Cooper,S., others, D. Faber-Langendoen"
684087,"A2312","TT2.b3.Nd","Populus tremuloides Tall Shrub Rocky Mountain Forest Alliance","MT-ID-WY regional review of USNVC, March 2023",2023-04-12 05:32:07,"Cooper,S., others, D. Faber-Langendoen"
683750,"A2312","TT2.b3.Nd","Populus tremuloides Tall Shrub Rocky Mountain Forest Alliance","MT-ID-WY regional review of USNVC, March 2023",2023-04-12 05:32:58,"Cooper,S., others, D. Faber-Langendoen"
689004,"A2312","TT2.b3.Nd","Populus tremuloides Tall Shrub Rocky Mountain Forest Alliance","MT-ID-WY regional review of USNVC, March 2023",2023-04-12 05:32:57,"Cooper,S., others, D. Faber-Langendoen"
687598,"A2312","TT2.b3.Nd","Populus tremuloides Tall Shrub Rocky Mountain Forest Alliance","MT-ID-WY regional review of USNVC, March 2023",2023-04-12 05:32:54,"Cooper,S., others, D. Faber-Langendoen"
686162,"A2312","TT2.b3.Nd","Populus tremuloides Tall Shrub Rocky Mountain Forest Alliance","MT-ID-WY regional review of USNVC, March 2023",2023-04-12 05:32:42,"Cooper,S., others, D. Faber-Langendoen"
689816,"A2312","TT2.b3.Nd","Populus tremuloides Tall Shrub Rocky Mountain Forest Alliance","MT-ID-WY regional review of USNVC, March 2023",2023-04-12 05:32:39,"Cooper,S., others, D. Faber-Langendoen"
689199,"A2312","TT2.b3.Nd","Populus tremuloides Tall Shrub Rocky Mountain Forest Alliance","MT-ID-WY regional review of USNVC, March 2023",2023-04-12 05:32:26,"Cooper,S., others, D. Faber-Langendoen"
684029,"A2312","TT2.b3.Nd","Populus tremuloides Tall Shrub Rocky Mountain Forest Alliance","MT-ID-WY regional review of USNVC, March 2023",2023-04-12 05:31:59,"Cooper,S., others, D. Faber-Langendoen"
684854,"A2312","TT2.b3.Nd","Populus tremuloides Tall Shrub Rocky Mountain Forest Alliance","MT-ID-WY regional review of USNVC, March 2023",2023-04-12 05:31:55,"Cooper,S., others, D. Faber-Langendoen"
687046,"A2312","TT2.b3.Nd","Populus tremuloides Tall Shrub Rocky Mountain Forest Alliance","MT-ID-WY regional review of USNVC, March 2023",2023-04-12 05:31:50,"Cooper,S., others, D. Faber-Langendoen"
689855,"A2312","TT2.b3.Nd","Populus tremuloides Tall Shrub Rocky Mountain Forest Alliance","MT-ID-WY regional review of USNVC, March 2023",2023-04-12 05:32:48,"Cooper,S., others, D. Faber-Langendoen"
689782,"A2312","TT2.b3.Nd","Populus tremuloides Tall Shrub Rocky Mountain Forest Alliance","MT-ID-WY regional review of USNVC, March 2023",2023-04-12 05:32:38,"Cooper,S., others, D. Faber-Langendoen"
685612,"A2312","TT2.b3.Nd","Populus tremuloides Tall Shrub Rocky Mountain Forest Alliance","MT-ID-WY regional review of USNVC, March 2023",2023-04-12 05:32:35,"Cooper,S., others, D. Faber-Langendoen"
683895,"A2312","TT2.b3.Nd","Populus tremuloides Tall Shrub Rocky Mountain Forest Alliance","MT-ID-WY regional review of USNVC, March 2023",2023-04-12 05:32:25,"Cooper,S., others, D. Faber-Langendoen"
790680,"A2312","TT2.b3.Nd","Populus tremuloides Tall Shrub Rocky Mountain Forest Alliance","MT-ID-WY regional review of USNVC, March 2023",2023-04-12 05:32:13,"Cooper,S., others, D. Faber-Langendoen"
735313,"A2312","TT2.b3.Nd","Populus tremuloides Tall Shrub Rocky Mountain Forest Alliance","MT-ID-WY regional review of USNVC, March 2023",2023-04-12 05:32:27,"Cooper,S., others, D. Faber-Langendoen"
684357,"A2312","TT2.b3.Nd","Populus tremuloides Tall Shrub Rocky Mountain Forest Alliance","MT-ID-WY regional review of USNVC, March 2023",2023-04-12 05:32:36,"Cooper,S., others, D. Faber-Langendoen"
688041,"A2312","TT2.b3.Nd","Populus tremuloides Tall Shrub Rocky Mountain Forest Alliance","MT-ID-WY regional review of USNVC, March 2023",2023-04-12 05:32:33,"Cooper,S., others, D. Faber-Langendoen"
686599,"A2312","TT2.b3.Nd","Populus tremuloides Tall Shrub Rocky Mountain Forest Alliance","MT-ID-WY regional review of USNVC, March 2023",2023-04-12 05:32:30,"Cooper,S., others, D. Faber-Langendoen"
688537,"A2312","TT2.b3.Nd","Populus tremuloides Tall Shrub Rocky Mountain Forest Alliance","MT-ID-WY regional review of USNVC, March 2023",2023-04-12 05:32:17,"Cooper,S., others, D. Faber-Langendoen"
688104,"A2312","TT2.b3.Nd","Populus tremuloides Tall Shrub Rocky Mountain Forest Alliance","MT-ID-WY regional review of USNVC, March 2023",2023-04-12 05:32:05,"Cooper,S., others, D. Faber-Langendoen"
685993,"A2312","TT2.b3.Nd","Populus tremuloides Tall Shrub Rocky Mountain Forest Alliance","MT-ID-WY regional review of USNVC, March 2023",2023-04-12 05:32:04,"Cooper,S., others, D. Faber-Langendoen"
686139,"A2312","TT2.b3.Nd","Populus tremuloides Tall Shrub Rocky Mountain Forest Alliance","MT-ID-WY regional review of USNVC, March 2023",2023-04-12 05:31:56,"Cooper,S., others, D. Faber-Langendoen"
689493,"A2312","TT2.b3.Nd","Populus tremuloides Tall Shrub Rocky Mountain Forest Alliance","MT-ID-WY regional review of USNVC, March 2023",2023-04-12 05:31:51,"Cooper,S., others, D. Faber-Langendoen"
683840,"A2312","TT2.b3.Nd","Populus tremuloides Tall Shrub Rocky Mountain Forest Alliance","MT-ID-WY regional review of USNVC, March 2023",2023-04-12 05:31:47,"Cooper,S., others, D. Faber-Langendoen"
688969,"A2312","TT2.b3.Nd","Populus tremuloides Tall Shrub Rocky Mountain Forest Alliance","MT-ID-WY regional review of USNVC, March 2023",2023-04-12 05:32:51,"Cooper,S., others, D. Faber-Langendoen"
689360,"A2312","TT2.b3.Nd","Populus tremuloides Tall Shrub Rocky Mountain Forest Alliance","MT-ID-WY regional review of USNVC, March 2023",2023-04-12 05:32:44,"Cooper,S., others, D. Faber-Langendoen"
686603,"A2312","TT2.b3.Nd","Populus tremuloides Tall Shrub Rocky Mountain Forest Alliance","MT-ID-WY regional review of USNVC, March 2023",2023-04-12 05:32:40,"Cooper,S., others, D. Faber-Langendoen"
686163,"A2312","TT2.b3.Nd","Populus tremuloides Tall Shrub Rocky Mountain Forest Alliance","MT-ID-WY regional review of USNVC, March 2023",2023-04-12 05:32:32,"Cooper,S., others, D. Faber-Langendoen"
689306,"A2312","TT2.b3.Nd","Populus tremuloides Tall Shrub Rocky Mountain Forest Alliance","MT-ID-WY regional review of USNVC, March 2023",2023-04-12 05:31:43,"Cooper,S., others, D. Faber-Langendoen"
686354,"A2312","TT2.b3.Nd","Populus tremuloides Tall Shrub Rocky Mountain Forest Alliance","MT-ID-WY regional review of USNVC, March 2023",2023-04-12 05:32:55,"Cooper,S., others, D. Faber-Langendoen"
684356,"A2312","TT2.b3.Nd","Populus tremuloides Tall Shrub Rocky Mountain Forest Alliance","MT-ID-WY regional review of USNVC, March 2023",2023-04-12 05:32:22,"Cooper,S., others, D. Faber-Langendoen"
689510,"A2312","TT2.b3.Nd","Populus tremuloides Tall Shrub Rocky Mountain Forest Alliance","MT-ID-WY regional review of USNVC, March 2023",2023-04-12 05:32:19,"Cooper,S., others, D. Faber-Langendoen"
687509,"A2312","TT2.b3.Nd","Populus tremuloides Tall Shrub Rocky Mountain Forest Alliance","MT-ID-WY regional review of USNVC, March 2023",2023-04-12 05:31:54,"Cooper,S., others, D. Faber-Langendoen"
689066,"A2312","TT2.b3.Nd","Populus tremuloides Tall Shrub Rocky Mountain Forest Alliance","MT-ID-WY regional review of USNVC, March 2023",2023-04-12 05:31:52,"Cooper,S., others, D. Faber-Langendoen"
685181,"A2312","TT2.b3.Nd","Populus tremuloides Tall Shrub Rocky Mountain Forest Alliance","MT-ID-WY regional review of USNVC, March 2023",2023-04-12 05:31:44,"Cooper,S., others, D. Faber-Langendoen"
687636,"A2312","TT2.b3.Nd","Populus tremuloides Tall Shrub Rocky Mountain Forest Alliance","MT-ID-WY regional review of USNVC, March 2023",2023-04-12 05:31:41,"Cooper,S., others, D. Faber-Langendoen"
688216,"A3757","TP1.a2.Nd","Abies lasiocarpa - Picea engelmannii Wetland Forest Alliance","Washington NCCN Wetlands",2021-12-26 11:11:45,"Tynan Ramm-Granberg"
684581,"A3757","TP1.a2.Nd","Abies lasiocarpa - Picea engelmannii Wetland Forest Alliance","Washington NCCN Wetlands",2021-12-26 11:06:46,"Tynan Ramm-Granberg"
857893,"A3757","TP1.a2.Nd","Abies lasiocarpa - Picea engelmannii Wetland Forest Alliance","Washington NCCN Wetlands",2021-12-26 11:12:03,"Tynan Ramm-Granberg"
683743,"A3757","TP1.a2.Nd","Abies lasiocarpa - Picea engelmannii Wetland Forest Alliance","Washington NCCN Wetlands",2021-12-26 11:12:12,"Tynan Ramm-Granberg"
688230,"A3757","TP1.a2.Nd","Abies lasiocarpa - Picea engelmannii Wetland Forest Alliance","Washington NCCN Wetlands",2021-12-26 11:12:08,"Tynan Ramm-Granberg"
683818,"A3757","TP1.a2.Nd","Abies lasiocarpa - Picea engelmannii Wetland Forest Alliance","Washington NCCN Wetlands",2021-12-26 11:11:53,"Tynan Ramm-Granberg"
731892,"A3757","TP1.a2.Nd","Abies lasiocarpa - Picea engelmannii Wetland Forest Alliance","Washington NCCN Wetlands",2021-12-26 11:12:17,"Tynan Ramm-Granberg"
689343,"A3757","TP1.a2.Nd","Abies lasiocarpa - Picea engelmannii Wetland Forest Alliance","Washington NCCN Wetlands",2021-12-26 11:11:49,"Tynan Ramm-Granberg"
686502,"A3757","TP1.a2.Nd","Abies lasiocarpa - Picea engelmannii Wetland Forest Alliance","Washington NCCN Wetlands",2021-12-26 11:11:40,"Tynan Ramm-Granberg"
685568,"A3757","TP1.a2.Nd","Abies lasiocarpa - Picea engelmannii Wetland Forest Alliance","Washington NCCN Wetlands",2021-12-26 11:11:58,"Tynan Ramm-Granberg"
687106,"A3757","TP1.a2.Nd","Abies lasiocarpa - Picea engelmannii Wetland Forest Alliance","Washington NCCN Wetlands",2021-12-26 11:11:34,"Tynan Ramm-Granberg"
689398,"A3757","TP1.a2.Nd","Abies lasiocarpa - Picea engelmannii Wetland Forest Alliance","Washington NCCN Wetlands",2021-12-26 11:12:20,"Tynan Ramm-Granberg"
683308,"A4425","TP1.b1.Ne","Carex utriculata - Calamagrostis canadensis Wet Meadow & Marsh Alliance","Washington NCCN Wetlands",2021-12-26 11:13:53,"Tynan Ramm-Granberg"
885981,"A4425","TP1.b1.Ne","Carex utriculata - Calamagrostis canadensis Wet Meadow & Marsh Alliance","Washington NCCN Wetlands",2021-12-26 11:13:55,"Tynan Ramm-Granberg"
686176,"A4425","TP1.b1.Ne","Carex utriculata - Calamagrostis canadensis Wet Meadow & Marsh Alliance","Washington NCCN Wetlands",2021-12-26 11:14:30,"Tynan Ramm-Granberg"
770566,"A4425","TP1.b1.Ne","Carex utriculata - Calamagrostis canadensis Wet Meadow & Marsh Alliance","Washington NCCN Wetlands",2021-12-26 11:13:57,"Tynan Ramm-Granberg"
758104,"A4425","TP1.b1.Ne","Carex utriculata - Calamagrostis canadensis Wet Meadow & Marsh Alliance","Washington NCCN Wetlands",2021-12-26 11:13:56,"Tynan Ramm-Granberg"
688116,"A4425","TP1.b1.Ne","Carex utriculata - Calamagrostis canadensis Wet Meadow & Marsh Alliance","Washington NCCN Wetlands",2021-12-26 11:14:15,"Tynan Ramm-Granberg"
683848,"A4425","TP1.b1.Ne","Carex utriculata - Calamagrostis canadensis Wet Meadow & Marsh Alliance","Washington NCCN Wetlands",2021-12-26 11:13:51,"Tynan Ramm-Granberg"
689886,"A4425","TP1.b1.Ne","Carex utriculata - Calamagrostis canadensis Wet Meadow & Marsh Alliance","Washington NCCN Wetlands",2021-12-26 11:13:54,"Tynan Ramm-Granberg"
683356,"A4425","TP1.b1.Ne","Carex utriculata - Calamagrostis canadensis Wet Meadow & Marsh Alliance","Washington NCCN Wetlands",2021-12-26 11:14:29,"Tynan Ramm-Granberg"
687882,"A4425","TP1.b1.Ne","Carex utriculata - Calamagrostis canadensis Wet Meadow & Marsh Alliance","Washington NCCN Wetlands",2021-12-26 11:13:49,"Tynan Ramm-Granberg"
687882,"A4425","TP1.b1.Ne","Carex utriculata - Calamagrostis canadensis Wet Meadow & Marsh Alliance","MT-ID-WY USNVC reg'l review follow-up, May 2023",2023-08-02 04:02:18,"MT, ID, WY ecologists, D. Faber-Langendoen"
732623,"A4425","TP1.b1.Ne","Carex utriculata - Calamagrostis canadensis Wet Meadow & Marsh Alliance","Washington NCCN Wetlands",2021-12-26 11:13:56,"Tynan Ramm-Granberg"
689105,"A4425","TP1.b1.Ne","Carex utriculata - Calamagrostis canadensis Wet Meadow & Marsh Alliance","Washington NCCN Wetlands",2021-12-26 11:14:18,"Tynan Ramm-Granberg"
688554,"A4425","TP1.b1.Ne","Carex utriculata - Calamagrostis canadensis Wet Meadow & Marsh Alliance","Washington NCCN Wetlands",2021-12-26 11:13:51,"Tynan Ramm-Granberg"
684107,"A4425","TP1.b1.Ne","Carex utriculata - Calamagrostis canadensis Wet Meadow & Marsh Alliance","WA NCCN Uplands & Wetlands",2022-02-07 08:53:01,"T. Ramm-Granberg"
683940,"A4425","TP1.b1.Ne","Carex utriculata - Calamagrostis canadensis Wet Meadow & Marsh Alliance","",2024-06-21 04:44:50,"D.Faber-Langendoen"
686583,"A4425","TP1.b1.Ne","Carex utriculata - Calamagrostis canadensis Wet Meadow & Marsh Alliance","Washington NCCN Wetlands",2021-12-26 11:13:50,"Tynan Ramm-Granberg"
686583,"A4425","TP1.b1.Ne","Carex utriculata - Calamagrostis canadensis Wet Meadow & Marsh Alliance","MT-ID-WY USNVC reg'l review follow-up, May 2023",2023-08-02 04:02:16,"MT, ID, WY ecologists, D. Faber-Langendoen"
686616,"A4425","TP1.b1.Ne","Carex utriculata - Calamagrostis canadensis Wet Meadow & Marsh Alliance","Washington NCCN Wetlands",2021-12-26 11:13:58,"Tynan Ramm-Granberg"
689766,"A4425","TP1.b1.Ne","Carex utriculata - Calamagrostis canadensis Wet Meadow & Marsh Alliance","Washington NCCN Wetlands",2021-12-26 11:14:28,"Tynan Ramm-Granberg"
799473,"A4425","TP1.b1.Ne","Carex utriculata - Calamagrostis canadensis Wet Meadow & Marsh Alliance","Washington NCCN Wetlands",2021-12-26 11:14:27,"Tynan Ramm-Granberg"
799473,"A4425","TP1.b1.Ne","Carex utriculata - Calamagrostis canadensis Wet Meadow & Marsh Alliance","Marin & San Mateo Counties CNPS USNVC review",2023-04-05 05:38:29,"Evens, J., Boul, R., McIntyre, P."
689176,"A4425","TP1.b1.Ne","Carex utriculata - Calamagrostis canadensis Wet Meadow & Marsh Alliance","Washington NCCN Wetlands",2021-12-26 11:14:54,"Tynan Ramm-Granberg"
688769,"A4425","TP1.b1.Ne","Carex utriculata - Calamagrostis canadensis Wet Meadow & Marsh Alliance","Washington NCCN Wetlands",2021-12-26 11:14:25,"Tynan Ramm-Granberg"
687485,"A4425","TP1.b1.Ne","Carex utriculata - Calamagrostis canadensis Wet Meadow & Marsh Alliance","Washington NCCN Wetlands",2021-12-26 11:14:52,"Tynan Ramm-Granberg"
684685,"A4425","TP1.b1.Ne","Carex utriculata - Calamagrostis canadensis Wet Meadow & Marsh Alliance","Washington NCCN Wetlands",2021-12-26 11:14:31,"Tynan Ramm-Granberg"
1110179,"A4425","TP1.b1.Ne","Carex utriculata - Calamagrostis canadensis Wet Meadow & Marsh Alliance","WA, ID, OR regional review",2022-08-30 06:10:50,"T. Ramm-Granberg and colleagues"
687484,"A4425","TP1.b1.Ne","Carex utriculata - Calamagrostis canadensis Wet Meadow & Marsh Alliance","Washington NCCN Wetlands",2021-12-26 11:14:52,"Tynan Ramm-Granberg"
684741,"A4425","TP1.b1.Ne","Carex utriculata - Calamagrostis canadensis Wet Meadow & Marsh Alliance","Washington NCCN Wetlands",2021-12-26 11:14:31,"Tynan Ramm-Granberg"
684205,"A4425","TP1.b1.Ne","Carex utriculata - Calamagrostis canadensis Wet Meadow & Marsh Alliance","Washington NCCN Wetlands",2021-12-26 11:14:26,"Tynan Ramm-Granberg"
687736,"A3773","TP1.b1.Ne","Cornus sericea - Ribes spp. Wet Shrubland Alliance","Washington NCCN Wetlands",2021-12-26 11:15:25,"Tynan Ramm-Granberg"
686912,"A3773","TP1.b1.Ne","Cornus sericea - Ribes spp. Wet Shrubland Alliance","Washington NCCN Wetlands",2021-12-26 11:15:21,"Tynan Ramm-Granberg"
686744,"A3773","TP1.b1.Ne","Cornus sericea - Ribes spp. Wet Shrubland Alliance","Washington NCCN Wetlands",2021-12-26 11:15:22,"Tynan Ramm-Granberg"
686260,"A3773","TP1.b1.Ne","Cornus sericea - Ribes spp. Wet Shrubland Alliance","Washington NCCN Wetlands",2021-12-26 11:15:22,"Tynan Ramm-Granberg"
686370,"A3773","TP1.b1.Ne","Cornus sericea - Ribes spp. Wet Shrubland Alliance","Washington NCCN Wetlands",2021-12-26 11:15:23,"Tynan Ramm-Granberg"
689345,"A3773","TP1.b1.Ne","Cornus sericea - Ribes spp. Wet Shrubland Alliance","Washington NCCN Wetlands",2021-12-26 11:15:24,"Tynan Ramm-Granberg"
683666,"A3773","TP1.b1.Ne","Cornus sericea - Ribes spp. Wet Shrubland Alliance","Washington NCCN Wetlands",2021-12-26 11:15:26,"Tynan Ramm-Granberg"
689806,"A4420","TP1.b1.Ne","Salix drummondiana - Salix geyeriana - Alnus incana Shrub Swamp Alliance","MT-ID-WY USNVC reg'l review follow-up, May 2023",2023-08-02 04:02:23,"MT, ID, WY ecologists, D. Faber-Langendoen"
683849,"A4420","TP1.b1.Ne","Salix drummondiana - Salix geyeriana - Alnus incana Shrub Swamp Alliance","MT-ID-WY USNVC reg'l review follow-up, May 2023",2023-08-02 04:02:30,"MT, ID, WY ecologists, D. Faber-Langendoen"
684659,"A4420","TP1.b1.Ne","Salix drummondiana - Salix geyeriana - Alnus incana Shrub Swamp Alliance","MT-ID-WY USNVC reg'l review follow-up, May 2023",2023-08-02 04:02:34,"MT, ID, WY ecologists, D. Faber-Langendoen"
685055,"A4420","TP1.b1.Ne","Salix drummondiana - Salix geyeriana - Alnus incana Shrub Swamp Alliance","MT-ID-WY USNVC reg'l review follow-up, May 2023",2023-08-02 04:02:25,"MT, ID, WY ecologists, D. Faber-Langendoen"
685777,"A4420","TP1.b1.Ne","Salix drummondiana - Salix geyeriana - Alnus incana Shrub Swamp Alliance","MT-ID-WY USNVC reg'l review follow-up, May 2023",2023-08-02 04:02:33,"MT, ID, WY ecologists, D. Faber-Langendoen"
686776,"A4420","TP1.b1.Ne","Salix drummondiana - Salix geyeriana - Alnus incana Shrub Swamp Alliance","MT-ID-WY USNVC reg'l review follow-up, May 2023",2023-08-02 04:02:27,"MT, ID, WY ecologists, D. Faber-Langendoen"
685716,"A4420","TP1.b1.Ne","Salix drummondiana - Salix geyeriana - Alnus incana Shrub Swamp Alliance","MT-ID-WY USNVC reg'l review follow-up, May 2023",2023-08-02 04:02:32,"MT, ID, WY ecologists, D. Faber-Langendoen"
688946,"A3492","TP1.b1.Nc","Panicum virgatum - Pascopyrum smithii Wet Prairie Alliance","",2025-05-04 04:41:09,"D.Faber-Langendoen"
689356,"A3492","TP1.b1.Nc","Panicum virgatum - Pascopyrum smithii Wet Prairie Alliance","USNVC 3.0 pre-release edits",2025-06-23 07:37:08,"D. Faber-Langendoen"
689311,"A2352","TT2.b3.Nb","Pinus ponderosa - Juniperus scopulorum Northwest Plains Open Woodland Alliance","MT-ID-WY USNVC reg'l review follow-up, May 2023",2023-08-02 04:01:47,"MT, ID, WY ecologists, D. Faber-Langendoen"
687407,"A2354","TP1.b1.Nc","Schoenoplectus americanus - Typha latifolia - Typha domingensis Marsh Alliance","MT-ID-WY USNVC reg'l review follow-up, May 2023",2023-08-02 04:02:51,"MT, ID, WY ecologists, D. Faber-Langendoen"
684937,"A2354","TP1.b1.Nc","Schoenoplectus americanus - Typha latifolia - Typha domingensis Marsh Alliance","MT-ID-WY USNVC reg'l review follow-up, May 2023",2023-08-02 04:03:01,"MT, ID, WY ecologists, D. Faber-Langendoen"
687312,"A2354","TP1.b1.Nc","Schoenoplectus americanus - Typha latifolia - Typha domingensis Marsh Alliance","MT-ID-WY USNVC reg'l review follow-up, May 2023",2023-08-02 04:02:52,"MT, ID, WY ecologists, D. Faber-Langendoen"
684190,"A2354","TP1.b1.Nc","Schoenoplectus americanus - Typha latifolia - Typha domingensis Marsh Alliance","MT-ID-WY USNVC reg'l review follow-up, May 2023",2023-08-02 04:02:56,"MT, ID, WY ecologists, D. Faber-Langendoen"
686547,"A2354","TP1.b1.Nc","Schoenoplectus americanus - Typha latifolia - Typha domingensis Marsh Alliance","MT-ID-WY USNVC reg'l review follow-up, May 2023",2023-08-02 04:02:59,"MT, ID, WY ecologists, D. Faber-Langendoen"
688014,"A2354","TP1.b1.Nc","Schoenoplectus americanus - Typha latifolia - Typha domingensis Marsh Alliance","MT-ID-WY USNVC reg'l review follow-up, May 2023",2023-08-02 04:02:54,"MT, ID, WY ecologists, D. Faber-Langendoen"
688782,"A2354","TP1.b1.Nc","Schoenoplectus americanus - Typha latifolia - Typha domingensis Marsh Alliance","MT-ID-WY USNVC reg'l review follow-up, May 2023",2023-08-02 04:02:58,"MT, ID, WY ecologists, D. Faber-Langendoen"
683701,"A2354","TP1.b1.Nc","Schoenoplectus americanus - Typha latifolia - Typha domingensis Marsh Alliance","MT-ID-WY USNVC reg'l review follow-up, May 2023",2023-08-02 04:02:49,"MT, ID, WY ecologists, D. Faber-Langendoen"
683180,"A2354","TP1.b1.Nc","Schoenoplectus americanus - Typha latifolia - Typha domingensis Marsh Alliance","MT-ID-WY USNVC reg'l review follow-up, May 2023",2023-08-02 04:02:55,"MT, ID, WY ecologists, D. Faber-Langendoen"
687047,"A2354","TP1.b1.Nc","Schoenoplectus americanus - Typha latifolia - Typha domingensis Marsh Alliance","MT-ID-WY USNVC reg'l review follow-up, May 2023",2023-08-02 04:03:02,"MT, ID, WY ecologists, D. Faber-Langendoen"
802992,"A2350","TP1.b1.Ne","Artemisia cana Lowland Wet Shrubland Alliance","MT-ID-WY USNVC reg'l review follow-up, May 2023",2023-08-02 04:02:07,"MT, ID, WY ecologists, D. Faber-Langendoen"
689614,"A2350","TP1.b1.Ne","Artemisia cana Lowland Wet Shrubland Alliance","MT-ID-WY USNVC reg'l review follow-up, May 2023",2023-08-02 04:02:09,"MT, ID, WY ecologists, D. Faber-Langendoen"
686511,"A2350","TP1.b1.Ne","Artemisia cana Lowland Wet Shrubland Alliance","MT-ID-WY USNVC reg'l review follow-up, May 2023",2023-08-02 04:02:05,"MT, ID, WY ecologists, D. Faber-Langendoen"
685158,"A2350","TP1.b1.Ne","Artemisia cana Lowland Wet Shrubland Alliance","MT-ID-WY USNVC reg'l review follow-up, May 2023",2023-08-02 04:02:15,"MT, ID, WY ecologists, D. Faber-Langendoen"
684844,"A2350","TP1.b1.Ne","Artemisia cana Lowland Wet Shrubland Alliance","MT-ID-WY USNVC reg'l review follow-up, May 2023",2023-08-02 04:02:11,"MT, ID, WY ecologists, D. Faber-Langendoen"
683720,"A2350","TP1.b1.Ne","Artemisia cana Lowland Wet Shrubland Alliance","MT-ID-WY USNVC reg'l review follow-up, May 2023",2023-08-02 04:02:12,"MT, ID, WY ecologists, D. Faber-Langendoen"
689719,"A2350","TP1.b1.Ne","Artemisia cana Lowland Wet Shrubland Alliance","MT-ID-WY USNVC reg'l review follow-up, May 2023",2023-08-02 04:02:08,"MT, ID, WY ecologists, D. Faber-Langendoen"
687113,"A2350","TP1.b1.Ne","Artemisia cana Lowland Wet Shrubland Alliance","MT-ID-WY USNVC reg'l review follow-up, May 2023",2023-08-02 04:02:14,"MT, ID, WY ecologists, D. Faber-Langendoen"
689470,"A2350","TP1.b1.Ne","Artemisia cana Lowland Wet Shrubland Alliance","MT-ID-WY USNVC reg'l review follow-up, May 2023",2023-08-02 04:02:04,"MT, ID, WY ecologists, D. Faber-Langendoen"
1298978,"S54","","Warm Temperate Forest & Woodland","Moved to new subbiome TT2.b Cool Temperate Forest & Woodland (GET_revisions2).",2024-12-06 12:00:00,"D. Faber-Langendoen"
1298977,"S54","","Warm Temperate Forest & Woodland","Moved to new subbiome TT2.b Cool Temperate Forest & Woodland (GET_revisions2).",2024-12-06 12:00:00,"D. Faber-Langendoen"
1298982,"S54","","Warm Temperate Forest & Woodland","Moved to new subbiome TT2.b Cool Temperate Forest & Woodland (GET_revisions2).",2024-12-06 12:00:00,"D. Faber-Langendoen"
899004,"G990","TT2.b1.Na","Midwest Oak - Hickory Forest","Central Midwest USNVC reg'l review follow-up, Aug 2023",2023-08-25 01:07:59,"D. Faber-Langendoen"
1242959,"G990","TT2.b1.Na","Midwest Oak - Hickory Forest","Central Midwest USNVC reg'l review follow-up, Aug 2023",2023-08-25 01:07:58,"D. Faber-Langendoen"
899448,"G990","TT2.b1.Na","Midwest Oak - Hickory Forest","Central Midwest USNVC reg'l review follow-up, Aug 2023",2023-08-25 01:07:55,"D. Faber-Langendoen"
1242963,"G990","TT2.b1.Na","Midwest Oak - Hickory Forest","Central Midwest USNVC reg'l review follow-up, Aug 2023",2023-08-25 12:00:00,"D. Faber-Langendoen"
1242961,"G990","TT2.b1.Na","Midwest Oak - Hickory Forest","Central Midwest USNVC reg'l review follow-up, Aug 2023",2023-08-25 12:00:00,"D. Faber-Langendoen"
1298987,"S58","","Temperate Grassland & Shrubland","Moved to new subbiome TT4.a Mediterranean-Dry Grassland & Shrubland (GET_revisions2).",2024-12-06 12:00:00,"D. Faber-Langendoen"
688985,"A2095","TT2.a1.Na","Fagus grandifolia - Quercus alba - Ilex opaca West Gulf Coastal Plain Forest Alliance","NVC163 Central Midwest regional review",2022-04-14 02:41:59,"D. Faber-Langendoen, M. Leahy, et al"
689165,"A2095","TT2.a1.Na","Fagus grandifolia - Quercus alba - Ilex opaca West Gulf Coastal Plain Forest Alliance","Florida USNVC preliminary review",2023-03-30 01:47:32,"Nordman, C., D. Faber-Langendoen"
683102,"A2095","TT2.a1.Na","Fagus grandifolia - Quercus alba - Ilex opaca West Gulf Coastal Plain Forest Alliance","NVC163 Central Midwest regional review",2022-04-13 12:00:00,"D. Faber-Langendoen, M. Leahy, et al"
688444,"A2095","TT2.a1.Na","Fagus grandifolia - Quercus alba - Ilex opaca West Gulf Coastal Plain Forest Alliance","NVC163 Central Midwest regional review",2022-04-14 12:00:00,"D. Faber-Langendoen, M. Leahy, et al"
688279,"A2095","TT2.a1.Na","Fagus grandifolia - Quercus alba - Ilex opaca West Gulf Coastal Plain Forest Alliance","NVC163 Central Midwest regional review",2022-04-14 02:41:54,"D. Faber-Langendoen, M. Leahy, et al"
687981,"A2095","TT2.a1.Na","Fagus grandifolia - Quercus alba - Ilex opaca West Gulf Coastal Plain Forest Alliance","NVC163 Central Midwest regional review",2022-04-14 02:42:00,"D. Faber-Langendoen, M. Leahy, et al"
684856,"A2095","TT2.a1.Na","Fagus grandifolia - Quercus alba - Ilex opaca West Gulf Coastal Plain Forest Alliance","NVC163 Central Midwest regional review",2022-04-14 02:42:07,"D. Faber-Langendoen, M. Leahy, et al"
685944,"A2095","TT2.a1.Na","Fagus grandifolia - Quercus alba - Ilex opaca West Gulf Coastal Plain Forest Alliance","NVC163 Central Midwest regional review",2022-04-14 02:41:56,"D. Faber-Langendoen, M. Leahy, et al"
683682,"A2095","TT2.a1.Na","Fagus grandifolia - Quercus alba - Ilex opaca West Gulf Coastal Plain Forest Alliance","NVC163 Central Midwest regional review",2022-04-14 02:42:04,"D. Faber-Langendoen, M. Leahy, et al"
684280,"A2095","TT2.a1.Na","Fagus grandifolia - Quercus alba - Ilex opaca West Gulf Coastal Plain Forest Alliance","NVC163 Central Midwest regional review",2022-04-14 02:42:02,"D. Faber-Langendoen, M. Leahy, et al"
688065,"A2093","TT2.a1.Na","Quercus alba - Carya tomentosa - Nyssa sylvatica Mesic West Gulf Coastal Plain Forest Alliance","NVC163 Central Midwest regional review",2022-04-14 02:43:51,"D. Faber-Langendoen, M. Leahy, et al"
685263,"A2093","TT2.a1.Na","Quercus alba - Carya tomentosa - Nyssa sylvatica Mesic West Gulf Coastal Plain Forest Alliance","NVC163 Central Midwest regional review",2022-04-14 02:43:53,"D. Faber-Langendoen, M. Leahy, et al"
685135,"A2093","TT2.a1.Na","Quercus alba - Carya tomentosa - Nyssa sylvatica Mesic West Gulf Coastal Plain Forest Alliance","Southeast, Texarkana USNVC reg'l review, June 2023",2023-06-24 09:01:19,"Southeast + TX ecologists, D. Faber-Langendoen"
684546,"A2093","TT2.a1.Na","Quercus alba - Carya tomentosa - Nyssa sylvatica Mesic West Gulf Coastal Plain Forest Alliance","NVC163 Central Midwest regional review",2022-04-14 02:44:01,"D. Faber-Langendoen, M. Leahy, et al"
684546,"A2093","TT2.a1.Na","Quercus alba - Carya tomentosa - Nyssa sylvatica Mesic West Gulf Coastal Plain Forest Alliance","NVC163 Central Midwest regional review",2022-04-14 02:43:50,"D. Faber-Langendoen, M. Leahy, et al"
686741,"A2093","TT2.a1.Na","Quercus alba - Carya tomentosa - Nyssa sylvatica Mesic West Gulf Coastal Plain Forest Alliance","NVC163 Central Midwest regional review",2022-04-14 02:43:54,"D. Faber-Langendoen, M. Leahy, et al"
686741,"A2093","TT2.a1.Na","Quercus alba - Carya tomentosa - Nyssa sylvatica Mesic West Gulf Coastal Plain Forest Alliance","Southeast, Texarkana USNVC reg'l review, June 2023",2023-06-24 09:01:20,"Southeast + TX ecologists, D. Faber-Langendoen"
859615,"A2093","TT2.a1.Na","Quercus alba - Carya tomentosa - Nyssa sylvatica Mesic West Gulf Coastal Plain Forest Alliance","NVC163 Central Midwest regional review",2022-04-14 02:43:57,"D. Faber-Langendoen, M. Leahy, et al"
859615,"A2093","TT2.a1.Na","Quercus alba - Carya tomentosa - Nyssa sylvatica Mesic West Gulf Coastal Plain Forest Alliance","NVC163 Central Midwest regional review",2022-04-14 02:43:55,"D. Faber-Langendoen, M. Leahy, et al"
685035,"A0138","TT2.b1.Na","Picea rubens - Betula alleghaniensis Forest Alliance","Southeast, Texarkana USNVC reg'l review, June 2023",2023-06-24 09:01:25,"Southeast + TX ecologists, D. Faber-Langendoen"
683985,"A0138","TT2.b1.Na","Picea rubens - Betula alleghaniensis Forest Alliance","Southeast, Texarkana USNVC reg'l review, June 2023",2023-06-24 09:01:28,"Southeast + TX ecologists, D. Faber-Langendoen"
687776,"A0138","TT2.b1.Na","Picea rubens - Betula alleghaniensis Forest Alliance","Southeast, Texarkana USNVC reg'l review, June 2023",2023-06-24 09:01:26,"Southeast + TX ecologists, D. Faber-Langendoen"
820688,"A2322","TP1.a2.Na","Taxodium distichum - Nyssa aquatica Floodplain Forest Alliance","Southeast, Texarkana USNVC reg'l review, June 2023",2023-06-24 09:02:04,"Southeast + TX ecologists, D. Faber-Langendoen"
684031,"A2322","TP1.a2.Na","Taxodium distichum - Nyssa aquatica Floodplain Forest Alliance","Southeast, Texarkana USNVC reg'l review, June 2023",2023-06-24 09:02:06,"Southeast + TX ecologists, D. Faber-Langendoen"
687042,"A2322","TP1.a2.Na","Taxodium distichum - Nyssa aquatica Floodplain Forest Alliance","Southeast, Texarkana USNVC reg'l review, June 2023",2023-06-24 09:01:59,"Southeast + TX ecologists, D. Faber-Langendoen"
684209,"A1621","TT4.b1.Nb","Saxifraga michauxii - Carex misera - Schizachyrium scoparium Rocky Summit Alliance","USNVC NC revisions",2023-10-18 06:20:05,"M. Schafale, D. Faber-Langendoen"
686904,"A1621","TT4.b1.Nb","Saxifraga michauxii - Carex misera - Schizachyrium scoparium Rocky Summit Alliance","Appalachians, Piedmont review, part 2",2020-12-09 12:41:40,"D. Faber-Langendoen"
686785,"A3384","TP1.b1.Nc","Sanguisorba canadensis - Parnassia grandifolia Mafic Seep Alliance","Southeast, Texarkana USNVC reg'l review, June 2023",2023-06-24 09:02:57,"Southeast + TX ecologists, D. Faber-Langendoen"
688091,"A3384","TP1.b1.Nc","Sanguisorba canadensis - Parnassia grandifolia Mafic Seep Alliance","Southeast, Texarkana USNVC reg'l review, June 2023",2023-06-24 09:02:56,"Southeast + TX ecologists, D. Faber-Langendoen"
885459,"A3384","TP1.b1.Nc","Sanguisorba canadensis - Parnassia grandifolia Mafic Seep Alliance","Southeast, Texarkana USNVC reg'l review, June 2023",2023-06-24 09:02:55,"Southeast + TX ecologists, D. Faber-Langendoen"
885459,"A3384","TP1.b1.Nc","Sanguisorba canadensis - Parnassia grandifolia Mafic Seep Alliance","Appalachians, Piedmont review, part 2",2020-12-09 12:41:46,"D. Faber-Langendoen"
907662,"A1372","TP1.b1.Na","Schoenoplectus pungens - Fimbristylis castanea Coastal Marsh Alliance","Southeast, Texarkana USNVC reg'l review, June 2023",2023-06-24 09:03:03,"Southeast + TX ecologists, D. Faber-Langendoen"
685261,"A1372","TP1.b1.Na","Schoenoplectus pungens - Fimbristylis castanea Coastal Marsh Alliance","Southeast, Texarkana USNVC reg'l review, June 2023",2023-06-24 09:03:08,"Southeast + TX ecologists, D. Faber-Langendoen"
688217,"A1372","TP1.b1.Na","Schoenoplectus pungens - Fimbristylis castanea Coastal Marsh Alliance","USNVC VA clean-up",2023-12-22 03:05:16,"K. Pattersons, D. Faber-Langendoen"
688374,"A1372","TP1.b1.Na","Schoenoplectus pungens - Fimbristylis castanea Coastal Marsh Alliance","Southeast, Texarkana USNVC reg'l review, June 2023",2023-06-24 09:03:06,"Southeast + TX ecologists, D. Faber-Langendoen"
686064,"A3676","TT2.b3.Nc","Pinus jeffreyi Mixed Conifer Woodland Alliance","",2025-05-05 08:39:03,"D.Faber-Langendoen"
972267,"A3790","TT4.a1.Nb","Arctostaphylos pungens - Arctostaphylos pringlei Chaparral Alliance","",2025-05-05 08:39:07,"D.Faber-Langendoen"
788758,"A3750","TP1.a2.Nc","Platanus racemosa - Quercus agrifolia Riparian Woodland Alliance","Marin & San Mateo Counties CNPS USNVC review",2023-04-05 05:37:46,"Evens, J., Boul, R., McIntyre, P."
964248,"A1332","TP1.b3.Nb","Distichlis spicata - Frankenia salina - Juncus cooperi Wet Meadow Alliance","USNVC California review",2023-02-20 06:57:34,"Evens, J., R. Boul, D. Faber-Langendoen"
684179,"A1332","TP1.b3.Nb","Distichlis spicata - Frankenia salina - Juncus cooperi Wet Meadow Alliance","Washington updates",2022-08-08 11:11:44,"T. Ramm-Granberg & D. Faber-Langendoen"
839370,"A1332","TP1.b3.Nb","Distichlis spicata - Frankenia salina - Juncus cooperi Wet Meadow Alliance","Washington updates",2022-08-08 11:11:45,"T. Ramm-Granberg & D. Faber-Langendoen"
687819,"A1332","TP1.b3.Nb","Distichlis spicata - Frankenia salina - Juncus cooperi Wet Meadow Alliance","USNVC California review",2023-02-20 06:57:35,"Evens, J., R. Boul, D. Faber-Langendoen"
1302624,"F137","","Marsh, Wet Meadow & Shrub Wetland","",2024-03-28 12:00:00,"D. Faber-Langendoen"
1281892,"G981","TT4.b1.Nb","Gulf Coastal Prairie","Southeast, Texarkana USNVC reg'l review, June 2023",2023-06-30 01:16:41,"Southeast + TX ecologists, D. Faber-Langendoen"
900109,"G981","TT4.b1.Nb","Gulf Coastal Prairie","Southeast, Texarkana USNVC reg'l review, June 2023",2023-06-30 01:16:38,"Southeast + TX ecologists, D. Faber-Langendoen"
900109,"G980","TT4.b1.Nf","Texas Blackland Prairie","Southeast, Texarkana USNVC reg'l review, June 2023",2023-06-24 09:02:16,"Southeast + TX ecologists, D. Faber-Langendoen"
685586,"A2345","MB1.a3.Na","Batis maritima - Sarcocornia pacifica - Distichlis spicata Salt Panne Marsh Alliance","Southeast, Texarkana USNVC reg'l review, June 2023",2023-06-24 09:03:50,"Southeast + TX ecologists, D. Faber-Langendoen"
687783,"A2345","MB1.a3.Na","Batis maritima - Sarcocornia pacifica - Distichlis spicata Salt Panne Marsh Alliance","Southeast, Texarkana USNVC reg'l review, June 2023",2023-06-24 09:03:48,"Southeast + TX ecologists, D. Faber-Langendoen"
684404,"A2344","MB1.a3.Na","Iva frutescens - Borrichia arborescens - Baccharis halimifolia Salt Marsh Scrub Alliance","Southeast, Texarkana USNVC reg'l review, June 2023",2023-06-24 09:03:52,"Southeast + TX ecologists, D. Faber-Langendoen"
685631,"A2341","TP1.b1.Na","Sagittaria lancifolia - Schoenoplectus californicus - Zizaniopsis miliacea Tidal Freshwater Marsh Alliance","Southeast, Texarkana USNVC reg'l review, June 2023",2023-06-24 09:03:45,"Southeast + TX ecologists, D. Faber-Langendoen"
683103,"A2341","TP1.b1.Na","Sagittaria lancifolia - Schoenoplectus californicus - Zizaniopsis miliacea Tidal Freshwater Marsh Alliance","Southeast, Texarkana USNVC reg'l review, June 2023",2023-06-24 09:03:42,"Southeast + TX ecologists, D. Faber-Langendoen"
683440,"A2341","TP1.b1.Na","Sagittaria lancifolia - Schoenoplectus californicus - Zizaniopsis miliacea Tidal Freshwater Marsh Alliance","Southeast, Texarkana USNVC reg'l review, June 2023",2023-06-24 09:03:30,"Southeast + TX ecologists, D. Faber-Langendoen"
689605,"A2341","TP1.b1.Na","Sagittaria lancifolia - Schoenoplectus californicus - Zizaniopsis miliacea Tidal Freshwater Marsh Alliance","Southeast, Texarkana USNVC reg'l review, June 2023",2023-06-24 09:03:25,"Southeast + TX ecologists, D. Faber-Langendoen"
686089,"A2341","TP1.b1.Na","Sagittaria lancifolia - Schoenoplectus californicus - Zizaniopsis miliacea Tidal Freshwater Marsh Alliance","Southeast, Texarkana USNVC reg'l review, June 2023",2023-06-24 09:03:24,"Southeast + TX ecologists, D. Faber-Langendoen"
683527,"A2341","TP1.b1.Na","Sagittaria lancifolia - Schoenoplectus californicus - Zizaniopsis miliacea Tidal Freshwater Marsh Alliance","Southeast, Texarkana USNVC reg'l review, June 2023",2023-06-24 09:03:28,"Southeast + TX ecologists, D. Faber-Langendoen"
685484,"A2341","TP1.b1.Na","Sagittaria lancifolia - Schoenoplectus californicus - Zizaniopsis miliacea Tidal Freshwater Marsh Alliance","Southeast, Texarkana USNVC reg'l review, June 2023",2023-06-24 09:03:31,"Southeast + TX ecologists, D. Faber-Langendoen"
685256,"A2341","TP1.b1.Na","Sagittaria lancifolia - Schoenoplectus californicus - Zizaniopsis miliacea Tidal Freshwater Marsh Alliance","Southeast, Texarkana USNVC reg'l review, June 2023",2023-06-24 09:03:47,"Southeast + TX ecologists, D. Faber-Langendoen"
687295,"A2341","TP1.b1.Na","Sagittaria lancifolia - Schoenoplectus californicus - Zizaniopsis miliacea Tidal Freshwater Marsh Alliance","Southeast, Texarkana USNVC reg'l review, June 2023",2023-06-24 09:03:27,"Southeast + TX ecologists, D. Faber-Langendoen"
687504,"A2341","TP1.b1.Na","Sagittaria lancifolia - Schoenoplectus californicus - Zizaniopsis miliacea Tidal Freshwater Marsh Alliance","Southeast, Texarkana USNVC reg'l review, June 2023",2023-06-24 09:03:22,"Southeast + TX ecologists, D. Faber-Langendoen"
689295,"A2341","TP1.b1.Na","Sagittaria lancifolia - Schoenoplectus californicus - Zizaniopsis miliacea Tidal Freshwater Marsh Alliance","Southeast, Texarkana USNVC reg'l review, June 2023",2023-06-24 09:03:44,"Southeast + TX ecologists, D. Faber-Langendoen"
683434,"A2346","MB1.a3.Na","Spartina spartinae - Juncus roemerianus High Salt Marsh Alliance","Southeast, Texarkana USNVC reg'l review, June 2023",2023-06-24 09:03:57,"Southeast + TX ecologists, D. Faber-Langendoen"
687678,"A2346","MB1.a3.Na","Spartina spartinae - Juncus roemerianus High Salt Marsh Alliance","Southeast, Texarkana USNVC reg'l review, June 2023",2023-06-24 09:03:54,"Southeast + TX ecologists, D. Faber-Langendoen"
817156,"A2346","MB1.a3.Na","Spartina spartinae - Juncus roemerianus High Salt Marsh Alliance","Southeast, Texarkana USNVC reg'l review, June 2023",2023-06-24 09:03:56,"Southeast + TX ecologists, D. Faber-Langendoen"
688274,"A2349","TP1.b1.Na","Spartina patens - Spartina bakeri - Schoenoplectus pungens Interdunal Marsh Alliance","Southeast, Texarkana USNVC reg'l review, June 2023",2023-06-24 09:03:05,"Southeast + TX ecologists, D. Faber-Langendoen"
689691,"A2336","TT4.b1.Nb","Panicum virgatum - Tripsacum dactyloides - Panicum hemitomon Wet Coastal Grassland Alliance","Southeast, Texarkana USNVC reg'l review, June 2023",2023-06-24 09:02:09,"Southeast + TX ecologists, D. Faber-Langendoen"
685508,"A2336","TT4.b1.Nb","Panicum virgatum - Tripsacum dactyloides - Panicum hemitomon Wet Coastal Grassland Alliance","Southeast, Texarkana USNVC reg'l review, June 2023",2023-06-24 09:02:12,"Southeast + TX ecologists, D. Faber-Langendoen"
683280,"A2336","TT4.b1.Nb","Panicum virgatum - Tripsacum dactyloides - Panicum hemitomon Wet Coastal Grassland Alliance","Southeast, Texarkana USNVC reg'l review, June 2023",2023-06-24 09:02:10,"Southeast + TX ecologists, D. Faber-Langendoen"
683369,"A2340","TP1.b1.Na","Spartina patens - Sagittaria lancifolia - Paspalum vaginatum Oligohaline Marsh Alliance","Southeast, Texarkana USNVC reg'l review, June 2023",2023-06-24 09:03:41,"Southeast + TX ecologists, D. Faber-Langendoen"
688951,"A2340","TP1.b1.Na","Spartina patens - Sagittaria lancifolia - Paspalum vaginatum Oligohaline Marsh Alliance","Southeast, Texarkana USNVC reg'l review, June 2023",2023-06-24 09:03:37,"Southeast + TX ecologists, D. Faber-Langendoen"
689447,"A2340","TP1.b1.Na","Spartina patens - Sagittaria lancifolia - Paspalum vaginatum Oligohaline Marsh Alliance","Southeast, Texarkana USNVC reg'l review, June 2023",2023-06-24 09:03:33,"Southeast + TX ecologists, D. Faber-Langendoen"
683962,"A2340","TP1.b1.Na","Spartina patens - Sagittaria lancifolia - Paspalum vaginatum Oligohaline Marsh Alliance","Southeast, Texarkana USNVC reg'l review, June 2023",2023-06-24 09:03:36,"Southeast + TX ecologists, D. Faber-Langendoen"
684545,"A2340","TP1.b1.Na","Spartina patens - Sagittaria lancifolia - Paspalum vaginatum Oligohaline Marsh Alliance","Southeast, Texarkana USNVC reg'l review, June 2023",2023-06-24 09:03:34,"Southeast + TX ecologists, D. Faber-Langendoen"
907665,"A2340","TP1.b1.Na","Spartina patens - Sagittaria lancifolia - Paspalum vaginatum Oligohaline Marsh Alliance","Southeast, Texarkana USNVC reg'l review, June 2023",2023-06-24 09:03:39,"Southeast + TX ecologists, D. Faber-Langendoen"
684000,"A2334","TT4.b1.Nf","Schizachyrium scoparium - Sporobolus compositus var. compositus Dry Blackland Grassland Alliance","Southeast, Texarkana USNVC reg'l review, June 2023",2023-06-24 09:02:20,"Southeast + TX ecologists, D. Faber-Langendoen"
801799,"A2334","TT4.b1.Nf","Schizachyrium scoparium - Sporobolus compositus var. compositus Dry Blackland Grassland Alliance","Southeast, Texarkana USNVC reg'l review, June 2023",2023-06-24 09:02:18,"Southeast + TX ecologists, D. Faber-Langendoen"
689422,"A2334","TT4.b1.Nf","Schizachyrium scoparium - Sporobolus compositus var. compositus Dry Blackland Grassland Alliance","Southeast, Texarkana USNVC reg'l review, June 2023",2023-06-24 09:02:23,"Southeast + TX ecologists, D. Faber-Langendoen"
689921,"A2334","TT4.b1.Nf","Schizachyrium scoparium - Sporobolus compositus var. compositus Dry Blackland Grassland Alliance","Southeast, Texarkana USNVC reg'l review, June 2023",2023-06-24 09:02:22,"Southeast + TX ecologists, D. Faber-Langendoen"
685221,"A2334","TT4.b1.Nf","Schizachyrium scoparium - Sporobolus compositus var. compositus Dry Blackland Grassland Alliance","Southeast, Texarkana USNVC reg'l review, June 2023",2023-06-24 09:02:13,"Southeast + TX ecologists, D. Faber-Langendoen"
684567,"A2334","TT4.b1.Nf","Schizachyrium scoparium - Sporobolus compositus var. compositus Dry Blackland Grassland Alliance","Southeast, Texarkana USNVC reg'l review, June 2023",2023-06-24 09:02:19,"Southeast + TX ecologists, D. Faber-Langendoen"
689420,"A2334","TT4.b1.Nf","Schizachyrium scoparium - Sporobolus compositus var. compositus Dry Blackland Grassland Alliance","Southeast, Texarkana USNVC reg'l review, June 2023",2023-06-24 09:02:25,"Southeast + TX ecologists, D. Faber-Langendoen"
689625,"A2334","TT4.b1.Nf","Schizachyrium scoparium - Sporobolus compositus var. compositus Dry Blackland Grassland Alliance","Southeast, Texarkana USNVC reg'l review, June 2023",2023-06-24 09:02:15,"Southeast + TX ecologists, D. Faber-Langendoen"
688025,"A2347","MB1.a3.Na","Spartina patens - Spartina bakeri - Juncus roemerianus Brackish Salt Marsh Alliance","Nomenclature fix (NVC186g)",2025-07-22 04:53:47,"D. Faber-Langendoen"
686823,"A2347","MB1.a3.Na","Spartina patens - Spartina bakeri - Juncus roemerianus Brackish Salt Marsh Alliance","Southeast, Texarkana USNVC reg'l review, June 2023",2023-06-24 09:04:00,"Southeast + TX ecologists, D. Faber-Langendoen"
688096,"A2347","MB1.a3.Na","Spartina patens - Spartina bakeri - Juncus roemerianus Brackish Salt Marsh Alliance","Southeast, Texarkana USNVC reg'l review, June 2023",2023-06-24 09:03:59,"Southeast + TX ecologists, D. Faber-Langendoen"
1299044,"D344","2.C.2.Na","North American Boreal-Subboreal Fen","USNVC 3.0 pre-release edits",2025-06-17 07:12:09,"D. Faber-Langendoen"
689011,"A2257","TT2.a1.Nb","Pinus arizonica - Pinus engelmannii - Quercus arizonica Forest Alliance","Southwest regional peer review (NM, AZ, CO, UT, NV)",2023-02-17 02:53:58,"E. Muldavin et al."
683370,"A2257","TT2.a1.Nb","Pinus arizonica - Pinus engelmannii - Quercus arizonica Forest Alliance","Southwest regional peer review (NM, AZ, CO, UT, NV)",2023-02-17 02:53:57,"E. Muldavin et al."
683069,"A2257","TT2.a1.Nb","Pinus arizonica - Pinus engelmannii - Quercus arizonica Forest Alliance","Southwest regional peer review (NM, AZ, CO, UT, NV)",2023-02-17 02:53:49,"E. Muldavin et al."
687221,"A2257","TT2.a1.Nb","Pinus arizonica - Pinus engelmannii - Quercus arizonica Forest Alliance","Southwest regional peer review (NM, AZ, CO, UT, NV)",2023-02-17 02:53:47,"E. Muldavin et al."
688344,"A2257","TT2.a1.Nb","Pinus arizonica - Pinus engelmannii - Quercus arizonica Forest Alliance","Southwest regional peer review (NM, AZ, CO, UT, NV)",2023-02-17 02:53:51,"E. Muldavin et al."
689680,"A2257","TT2.a1.Nb","Pinus arizonica - Pinus engelmannii - Quercus arizonica Forest Alliance","Southwest regional peer review (NM, AZ, CO, UT, NV)",2023-02-17 02:53:48,"E. Muldavin et al."
683509,"A2257","TT2.a1.Nb","Pinus arizonica - Pinus engelmannii - Quercus arizonica Forest Alliance","Southwest regional peer review (NM, AZ, CO, UT, NV)",2023-02-17 02:53:45,"E. Muldavin et al."
686560,"A2257","TT2.a1.Nb","Pinus arizonica - Pinus engelmannii - Quercus arizonica Forest Alliance","Southwest regional peer review (NM, AZ, CO, UT, NV)",2023-02-17 02:53:53,"E. Muldavin et al."
684186,"A2257","TT2.a1.Nb","Pinus arizonica - Pinus engelmannii - Quercus arizonica Forest Alliance","Southwest regional peer review (NM, AZ, CO, UT, NV)",2023-02-17 02:53:56,"E. Muldavin et al."
689391,"A2257","TT2.a1.Nb","Pinus arizonica - Pinus engelmannii - Quercus arizonica Forest Alliance","Southwest regional peer review (NM, AZ, CO, UT, NV)",2023-02-17 02:53:55,"E. Muldavin et al."
688153,"A2257","TT2.a1.Nb","Pinus arizonica - Pinus engelmannii - Quercus arizonica Forest Alliance","Southwest regional peer review (NM, AZ, CO, UT, NV)",2023-02-17 02:53:52,"E. Muldavin et al."
1085089,"G900","TT2.b3.Na","Colorado Plateau Pinyon - Juniper Woodland","Interior West, Rocky Mountain Uplands review",2022-01-04 08:13:04,"F.J. Triepke, P. McIntyre, D. Faber-Langendoen"
899620,"G900","TT2.b3.Na","Colorado Plateau Pinyon - Juniper Woodland","Interior West, Rocky Mountain Uplands review",2022-01-04 08:13:02,"F.J. Triepke, P. McIntyre, D. Faber-Langendoen"
684431,"A4122","TT5.a1.Na","Artemisia arbuscula ssp. thermopola - Artemisia papposa / Festuca idahoensis Shrub Steppe Alliance","MT-ID-WY regional review of USNVC, March 2023",2023-04-12 05:33:33,"Cooper,S., others, D. Faber-Langendoen"
689682,"A0311","TP1.a2.Nd","Populus balsamifera ssp. trichocarpa Central Rockies Riparian Forest Alliance","",2022-01-25 05:19:53,"D. Faber-Langendoen"
1176991,"A4495","TP1.b1.Nc","Laurentian-Acadian Riverscour Alliance","Southeast US reg'l review of USNVC, April 2023",2023-05-11 02:50:03,"D. Faber-Langendoen"
1176991,"A4495","TP1.b1.Nc","Laurentian-Acadian Riverscour Alliance","Northeast review, part 2b",2020-12-22 07:54:23,"D. Faber-Langendoen"
969525,"A2290","TP1.b1.Ne","Juncus effusus - Juncus patens - Carex densa Wet Meadow Alliance","",2024-06-21 04:44:44,"D.Faber-Langendoen"
683355,"A2290","TP1.b1.Ne","Juncus effusus - Juncus patens - Carex densa Wet Meadow Alliance","",2024-06-21 04:44:46,"D.Faber-Langendoen"
683355,"A2290","TP1.b1.Ne","Juncus effusus - Juncus patens - Carex densa Wet Meadow Alliance","Marin & San Mateo Counties CNPS USNVC review",2023-04-05 05:38:28,"Evens, J., Boul, R., McIntyre, P."
683110,"A2290","TP1.b1.Ne","Juncus effusus - Juncus patens - Carex densa Wet Meadow Alliance","edits in prep for USNVC v3.0 release",2025-06-26 05:27:57,"D. Faber-Langendoen"
687206,"A2290","TP1.b1.Ne","Juncus effusus - Juncus patens - Carex densa Wet Meadow Alliance","Marin & San Mateo Counties CNPS USNVC review",2023-04-05 12:00:00,"Evens, J., Boul, R., McIntyre, P."
683940,"A4427","TP1.b1.Ne","Heracleum maximum - Veratrum viride Wet Meadow Alliance","MT-ID-WY USNVC reg'l review follow-up, May 2023",2023-08-02 04:02:19,"MT, ID, WY ecologists, D. Faber-Langendoen"
685603,"A3328","TT2.b3.Nc","Quercus garryana - Pseudotsuga menziesii / Toxicodendron diversilobum Woodland Alliance","Washington updates",2022-08-08 11:09:45,"T. Ramm-Granberg & D. Faber-Langendoen"
688310,"A3328","TT2.b3.Nc","Quercus garryana - Pseudotsuga menziesii / Toxicodendron diversilobum Woodland Alliance","This appears to have been put in this West Cascades alliance because it has <i>Pseudotsuga menziesii</i> in the name, but it's an east Cascades type (east side of Mt. Hood) so move to A3327 (TRG 3/27/2024, NVC184_GrpMap_v0.9).",2024-06-21 12:00:00,"D.Faber-Langendoen"
688520,"A4190","TP1.a2.Na","Pinus taeda - Quercus laurifolia - Quercus phellos Wet Flatwoods Forest Alliance","Southeast, Texarkana USNVC reg'l review, June 2023",2023-06-24 09:01:33,"Southeast + TX ecologists, D. Faber-Langendoen"
688151,"A4190","TP1.a2.Na","Pinus taeda - Quercus laurifolia - Quercus phellos Wet Flatwoods Forest Alliance","Southeast, Texarkana USNVC reg'l review, June 2023",2023-06-24 09:01:35,"Southeast + TX ecologists, D. Faber-Langendoen"
683596,"A4190","TP1.a2.Na","Pinus taeda - Quercus laurifolia - Quercus phellos Wet Flatwoods Forest Alliance","Southeast, Texarkana USNVC reg'l review, June 2023",2023-06-24 09:01:36,"Southeast + TX ecologists, D. Faber-Langendoen"
688864,"A3269","TT2.b1.Na","Pinus echinata - Quercus montana Appalachian Woodland Alliance","Appalachians",2020-05-05 11:48:43,"D. Faber-Langendoen"
798678,"A3269","TT2.b1.Na","Pinus echinata - Quercus montana Appalachian Woodland Alliance","Appalachians",2020-05-05 11:48:45,"D. Faber-Langendoen"
685025,"A3269","TT2.b1.Na","Pinus echinata - Quercus montana Appalachian Woodland Alliance","Appalachians",2020-05-05 11:48:46,"D. Faber-Langendoen"
688719,"A3269","TT2.b1.Na","Pinus echinata - Quercus montana Appalachian Woodland Alliance","Appalachians",2020-05-05 11:48:47,"D. Faber-Langendoen"
684629,"A3269","TT2.b1.Na","Pinus echinata - Quercus montana Appalachian Woodland Alliance","Appalachians",2020-05-05 11:48:48,"D. Faber-Langendoen"
1151277,"G165","TT2.a1.Na","Piedmont Oak Forest & Woodland","",2024-06-21 04:45:30,"D.Faber-Langendoen"
899394,"G165","TT2.a1.Na","Piedmont Oak Forest & Woodland","G165 may have some associations that extend into the Southeast Atlantic Coastal Plain, but the concept was never written to include Upper East Gulf Coastal Plain. Thus this alliance is misplaced and needs to move to G951, and the System CES203.506 moves with that alliance to G951 (NVC184_GrpMap_v0.9).",2024-06-21 12:00:00,"D. Faber-Langendoen"
685642,"A0306","TP1.a2.Nd","Alnus rhombifolia Interior Riparian Forest Alliance","Washington NCCN Wetlands",2021-12-26 11:05:54,"Tynan Ramm-Granberg"
689088,"A0306","TP1.a2.Nd","Alnus rhombifolia Interior Riparian Forest Alliance","Washington NCCN Wetlands",2021-12-26 11:05:54,"Tynan Ramm-Granberg"
1277584,"A0306","TP1.a2.Nd","Alnus rhombifolia Interior Riparian Forest Alliance","California reg'l review of USNVC, 2021-2022",2023-05-01 08:40:48,"P. McIntyre, D. Faber-Langendoen"
686031,"A0306","TP1.a2.Nd","Alnus rhombifolia Interior Riparian Forest Alliance","Washington NCCN Wetlands",2021-12-26 11:05:54,"Tynan Ramm-Granberg"
687383,"A0306","TP1.a2.Nd","Alnus rhombifolia Interior Riparian Forest Alliance","Washington NCCN Wetlands",2021-12-26 11:05:54,"Tynan Ramm-Granberg"
686378,"A0306","TP1.a2.Nd","Alnus rhombifolia Interior Riparian Forest Alliance","Washington NCCN Wetlands",2021-12-26 11:05:54,"Tynan Ramm-Granberg"
683616,"A0306","TP1.a2.Nd","Alnus rhombifolia Interior Riparian Forest Alliance","Washington NCCN Wetlands",2021-12-26 11:05:54,"Tynan Ramm-Granberg"
685384,"A0306","TP1.a2.Nd","Alnus rhombifolia Interior Riparian Forest Alliance","Washington NCCN Wetlands",2021-12-26 11:05:54,"Tynan Ramm-Granberg"
688391,"A0306","TP1.a2.Nd","Alnus rhombifolia Interior Riparian Forest Alliance","Washington NCCN Wetlands",2021-12-26 11:05:54,"Tynan Ramm-Granberg"
688062,"A2412","TP1.a2.Nd","Alnus rubra Interior Swamp & Riparian Forest Alliance","",2024-06-24 05:33:47,"D.Faber-Langendoen"
683972,"A2165","TT2.b1.Na","Quercus muehlenbergii - Quercus stellata / Bouteloua curtipendula Alkaline Grassy Woodland Alliance","",2026-03-10 05:43:15,"D.Faber-Langendoen"
684226,"A3473","TP1.b1.Nc","Cephalanthus occidentalis - Alnus serrulata Central Interior Pond Shrubland Alliance","",2024-06-21 04:44:38,"D.Faber-Langendoen"
801795,"A3473","TP1.b1.Nc","Cephalanthus occidentalis - Alnus serrulata Central Interior Pond Shrubland Alliance","",2019-02-05 12:00:00,"D. Faber-Langendoen"
861500,"A3473","TP1.b1.Nc","Cephalanthus occidentalis - Alnus serrulata Central Interior Pond Shrubland Alliance","",2019-02-05 12:00:00,"D. Faber-Langendoen"
683344,"A1201","TT4.b1.Nf","Calamovilfa longifolia - Hesperostipa comata - Andropogon hallii Sand Prairie Alliance","",2025-05-04 04:40:43,"D.Faber-Langendoen"
685291,"A1201","TT4.b1.Nf","Calamovilfa longifolia - Hesperostipa comata - Andropogon hallii Sand Prairie Alliance","Great Plains Peer Review 2019",2019-07-31 05:33:57,"D. Faber-Langendoen"
685215,"A1201","TT4.b1.Nf","Calamovilfa longifolia - Hesperostipa comata - Andropogon hallii Sand Prairie Alliance","MT-ID-WY regional review of USNVC, March 2023",2023-04-12 05:33:11,"Cooper,S., others, D. Faber-Langendoen"
899618,"G975","TP1.b1.Nc","Great Plains Wet Meadow, Shrub Swamp & Seepage Fen","",2025-05-04 04:40:16,"D.Faber-Langendoen"
1275214,"G975","TP1.b1.Nc","Great Plains Wet Meadow, Shrub Swamp & Seepage Fen","",2025-05-04 04:40:16,"D.Faber-Langendoen"
1275208,"G975","TP1.b1.Nc","Great Plains Wet Meadow, Shrub Swamp & Seepage Fen","",2025-05-04 04:40:16,"D.Faber-Langendoen"
899648,"G975","TP1.b1.Nc","Great Plains Wet Meadow, Shrub Swamp & Seepage Fen","NVC188 (prairie provinces). Should have been moved to G141 in 2023.",2025-01-09 12:00:00,"D. Faber-Langendoen"
1302461,"A2301","TT4.b1.Nf","Artemisia pedatifida - Atriplex gardneri / Pascopyrum smithii Badlands Dwarf-shrubland Alliance","",2025-05-04 04:40:07,"D.Faber-Langendoen"
1125704,"A2301","TT4.b1.Nf","Artemisia pedatifida - Atriplex gardneri / Pascopyrum smithii Badlands Dwarf-shrubland Alliance","CNVC AB-SK-MB rangelands & MT regional USNVC reviews",2023-03-27 04:50:06,"Cooper, S. et al; Tremblay, Pyle, Downing, DFL"
688417,"A2301","TT4.b1.Nf","Artemisia pedatifida - Atriplex gardneri / Pascopyrum smithii Badlands Dwarf-shrubland Alliance","CNVC AB-SK-MB rangelands & MT regional USNVC reviews",2023-03-27 04:50:11,"Cooper, S. et al; Tremblay, Pyle, Downing, DFL"
685579,"A2301","TT4.b1.Nf","Artemisia pedatifida - Atriplex gardneri / Pascopyrum smithii Badlands Dwarf-shrubland Alliance","CNVC AB-SK-MB rangelands & MT regional USNVC reviews",2023-03-27 04:50:08,"Cooper, S. et al; Tremblay, Pyle, Downing, DFL"
684500,"A2301","TT4.b1.Nf","Artemisia pedatifida - Atriplex gardneri / Pascopyrum smithii Badlands Dwarf-shrubland Alliance","",2025-05-04 04:40:07,"D.Faber-Langendoen"
684500,"A2301","TT4.b1.Nf","Artemisia pedatifida - Atriplex gardneri / Pascopyrum smithii Badlands Dwarf-shrubland Alliance","CNVC AB-SK-MB rangelands & MT regional USNVC reviews",2023-03-27 04:50:03,"Cooper, S. et al; Tremblay, Pyle, Downing, DFL"
687652,"A2301","TT4.b1.Nf","Artemisia pedatifida - Atriplex gardneri / Pascopyrum smithii Badlands Dwarf-shrubland Alliance","CNVC AB-SK-MB rangelands & MT regional USNVC reviews",2023-03-27 04:50:10,"Cooper, S. et al; Tremblay, Pyle, Downing, DFL"
1127126,"A2301","TT4.b1.Nf","Artemisia pedatifida - Atriplex gardneri / Pascopyrum smithii Badlands Dwarf-shrubland Alliance","CNVC AB-SK-MB rangelands & MT regional USNVC reviews",2023-03-27 04:50:05,"Cooper, S. et al; Tremblay, Pyle, Downing, DFL"
684999,"A2301","TT4.b1.Nf","Artemisia pedatifida - Atriplex gardneri / Pascopyrum smithii Badlands Dwarf-shrubland Alliance","",2025-05-04 04:40:07,"D.Faber-Langendoen"
684999,"A2301","TT4.b1.Nf","Artemisia pedatifida - Atriplex gardneri / Pascopyrum smithii Badlands Dwarf-shrubland Alliance","CNVC AB-SK-MB rangelands & MT regional USNVC reviews",2023-03-27 04:50:09,"Cooper, S. et al; Tremblay, Pyle, Downing, DFL"
683911,"A2301","TT4.b1.Nf","Artemisia pedatifida - Atriplex gardneri / Pascopyrum smithii Badlands Dwarf-shrubland Alliance","CNVC AB-SK-MB rangelands & MT regional USNVC reviews",2023-03-27 04:50:02,"Cooper, S. et al; Tremblay, Pyle, Downing, DFL"
1125712,"A2301","TT4.b1.Nf","Artemisia pedatifida - Atriplex gardneri / Pascopyrum smithii Badlands Dwarf-shrubland Alliance","CNVC AB-SK-MB rangelands & MT regional USNVC reviews",2023-03-27 04:50:13,"Cooper, S. et al; Tremblay, Pyle, Downing, DFL"
689127,"A2305","TP1.b1.Nc","Carex pellita - Carex spp. - Calamagrostis canadensis Great Plains Wet Meadow Alliance","CNVC AB-SK-MB rangelands & MT regional USNVC reviews",2023-03-27 04:50:19,"Cooper, S. et al; Tremblay, Pyle, Downing, DFL"
686036,"A2305","TP1.b1.Nc","Carex pellita - Carex spp. - Calamagrostis canadensis Great Plains Wet Meadow Alliance","CNVC AB-SK-MB rangelands & MT regional USNVC reviews",2023-03-27 04:50:22,"Cooper, S. et al; Tremblay, Pyle, Downing, DFL"
685521,"A2305","TP1.b1.Nc","Carex pellita - Carex spp. - Calamagrostis canadensis Great Plains Wet Meadow Alliance","CNVC AB-SK-MB rangelands & MT regional USNVC reviews",2023-03-27 04:50:17,"Cooper, S. et al; Tremblay, Pyle, Downing, DFL"
950167,"A2305","TP1.b1.Nc","Carex pellita - Carex spp. - Calamagrostis canadensis Great Plains Wet Meadow Alliance","CNVC AB-SK-MB rangelands & MT regional USNVC reviews",2023-03-27 04:50:25,"Cooper, S. et al; Tremblay, Pyle, Downing, DFL"
683843,"A2305","TP1.b1.Nc","Carex pellita - Carex spp. - Calamagrostis canadensis Great Plains Wet Meadow Alliance","CNVC AB-SK-MB rangelands & MT regional USNVC reviews",2023-03-27 04:50:18,"Cooper, S. et al; Tremblay, Pyle, Downing, DFL"
684622,"A2305","TP1.b1.Nc","Carex pellita - Carex spp. - Calamagrostis canadensis Great Plains Wet Meadow Alliance","CNVC AB-SK-MB rangelands & MT regional USNVC reviews",2023-03-27 04:50:21,"Cooper, S. et al; Tremblay, Pyle, Downing, DFL"
689850,"A2305","TP1.b1.Nc","Carex pellita - Carex spp. - Calamagrostis canadensis Great Plains Wet Meadow Alliance","CNVC AB-SK-MB rangelands & MT regional USNVC reviews",2023-03-27 04:50:35,"Cooper, S. et al; Tremblay, Pyle, Downing, DFL"
686478,"A2305","TP1.b1.Nc","Carex pellita - Carex spp. - Calamagrostis canadensis Great Plains Wet Meadow Alliance","CNVC AB-SK-MB rangelands & MT regional USNVC reviews",2023-03-27 04:50:23,"Cooper, S. et al; Tremblay, Pyle, Downing, DFL"
688843,"A4708","TT2.b3.Nb","Pinus ponderosa Central Rockies Mesic Shrubby Woodland Alliance","MT-ID-WY regional review of USNVC, March 2023",2023-04-12 05:30:32,"Cooper,S., others, D. Faber-Langendoen"
684286,"A4708","TT2.b3.Nb","Pinus ponderosa Central Rockies Mesic Shrubby Woodland Alliance","Washington updates",2022-08-08 11:08:59,"T. Ramm-Granberg & D. Faber-Langendoen"
690033,"A4708","TT2.b3.Nb","Pinus ponderosa Central Rockies Mesic Shrubby Woodland Alliance","MT-ID-WY USNVC reg'l review follow-up, May 2023",2023-08-02 04:01:39,"MT, ID, WY ecologists, D. Faber-Langendoen"
686202,"A4708","TT2.b3.Nb","Pinus ponderosa Central Rockies Mesic Shrubby Woodland Alliance","MT-ID-WY regional review of USNVC, March 2023",2023-04-12 05:30:27,"Cooper,S., others, D. Faber-Langendoen"
685480,"A4708","TT2.b3.Nb","Pinus ponderosa Central Rockies Mesic Shrubby Woodland Alliance","MT-ID-WY regional review of USNVC, March 2023",2023-04-12 05:30:30,"Cooper,S., others, D. Faber-Langendoen"
685078,"A4708","TT2.b3.Nb","Pinus ponderosa Central Rockies Mesic Shrubby Woodland Alliance","MT-ID-WY regional review of USNVC, March 2023",2023-04-12 05:30:29,"Cooper,S., others, D. Faber-Langendoen"
685909,"A4708","TT2.b3.Nb","Pinus ponderosa Central Rockies Mesic Shrubby Woodland Alliance","Washington updates",2022-08-08 11:09:01,"T. Ramm-Granberg & D. Faber-Langendoen"
683660,"A4708","TT2.b3.Nb","Pinus ponderosa Central Rockies Mesic Shrubby Woodland Alliance","Washington updates",2022-08-08 11:08:57,"T. Ramm-Granberg & D. Faber-Langendoen"
1238797,"A3462","TT2.b3.Nb","Pseudotsuga menziesii - Mixed Conifer Central Rockies Mesic Forest Alliance","MT-ID-WY regional review of USNVC, March 2023",2023-04-12 05:30:42,"Cooper,S., others, D. Faber-Langendoen"
687474,"A3462","TT2.b3.Nb","Pseudotsuga menziesii - Mixed Conifer Central Rockies Mesic Forest Alliance","MT-ID-WY regional review of USNVC, March 2023",2023-04-12 05:30:41,"Cooper,S., others, D. Faber-Langendoen"
689035,"A3462","TT2.b3.Nb","Pseudotsuga menziesii - Mixed Conifer Central Rockies Mesic Forest Alliance","MT-ID-WY regional review of USNVC, March 2023",2023-04-12 05:30:40,"Cooper,S., others, D. Faber-Langendoen"
689038,"A3462","TT2.b3.Nb","Pseudotsuga menziesii - Mixed Conifer Central Rockies Mesic Forest Alliance","MT-ID-WY regional review of USNVC, March 2023",2023-04-12 05:30:38,"Cooper,S., others, D. Faber-Langendoen"
689545,"A3464","TT2.b3.Nb","Pinus ponderosa Plains-Montane Dry-mesic Forest & Woodland Alliance","Shouldn't have been moved to A3464; that was a typo. Intention was to move it to A2074 which is being done now.",2021-03-19 12:00:00,"D. Faber-Langendoen"
686599,"A3465","TT2.b3.Nb","Pinus ponderosa Plains-Montane Mesic Forest Alliance","Great Plains Peer Review 2019",2019-07-31 05:33:09,"D. Faber-Langendoen"
731362,"A4079","TT2.b3.Nd","Pinus contorta Rocky Mountain Dry Woodland Alliance","MT-ID-WY regional review of USNVC, March 2023",2023-04-12 05:31:36,"Cooper,S., others, D. Faber-Langendoen"
731357,"A4079","TT2.b3.Nd","Pinus contorta Rocky Mountain Dry Woodland Alliance","Washington updates",2022-08-08 11:09:34,"T. Ramm-Granberg & D. Faber-Langendoen"
979410,"A3614","TT2.b3.Nd","Abies lasiocarpa - Picea engelmannii Central Rockies Moist Forest Alliance","Washington updates",2022-08-08 11:09:39,"T. Ramm-Granberg & D. Faber-Langendoen"
1222869,"A3614","TT2.b3.Nd","Abies lasiocarpa - Picea engelmannii Central Rockies Moist Forest Alliance","Washington updates",2022-08-08 11:09:37,"T. Ramm-Granberg & D. Faber-Langendoen"
979417,"A3614","TT2.b3.Nd","Abies lasiocarpa - Picea engelmannii Central Rockies Moist Forest Alliance","Washington updates",2022-08-08 11:09:42,"T. Ramm-Granberg & D. Faber-Langendoen"
685912,"A3614","TT2.b3.Nd","Abies lasiocarpa - Picea engelmannii Central Rockies Moist Forest Alliance","MT-ID-WY regional review of USNVC, March 2023",2023-04-12 05:31:40,"Cooper,S., others, D. Faber-Langendoen"
731786,"A3614","TT2.b3.Nd","Abies lasiocarpa - Picea engelmannii Central Rockies Moist Forest Alliance","MT-ID-WY USNVC reg'l review follow-up, May 2023",2023-08-02 04:01:49,"MT, ID, WY ecologists, D. Faber-Langendoen"
685132,"A3614","TT2.b3.Nd","Abies lasiocarpa - Picea engelmannii Central Rockies Moist Forest Alliance","Washington updates",2022-08-08 11:09:41,"T. Ramm-Granberg & D. Faber-Langendoen"
1233806,"G988","TT2.b1.Na","Ozark-Ouachita Oak Forest","KY + TN Southeast USNVC reg'l review follow-up, May 2023",2023-08-25 12:27:29,"C. Elam, KY ecologists, D. Faber-Langendoen"
1233786,"G988","TT2.b1.Na","Ozark-Ouachita Oak Forest","KY + TN Southeast USNVC reg'l review follow-up, May 2023",2023-08-25 12:27:27,"C. Elam, KY ecologists, D. Faber-Langendoen"
1233790,"G988","TT2.b1.Na","Ozark-Ouachita Oak Forest","KY + TN Southeast USNVC reg'l review follow-up, May 2023",2023-08-25 12:27:30,"C. Elam, KY ecologists, D. Faber-Langendoen"
899414,"G988","TT2.b1.Na","Ozark-Ouachita Oak Forest","KY + TN Southeast USNVC reg'l review follow-up, May 2023",2023-08-25 12:00:00,"C. Elam, KY ecologists, D. Faber-Langendoen"
1233792,"G987","TT2.b1.Na","Interior Low Plateau Oak Forest","KY + TN Southeast USNVC reg'l review follow-up, May 2023",2023-08-25 12:27:33,"C. Elam, KY ecologists, D. Faber-Langendoen"
1233794,"G987","TT2.b1.Na","Interior Low Plateau Oak Forest","KY + TN Southeast USNVC reg'l review follow-up, May 2023",2023-08-25 12:27:34,"C. Elam, KY ecologists, D. Faber-Langendoen"
683942,"A4710","TT2.b3.Na","Cercocarpus ledifolius Woodland & Scrub Alliance","MT-ID-WY regional review of USNVC, March 2023",2023-04-12 05:33:03,"Cooper,S., others, D. Faber-Langendoen"
1042167,"G1198","TT6.b1.Xa","Arctic Tussock Tundra","",2025-03-05 02:22:57,"D.Faber-Langendoen"
1042143,"G1198","TT6.b1.Xa","Arctic Tussock Tundra","",2025-03-05 02:22:56,"D.Faber-Langendoen"
1042190,"G1198","TT6.b1.Xa","Arctic Tussock Tundra","",2025-03-05 02:22:58,"D.Faber-Langendoen"
1042153,"G1198","TT6.b1.Xa","Arctic Tussock Tundra","",2025-03-05 02:22:54,"D.Faber-Langendoen"
684976,"A0374","TT2.a1.Na","Quercus virginiana - Celtis laevigata Maritime Forest Alliance","Texas USNVC reg'l review follow-up, May 2023",2023-08-14 06:25:48,"J. Singhurst, TX ecologists, D. Faber-Langendoen"
683678,"A0374","TT2.a1.Na","Quercus virginiana - Celtis laevigata Maritime Forest Alliance","Texas USNVC reg'l review follow-up, May 2023",2023-08-14 06:25:49,"J. Singhurst, TX ecologists, D. Faber-Langendoen"
683718,"A3194","TT5.a1.Na","Artemisia tridentata ssp. tridentata Desert Shrubland Alliance","California updates",2022-06-22 05:25:58,"J. Evens, R. Boul, D. Faber-Langendoen"
947932,"A3182","TT5.a1.Na","Artemisia tridentata ssp. wyomingensis Dry-mesic Shrub Steppe Alliance","MT-ID-WY regional review of USNVC, March 2023",2023-04-12 05:33:41,"Cooper,S., others, D. Faber-Langendoen"
684798,"A3182","TT5.a1.Na","Artemisia tridentata ssp. wyomingensis Dry-mesic Shrub Steppe Alliance","MT-ID-WY regional review of USNVC, March 2023",2023-04-12 05:33:37,"Cooper,S., others, D. Faber-Langendoen"
689114,"A3182","TT5.a1.Na","Artemisia tridentata ssp. wyomingensis Dry-mesic Shrub Steppe Alliance","MT-ID-WY regional review of USNVC, March 2023",2023-04-12 05:33:36,"Cooper,S., others, D. Faber-Langendoen"
687083,"A3182","TT5.a1.Na","Artemisia tridentata ssp. wyomingensis Dry-mesic Shrub Steppe Alliance","MT-ID-WY regional review of USNVC, March 2023",2023-04-12 05:33:39,"Cooper,S., others, D. Faber-Langendoen"
684010,"A3182","TT5.a1.Na","Artemisia tridentata ssp. wyomingensis Dry-mesic Shrub Steppe Alliance","MT-ID-WY regional review of USNVC, March 2023",2023-04-12 05:33:40,"Cooper,S., others, D. Faber-Langendoen"
683718,"A3182","TT5.a1.Na","Artemisia tridentata ssp. wyomingensis Dry-mesic Shrub Steppe Alliance","MT-ID-WY regional review of USNVC, March 2023",2023-04-12 05:33:34,"Cooper,S., others, D. Faber-Langendoen"
947947,"A3208","TT5.a1.Na","Artemisia tridentata ssp. vaseyana - Symphoricarpos oreophilus Shrub Steppe Alliance","Southwest regional peer review (NM, AZ, CO, UT, NV)",2023-02-17 02:59:00,"E. Muldavin et al."
735295,"A3208","TT5.a1.Na","Artemisia tridentata ssp. vaseyana - Symphoricarpos oreophilus Shrub Steppe Alliance","MT-ID-WY USNVC reg'l review follow-up, May 2023",2023-08-02 04:03:06,"MT, ID, WY ecologists, D. Faber-Langendoen"
683379,"A3208","TT5.a1.Na","Artemisia tridentata ssp. vaseyana - Symphoricarpos oreophilus Shrub Steppe Alliance","MT-ID-WY USNVC reg'l review follow-up, May 2023",2023-08-02 04:03:09,"MT, ID, WY ecologists, D. Faber-Langendoen"
947915,"A3208","TT5.a1.Na","Artemisia tridentata ssp. vaseyana - Symphoricarpos oreophilus Shrub Steppe Alliance","MT-ID-WY USNVC reg'l review follow-up, May 2023",2023-08-02 04:03:08,"MT, ID, WY ecologists, D. Faber-Langendoen"
785239,"A2310","TT5.a1.Na","Artemisia spiciformis Shrub Steppe Alliance","MT-ID-WY regional review of USNVC, March 2023",2023-04-12 05:33:47,"Cooper,S., others, D. Faber-Langendoen"
683820,"A2310","TT5.a1.Na","Artemisia spiciformis Shrub Steppe Alliance","MT-ID-WY regional review of USNVC, March 2023",2023-04-12 05:33:49,"Cooper,S., others, D. Faber-Langendoen"
683339,"A2310","TT5.a1.Na","Artemisia spiciformis Shrub Steppe Alliance","MT-ID-WY regional review of USNVC, March 2023",2023-04-12 05:33:43,"Cooper,S., others, D. Faber-Langendoen"
685838,"A2310","TT5.a1.Na","Artemisia spiciformis Shrub Steppe Alliance","MT-ID-WY regional review of USNVC, March 2023",2023-04-12 05:33:58,"Cooper,S., others, D. Faber-Langendoen"
785242,"A2310","TT5.a1.Na","Artemisia spiciformis Shrub Steppe Alliance","MT-ID-WY regional review of USNVC, March 2023",2023-04-12 05:34:15,"Cooper,S., others, D. Faber-Langendoen"
785148,"A2310","TT5.a1.Na","Artemisia spiciformis Shrub Steppe Alliance","MT-ID-WY regional review of USNVC, March 2023",2023-04-12 05:33:50,"Cooper,S., others, D. Faber-Langendoen"
688900,"A2310","TT5.a1.Na","Artemisia spiciformis Shrub Steppe Alliance","MT-ID-WY regional review of USNVC, March 2023",2023-04-12 05:34:08,"Cooper,S., others, D. Faber-Langendoen"
686264,"A2310","TT5.a1.Na","Artemisia spiciformis Shrub Steppe Alliance","MT-ID-WY regional review of USNVC, March 2023",2023-04-12 05:33:56,"Cooper,S., others, D. Faber-Langendoen"
803006,"A2310","TT5.a1.Na","Artemisia spiciformis Shrub Steppe Alliance","MT-ID-WY regional review of USNVC, March 2023",2023-04-12 05:33:57,"Cooper,S., others, D. Faber-Langendoen"
684803,"A2310","TT5.a1.Na","Artemisia spiciformis Shrub Steppe Alliance","MT-ID-WY regional review of USNVC, March 2023",2023-04-12 05:34:00,"Cooper,S., others, D. Faber-Langendoen"
684359,"A2310","TT5.a1.Na","Artemisia spiciformis Shrub Steppe Alliance","MT-ID-WY regional review of USNVC, March 2023",2023-04-12 05:33:55,"Cooper,S., others, D. Faber-Langendoen"
684262,"A2310","TT5.a1.Na","Artemisia spiciformis Shrub Steppe Alliance","MT-ID-WY regional review of USNVC, March 2023",2023-04-12 05:33:46,"Cooper,S., others, D. Faber-Langendoen"
687033,"A2310","TT5.a1.Na","Artemisia spiciformis Shrub Steppe Alliance","MT-ID-WY reg'l review of USNVC, March 2023",2023-05-01 08:27:03,"S. Cooper, MT, ID, WY Heritage, DFL"
689170,"A2310","TT5.a1.Na","Artemisia spiciformis Shrub Steppe Alliance","MT-ID-WY regional review of USNVC, March 2023",2023-04-12 05:34:12,"Cooper,S., others, D. Faber-Langendoen"
683340,"A2310","TT5.a1.Na","Artemisia spiciformis Shrub Steppe Alliance","MT-ID-WY regional review of USNVC, March 2023",2023-04-12 05:33:44,"Cooper,S., others, D. Faber-Langendoen"
687032,"A2310","TT5.a1.Na","Artemisia spiciformis Shrub Steppe Alliance","MT-ID-WY regional review of USNVC, March 2023",2023-04-12 05:34:16,"Cooper,S., others, D. Faber-Langendoen"
686689,"A2310","TT5.a1.Na","Artemisia spiciformis Shrub Steppe Alliance","MT-ID-WY regional review of USNVC, March 2023",2023-04-12 05:34:10,"Cooper,S., others, D. Faber-Langendoen"
685656,"A2310","TT5.a1.Na","Artemisia spiciformis Shrub Steppe Alliance","MT-ID-WY regional review of USNVC, March 2023",2023-04-12 05:34:03,"Cooper,S., others, D. Faber-Langendoen"
857845,"A2310","TT5.a1.Na","Artemisia spiciformis Shrub Steppe Alliance","MT-ID-WY regional review of USNVC, March 2023",2023-04-12 05:34:14,"Cooper,S., others, D. Faber-Langendoen"
686099,"A2310","TT5.a1.Na","Artemisia spiciformis Shrub Steppe Alliance","MT-ID-WY regional review of USNVC, March 2023",2023-04-12 05:33:52,"Cooper,S., others, D. Faber-Langendoen"
689987,"A2310","TT5.a1.Na","Artemisia spiciformis Shrub Steppe Alliance","MT-ID-WY regional review of USNVC, March 2023",2023-04-12 05:34:01,"Cooper,S., others, D. Faber-Langendoen"
686628,"A2310","TT5.a1.Na","Artemisia spiciformis Shrub Steppe Alliance","MT-ID-WY regional review of USNVC, March 2023",2023-04-12 05:34:11,"Cooper,S., others, D. Faber-Langendoen"
683756,"A2310","TT5.a1.Na","Artemisia spiciformis Shrub Steppe Alliance","MT-ID-WY regional review of USNVC, March 2023",2023-04-12 05:34:07,"Cooper,S., others, D. Faber-Langendoen"
683836,"A2310","TT5.a1.Na","Artemisia spiciformis Shrub Steppe Alliance","MT-ID-WY regional review of USNVC, March 2023",2023-04-12 05:34:04,"Cooper,S., others, D. Faber-Langendoen"
735316,"A2298","TT2.b3.Nd","Pinus contorta Rocky Mountain Dry Forest Alliance","MT-ID-WY regional review of USNVC, March 2023",2023-04-12 05:31:03,"Cooper,S., others, D. Faber-Langendoen"
685743,"A2298","TT2.b3.Nd","Pinus contorta Rocky Mountain Dry Forest Alliance","MT-ID-WY regional review of USNVC, March 2023",2023-04-12 05:31:06,"Cooper,S., others, D. Faber-Langendoen"
685969,"A2298","TT2.b3.Nd","Pinus contorta Rocky Mountain Dry Forest Alliance","MT-ID-WY regional review of USNVC, March 2023",2023-04-12 05:31:04,"Cooper,S., others, D. Faber-Langendoen"
687962,"A2298","TT2.b3.Nd","Pinus contorta Rocky Mountain Dry Forest Alliance","MT-ID-WY regional review of USNVC, March 2023",2023-04-12 05:30:56,"Cooper,S., others, D. Faber-Langendoen"
688387,"A2298","TT2.b3.Nd","Pinus contorta Rocky Mountain Dry Forest Alliance","MT-ID-WY regional review of USNVC, March 2023",2023-04-12 05:31:18,"Cooper,S., others, D. Faber-Langendoen"
684389,"A2298","TT2.b3.Nd","Pinus contorta Rocky Mountain Dry Forest Alliance","MT-ID-WY regional review of USNVC, March 2023",2023-04-12 05:30:48,"Cooper,S., others, D. Faber-Langendoen"
731473,"A2298","TT2.b3.Nd","Pinus contorta Rocky Mountain Dry Forest Alliance","MT-ID-WY regional review of USNVC, March 2023",2023-04-12 05:30:58,"Cooper,S., others, D. Faber-Langendoen"
685688,"A2298","TT2.b3.Nd","Pinus contorta Rocky Mountain Dry Forest Alliance","MT-ID-WY regional review of USNVC, March 2023",2023-04-12 05:31:24,"Cooper,S., others, D. Faber-Langendoen"
689207,"A2298","TT2.b3.Nd","Pinus contorta Rocky Mountain Dry Forest Alliance","MT-ID-WY regional review of USNVC, March 2023",2023-04-12 05:31:15,"Cooper,S., others, D. Faber-Langendoen"
688486,"A2298","TT2.b3.Nd","Pinus contorta Rocky Mountain Dry Forest Alliance","MT-ID-WY regional review of USNVC, March 2023",2023-04-12 05:31:14,"Cooper,S., others, D. Faber-Langendoen"
683633,"A2298","TT2.b3.Nd","Pinus contorta Rocky Mountain Dry Forest Alliance","MT-ID-WY regional review of USNVC, March 2023",2023-04-12 05:30:53,"Cooper,S., others, D. Faber-Langendoen"
731454,"A2298","TT2.b3.Nd","Pinus contorta Rocky Mountain Dry Forest Alliance","MT-ID-WY regional review of USNVC, March 2023",2023-04-12 05:31:26,"Cooper,S., others, D. Faber-Langendoen"
687132,"A2298","TT2.b3.Nd","Pinus contorta Rocky Mountain Dry Forest Alliance","MT-ID-WY regional review of USNVC, March 2023",2023-04-12 05:31:17,"Cooper,S., others, D. Faber-Langendoen"
684650,"A2298","TT2.b3.Nd","Pinus contorta Rocky Mountain Dry Forest Alliance","MT-ID-WY regional review of USNVC, March 2023",2023-04-12 12:00:00,"Cooper,S., others, D. Faber-Langendoen"
689927,"A2298","TT2.b3.Nd","Pinus contorta Rocky Mountain Dry Forest Alliance","MT-ID-WY regional review of USNVC, March 2023",2023-04-12 05:31:32,"Cooper,S., others, D. Faber-Langendoen"
688213,"A2298","TT2.b3.Nd","Pinus contorta Rocky Mountain Dry Forest Alliance","MT-ID-WY regional review of USNVC, March 2023",2023-04-12 05:31:27,"Cooper,S., others, D. Faber-Langendoen"
685606,"A2298","TT2.b3.Nd","Pinus contorta Rocky Mountain Dry Forest Alliance","MT-ID-WY regional review of USNVC, March 2023",2023-04-12 05:30:55,"Cooper,S., others, D. Faber-Langendoen"
731424,"A2298","TT2.b3.Nd","Pinus contorta Rocky Mountain Dry Forest Alliance","MT-ID-WY regional review of USNVC, March 2023",2023-04-12 05:31:07,"Cooper,S., others, D. Faber-Langendoen"
687713,"A2298","TT2.b3.Nd","Pinus contorta Rocky Mountain Dry Forest Alliance","MT-ID-WY regional review of USNVC, March 2023",2023-04-12 05:31:30,"Cooper,S., others, D. Faber-Langendoen"
687466,"A2298","TT2.b3.Nd","Pinus contorta Rocky Mountain Dry Forest Alliance","MT-ID-WY regional review of USNVC, March 2023",2023-04-12 05:31:12,"Cooper,S., others, D. Faber-Langendoen"
690046,"A2298","TT2.b3.Nd","Pinus contorta Rocky Mountain Dry Forest Alliance","MT-ID-WY regional review of USNVC, March 2023",2023-04-12 05:31:11,"Cooper,S., others, D. Faber-Langendoen"
686806,"A2298","TT2.b3.Nd","Pinus contorta Rocky Mountain Dry Forest Alliance","MT-ID-WY regional review of USNVC, March 2023",2023-04-12 05:30:59,"Cooper,S., others, D. Faber-Langendoen"
731466,"A2298","TT2.b3.Nd","Pinus contorta Rocky Mountain Dry Forest Alliance","MT-ID-WY regional review of USNVC, March 2023",2023-04-12 05:31:21,"Cooper,S., others, D. Faber-Langendoen"
732459,"A2298","TT2.b3.Nd","Pinus contorta Rocky Mountain Dry Forest Alliance","MT-ID-WY regional review of USNVC, March 2023",2023-04-12 05:31:09,"Cooper,S., others, D. Faber-Langendoen"
685294,"A2298","TT2.b3.Nd","Pinus contorta Rocky Mountain Dry Forest Alliance","MT-ID-WY regional review of USNVC, March 2023",2023-04-12 05:30:52,"Cooper,S., others, D. Faber-Langendoen"
731357,"A2298","TT2.b3.Nd","Pinus contorta Rocky Mountain Dry Forest Alliance","MT-ID-WY regional review of USNVC, March 2023",2023-04-12 05:31:01,"Cooper,S., others, D. Faber-Langendoen"
735323,"A2298","TT2.b3.Nd","Pinus contorta Rocky Mountain Dry Forest Alliance","MT-ID-WY regional review of USNVC, March 2023",2023-04-12 05:31:29,"Cooper,S., others, D. Faber-Langendoen"
731481,"A2298","TT2.b3.Nd","Pinus contorta Rocky Mountain Dry Forest Alliance","MT-ID-WY regional review of USNVC, March 2023",2023-04-12 05:31:33,"Cooper,S., others, D. Faber-Langendoen"
683796,"A2298","TT2.b3.Nd","Pinus contorta Rocky Mountain Dry Forest Alliance","MT-ID-WY regional review of USNVC, March 2023",2023-04-12 05:31:20,"Cooper,S., others, D. Faber-Langendoen"
687489,"A2298","TT2.b3.Nd","Pinus contorta Rocky Mountain Dry Forest Alliance","MT-ID-WY regional review of USNVC, March 2023",2023-04-12 05:30:50,"Cooper,S., others, D. Faber-Langendoen"
1042153,"G1200","TT6.b1.Xa","High Arctic Graminoid - Forb Tundra","",2025-04-11 07:21:29,"D.Faber-Langendoen"
684611,"A3308","TT4.b1.Nf","Sedum spp. - Sporobolus vaginiflorus Grassland Alliance","Texas USNVC reg'l review follow-up, May 2023",2023-08-14 06:26:13,"J. Singhurst, TX ecologists, D. Faber-Langendoen"
684557,"A2358","TT4.b1.Nf","Juniperus pinchotii Scrub & Woodland Alliance","Texas USNVC reg'l review follow-up, May 2023",2023-08-14 06:26:14,"J. Singhurst, TX ecologists, D. Faber-Langendoen"
688254,"A2357","TP1.a2.Nc","Ebenopsis ebano - Ehretia anacua Riparian Forest Alliance","Texas USNVC reg'l review follow-up, May 2023",2023-08-14 06:26:10,"J. Singhurst, TX ecologists, D. Faber-Langendoen"
686314,"A2357","TP1.a2.Nc","Ebenopsis ebano - Ehretia anacua Riparian Forest Alliance","Texas USNVC reg'l review follow-up, May 2023",2023-08-14 06:26:11,"J. Singhurst, TX ecologists, D. Faber-Langendoen"
683574,"A3961","TT4.b1.Nb","Selaginella rupestris - Selaginella tortipila - Schizachyrium scoparium Granitic Dome Alliance","Appalachians, Piedmont review, part 2",2020-12-09 12:41:41,"D. Faber-Langendoen"
860009,"A3961","TT4.b1.Nb","Selaginella rupestris - Selaginella tortipila - Schizachyrium scoparium Granitic Dome Alliance","Southeast, Texarkana USNVC reg'l review, June 2023",2023-06-24 09:02:28,"Southeast + TX ecologists, D. Faber-Langendoen"
860009,"A3961","TT4.b1.Nb","Selaginella rupestris - Selaginella tortipila - Schizachyrium scoparium Granitic Dome Alliance","Appalachians, Piedmont review, part 2",2020-12-09 12:41:43,"D. Faber-Langendoen"
683581,"A3961","TT4.b1.Nb","Selaginella rupestris - Selaginella tortipila - Schizachyrium scoparium Granitic Dome Alliance","USNVC NC revisions",2023-10-18 06:20:06,"M. Schafale, D. Faber-Langendoen"
1010054,"CTY012","TT7.a3.Za","Native Southern Pine Plantation Anthro-type","misplaced",2017-12-15 12:00:00,"D. Faber-Langendoen"
789543,"CTY011","TT7.a3.Za","Native Miscellaneous Northern Conifer Plantation Anthro-type","",2017-08-29 12:00:00,"D. Faber-Langendoen"
881483,"G977","TP1.b1.Nc","Eastern Riverbed","Southeast US reg'l review of USNVC, April 2023",2023-05-11 02:50:01,"D. Faber-Langendoen"
1176981,"G977","TP1.b1.Nc","Eastern Riverbed","Southeast US reg'l review of USNVC, April 2023",2023-05-11 02:49:55,"D. Faber-Langendoen"
899705,"G977","TP1.b1.Nc","Eastern Riverbed","Southeast US reg'l review of USNVC, April 2023",2023-05-11 02:49:54,"D. Faber-Langendoen"
938463,"G977","TP1.b1.Nc","Eastern Riverbed","Southeast US reg'l review of USNVC, April 2023",2023-05-11 02:50:05,"D. Faber-Langendoen"
878915,"G977","TP1.b1.Nc","Eastern Riverbed","Southeast US reg'l review of USNVC, April 2023",2023-05-11 02:49:58,"D. Faber-Langendoen"
899704,"G977","TP1.b1.Nc","Eastern Riverbed","Southeast US reg'l review of USNVC, April 2023",2023-05-11 02:50:06,"D. Faber-Langendoen"
899049,"G977","TP1.b1.Nc","Eastern Riverbed","Southeast US reg'l review of USNVC, April 2023",2023-05-11 02:50:08,"D. Faber-Langendoen"
1176971,"G977","TP1.b1.Nc","Eastern Riverbed","Southeast US reg'l review of USNVC, April 2023",2023-05-11 02:50:02,"D. Faber-Langendoen"
899904,"G977","TP1.b1.Nc","Eastern Riverbed","Southeast US reg'l review of USNVC, April 2023",2023-05-11 02:50:16,"D. Faber-Langendoen"
899046,"G977","TP1.b1.Nc","Eastern Riverbed","Southeast US reg'l review of USNVC, April 2023",2023-05-11 02:49:52,"D. Faber-Langendoen"
899905,"G977","TP1.b1.Nc","Eastern Riverbed","Southeast US reg'l review of USNVC, April 2023",2023-05-11 02:49:59,"D. Faber-Langendoen"
689632,"A3633","TP1.a2.Na","Quercus phellos - Fraxinus pennsylvanica Piedmont Floodplain Forest Alliance","Appalachians",2020-05-05 11:50:36,"D. Faber-Langendoen"
689688,"A3469","TT4.b1.Nb","Selaginella rupestris Appalachian Basic Glade Alliance","Move to A3469 was incorrect; should have moved to A3960 on 2023-10-18.",2023-11-08 12:00:00,"M. Schafale, D. Faber-Langendoen"
686533,"A4454","TT2.b1.Na","Pinus banksiana - Pinus resinosa - Pinus rigida Rocky Woodland Alliance","New Hampshire EIA work & associated NVC refinements",2022-10-17 08:13:44,"W. Nichols, D Faber-Langendoen"
686533,"A4454","TT2.b1.Na","Pinus banksiana - Pinus resinosa - Pinus rigida Rocky Woodland Alliance","Vermont",2020-04-29 01:14:30,"D. Faber-Langendoen"
689354,"A4454","TT2.b1.Na","Pinus banksiana - Pinus resinosa - Pinus rigida Rocky Woodland Alliance","Vermont",2020-04-29 01:14:31,"D. Faber-Langendoen"
1279654,"G1178","TT4.b1.Nb","Interior Low Plateau Prairie","Southeast Grasslands revisions by D. Estes, SGI, et al",2024-02-23 08:28:29,"D. Estes et al"
1279652,"G1180","TT4.b1.Nb","Gulf Coastal Plain Blackland Prairie","Southeast Grasslands revisions by D. Estes, SGI, et al",2024-02-23 08:28:39,"D. Estes et al"
1279648,"G1180","TT4.b1.Nb","Gulf Coastal Plain Blackland Prairie","Southeast Grasslands revisions by D. Estes, SGI, et al",2024-02-23 08:28:30,"D. Estes et al"
899005,"G888","TT4.b1.Nf","Southern Great Plains Sand Prairie","Great Plains Peer Review",2019-11-04 02:48:44,"D. Faber-Langendoen"
689047,"A4029","TT4.b1.Nf","Hesperostipa curtiseta - Elymus lanceolatus Northern Grassland Alliance","",2025-05-04 04:40:32,"D.Faber-Langendoen"
688997,"A4031","TT4.b1.Nf","Pascopyrum smithii - Nassella viridula North-Central Great Plains Grassland Alliance","",2024-12-31 08:00:51,"D.Faber-Langendoen"
683738,"A4031","TT4.b1.Nf","Pascopyrum smithii - Nassella viridula North-Central Great Plains Grassland Alliance","Further grasslands revisions for AB, SK, MB",2024-04-05 06:04:50,"A Wells, M Tremblay, L Pyle, D Downing, DFL"
1309281,"A4031","TT4.b1.Nf","Pascopyrum smithii - Nassella viridula North-Central Great Plains Grassland Alliance","",2024-12-31 08:00:50,"D.Faber-Langendoen"
688263,"A4031","TT4.b1.Nf","Pascopyrum smithii - Nassella viridula North-Central Great Plains Grassland Alliance","",2024-12-31 08:00:47,"D.Faber-Langendoen"
684895,"A4031","TT4.b1.Nf","Pascopyrum smithii - Nassella viridula North-Central Great Plains Grassland Alliance","Further grasslands revisions for AB, SK, MB",2024-04-05 06:04:48,"A Wells, M Tremblay, L Pyle, D Downing, DFL"
899720,"G188","TP1.b1.Na","South Atlantic-Gulf Coastal Plain Freshwater Marsh & Wet Meadow","Northeast review 2020",2020-08-10 08:47:42,"D. Faber-Langendoen"
899530,"G188","TP1.b1.Na","South Atlantic-Gulf Coastal Plain Freshwater Marsh & Wet Meadow","Northeast review 2020",2020-08-10 12:00:00,"D. Faber-Langendoen"
899529,"G188","TP1.b1.Na","South Atlantic-Gulf Coastal Plain Freshwater Marsh & Wet Meadow","Southeast US reg'l review of USNVC, April 2023",2023-05-11 02:50:17,"D. Faber-Langendoen"
900115,"G188","TP1.b1.Na","South Atlantic-Gulf Coastal Plain Freshwater Marsh & Wet Meadow","Northeast review 2020",2020-08-10 08:47:42,"D. Faber-Langendoen"
1176975,"G982","MB1.a3.Na","South Atlantic & Gulf Coast Salt Marsh","Southeast, Texarkana USNVC reg'l review, June 2023",2023-06-24 09:03:53,"Southeast + TX ecologists, D. Faber-Langendoen"
683603,"A2309","TT4.b1.Nf","Prunus virginiana - Symphoricarpos occidentalis - Elaeagnus commutata Northern Plains Shrubland Alliance","A3590 resurrected.",2025-01-09 12:00:00,"D.Faber-Langendoen"
683603,"A2309","TT4.b1.Nf","Prunus virginiana - Symphoricarpos occidentalis - Elaeagnus commutata Northern Plains Shrubland Alliance","CNVC AB-SK-MB rangelands & MT regional USNVC reviews",2023-03-27 12:00:00,"Cooper, S. et al; Tremblay, Pyle, Downing, DFL"
684765,"A2309","TT4.b1.Nf","Prunus virginiana - Symphoricarpos occidentalis - Elaeagnus commutata Northern Plains Shrubland Alliance","CNVC AB-SK-MB rangelands & MT regional USNVC reviews",2023-03-27 04:50:33,"Cooper, S. et al; Tremblay, Pyle, Downing, DFL"
688417,"A2303","TT4.b1.Nf","Atriplex gardneri / Hesperostipa comata - Distichlis spicata Saline Dwarf-Shrubland & Grassland Alliance","",2025-05-04 04:40:35,"D.Faber-Langendoen"
685579,"A2303","TT4.b1.Nf","Atriplex gardneri / Hesperostipa comata - Distichlis spicata Saline Dwarf-Shrubland & Grassland Alliance","",2025-05-04 04:40:34,"D.Faber-Langendoen"
683911,"A2303","TT4.b1.Nf","Atriplex gardneri / Hesperostipa comata - Distichlis spicata Saline Dwarf-Shrubland & Grassland Alliance","",2025-05-04 04:40:33,"D.Faber-Langendoen"
1125712,"A2303","TT4.b1.Nf","Atriplex gardneri / Hesperostipa comata - Distichlis spicata Saline Dwarf-Shrubland & Grassland Alliance","",2025-05-04 04:40:37,"D.Faber-Langendoen"
688770,"A4129","TP1.c2.Na","Carex pellita - Carex hystericina - Spartina pectinata Central Plains Alkaline Fen Alliance","",2024-06-04 05:42:58,"D.Faber-Langendoen"
686424,"A4129","TP1.c2.Na","Carex pellita - Carex hystericina - Spartina pectinata Central Plains Alkaline Fen Alliance","",2025-05-04 04:41:20,"D.Faber-Langendoen"
1283084,"G1213","TP1.b1.Nc","Northern Great Plains Wet Meadow, Marsh & Shrub Swamp","",2025-05-04 04:41:00,"D.Faber-Langendoen"
1283082,"G1213","TP1.b1.Nc","Northern Great Plains Wet Meadow, Marsh & Shrub Swamp","",2025-05-04 04:41:02,"D.Faber-Langendoen"
899618,"G1213","TP1.b1.Nc","Northern Great Plains Wet Meadow, Marsh & Shrub Swamp","",2025-05-04 04:41:06,"D.Faber-Langendoen"
1283080,"G1213","TP1.b1.Nc","Northern Great Plains Wet Meadow, Marsh & Shrub Swamp","",2025-05-04 04:40:59,"D.Faber-Langendoen"
899717,"G1213","TP1.b1.Nc","Northern Great Plains Wet Meadow, Marsh & Shrub Swamp","",2025-05-04 04:41:03,"D.Faber-Langendoen"
899607,"G1213","TP1.b1.Nc","Northern Great Plains Wet Meadow, Marsh & Shrub Swamp","",2025-05-04 04:40:58,"D.Faber-Langendoen"
1302461,"A2445","TT4.b1.Nf","Artemisia spp. - Atriplex spp. - Ericameria nauseosa / Gutierrezia sarothrae Badlands Alliance","",2025-05-04 04:40:52,"D.Faber-Langendoen"
688291,"A2445","TT4.b1.Nf","Artemisia spp. - Atriplex spp. - Ericameria nauseosa / Gutierrezia sarothrae Badlands Alliance","",2025-05-04 04:40:48,"D.Faber-Langendoen"
684500,"A2445","TT4.b1.Nf","Artemisia spp. - Atriplex spp. - Ericameria nauseosa / Gutierrezia sarothrae Badlands Alliance","",2025-05-04 04:40:49,"D.Faber-Langendoen"
687090,"A2445","TT4.b1.Nf","Artemisia spp. - Atriplex spp. - Ericameria nauseosa / Gutierrezia sarothrae Badlands Alliance","",2025-05-04 04:40:54,"D.Faber-Langendoen"
689825,"A2445","TT4.b1.Nf","Artemisia spp. - Atriplex spp. - Ericameria nauseosa / Gutierrezia sarothrae Badlands Alliance","",2025-05-04 04:40:45,"D.Faber-Langendoen"
685882,"A2445","TT4.b1.Nf","Artemisia spp. - Atriplex spp. - Ericameria nauseosa / Gutierrezia sarothrae Badlands Alliance","",2025-05-04 04:40:57,"D.Faber-Langendoen"
683377,"A2445","TT4.b1.Nf","Artemisia spp. - Atriplex spp. - Ericameria nauseosa / Gutierrezia sarothrae Badlands Alliance","",2025-05-04 04:40:47,"D.Faber-Langendoen"
684999,"A2445","TT4.b1.Nf","Artemisia spp. - Atriplex spp. - Ericameria nauseosa / Gutierrezia sarothrae Badlands Alliance","",2025-05-04 04:40:50,"D.Faber-Langendoen"
687410,"A2445","TT4.b1.Nf","Artemisia spp. - Atriplex spp. - Ericameria nauseosa / Gutierrezia sarothrae Badlands Alliance","",2025-05-04 04:40:53,"D.Faber-Langendoen"
683864,"A2446","TP1.b1.Nc","Salix interior Northern Great Plains Wet Shrubland Alliance","",2025-05-04 04:41:13,"D.Faber-Langendoen"
688305,"A2446","TP1.b1.Nc","Salix interior Northern Great Plains Wet Shrubland Alliance","",2025-05-04 04:41:11,"D.Faber-Langendoen"
686036,"A2448","TP1.b1.Nc","Spartina pectinata - Schoenoplectus pungens - Carex spp. Northern Great Plains Wet Meadow Alliance","Nomenclature fix (NVC186g)",2025-07-22 04:53:47,"D. Faber-Langendoen"
950167,"A2448","TP1.b1.Nc","Spartina pectinata - Schoenoplectus pungens - Carex spp. Northern Great Plains Wet Meadow Alliance","",2025-05-04 04:41:18,"D.Faber-Langendoen"
1284833,"A2448","TP1.b1.Nc","Spartina pectinata - Schoenoplectus pungens - Carex spp. Northern Great Plains Wet Meadow Alliance","",2025-05-04 04:41:14,"D.Faber-Langendoen"
684622,"A2448","TP1.b1.Nc","Spartina pectinata - Schoenoplectus pungens - Carex spp. Northern Great Plains Wet Meadow Alliance","",2025-05-04 04:41:15,"D.Faber-Langendoen"
686478,"A2448","TP1.b1.Nc","Spartina pectinata - Schoenoplectus pungens - Carex spp. Northern Great Plains Wet Meadow Alliance","",2025-05-04 04:41:16,"D.Faber-Langendoen"
689392,"A4492","MB1.a3.Na","Spartina alterniflora - Spartina cynosuroides - Cladium mariscus ssp. jamaicense Brackish Tidal Marsh Alliance","Southeast, Texarkana USNVC reg'l review, June 2023",2023-06-24 09:00:33,"Southeast + TX ecologists, D. Faber-Langendoen"
689392,"A4492","MB1.a3.Na","Spartina alterniflora - Spartina cynosuroides - Cladium mariscus ssp. jamaicense Brackish Tidal Marsh Alliance","Northeast review 2020",2020-08-10 08:47:48,"D. Faber-Langendoen"
686839,"A4492","MB1.a3.Na","Spartina alterniflora - Spartina cynosuroides - Cladium mariscus ssp. jamaicense Brackish Tidal Marsh Alliance","Northeast review 2020",2020-08-10 08:47:47,"D. Faber-Langendoen"
689750,"A4492","MB1.a3.Na","Spartina alterniflora - Spartina cynosuroides - Cladium mariscus ssp. jamaicense Brackish Tidal Marsh Alliance","Northeast review 2020",2020-08-10 12:00:00,"D. Faber-Langendoen"
683192,"A4492","MB1.a3.Na","Spartina alterniflora - Spartina cynosuroides - Cladium mariscus ssp. jamaicense Brackish Tidal Marsh Alliance","Northeast review 2020",2020-08-10 08:47:48,"D. Faber-Langendoen"
689189,"A4492","MB1.a3.Na","Spartina alterniflora - Spartina cynosuroides - Cladium mariscus ssp. jamaicense Brackish Tidal Marsh Alliance","Northeast review 2020",2020-08-10 12:00:00,"D. Faber-Langendoen"
686082,"A4492","MB1.a3.Na","Spartina alterniflora - Spartina cynosuroides - Cladium mariscus ssp. jamaicense Brackish Tidal Marsh Alliance","Northeast review 2020",2020-08-10 08:47:48,"D. Faber-Langendoen"
683291,"A4492","MB1.a3.Na","Spartina alterniflora - Spartina cynosuroides - Cladium mariscus ssp. jamaicense Brackish Tidal Marsh Alliance","Northeast review 2020",2020-08-10 08:47:47,"D. Faber-Langendoen"
686823,"A4492","MB1.a3.Na","Spartina alterniflora - Spartina cynosuroides - Cladium mariscus ssp. jamaicense Brackish Tidal Marsh Alliance","Southeast, Texarkana USNVC reg'l review, June 2023",2023-06-24 09:00:33,"Southeast + TX ecologists, D. Faber-Langendoen"
686823,"A4492","MB1.a3.Na","Spartina alterniflora - Spartina cynosuroides - Cladium mariscus ssp. jamaicense Brackish Tidal Marsh Alliance","Northeast review 2020",2020-08-10 08:47:48,"D. Faber-Langendoen"
683268,"A4492","MB1.a3.Na","Spartina alterniflora - Spartina cynosuroides - Cladium mariscus ssp. jamaicense Brackish Tidal Marsh Alliance","Northeast review 2020",2020-08-10 08:47:48,"D. Faber-Langendoen"
688096,"A4492","MB1.a3.Na","Spartina alterniflora - Spartina cynosuroides - Cladium mariscus ssp. jamaicense Brackish Tidal Marsh Alliance","Southeast, Texarkana USNVC reg'l review, June 2023",2023-06-24 09:00:33,"Southeast + TX ecologists, D. Faber-Langendoen"
688096,"A4492","MB1.a3.Na","Spartina alterniflora - Spartina cynosuroides - Cladium mariscus ssp. jamaicense Brackish Tidal Marsh Alliance","Northeast review 2020",2020-08-10 08:47:47,"D. Faber-Langendoen"
721920,"A4492","MB1.a3.Na","Spartina alterniflora - Spartina cynosuroides - Cladium mariscus ssp. jamaicense Brackish Tidal Marsh Alliance","Northeast review 2020",2020-08-10 08:47:48,"D. Faber-Langendoen"
687434,"A3298","TT2.b1.Na","Thuja occidentalis - Juniperus virginiana Alvar Woodland Alliance","USNVC 3.0 pre-release edits",2025-06-17 07:12:08,"D. Faber-Langendoen"
1299044,"D360","TP1.c2.Na","North American Temperate Fen","USNVC 3.0 pre-release edits",2025-06-17 07:12:21,"D. Faber-Langendoen"
683127,"A4462","TP1.a2.Nb","Acer rubrum - Fraxinus spp. - Thuja occidentalis Laurentian Mineral Swamp Alliance","Northeast review 2020",2020-08-10 08:47:30,"D. Faber-Langendoen"
689867,"A4462","TP1.a2.Nb","Acer rubrum - Fraxinus spp. - Thuja occidentalis Laurentian Mineral Swamp Alliance","Northeast review 2020",2020-08-10 08:47:30,"D. Faber-Langendoen"
683995,"A4462","TP1.a2.Nb","Acer rubrum - Fraxinus spp. - Thuja occidentalis Laurentian Mineral Swamp Alliance","Northeast review 2020",2020-08-10 12:00:00,"D. Faber-Langendoen"
687237,"A4462","TP1.a2.Nb","Acer rubrum - Fraxinus spp. - Thuja occidentalis Laurentian Mineral Swamp Alliance","Northeast review 2020",2020-08-10 08:47:30,"D. Faber-Langendoen"
684916,"A4462","TP1.a2.Nb","Acer rubrum - Fraxinus spp. - Thuja occidentalis Laurentian Mineral Swamp Alliance","Northeast review 2020",2020-08-10 08:47:30,"D. Faber-Langendoen"
690011,"A4107","TP1.b1.Nc","Laurentian-Acadian Wet Meadow Alliance","",2019-02-08 12:00:00,"L.A. Sneddon"
687973,"A4107","TP1.b1.Nc","Laurentian-Acadian Wet Meadow Alliance","",2019-02-08 12:00:00,"L. Sneddon"
1089379,"G161","TT2.b1.Na","Northeast Pitch Pine Barrens","Appalachians",2020-05-05 12:00:00,"D. Faber-Langendoen"
899421,"G655","TT2.b1.Na","Laurentian-Great Lakes Limestone Woodland","NVC143 & 128 skeletal edits",2021-07-21 09:41:15,""
687898,"A2246","TT2.b3.Nb","Abies concolor - Picea pungens / Mahonia repens Dry Forest Alliance","Southwest regional peer review (NM, AZ, CO, UT, NV)",2023-02-17 02:54:20,"E. Muldavin et al."
814710,"A2246","TT2.b3.Nb","Abies concolor - Picea pungens / Mahonia repens Dry Forest Alliance","Southwest regional peer review (NM, AZ, CO, UT, NV)",2023-02-17 02:54:06,"E. Muldavin et al."
785226,"A2246","TT2.b3.Nb","Abies concolor - Picea pungens / Mahonia repens Dry Forest Alliance","Southwest regional peer review (NM, AZ, CO, UT, NV)",2023-02-17 02:54:49,"E. Muldavin et al."
686041,"A2246","TT2.b3.Nb","Abies concolor - Picea pungens / Mahonia repens Dry Forest Alliance","Southwest regional peer review (NM, AZ, CO, UT, NV)",2023-02-17 02:54:41,"E. Muldavin et al."
688067,"A2246","TT2.b3.Nb","Abies concolor - Picea pungens / Mahonia repens Dry Forest Alliance","Southwest regional peer review (NM, AZ, CO, UT, NV)",2023-02-17 02:54:16,"E. Muldavin et al."
685297,"A2246","TT2.b3.Nb","Abies concolor - Picea pungens / Mahonia repens Dry Forest Alliance","Southwest regional peer review (NM, AZ, CO, UT, NV)",2023-02-17 02:54:05,"E. Muldavin et al."
689426,"A2246","TT2.b3.Nb","Abies concolor - Picea pungens / Mahonia repens Dry Forest Alliance","Southwest regional peer review (NM, AZ, CO, UT, NV)",2023-02-17 02:54:44,"E. Muldavin et al."
683716,"A2246","TT2.b3.Nb","Abies concolor - Picea pungens / Mahonia repens Dry Forest Alliance","Southwest regional peer review (NM, AZ, CO, UT, NV)",2023-02-17 02:54:38,"E. Muldavin et al."
686737,"A2246","TT2.b3.Nb","Abies concolor - Picea pungens / Mahonia repens Dry Forest Alliance","Southwest regional peer review (NM, AZ, CO, UT, NV)",2023-02-17 02:54:33,"E. Muldavin et al."
684327,"A2246","TT2.b3.Nb","Abies concolor - Picea pungens / Mahonia repens Dry Forest Alliance","Southwest regional peer review (NM, AZ, CO, UT, NV)",2023-02-17 02:54:30,"E. Muldavin et al."
684496,"A2246","TT2.b3.Nb","Abies concolor - Picea pungens / Mahonia repens Dry Forest Alliance","Southwest regional peer review (NM, AZ, CO, UT, NV)",2023-02-17 02:54:29,"E. Muldavin et al."
684208,"A2246","TT2.b3.Nb","Abies concolor - Picea pungens / Mahonia repens Dry Forest Alliance","Southwest regional peer review (NM, AZ, CO, UT, NV)",2023-02-17 02:54:26,"E. Muldavin et al."
683162,"A2246","TT2.b3.Nb","Abies concolor - Picea pungens / Mahonia repens Dry Forest Alliance","Southwest regional peer review (NM, AZ, CO, UT, NV)",2023-02-17 02:54:13,"E. Muldavin et al."
686461,"A2246","TT2.b3.Nb","Abies concolor - Picea pungens / Mahonia repens Dry Forest Alliance","Southwest regional peer review (NM, AZ, CO, UT, NV)",2023-02-17 02:54:11,"E. Muldavin et al."
689159,"A2246","TT2.b3.Nb","Abies concolor - Picea pungens / Mahonia repens Dry Forest Alliance","Southwest regional peer review (NM, AZ, CO, UT, NV)",2023-02-17 02:54:36,"E. Muldavin et al."
684819,"A2246","TT2.b3.Nb","Abies concolor - Picea pungens / Mahonia repens Dry Forest Alliance","Southwest regional peer review (NM, AZ, CO, UT, NV)",2023-02-17 02:54:03,"E. Muldavin et al."
688021,"A2246","TT2.b3.Nb","Abies concolor - Picea pungens / Mahonia repens Dry Forest Alliance","Southwest regional peer review (NM, AZ, CO, UT, NV)",2023-02-17 02:54:21,"E. Muldavin et al."
687511,"A2246","TT2.b3.Nb","Abies concolor - Picea pungens / Mahonia repens Dry Forest Alliance","Southwest regional peer review (NM, AZ, CO, UT, NV)",2023-02-17 02:54:45,"E. Muldavin et al."
815581,"A2246","TT2.b3.Nb","Abies concolor - Picea pungens / Mahonia repens Dry Forest Alliance","Southwest regional peer review (NM, AZ, CO, UT, NV)",2023-02-17 02:54:24,"E. Muldavin et al."
815363,"A2246","TT2.b3.Nb","Abies concolor - Picea pungens / Mahonia repens Dry Forest Alliance","Southwest regional peer review (NM, AZ, CO, UT, NV)",2023-02-17 02:54:19,"E. Muldavin et al."
814863,"A2246","TT2.b3.Nb","Abies concolor - Picea pungens / Mahonia repens Dry Forest Alliance","Southwest regional peer review (NM, AZ, CO, UT, NV)",2023-02-17 02:54:00,"E. Muldavin et al."
687758,"A2246","TT2.b3.Nb","Abies concolor - Picea pungens / Mahonia repens Dry Forest Alliance","Southwest regional peer review (NM, AZ, CO, UT, NV)",2023-02-17 02:54:23,"E. Muldavin et al."
685248,"A2246","TT2.b3.Nb","Abies concolor - Picea pungens / Mahonia repens Dry Forest Alliance","Southwest regional peer review (NM, AZ, CO, UT, NV)",2023-02-17 02:54:02,"E. Muldavin et al."
684393,"A2246","TT2.b3.Nb","Abies concolor - Picea pungens / Mahonia repens Dry Forest Alliance","Southwest regional peer review (NM, AZ, CO, UT, NV)",2023-02-17 02:54:08,"E. Muldavin et al."
686319,"A2246","TT2.b3.Nb","Abies concolor - Picea pungens / Mahonia repens Dry Forest Alliance","Southwest regional peer review (NM, AZ, CO, UT, NV)",2023-02-17 02:54:48,"E. Muldavin et al."
685103,"A2246","TT2.b3.Nb","Abies concolor - Picea pungens / Mahonia repens Dry Forest Alliance","Southwest regional peer review (NM, AZ, CO, UT, NV)",2023-02-17 02:54:42,"E. Muldavin et al."
688569,"A2246","TT2.b3.Nb","Abies concolor - Picea pungens / Mahonia repens Dry Forest Alliance","MT-ID-WY regional review of USNVC, March 2023",2023-04-12 05:30:23,"Cooper,S., others, D. Faber-Langendoen"
686581,"A2246","TT2.b3.Nb","Abies concolor - Picea pungens / Mahonia repens Dry Forest Alliance","Southwest regional peer review (NM, AZ, CO, UT, NV)",2023-02-17 02:54:53,"E. Muldavin et al."
687200,"A2246","TT2.b3.Nb","Abies concolor - Picea pungens / Mahonia repens Dry Forest Alliance","Southwest regional peer review (NM, AZ, CO, UT, NV)",2023-02-17 02:54:17,"E. Muldavin et al."
689309,"A2246","TT2.b3.Nb","Abies concolor - Picea pungens / Mahonia repens Dry Forest Alliance","Southwest regional peer review (NM, AZ, CO, UT, NV)",2023-02-17 02:54:09,"E. Muldavin et al."
785208,"A2246","TT2.b3.Nb","Abies concolor - Picea pungens / Mahonia repens Dry Forest Alliance","Southwest regional peer review (NM, AZ, CO, UT, NV)",2023-02-17 02:54:37,"E. Muldavin et al."
684460,"A2246","TT2.b3.Nb","Abies concolor - Picea pungens / Mahonia repens Dry Forest Alliance","Southwest regional peer review (NM, AZ, CO, UT, NV)",2023-02-17 02:54:52,"E. Muldavin et al."
686371,"A2246","TT2.b3.Nb","Abies concolor - Picea pungens / Mahonia repens Dry Forest Alliance","Southwest regional peer review (NM, AZ, CO, UT, NV)",2023-02-17 02:54:51,"E. Muldavin et al."
685379,"A2246","TT2.b3.Nb","Abies concolor - Picea pungens / Mahonia repens Dry Forest Alliance","Southwest regional peer review (NM, AZ, CO, UT, NV)",2023-02-17 02:54:46,"E. Muldavin et al."
687071,"A2246","TT2.b3.Nb","Abies concolor - Picea pungens / Mahonia repens Dry Forest Alliance","Southwest regional peer review (NM, AZ, CO, UT, NV)",2023-02-17 02:54:40,"E. Muldavin et al."
688643,"A2246","TT2.b3.Nb","Abies concolor - Picea pungens / Mahonia repens Dry Forest Alliance","Southwest regional peer review (NM, AZ, CO, UT, NV)",2023-02-17 02:54:34,"E. Muldavin et al."
684014,"A2246","TT2.b3.Nb","Abies concolor - Picea pungens / Mahonia repens Dry Forest Alliance","Southwest regional peer review (NM, AZ, CO, UT, NV)",2023-02-17 02:54:32,"E. Muldavin et al."
684858,"A2246","TT2.b3.Nb","Abies concolor - Picea pungens / Mahonia repens Dry Forest Alliance","Southwest regional peer review (NM, AZ, CO, UT, NV)",2023-02-17 02:54:27,"E. Muldavin et al."
685856,"A2246","TT2.b3.Nb","Abies concolor - Picea pungens / Mahonia repens Dry Forest Alliance","Southwest regional peer review (NM, AZ, CO, UT, NV)",2023-02-17 02:54:15,"E. Muldavin et al."
689529,"A2246","TT2.b3.Nb","Abies concolor - Picea pungens / Mahonia repens Dry Forest Alliance","Southwest regional peer review (NM, AZ, CO, UT, NV)",2023-02-17 02:54:12,"E. Muldavin et al."
685857,"A2251","TT2.b3.Nb","Abies concolor - Pseudotsuga menziesii / Symphoricarpos oreophilus Mesic Forest Alliance","Southwest regional peer review (NM, AZ, CO, UT, NV)",2023-02-17 02:55:03,"E. Muldavin et al."
1238803,"A2251","TT2.b3.Nb","Abies concolor - Pseudotsuga menziesii / Symphoricarpos oreophilus Mesic Forest Alliance","Southwest regional peer review (NM, AZ, CO, UT, NV)",2023-02-17 02:55:28,"E. Muldavin et al."
684711,"A2251","TT2.b3.Nb","Abies concolor - Pseudotsuga menziesii / Symphoricarpos oreophilus Mesic Forest Alliance","Southwest regional peer review (NM, AZ, CO, UT, NV)",2023-02-17 02:55:02,"E. Muldavin et al."
688228,"A2251","TT2.b3.Nb","Abies concolor - Pseudotsuga menziesii / Symphoricarpos oreophilus Mesic Forest Alliance","Southwest regional peer review (NM, AZ, CO, UT, NV)",2023-02-17 02:55:00,"E. Muldavin et al."
684903,"A2251","TT2.b3.Nb","Abies concolor - Pseudotsuga menziesii / Symphoricarpos oreophilus Mesic Forest Alliance","Southwest regional peer review (NM, AZ, CO, UT, NV)",2023-02-17 02:55:20,"E. Muldavin et al."
685060,"A2251","TT2.b3.Nb","Abies concolor - Pseudotsuga menziesii / Symphoricarpos oreophilus Mesic Forest Alliance","Southwest regional peer review (NM, AZ, CO, UT, NV)",2023-02-17 02:55:06,"E. Muldavin et al."
683658,"A2251","TT2.b3.Nb","Abies concolor - Pseudotsuga menziesii / Symphoricarpos oreophilus Mesic Forest Alliance","Southwest regional peer review (NM, AZ, CO, UT, NV)",2023-02-17 02:55:15,"E. Muldavin et al."
687098,"A2251","TT2.b3.Nb","Abies concolor - Pseudotsuga menziesii / Symphoricarpos oreophilus Mesic Forest Alliance","Southwest regional peer review (NM, AZ, CO, UT, NV)",2023-02-17 02:55:23,"E. Muldavin et al."
685674,"A2251","TT2.b3.Nb","Abies concolor - Pseudotsuga menziesii / Symphoricarpos oreophilus Mesic Forest Alliance","Southwest regional peer review (NM, AZ, CO, UT, NV)",2023-02-17 02:55:21,"E. Muldavin et al."
685602,"A2251","TT2.b3.Nb","Abies concolor - Pseudotsuga menziesii / Symphoricarpos oreophilus Mesic Forest Alliance","Southwest regional peer review (NM, AZ, CO, UT, NV)",2023-02-17 02:54:59,"E. Muldavin et al."
683312,"A2251","TT2.b3.Nb","Abies concolor - Pseudotsuga menziesii / Symphoricarpos oreophilus Mesic Forest Alliance","Southwest regional peer review (NM, AZ, CO, UT, NV)",2023-02-17 02:55:11,"E. Muldavin et al."
684988,"A2251","TT2.b3.Nb","Abies concolor - Pseudotsuga menziesii / Symphoricarpos oreophilus Mesic Forest Alliance","Southwest regional peer review (NM, AZ, CO, UT, NV)",2023-02-17 02:54:55,"E. Muldavin et al."
814866,"A2251","TT2.b3.Nb","Abies concolor - Pseudotsuga menziesii / Symphoricarpos oreophilus Mesic Forest Alliance","Southwest regional peer review (NM, AZ, CO, UT, NV)",2023-02-17 02:54:56,"E. Muldavin et al."
688569,"A2251","TT2.b3.Nb","Abies concolor - Pseudotsuga menziesii / Symphoricarpos oreophilus Mesic Forest Alliance","Southwest regional peer review (NM, AZ, CO, UT, NV)",2023-02-17 02:55:26,"E. Muldavin et al."
683707,"A2251","TT2.b3.Nb","Abies concolor - Pseudotsuga menziesii / Symphoricarpos oreophilus Mesic Forest Alliance","Southwest regional peer review (NM, AZ, CO, UT, NV)",2023-02-17 02:55:07,"E. Muldavin et al."
689457,"A2251","TT2.b3.Nb","Abies concolor - Pseudotsuga menziesii / Symphoricarpos oreophilus Mesic Forest Alliance","Southwest regional peer review (NM, AZ, CO, UT, NV)",2023-02-17 02:55:09,"E. Muldavin et al."
685268,"A2251","TT2.b3.Nb","Abies concolor - Pseudotsuga menziesii / Symphoricarpos oreophilus Mesic Forest Alliance","Southwest regional peer review (NM, AZ, CO, UT, NV)",2023-02-17 02:55:27,"E. Muldavin et al."
683829,"A2251","TT2.b3.Nb","Abies concolor - Pseudotsuga menziesii / Symphoricarpos oreophilus Mesic Forest Alliance","Southwest regional peer review (NM, AZ, CO, UT, NV)",2023-02-17 02:55:13,"E. Muldavin et al."
690077,"A2251","TT2.b3.Nb","Abies concolor - Pseudotsuga menziesii / Symphoricarpos oreophilus Mesic Forest Alliance","Southwest regional peer review (NM, AZ, CO, UT, NV)",2023-02-17 02:55:19,"E. Muldavin et al."
689037,"A2251","TT2.b3.Nb","Abies concolor - Pseudotsuga menziesii / Symphoricarpos oreophilus Mesic Forest Alliance","Southwest regional peer review (NM, AZ, CO, UT, NV)",2023-02-17 02:55:16,"E. Muldavin et al."
1238799,"A2251","TT2.b3.Nb","Abies concolor - Pseudotsuga menziesii / Symphoricarpos oreophilus Mesic Forest Alliance","Southwest regional peer review (NM, AZ, CO, UT, NV)",2023-02-17 02:55:30,"E. Muldavin et al."
814869,"A2251","TT2.b3.Nb","Abies concolor - Pseudotsuga menziesii / Symphoricarpos oreophilus Mesic Forest Alliance","Southwest regional peer review (NM, AZ, CO, UT, NV)",2023-02-17 02:54:57,"E. Muldavin et al."
684604,"A2251","TT2.b3.Nb","Abies concolor - Pseudotsuga menziesii / Symphoricarpos oreophilus Mesic Forest Alliance","Southwest regional peer review (NM, AZ, CO, UT, NV)",2023-02-17 02:55:24,"E. Muldavin et al."
686921,"A2251","TT2.b3.Nb","Abies concolor - Pseudotsuga menziesii / Symphoricarpos oreophilus Mesic Forest Alliance","Southwest regional peer review (NM, AZ, CO, UT, NV)",2023-02-17 02:55:17,"E. Muldavin et al."
688307,"A2251","TT2.b3.Nb","Abies concolor - Pseudotsuga menziesii / Symphoricarpos oreophilus Mesic Forest Alliance","Southwest regional peer review (NM, AZ, CO, UT, NV)",2023-02-17 02:55:05,"E. Muldavin et al."
959226,"A2253","TT2.b3.Nb","Pinus ponderosa / Carex siccata - Carex rossii Woodland Alliance","Southwest regional peer review (NM, AZ, CO, UT, NV)",2023-02-17 02:56:13,"E. Muldavin et al."
839133,"A2253","TT2.b3.Nb","Pinus ponderosa / Carex siccata - Carex rossii Woodland Alliance","Southwest regional peer review (NM, AZ, CO, UT, NV)",2023-02-17 02:55:48,"E. Muldavin et al."
835329,"A2253","TT2.b3.Nb","Pinus ponderosa / Carex siccata - Carex rossii Woodland Alliance","Southwest regional peer review (NM, AZ, CO, UT, NV)",2023-02-17 02:55:56,"E. Muldavin et al."
689172,"A2253","TT2.b3.Nb","Pinus ponderosa / Carex siccata - Carex rossii Woodland Alliance","Southwest regional peer review (NM, AZ, CO, UT, NV)",2023-02-17 02:55:44,"E. Muldavin et al."
683460,"A2253","TT2.b3.Nb","Pinus ponderosa / Carex siccata - Carex rossii Woodland Alliance","Southwest regional peer review (NM, AZ, CO, UT, NV)",2023-02-17 02:55:41,"E. Muldavin et al."
687528,"A2253","TT2.b3.Nb","Pinus ponderosa / Carex siccata - Carex rossii Woodland Alliance","Southwest regional peer review (NM, AZ, CO, UT, NV)",2023-02-17 02:55:35,"E. Muldavin et al."
688988,"A2253","TT2.b3.Nb","Pinus ponderosa / Carex siccata - Carex rossii Woodland Alliance","Southwest regional peer review (NM, AZ, CO, UT, NV)",2023-02-17 02:55:59,"E. Muldavin et al."
685127,"A2253","TT2.b3.Nb","Pinus ponderosa / Carex siccata - Carex rossii Woodland Alliance","Southwest regional peer review (NM, AZ, CO, UT, NV)",2023-02-17 02:55:53,"E. Muldavin et al."
685965,"A2253","TT2.b3.Nb","Pinus ponderosa / Carex siccata - Carex rossii Woodland Alliance","Texas USNVC reg'l review follow-up, May 2023",2023-08-14 06:25:57,"J. Singhurst, TX ecologists, D. Faber-Langendoen"
769233,"A2253","TT2.b3.Nb","Pinus ponderosa / Carex siccata - Carex rossii Woodland Alliance","Southwest regional peer review (NM, AZ, CO, UT, NV)",2023-02-17 02:56:09,"E. Muldavin et al."
686847,"A2253","TT2.b3.Nb","Pinus ponderosa / Carex siccata - Carex rossii Woodland Alliance","Southwest regional peer review (NM, AZ, CO, UT, NV)",2023-02-17 02:56:05,"E. Muldavin et al."
683793,"A2253","TT2.b3.Nb","Pinus ponderosa / Carex siccata - Carex rossii Woodland Alliance","Southwest regional peer review (NM, AZ, CO, UT, NV)",2023-02-17 02:55:49,"E. Muldavin et al."
686981,"A2253","TT2.b3.Nb","Pinus ponderosa / Carex siccata - Carex rossii Woodland Alliance","Southwest regional peer review (NM, AZ, CO, UT, NV)",2023-02-17 02:55:36,"E. Muldavin et al."
857878,"A2253","TT2.b3.Nb","Pinus ponderosa / Carex siccata - Carex rossii Woodland Alliance","Southwest regional peer review (NM, AZ, CO, UT, NV)",2023-02-17 02:55:34,"E. Muldavin et al."
820840,"A2253","TT2.b3.Nb","Pinus ponderosa / Carex siccata - Carex rossii Woodland Alliance","Southwest regional peer review (NM, AZ, CO, UT, NV)",2023-02-17 02:56:06,"E. Muldavin et al."
820837,"A2253","TT2.b3.Nb","Pinus ponderosa / Carex siccata - Carex rossii Woodland Alliance","Southwest regional peer review (NM, AZ, CO, UT, NV)",2023-02-17 02:55:51,"E. Muldavin et al."
820834,"A2253","TT2.b3.Nb","Pinus ponderosa / Carex siccata - Carex rossii Woodland Alliance","Southwest regional peer review (NM, AZ, CO, UT, NV)",2023-02-17 02:56:00,"E. Muldavin et al."
686686,"A2253","TT2.b3.Nb","Pinus ponderosa / Carex siccata - Carex rossii Woodland Alliance","Southwest regional peer review (NM, AZ, CO, UT, NV)",2023-02-17 02:56:03,"E. Muldavin et al."
684187,"A2253","TT2.b3.Nb","Pinus ponderosa / Carex siccata - Carex rossii Woodland Alliance","Southwest regional peer review (NM, AZ, CO, UT, NV)",2023-02-17 02:56:01,"E. Muldavin et al."
689727,"A2253","TT2.b3.Nb","Pinus ponderosa / Carex siccata - Carex rossii Woodland Alliance","Southwest regional peer review (NM, AZ, CO, UT, NV)",2023-02-17 02:55:45,"E. Muldavin et al."
688092,"A2253","TT2.b3.Nb","Pinus ponderosa / Carex siccata - Carex rossii Woodland Alliance","Southwest regional peer review (NM, AZ, CO, UT, NV)",2023-02-17 02:55:38,"E. Muldavin et al."
815414,"A2253","TT2.b3.Nb","Pinus ponderosa / Carex siccata - Carex rossii Woodland Alliance","Southwest regional peer review (NM, AZ, CO, UT, NV)",2023-02-17 02:55:55,"E. Muldavin et al."
784066,"A2253","TT2.b3.Nb","Pinus ponderosa / Carex siccata - Carex rossii Woodland Alliance","Southwest regional peer review (NM, AZ, CO, UT, NV)",2023-02-17 02:55:42,"E. Muldavin et al."
687274,"A2253","TT2.b3.Nb","Pinus ponderosa / Carex siccata - Carex rossii Woodland Alliance","Southwest regional peer review (NM, AZ, CO, UT, NV)",2023-02-17 02:56:08,"E. Muldavin et al."
687015,"A2253","TT2.b3.Nb","Pinus ponderosa / Carex siccata - Carex rossii Woodland Alliance","Southwest regional peer review (NM, AZ, CO, UT, NV)",2023-02-17 02:56:04,"E. Muldavin et al."
686633,"A2253","TT2.b3.Nb","Pinus ponderosa / Carex siccata - Carex rossii Woodland Alliance","Southwest regional peer review (NM, AZ, CO, UT, NV)",2023-02-17 02:55:57,"E. Muldavin et al."
685518,"A2253","TT2.b3.Nb","Pinus ponderosa / Carex siccata - Carex rossii Woodland Alliance","Southwest regional peer review (NM, AZ, CO, UT, NV)",2023-02-17 02:55:46,"E. Muldavin et al."
959215,"A2253","TT2.b3.Nb","Pinus ponderosa / Carex siccata - Carex rossii Woodland Alliance","Southwest regional peer review (NM, AZ, CO, UT, NV)",2023-02-17 02:56:11,"E. Muldavin et al."
689280,"A2253","TT2.b3.Nb","Pinus ponderosa / Carex siccata - Carex rossii Woodland Alliance","Southwest regional peer review (NM, AZ, CO, UT, NV)",2023-02-17 02:55:40,"E. Muldavin et al."
687528,"A2256","TT2.b3.Nb","Pinus ponderosa / Fallugia paradoxa - Ribes inerme Rocky Woodland Alliance","",2025-03-05 02:22:32,"D.Faber-Langendoen"
899964,"G789","TT4.b1.Nb","Central Appalachian Acidic Scrub & Grassland","",2019-01-24 12:00:00,"D. Faber-Langendoen"
899013,"G789","TT4.b1.Nb","Central Appalachian Acidic Scrub & Grassland","",2019-01-24 12:00:00,"D. Faber-Langendoen"
683220,"A2337","TT4.b1.Nb","Schizachyrium scoparium - Bigelowia nuttallii - Sedum pulchellum Glade Alliance","Southeast, Texarkana USNVC reg'l review, June 2023",2023-06-24 09:02:39,"Southeast + TX ecologists, D. Faber-Langendoen"
689461,"A2337","TT4.b1.Nb","Schizachyrium scoparium - Bigelowia nuttallii - Sedum pulchellum Glade Alliance","Southeast, Texarkana USNVC reg'l review, June 2023",2023-06-24 09:02:40,"Southeast + TX ecologists, D. Faber-Langendoen"
689523,"A2337","TT4.b1.Nb","Schizachyrium scoparium - Bigelowia nuttallii - Sedum pulchellum Glade Alliance","Southeast, Texarkana USNVC reg'l review, June 2023",2023-06-24 09:02:37,"Southeast + TX ecologists, D. Faber-Langendoen"
687316,"A2337","TT4.b1.Nb","Schizachyrium scoparium - Bigelowia nuttallii - Sedum pulchellum Glade Alliance","Southeast, Texarkana USNVC reg'l review, June 2023",2023-06-24 09:02:34,"Southeast + TX ecologists, D. Faber-Langendoen"
689006,"A2337","TT4.b1.Nb","Schizachyrium scoparium - Bigelowia nuttallii - Sedum pulchellum Glade Alliance","Southeast, Texarkana USNVC reg'l review, June 2023",2023-06-24 09:02:32,"Southeast + TX ecologists, D. Faber-Langendoen"
686200,"A2337","TT4.b1.Nb","Schizachyrium scoparium - Bigelowia nuttallii - Sedum pulchellum Glade Alliance","Southeast, Texarkana USNVC reg'l review, June 2023",2023-06-24 09:02:36,"Southeast + TX ecologists, D. Faber-Langendoen"
688579,"A2337","TT4.b1.Nb","Schizachyrium scoparium - Bigelowia nuttallii - Sedum pulchellum Glade Alliance","Southeast, Texarkana USNVC reg'l review, June 2023",2023-06-24 09:02:30,"Southeast + TX ecologists, D. Faber-Langendoen"
687696,"A2337","TT4.b1.Nb","Schizachyrium scoparium - Bigelowia nuttallii - Sedum pulchellum Glade Alliance","Southeast, Texarkana USNVC reg'l review, June 2023",2023-06-24 09:02:33,"Southeast + TX ecologists, D. Faber-Langendoen"
687290,"A2331","TT4.b1.Nb","Andropogon gerardii - Tripsacum dactyloides - Panicum rigidulum var. rigidulum Ridge & Valley Grassland Alliance","Southeast US reg'l review of USNVC, April 2023",2023-05-11 02:48:20,"D. Faber-Langendoen"
688660,"A2331","TT4.b1.Nb","Andropogon gerardii - Tripsacum dactyloides - Panicum rigidulum var. rigidulum Ridge & Valley Grassland Alliance","Southeast US reg'l review of USNVC, April 2023",2023-05-11 02:48:10,"D. Faber-Langendoen"
689158,"A2331","TT4.b1.Nb","Andropogon gerardii - Tripsacum dactyloides - Panicum rigidulum var. rigidulum Ridge & Valley Grassland Alliance","Southeast US reg'l review of USNVC, April 2023",2023-05-11 02:48:14,"D. Faber-Langendoen"
731002,"A2331","TT4.b1.Nb","Andropogon gerardii - Tripsacum dactyloides - Panicum rigidulum var. rigidulum Ridge & Valley Grassland Alliance","Southeast US reg'l review of USNVC, April 2023",2023-05-11 02:48:13,"D. Faber-Langendoen"
685133,"A2331","TT4.b1.Nb","Andropogon gerardii - Tripsacum dactyloides - Panicum rigidulum var. rigidulum Ridge & Valley Grassland Alliance","Southeast US reg'l review of USNVC, April 2023",2023-05-11 02:48:11,"D. Faber-Langendoen"
685336,"A2331","TT4.b1.Nb","Andropogon gerardii - Tripsacum dactyloides - Panicum rigidulum var. rigidulum Ridge & Valley Grassland Alliance","Southeast US reg'l review of USNVC, April 2023",2023-05-11 02:48:18,"D. Faber-Langendoen"
687666,"A2331","TT4.b1.Nb","Andropogon gerardii - Tripsacum dactyloides - Panicum rigidulum var. rigidulum Ridge & Valley Grassland Alliance","Southeast US reg'l review of USNVC, April 2023",2023-05-11 02:48:17,"D. Faber-Langendoen"
814166,"A2327","TT4.b1.Nb","Sorghastrum nutans - Lythrum alatum Blackland Wet-mesic Grassland Alliance","Southeast US reg'l review of USNVC, April 2023",2023-05-11 02:48:58,"D. Faber-Langendoen"
814166,"A2327","TT4.b1.Nb","Sorghastrum nutans - Lythrum alatum Blackland Wet-mesic Grassland Alliance","Southeast Grasslands revisions by D. Estes, SGI, et al",2024-02-23 08:28:31,"D. Estes et al"
686431,"A2327","TT4.b1.Nb","Sorghastrum nutans - Lythrum alatum Blackland Wet-mesic Grassland Alliance","Southeast US reg'l review of USNVC, April 2023",2023-05-11 02:49:05,"D. Faber-Langendoen"
686431,"A2327","TT4.b1.Nb","Sorghastrum nutans - Lythrum alatum Blackland Wet-mesic Grassland Alliance","Southeast Grasslands revisions by D. Estes, SGI, et al",2024-02-23 08:28:33,"D. Estes et al"
688971,"A2327","TT4.b1.Nb","Sorghastrum nutans - Lythrum alatum Blackland Wet-mesic Grassland Alliance","Southeast US reg'l review of USNVC, April 2023",2023-05-11 02:49:10,"D. Faber-Langendoen"
688763,"A2327","TT4.b1.Nb","Sorghastrum nutans - Lythrum alatum Blackland Wet-mesic Grassland Alliance","Southeast US reg'l review of USNVC, April 2023",2023-05-11 02:48:50,"D. Faber-Langendoen"
688763,"A2327","TT4.b1.Nb","Sorghastrum nutans - Lythrum alatum Blackland Wet-mesic Grassland Alliance","Southeast Grasslands revisions by D. Estes, SGI, et al",2024-02-23 08:28:32,"D. Estes et al"
686214,"A2327","TT4.b1.Nb","Sorghastrum nutans - Lythrum alatum Blackland Wet-mesic Grassland Alliance","Southeast US reg'l review of USNVC, April 2023",2023-05-11 02:49:08,"D. Faber-Langendoen"
687493,"A2327","TT4.b1.Nb","Sorghastrum nutans - Lythrum alatum Blackland Wet-mesic Grassland Alliance","Southeast US reg'l review of USNVC, April 2023",2023-05-11 02:49:04,"D. Faber-Langendoen"
685257,"A2327","TT4.b1.Nb","Sorghastrum nutans - Lythrum alatum Blackland Wet-mesic Grassland Alliance","Southeast US reg'l review of USNVC, April 2023",2023-05-11 02:49:00,"D. Faber-Langendoen"
685425,"A2327","TT4.b1.Nb","Sorghastrum nutans - Lythrum alatum Blackland Wet-mesic Grassland Alliance","Southeast US reg'l review of USNVC, April 2023",2023-05-11 02:49:06,"D. Faber-Langendoen"
685425,"A2327","TT4.b1.Nb","Sorghastrum nutans - Lythrum alatum Blackland Wet-mesic Grassland Alliance","Southeast Grasslands revisions by D. Estes, SGI, et al",2024-02-23 08:28:34,"D. Estes et al"
684285,"A2327","TT4.b1.Nb","Sorghastrum nutans - Lythrum alatum Blackland Wet-mesic Grassland Alliance","Southeast US reg'l review of USNVC, April 2023",2023-05-11 02:49:12,"D. Faber-Langendoen"
685999,"A2327","TT4.b1.Nb","Sorghastrum nutans - Lythrum alatum Blackland Wet-mesic Grassland Alliance","Southeast US reg'l review of USNVC, April 2023",2023-05-11 02:49:01,"D. Faber-Langendoen"
686209,"A2327","TT4.b1.Nb","Sorghastrum nutans - Lythrum alatum Blackland Wet-mesic Grassland Alliance","Southeast US reg'l review of USNVC, April 2023",2023-05-11 02:49:02,"D. Faber-Langendoen"
688454,"A2327","TT4.b1.Nb","Sorghastrum nutans - Lythrum alatum Blackland Wet-mesic Grassland Alliance","Southeast US reg'l review of USNVC, April 2023",2023-05-11 02:49:09,"D. Faber-Langendoen"
688454,"A2327","TT4.b1.Nb","Sorghastrum nutans - Lythrum alatum Blackland Wet-mesic Grassland Alliance","Southeast, Texarkana USNVC reg'l review, June 2023",2023-06-24 09:02:42,"Southeast + TX ecologists, D. Faber-Langendoen"
685886,"A2327","TT4.b1.Nb","Sorghastrum nutans - Lythrum alatum Blackland Wet-mesic Grassland Alliance","Southeast US reg'l review of USNVC, April 2023",2023-05-11 02:48:51,"D. Faber-Langendoen"
688301,"A2329","TT4.b1.Nb","Schizachyrium scoparium - Liatris punctata var. mucronata West Gulf Calcareous Grassland Alliance","IVC clean-up Dec 2023-Jan 2024",2024-02-23 08:34:58,"D. Faber-Langendoen, P. McIntyre, C. Nordman"
1284837,"A2329","TT4.b1.Nb","Schizachyrium scoparium - Liatris punctata var. mucronata West Gulf Calcareous Grassland Alliance","IVC clean-up Dec 2023-Jan 2024",2024-02-23 08:34:57,"D. Faber-Langendoen, P. McIntyre, C. Nordman"
684285,"A2329","TT4.b1.Nb","Schizachyrium scoparium - Liatris punctata var. mucronata West Gulf Calcareous Grassland Alliance","IVC clean-up Dec 2023-Jan 2024",2024-02-23 08:35:01,"D. Faber-Langendoen, P. McIntyre, C. Nordman"
689263,"A2329","TT4.b1.Nb","Schizachyrium scoparium - Liatris punctata var. mucronata West Gulf Calcareous Grassland Alliance","IVC clean-up Dec 2023-Jan 2024",2024-02-23 08:35:00,"D. Faber-Langendoen, P. McIntyre, C. Nordman"
1302654,"G1211","TT4.b1.Nb","Southeastern Ruderal Meadow & Shrubland","",2025-03-05 02:22:34,"D.Faber-Langendoen"
1302656,"G1211","TT4.b1.Nb","Southeastern Ruderal Meadow & Shrubland","",2025-03-05 02:22:37,"D.Faber-Langendoen"
899446,"G1211","TT4.b1.Nb","Southeastern Ruderal Meadow & Shrubland","",2025-03-05 02:22:38,"D.Faber-Langendoen"
899445,"G1211","TT4.b1.Nb","Southeastern Ruderal Meadow & Shrubland","",2025-03-05 02:22:33,"D.Faber-Langendoen"
688894,"A2402","TT4.b1.Nb","Andropogon gerardii - Andropogon virginicus Eastern Planted Grassland & Meadow Alliance","",2025-03-05 02:22:36,"D.Faber-Langendoen"
857230,"A2402","TT4.b1.Nb","Andropogon gerardii - Andropogon virginicus Eastern Planted Grassland & Meadow Alliance","USNVC 3.0 pre-release edits",2025-06-23 07:37:10,"D. Faber-Langendoen"
686749,"A4233","TT4.b1.Nf","Bromus spp. - Amaranthus spp. - Southern Plains Ruderal Grassland Alliance","Texas USNVC reg'l review follow-up, May 2023",2023-08-14 06:26:15,"J. Singhurst, TX ecologists, D. Faber-Langendoen"
1041374,"G1196","TT4.c1.Na","Western Boreal Mesic Alder - Willow Shrubland","",2025-03-05 02:22:40,"D.Faber-Langendoen"
1041379,"G1196","TT4.c1.Na","Western Boreal Mesic Alder - Willow Shrubland","",2025-03-05 02:22:41,"D.Faber-Langendoen"
688372,"A3996","TT4.d1.Na","Adiantum tenerum - Parietaria praetermissa - Pallavicinia lyellii Cliff Alliance","",2018-10-09 12:00:00,"M. Pyne"
687085,"A2071","TT4.d1.Na","Asplenium montanum - Umbilicaria mammulata Southern Appalachian Cliff & Rock Outcrop Alliance","New Hampshire EIA work & associated NVC refinements",2022-10-17 08:14:11,"W. Nichols, D Faber-Langendoen"
684346,"A2071","TT4.d1.Na","Asplenium montanum - Umbilicaria mammulata Southern Appalachian Cliff & Rock Outcrop Alliance","New Hampshire EIA work & associated NVC refinements",2022-10-17 08:14:15,"W. Nichols, D Faber-Langendoen"
688372,"A2071","TT4.d1.Na","Asplenium montanum - Umbilicaria mammulata Southern Appalachian Cliff & Rock Outcrop Alliance","Southeast, Texarkana USNVC reg'l review, June 2023",2023-06-24 09:04:02,"Southeast + TX ecologists, D. Faber-Langendoen"
686487,"A2076","TT4.d1.Na","Asplenium ruta-muraria - Cystopteris bulbifera Southern Appalachian Alkaline Cliff Alliance","New Hampshire EIA work & associated NVC refinements",2022-10-17 08:14:31,"W. Nichols, D Faber-Langendoen"
686196,"A3994","TT4.d1.Na","Hydrangea arborescens Southern Appalachian Mafic - Circumneutral Cliff Alliance","New Hampshire EIA work & associated NVC refinements",2022-10-17 08:14:22,"W. Nichols, D Faber-Langendoen"
688651,"A3994","TT4.d1.Na","Hydrangea arborescens Southern Appalachian Mafic - Circumneutral Cliff Alliance","USNVC NC revisions",2023-10-18 06:20:13,"M. Schafale, D. Faber-Langendoen"
686453,"A3994","TT4.d1.Na","Hydrangea arborescens Southern Appalachian Mafic - Circumneutral Cliff Alliance","Southeast, Texarkana USNVC reg'l review, June 2023",2023-06-24 09:04:03,"Southeast + TX ecologists, D. Faber-Langendoen"
688861,"A3994","TT4.d1.Na","Hydrangea arborescens Southern Appalachian Mafic - Circumneutral Cliff Alliance","New Hampshire EIA work & associated NVC refinements",2022-10-17 08:14:25,"W. Nichols, D Faber-Langendoen"
686252,"A3994","TT4.d1.Na","Hydrangea arborescens Southern Appalachian Mafic - Circumneutral Cliff Alliance","New Hampshire EIA work & associated NVC refinements",2022-10-17 08:14:51,"W. Nichols, D Faber-Langendoen"
795484,"A3994","TT4.d1.Na","Hydrangea arborescens Southern Appalachian Mafic - Circumneutral Cliff Alliance","New Hampshire EIA work & associated NVC refinements",2022-10-17 08:14:20,"W. Nichols, D Faber-Langendoen"
689684,"A3994","TT4.d1.Na","Hydrangea arborescens Southern Appalachian Mafic - Circumneutral Cliff Alliance","New Hampshire EIA work & associated NVC refinements",2022-10-17 08:14:19,"W. Nichols, D Faber-Langendoen"
689419,"A3915","TT4.d1.Na","Adiantum capillus-veneris Southern Appalachian Wet Cliff Alliance","New Hampshire EIA work & associated NVC refinements",2022-10-17 08:14:36,"W. Nichols, D Faber-Langendoen"
683901,"A3915","TT4.d1.Na","Adiantum capillus-veneris Southern Appalachian Wet Cliff Alliance","Southeast US reg'l review of USNVC, April 2023",2023-05-11 02:50:46,"D. Faber-Langendoen"
683093,"A3915","TT4.d1.Na","Adiantum capillus-veneris Southern Appalachian Wet Cliff Alliance","NC NVC peer review",2021-04-29 04:56:11,"D. Faber-Langendoen & M. Schafale"
687085,"A4229","TT4.d1.Na","Pellaea atropurpurea Central Appalachians-Northeast Non-Acidic Cliff & Talus Alliance","Northeast review, part 2",2020-12-16 06:42:18,"D. Faber-Langendoen"
687388,"A4229","TT4.d1.Na","Pellaea atropurpurea Central Appalachians-Northeast Non-Acidic Cliff & Talus Alliance","Northeast review, part 2",2020-12-16 06:42:19,"D. Faber-Langendoen"
687956,"A4229","TT4.d1.Na","Pellaea atropurpurea Central Appalachians-Northeast Non-Acidic Cliff & Talus Alliance","New Hampshire EIA work & associated NVC refinements",2022-10-17 08:14:55,"W. Nichols, D Faber-Langendoen"
899830,"G318","TT4.d1.Nb","North Pacific Montane Cliff, Talus & Rock Outcrop","",2025-03-05 02:22:45,"D.Faber-Langendoen"
899707,"G752","TP1.b1.Na","North Atlantic Coastal Interdunal Wetland","",2021-10-22 05:08:59,"D. Faber-Langendoen"
952647,"A2339","TP1.b1.Na","Panicum hemitomon - Eleocharis baldwinii - Ilex cassine Tidal Marsh Alliance","Southeast, Texarkana USNVC reg'l review, June 2023",2023-06-24 09:03:12,"Southeast + TX ecologists, D. Faber-Langendoen"
684151,"A2339","TP1.b1.Na","Panicum hemitomon - Eleocharis baldwinii - Ilex cassine Tidal Marsh Alliance","Southeast, Texarkana USNVC reg'l review, June 2023",2023-06-24 09:03:14,"Southeast + TX ecologists, D. Faber-Langendoen"
687875,"A2339","TP1.b1.Na","Panicum hemitomon - Eleocharis baldwinii - Ilex cassine Tidal Marsh Alliance","Southeast, Texarkana USNVC reg'l review, June 2023",2023-06-24 09:03:18,"Southeast + TX ecologists, D. Faber-Langendoen"
687843,"A2339","TP1.b1.Na","Panicum hemitomon - Eleocharis baldwinii - Ilex cassine Tidal Marsh Alliance","Southeast, Texarkana USNVC reg'l review, June 2023",2023-06-24 09:03:20,"Southeast + TX ecologists, D. Faber-Langendoen"
907668,"A2339","TP1.b1.Na","Panicum hemitomon - Eleocharis baldwinii - Ilex cassine Tidal Marsh Alliance","Southeast, Texarkana USNVC reg'l review, June 2023",2023-06-24 09:03:15,"Southeast + TX ecologists, D. Faber-Langendoen"
899175,"G903","TP1.b1.Nc","Appalachian-Northeast Wet Meadow & Shrub Swamp","KY + TN Southeast USNVC reg'l review follow-up, May 2023",2023-08-25 12:27:56,"C. Elam, KY ecologists, D. Faber-Langendoen"
685123,"A4405","TP1.c2.Na","Carex aquatilis var. dives - Carex cusickii Circumneutral Fen Alliance","Washington NCCN Wetlands",2021-12-26 11:10:51,"Tynan Ramm-Granberg"
684135,"A4405","TP1.c2.Na","Carex aquatilis var. dives - Carex cusickii Circumneutral Fen Alliance","Washington updates",2022-08-08 11:10:41,"T. Ramm-Granberg & D. Faber-Langendoen"
688088,"A4405","TP1.c2.Na","Carex aquatilis var. dives - Carex cusickii Circumneutral Fen Alliance","Washington NCCN Wetlands",2021-12-26 11:10:55,"Tynan Ramm-Granberg"
686523,"A4405","TP1.c2.Na","Carex aquatilis var. dives - Carex cusickii Circumneutral Fen Alliance","Washington NCCN Wetlands",2021-12-26 11:10:47,"Tynan Ramm-Granberg"
684699,"A4405","TP1.c2.Na","Carex aquatilis var. dives - Carex cusickii Circumneutral Fen Alliance","WA NCCN Uplands & Wetlands",2022-02-07 08:52:49,"T. Ramm-Granberg"
931850,"M554","TP2.a1.Nb","Eastern North American Freshwater Coastal Dune & Grassland","",2025-03-05 02:23:10,"D.Faber-Langendoen"
1281912,"A3683","MS2.a1.Na","Cakile spp. - Ipomoea spp. Beach Alliance","Texas USNVC reg'l review follow-up, May 2023",2023-08-14 12:00:00,"J. Singhurst, TX ecologists, D. Faber-Langendoen"
1277473,"G664","MS2.a1.Nb","Warm Pacific Coastal Beach, Dune & Sandy Bluff","",2024-06-21 04:45:25,"D.Faber-Langendoen"
899053,"G520","TP1.b1.Ne","Pacific-Rocky Mountain Subalpine-Alpine Snowbed & Wet Meadow","MT-ID-WY USNVC reg'l review follow-up, May 2023",2023-08-02 12:00:00,"MT, ID, WY ecologists, D. Faber-Langendoen"
899877,"G528","TP1.b1.Nf","Western Boreal Wet Meadow & Marsh","",2018-05-16 12:00:00,"D. Faber-Langendoen"
1268705,"G528","TP1.b1.Nf","Western Boreal Wet Meadow & Marsh","",2025-03-05 02:23:08,"D.Faber-Langendoen"
856702,"M125","TP1.c2.Na","North American Temperate Alkaline Fen","USNVC 3.0 pre-release edits",2025-06-17 07:12:23,"D. Faber-Langendoen"
860767,"M125","TP1.c2.Na","North American Temperate Alkaline Fen","USNVC 3.0 pre-release edits",2025-06-17 07:12:21,"D. Faber-Langendoen"
948499,"M125","TP1.c2.Na","North American Temperate Alkaline Fen","USNVC 3.0 pre-release edits",2025-06-17 07:12:24,"D. Faber-Langendoen"
835830,"M125","TP1.c2.Na","North American Temperate Alkaline Fen","USNVC 3.0 pre-release edits",2025-06-23 07:37:13,"D. Faber-Langendoen"
835830,"M125","TP1.c2.Na","North American Temperate Alkaline Fen","USNVC 3.0 pre-release edits",2025-06-17 07:12:24,"D. Faber-Langendoen"
948485,"M125","TP1.c2.Na","North American Temperate Alkaline Fen","USNVC 3.0 pre-release edits",2025-06-17 07:12:22,"D. Faber-Langendoen"
1352334,"M125","TP1.c2.Na","North American Temperate Alkaline Fen","USNVC 3.0 pre-release edits",2025-06-23 07:37:13,"D. Faber-Langendoen"
1352334,"M125","TP1.c2.Na","North American Temperate Alkaline Fen","USNVC 3.0 pre-release edits",2025-06-17 07:12:25,"D. Faber-Langendoen"
856702,"M126","TP1.c2.Nb","North American Boreal & Subboreal Alkaline Fen","USNVC 3.0 pre-release edits",2025-06-23 07:37:12,"D. Faber-Langendoen"
860767,"M126","TP1.c2.Nb","North American Boreal & Subboreal Alkaline Fen","USNVC 3.0 pre-release edits",2025-06-23 07:37:11,"D. Faber-Langendoen"
1267581,"M005","MB1.a2.Ua","Western Atlantic & Caribbean Mangrove","Adding new Groups, Alliances as part of 2023 Systems to Groups, Alliances review",2023-01-23 12:00:00,"D Faber-Langendoen"
1267579,"M005","MB1.a2.Ua","Western Atlantic & Caribbean Mangrove","Adding new Groups, Alliances as part of 2023 Systems to Groups, Alliances review",2023-01-23 12:00:00,"D Faber-Langendoen"
688025,"A2189","MB1.a3.Ed","Acrostichum aureum - Acrostichum danaeifolium Tidal Salt Flat Alliance","",2025-07-10 04:24:56,"D.Faber-Langendoen"
1041615,"M402","MS2.a1.Nc","North American Arctic Coastal Shore","",2025-03-05 02:23:11,"D.Faber-Langendoen"
899964,"G063","MS2.a1.Na","Northern Atlantic Coastal Plain Heathland & Grassland","",2024-06-28 12:22:34,"D.Faber-Langendoen"
1159135,"G063","MS2.a1.Na","Northern Atlantic Coastal Plain Heathland & Grassland","Northeast review, part 2",2020-12-16 12:00:00,"D. Faber-Langendoen"
899013,"G063","MS2.a1.Na","Northern Atlantic Coastal Plain Heathland & Grassland","Major QC of US-CAN-MX IVC",2024-03-20 08:30:08,"D. Faber-Langendoen"
899268,"G569","TT5.b1.Na","Warm Semi-desert Cliff, Scree & Pavement","Southwest regional peer review (NM, AZ, CO, UT, NV)",2023-02-17 02:58:29,"E. Muldavin et al."
902362,"G569","TT5.b1.Na","Warm Semi-desert Cliff, Scree & Pavement","Southwest regional peer review (NM, AZ, CO, UT, NV)",2023-02-17 02:58:23,"E. Muldavin et al."
900075,"G569","TT5.b1.Na","Warm Semi-desert Cliff, Scree & Pavement","Southwest regional peer review (NM, AZ, CO, UT, NV)",2023-02-17 02:58:26,"E. Muldavin et al."
1151271,"M008","TT2.a1.Na","Southern Mesic Mixed Broadleaf Forest","Southeast US reg'l review of USNVC, April 2023",2023-05-11 02:46:52,"D. Faber-Langendoen"
684592,"A3235","TT2.a1.Na","Quercus shumardii - Quercus pagoda - Fraxinus americana Calcareous Gulf Coastal Plain Forest Alliance","Southeast US reg'l review of USNVC, April 2023",2023-05-11 02:46:49,"D. Faber-Langendoen"
686085,"A3235","TT2.a1.Na","Quercus shumardii - Quercus pagoda - Fraxinus americana Calcareous Gulf Coastal Plain Forest Alliance","Southeast US reg'l review of USNVC, April 2023",2023-05-11 02:46:42,"D. Faber-Langendoen"
684541,"A3235","TT2.a1.Na","Quercus shumardii - Quercus pagoda - Fraxinus americana Calcareous Gulf Coastal Plain Forest Alliance","Southeast US reg'l review of USNVC, April 2023",2023-05-11 02:46:44,"D. Faber-Langendoen"
687554,"A3235","TT2.a1.Na","Quercus shumardii - Quercus pagoda - Fraxinus americana Calcareous Gulf Coastal Plain Forest Alliance","Southeast US reg'l review of USNVC, April 2023",2023-05-11 02:46:47,"D. Faber-Langendoen"
689650,"A3235","TT2.a1.Na","Quercus shumardii - Quercus pagoda - Fraxinus americana Calcareous Gulf Coastal Plain Forest Alliance","Southeast US reg'l review of USNVC, April 2023",2023-05-11 02:46:48,"D. Faber-Langendoen"
687997,"A3235","TT2.a1.Na","Quercus shumardii - Quercus pagoda - Fraxinus americana Calcareous Gulf Coastal Plain Forest Alliance","Southeast US reg'l review of USNVC, April 2023",2023-05-11 02:46:45,"D. Faber-Langendoen"
732869,"A3235","TT2.a1.Na","Quercus shumardii - Quercus pagoda - Fraxinus americana Calcareous Gulf Coastal Plain Forest Alliance","NVC163 Central Midwest regional review",2022-04-14 02:42:27,"D. Faber-Langendoen, M. Leahy, et al"
833194,"M007","TT2.a1.Na","Longleaf Pine Woodland","Southeast US reg'l review of USNVC, April 2023",2023-05-11 12:00:00,"D. Faber-Langendoen"
861435,"A3233","TT2.a1.Na","Albizia julibrissin - Broussonetia papyrifera - Melia azedarach Ruderal Forest Alliance","IVC clean-up Dec 2023-Jan 2024",2024-02-23 08:34:27,"D. Faber-Langendoen, P. McIntyre, C. Nordman"
838433,"D331","TT2.a1.Nb","Madrean Forest & Woodland","Texas USNVC reg'l review follow-up, May 2023",2023-08-14 06:25:52,"J. Singhurst, TX ecologists, D. Faber-Langendoen"
838440,"D331","TT2.a1.Nb","Madrean Forest & Woodland","Texas USNVC reg'l review follow-up, May 2023",2023-08-14 06:25:54,"J. Singhurst, TX ecologists, D. Faber-Langendoen"
833214,"M009","TT2.a1.Nc","Californian Forest & Woodland","California updates",2022-06-22 05:24:03,"J. Evens, R. Boul, D. Faber-Langendoen"
833287,"M502","TT2.b1.Na","Southern-Central Appalachian Dry Forest & Woodland","Appalachians",2020-05-05 12:00:00,"D. Faber-Langendoen"
931839,"M882","TT2.b1.Na","Central Midwest Mesic Forest","NVC163 Central Midwest regional review",2022-04-14 12:00:00,"D. Faber-Langendoen, M. Leahy, et al"
1242961,"G991","TT2.b1.Na","Midwest Woodland & Savanna","Shouldn't have been moved to G991 from G990.",2024-11-01 12:00:00,"D. Faber-Langendoen"
1159107,"M102","TT2.b1.Na","Laurentian Mesic Mixed Forest","final review of revisions to NVC in Northeast",2021-06-07 01:33:40,"D. Faber-Langendoen"
836760,"M503","TP1.a2.Nb","Central Hardwood Swamp","NVC130_G039 move to M032",2020-02-10 12:00:00,"D. Faber-Langendoen"
877402,"M503","TP1.a2.Nb","Central Hardwood Swamp","USNVC 3.0 pre-release edits",2025-06-23 07:37:11,"D. Faber-Langendoen"
836760,"M504","TP1.a2.Nb","Laurentian-Acadian Flooded Forest & Swamp","",2019-01-31 12:00:00,"D. Faber-Langendoen"
1159089,"M159","TT2.b1.Na","Laurentian Dry Forest & Woodland","NVC 143-128 descriptive edits",2021-08-18 12:00:00,"D. Faber-Langendoen"
833282,"M543","TT2.b1.Na","Central Interior Oak - Pine Forest & Woodland","Southeast US reg'l review of USNVC, April 2023",2023-05-11 02:46:59,"D. Faber-Langendoen"
833202,"M543","TT2.b1.Na","Central Interior Oak - Pine Forest & Woodland","Southeast US reg'l review of USNVC, April 2023",2023-05-11 12:00:00,"D. Faber-Langendoen"
1233782,"M543","TT2.b1.Na","Central Interior Oak - Pine Forest & Woodland","Southeast US reg'l review of USNVC, April 2023",2023-05-11 12:00:00,"D. Faber-Langendoen"
1242965,"G989","TT2.b1.Na","Ozark-Ouachita Oak - Shortleaf Pine Woodland & Savanna","KY + TN Southeast USNVC reg'l review follow-up, May 2023",2023-08-25 12:27:38,"C. Elam, KY ecologists, D. Faber-Langendoen"
1233788,"G989","TT2.b1.Na","Ozark-Ouachita Oak - Shortleaf Pine Woodland & Savanna","KY + TN Southeast USNVC reg'l review follow-up, May 2023",2023-08-25 12:27:39,"C. Elam, KY ecologists, D. Faber-Langendoen"
1233814,"G986","TT2.b1.Na","Interior Low Plateau Woodland, Savanna & Barrens","KY + TN Southeast USNVC reg'l review follow-up, May 2023",2023-08-25 12:27:25,"C. Elam, KY ecologists, D. Faber-Langendoen"
899020,"G986","TT2.b1.Na","Interior Low Plateau Woodland, Savanna & Barrens","KY + TN Southeast USNVC reg'l review follow-up, May 2023",2023-08-25 12:27:10,"C. Elam, KY ecologists, D. Faber-Langendoen"
899400,"G986","TT2.b1.Na","Interior Low Plateau Woodland, Savanna & Barrens","KY + TN Southeast USNVC reg'l review follow-up, May 2023",2023-08-25 12:27:17,"C. Elam, KY ecologists, D. Faber-Langendoen"
899397,"G986","TT2.b1.Na","Interior Low Plateau Woodland, Savanna & Barrens","KY + TN Southeast USNVC reg'l review follow-up, May 2023",2023-08-25 12:27:19,"C. Elam, KY ecologists, D. Faber-Langendoen"
873192,"G986","TT2.b1.Na","Interior Low Plateau Woodland, Savanna & Barrens","KY + TN Southeast USNVC reg'l review follow-up, May 2023",2023-08-25 12:27:12,"C. Elam, KY ecologists, D. Faber-Langendoen"
849198,"M544","TT2.b1.Nb","Southern Great Plains Forest & Woodland","Texas USNVC reg'l review follow-up, May 2023",2023-08-14 06:26:24,"J. Singhurst, TX ecologists, D. Faber-Langendoen"
1179990,"M544","TT2.b1.Nb","Southern Great Plains Forest & Woodland","Texas USNVC reg'l review follow-up, May 2023",2023-08-14 12:00:00,"J. Singhurst, TX ecologists, D. Faber-Langendoen"
849207,"M544","TT2.b1.Nb","Southern Great Plains Forest & Woodland","Texas USNVC reg'l review follow-up, May 2023",2023-08-14 06:26:21,"J. Singhurst, TX ecologists, D. Faber-Langendoen"
849192,"M544","TT2.b1.Nb","Southern Great Plains Forest & Woodland","Texas USNVC reg'l review follow-up, May 2023",2023-08-14 12:00:00,"J. Singhurst, TX ecologists, D. Faber-Langendoen"
856641,"M544","TT2.b1.Nb","Southern Great Plains Forest & Woodland","Texas USNVC reg'l review follow-up, May 2023",2023-08-14 06:26:02,"J. Singhurst, TX ecologists, D. Faber-Langendoen"
1132396,"M524","TT2.b1.Nb","Great Plains Ruderal Woodland","Great Plains Peer Review",2019-11-04 12:00:00,"D. Faber-Langendoen"
833212,"M024","TT2.b2.Na","North Pacific Coastal Rainforest","",2025-03-05 02:22:13,"D.Faber-Langendoen"
959283,"A3571","TT2.b3.Na","Pinus edulis - Juniperus osteosperma Foothill & Lower Montane Dry-mesic Shrubby Woodland Alliance","",2025-03-05 02:22:14,"D.Faber-Langendoen"
899776,"G853","TP1.a2.Nf","North-Central Pacific Maritime Lowland Swamp","Washington NCCN Wetlands",2021-12-26 11:10:11,"Tynan Ramm-Granberg"
898957,"G037","TP1.a2.Na","Southern Coastal Plain Mixed Evergreen Swamp","Southeast US reg'l review of USNVC, April 2023",2023-05-11 02:47:22,"D. Faber-Langendoen"
899541,"G902","TP1.a2.Nb","Central Appalachian-Northeast Acidic Swamp","New York NVC peer review",2021-04-29 04:21:37,"D. Faber-Langendoen & NYHP"
870954,"G902","TP1.a2.Nb","Central Appalachian-Northeast Acidic Swamp","NVC130_G039 move to M032",2020-02-10 03:33:58,"D. Faber-Langendoen"
899932,"G918","TP1.a2.Nb","Central Appalachian-Northeast Alkaline Swamp","Peer review project",2021-04-29 10:26:37,""
1159125,"G918","TP1.a2.Nb","Central Appalachian-Northeast Alkaline Swamp","New York NVC peer review",2021-04-29 04:21:38,"D. Faber-Langendoen & NYHP"
1146928,"G918","TP1.a2.Nb","Central Appalachian-Northeast Alkaline Swamp","Peer review project",2021-04-29 10:26:38,""
1146928,"G046","TP1.a2.Nb","Laurentian-Acadian Alkaline Swamp","New Hampshire EIA work & associated NVC refinements",2022-10-17 08:14:01,"W. Nichols, D Faber-Langendoen"
1146928,"G046","TP1.a2.Nb","Laurentian-Acadian Alkaline Swamp","New York NVC peer review",2021-04-29 04:21:38,"D. Faber-Langendoen & NYHP"
1225219,"G505","TP1.a2.Nd","Rocky Mountain-Great Basin Swamp","WA NCCN Uplands & Wetlands",2022-02-07 08:52:40,"T. Ramm-Granberg"
685639,"A4085","TP1.a2.Na","Taxodium ascendens / Annona glabra / Rhynchospora spp. Subtropical Swamp Alliance","Southeast US reg'l review of USNVC, April 2023",2023-05-11 02:47:15,"D. Faber-Langendoen"
686969,"A2321","TP1.a2.Na","Taxodium ascendens / Carex striata - Rhynchospora careyana Swamp Alliance","Southeast, Texarkana USNVC reg'l review, June 2023",2023-06-24 12:00:00,"Southeast + TX ecologists, D. Faber-Langendoen"
686969,"A3340","TP1.a2.Na","Taxodium ascendens / Cyrilla racemiflora Swamp Alliance","Southeast US reg'l review of USNVC, April 2023",2023-05-11 12:00:00,"D. Faber-Langendoen"
686969,"A3340","TP1.a2.Na","Taxodium ascendens / Cyrilla racemiflora Swamp Alliance","NC NVC peer review",2021-04-29 12:00:00,"D. Faber-Langendoen & M. Schafale"
686514,"A3636","TP1.a2.Na","Nyssa biflora - Nyssa ogeche Depressional Swamp Alliance","Appalachians, Piedmont review, part 2",2020-12-09 12:40:31,"D. Faber-Langendoen"
685115,"A3636","TP1.a2.Na","Nyssa biflora - Nyssa ogeche Depressional Swamp Alliance","",2024-06-21 04:45:27,"D.Faber-Langendoen"
684512,"A3635","TP1.a2.Na","Nyssa biflora Swamp Alliance","Southeast, Texarkana USNVC reg'l review, June 2023",2023-06-24 09:01:32,"Southeast + TX ecologists, D. Faber-Langendoen"
686501,"A3635","TP1.a2.Na","Nyssa biflora Swamp Alliance","NC NVC peer review",2021-04-29 04:56:09,"D. Faber-Langendoen & M. Schafale"
688311,"A0196","TP1.a2.Na","Chamaecyparis thyoides Swamp Alliance","Southeast US reg'l review of USNVC, April 2023",2023-05-11 02:47:18,"D. Faber-Langendoen"
688121,"A0196","TP1.a2.Na","Chamaecyparis thyoides Swamp Alliance","Southeast US reg'l review of USNVC, April 2023",2023-05-11 02:47:19,"D. Faber-Langendoen"
688673,"A0196","TP1.a2.Na","Chamaecyparis thyoides Swamp Alliance","Southeast US reg'l review of USNVC, April 2023",2023-05-11 02:47:20,"D. Faber-Langendoen"
899495,"G225","TT2.b3.Nb","Southern Rocky Mountain Mesic-Moist Mixed Conifer Forest","Interior West remaining edits per J. Triepke, USFS",2022-07-07 07:44:49,"J. Triepke, P. McIntyre, D. Faber-Langendoen"
833214,"M886","TT2.b3.Nc","Californian-North Pacific Dry Foothill Forest & Woodland","Marin & San Mateo Counties CNPS USNVC review",2023-04-05 05:37:43,"Evens, J., Boul, R., McIntyre, P."
835742,"M020","TT2.b3.Nd","Rocky Mountain Subalpine-Upper Montane Forest & Woodland","Interior West remaining edits per J. Triepke, USFS",2022-07-07 07:44:53,"J. Triepke, P. McIntyre, D. Faber-Langendoen"
857475,"G101","TT2.b3.Nd","Rocky Mountain Montane-Subalpine Limber Pine Woodland","Interior West, Rocky Mountain Uplands review",2022-01-03 10:01:42,"F.J. Triepke, P. McIntyre, D. Faber-Langendoen"
857460,"G101","TT2.b3.Nd","Rocky Mountain Montane-Subalpine Limber Pine Woodland","Interior West, Rocky Mountain Uplands review",2022-01-03 10:01:40,"F.J. Triepke, P. McIntyre, D. Faber-Langendoen"
898999,"G101","TT2.b3.Nd","Rocky Mountain Montane-Subalpine Limber Pine Woodland","Interior West, Rocky Mountain Uplands review",2022-01-03 10:01:37,"F.J. Triepke, P. McIntyre, D. Faber-Langendoen"
866482,"G101","TT2.b3.Nd","Rocky Mountain Montane-Subalpine Limber Pine Woodland","Interior West, Rocky Mountain Uplands review",2022-01-03 10:01:44,"F.J. Triepke, P. McIntyre, D. Faber-Langendoen"
685247,"A0378","TP1.a2.Na","Magnolia virginiana - Nyssa biflora - Quercus laurifolia Southeast Swamp Alliance","Appalachians, Piedmont review, part 2",2020-12-09 12:40:39,"D. Faber-Langendoen"
688892,"A0378","TP1.a2.Na","Magnolia virginiana - Nyssa biflora - Quercus laurifolia Southeast Swamp Alliance","Appalachians, Piedmont review, part 2",2020-12-09 12:40:36,"D. Faber-Langendoen"
687297,"A0378","TP1.a2.Na","Magnolia virginiana - Nyssa biflora - Quercus laurifolia Southeast Swamp Alliance","Appalachians, Piedmont review, part 2",2020-12-09 12:40:37,"D. Faber-Langendoen"
688673,"A0378","TP1.a2.Na","Magnolia virginiana - Nyssa biflora - Quercus laurifolia Southeast Swamp Alliance","USNVC VA clean-up",2023-12-22 03:05:12,"K. Pattersons, D. Faber-Langendoen"
688673,"A0378","TP1.a2.Na","Magnolia virginiana - Nyssa biflora - Quercus laurifolia Southeast Swamp Alliance","Southeast, Texarkana USNVC reg'l review, June 2023",2023-06-24 09:01:37,"Southeast + TX ecologists, D. Faber-Langendoen"
687899,"A2058","TP1.a2.Na","Acer rubrum - Nyssa sylvatica Swamp Alliance","Appalachians, Piedmont review, part 2",2020-12-09 12:40:40,"D. Faber-Langendoen"
683445,"A2058","TP1.a2.Na","Acer rubrum - Nyssa sylvatica Swamp Alliance","USNVC 3.0 pre-release edits",2025-06-23 07:37:11,"D. Faber-Langendoen"
688103,"A2058","TP1.a2.Na","Acer rubrum - Nyssa sylvatica Swamp Alliance","NVC130_G039 move to M032",2020-02-10 03:33:56,"D. Faber-Langendoen"
736389,"A3415","TP1.a2.Na","Chamaecyparis thyoides Mid-Atlantic Streamside Swamp Alliance","Northeast review 2020",2020-08-10 08:47:32,"D. Faber-Langendoen"
736386,"A3415","TP1.a2.Na","Chamaecyparis thyoides Mid-Atlantic Streamside Swamp Alliance","Northeast review 2020",2020-08-10 08:47:32,"D. Faber-Langendoen"
686636,"A3637","TP1.a2.Na","Liquidambar styraciflua - Acer rubrum / Morella cerifera Mid-Atlantic Swamp Alliance","NC NVC peer review",2021-04-29 04:56:09,"D. Faber-Langendoen & M. Schafale"
684595,"A3637","TP1.a2.Na","Liquidambar styraciflua - Acer rubrum / Morella cerifera Mid-Atlantic Swamp Alliance","Appalachians, Piedmont review, part 2",2020-12-09 12:40:41,"D. Faber-Langendoen"
731101,"A3637","TP1.a2.Na","Liquidambar styraciflua - Acer rubrum / Morella cerifera Mid-Atlantic Swamp Alliance","Southeast, Texarkana USNVC reg'l review, June 2023",2023-06-24 09:01:40,"Southeast + TX ecologists, D. Faber-Langendoen"
687406,"A3637","TP1.a2.Na","Liquidambar styraciflua - Acer rubrum / Morella cerifera Mid-Atlantic Swamp Alliance","Southeast US reg'l review of USNVC, April 2023",2023-05-11 02:47:24,"D. Faber-Langendoen"
686071,"A3625","TP1.a2.Na","Liquidambar styraciflua - Fraxinus pennsylvanica - Acer rubrum Flooded Forest & Swamp Alliance","Appalachians, Piedmont review, part 2",2020-12-09 12:40:42,"D. Faber-Langendoen"
683872,"A3625","TP1.a2.Na","Liquidambar styraciflua - Fraxinus pennsylvanica - Acer rubrum Flooded Forest & Swamp Alliance","Appalachians, Piedmont review, part 2",2020-12-09 12:40:45,"D. Faber-Langendoen"
686407,"A3625","TP1.a2.Na","Liquidambar styraciflua - Fraxinus pennsylvanica - Acer rubrum Flooded Forest & Swamp Alliance","Appalachians, Piedmont review, part 2",2020-12-09 12:40:44,"D. Faber-Langendoen"
731101,"A3625","TP1.a2.Na","Liquidambar styraciflua - Fraxinus pennsylvanica - Acer rubrum Flooded Forest & Swamp Alliance","NC NVC peer review",2021-04-29 04:56:10,"D. Faber-Langendoen & M. Schafale"
690076,"A3634","TP1.a2.Na","Quercus virginiana - Quercus pagoda - Quercus nigra Coastal Plain Swamp Alliance","Southeast, Texarkana USNVC reg'l review, June 2023",2023-06-24 09:01:51,"Southeast + TX ecologists, D. Faber-Langendoen"
685677,"A3629","TP1.a2.Na","Quercus lyrata - Quercus phellos - Carya aquatica Swamp Alliance","Southeast, Texarkana USNVC reg'l review, June 2023",2023-06-24 09:01:44,"Southeast + TX ecologists, D. Faber-Langendoen"
687255,"A3629","TP1.a2.Na","Quercus lyrata - Quercus phellos - Carya aquatica Swamp Alliance","Southeast US reg'l review of USNVC, April 2023",2023-05-11 02:47:28,"D. Faber-Langendoen"
689572,"A3629","TP1.a2.Na","Quercus lyrata - Quercus phellos - Carya aquatica Swamp Alliance","Appalachians, Piedmont review, part 2",2020-12-09 12:40:54,"D. Faber-Langendoen"
688934,"A3629","TP1.a2.Na","Quercus lyrata - Quercus phellos - Carya aquatica Swamp Alliance","Southeast US reg'l review of USNVC, April 2023",2023-05-11 02:47:26,"D. Faber-Langendoen"
683670,"A3629","TP1.a2.Na","Quercus lyrata - Quercus phellos - Carya aquatica Swamp Alliance","Southeast, Texarkana USNVC reg'l review, June 2023",2023-06-24 09:01:43,"Southeast + TX ecologists, D. Faber-Langendoen"
687561,"A3629","TP1.a2.Na","Quercus lyrata - Quercus phellos - Carya aquatica Swamp Alliance","Southeast US reg'l review of USNVC, April 2023",2023-05-11 02:47:29,"D. Faber-Langendoen"
731157,"A0652","TP1.a2.Na","Taxodium distichum - Taxodium ascendens / Panicum hemitomon Lakeshore Swamp Alliance","NC NVC peer review",2021-04-29 04:56:08,"D. Faber-Langendoen & M. Schafale"
687915,"A2389","TP1.a2.Na","Triadica sebifera Ruderal Flooded Forest & Swamp Alliance","IVC clean-up Dec 2023-Jan 2024",2024-02-23 08:34:44,"D. Faber-Langendoen, P. McIntyre, C. Nordman"
687813,"A2389","TP1.a2.Na","Triadica sebifera Ruderal Flooded Forest & Swamp Alliance","IVC clean-up Dec 2023-Jan 2024",2024-02-23 08:34:46,"D. Faber-Langendoen, P. McIntyre, C. Nordman"
683299,"A2389","TP1.a2.Na","Triadica sebifera Ruderal Flooded Forest & Swamp Alliance","IVC clean-up Dec 2023-Jan 2024",2024-02-23 08:34:47,"D. Faber-Langendoen, P. McIntyre, C. Nordman"
688268,"A4460","TP1.a2.Nb","Acer rubrum - Nyssa sylvatica Acidic Swamp Alliance","Northeast review 2020",2020-08-10 08:47:28,"D. Faber-Langendoen"
688675,"A4460","TP1.a2.Nb","Acer rubrum - Nyssa sylvatica Acidic Swamp Alliance","Northeast review 2020",2020-08-10 08:47:28,"D. Faber-Langendoen"
689612,"A4460","TP1.a2.Nb","Acer rubrum - Nyssa sylvatica Acidic Swamp Alliance","Northeast review 2020",2020-08-10 08:47:29,"D. Faber-Langendoen"
685788,"A4460","TP1.a2.Nb","Acer rubrum - Nyssa sylvatica Acidic Swamp Alliance","Appalachians, Piedmont review, part 2",2020-12-09 12:00:00,"D. Faber-Langendoen"
688103,"A4460","TP1.a2.Nb","Acer rubrum - Nyssa sylvatica Acidic Swamp Alliance","Northeast review 2020",2020-08-10 08:47:28,"D. Faber-Langendoen"
686717,"A4460","TP1.a2.Nb","Acer rubrum - Nyssa sylvatica Acidic Swamp Alliance","Northeast review 2020",2020-08-10 08:47:29,"D. Faber-Langendoen"
686573,"A4460","TP1.a2.Nb","Acer rubrum - Nyssa sylvatica Acidic Swamp Alliance","Northeast review 2020",2020-08-10 08:47:29,"D. Faber-Langendoen"
868660,"A3416","TP1.a2.Nb","Betula alleghaniensis - Tsuga canadensis Swamp Alliance","USNVC VA clean-up",2023-12-22 03:05:08,"K. Pattersons, D. Faber-Langendoen"
689899,"A3416","TP1.a2.Nb","Betula alleghaniensis - Tsuga canadensis Swamp Alliance","USNVC VA clean-up",2023-12-22 03:05:07,"K. Pattersons, D. Faber-Langendoen"
683857,"A3416","TP1.a2.Nb","Betula alleghaniensis - Tsuga canadensis Swamp Alliance","Northeast review, part 2",2020-12-16 12:00:00,"D. Faber-Langendoen"
683857,"A3416","TP1.a2.Nb","Betula alleghaniensis - Tsuga canadensis Swamp Alliance","",2021-10-22 05:08:56,"D. Faber-Langendoen"
683857,"A4461","TP1.a2.Nb","Acer rubrum - Fraxinus pennsylvanica Northeast Alkaline Swamp Alliance","New York NVC peer review",2021-04-29 04:21:38,"D. Faber-Langendoen & NYHP"
686717,"A4461","TP1.a2.Nb","Acer rubrum - Fraxinus pennsylvanica Northeast Alkaline Swamp Alliance","USNVC VA clean-up",2023-12-22 03:05:11,"K. Pattersons, D. Faber-Langendoen"
731174,"A4461","TP1.a2.Nb","Acer rubrum - Fraxinus pennsylvanica Northeast Alkaline Swamp Alliance","Northeast review 2020",2020-08-10 08:47:29,"D. Faber-Langendoen"
684410,"A4461","TP1.a2.Nb","Acer rubrum - Fraxinus pennsylvanica Northeast Alkaline Swamp Alliance","Northeast review 2020",2020-08-10 08:47:30,"D. Faber-Langendoen"
683595,"A4476","TP1.a2.Nb","Quercus palustris - Quercus bicolor - Acer rubrum Appalachian Swamp Alliance","",2024-06-21 04:45:37,"D.Faber-Langendoen"
1041044,"G349","TT2.c1.Na","Alaskan Boreal Dry Woodland","",2025-05-05 08:39:05,"D.Faber-Langendoen"
860832,"M671","TT3.a1.Ea","Caribbean Dry Scrub","USNVC prelim review Aug 2023",2023-08-29 06:25:46,"D. Faber-Langendoen"
728816,"A0230","TP1.a2.Nb","Quercus alba - Fagus grandifolia Flatwoods & Swamp Alliance","Northeast review 2020",2020-08-10 08:47:25,"D. Faber-Langendoen"
721899,"A0230","TP1.a2.Nb","Quercus alba - Fagus grandifolia Flatwoods & Swamp Alliance","Northeast review 2020",2020-08-10 08:47:25,"D. Faber-Langendoen"
1176983,"A4465","TP1.a2.Nb","Thuja occidentalis - Acer rubrum - Abies balsamea Acadian-Appalachian Swamp Alliance","NVC163 Central Midwest regional review",2022-04-14 02:43:46,"D. Faber-Langendoen, M. Leahy, et al"
690084,"A4464","TP1.a2.Nb","Thuja occidentalis - Acer rubrum - Larix laricina Laurentian Swamp Alliance","Northeast review 2020",2020-08-10 08:47:31,"D. Faber-Langendoen"
683296,"A4464","TP1.a2.Nb","Thuja occidentalis - Acer rubrum - Larix laricina Laurentian Swamp Alliance","Northeast review 2020",2020-08-10 08:47:31,"D. Faber-Langendoen"
689486,"A4464","TP1.a2.Nb","Thuja occidentalis - Acer rubrum - Larix laricina Laurentian Swamp Alliance","Northeast review 2020",2020-08-10 08:47:31,"D. Faber-Langendoen"
689486,"A4464","TP1.a2.Nb","Thuja occidentalis - Acer rubrum - Larix laricina Laurentian Swamp Alliance","",2026-01-26 06:48:16,"D.Faber-Langendoen"
688456,"A4464","TP1.a2.Nb","Thuja occidentalis - Acer rubrum - Larix laricina Laurentian Swamp Alliance","Northeast review 2020",2020-08-10 12:00:00,"D. Faber-Langendoen"
683188,"A4464","TP1.a2.Nb","Thuja occidentalis - Acer rubrum - Larix laricina Laurentian Swamp Alliance","Northeast review 2020",2020-08-10 08:47:31,"D. Faber-Langendoen"
686037,"A4464","TP1.a2.Nb","Thuja occidentalis - Acer rubrum - Larix laricina Laurentian Swamp Alliance","Northeast review 2020",2020-08-10 08:47:31,"D. Faber-Langendoen"
686709,"A4464","TP1.a2.Nb","Thuja occidentalis - Acer rubrum - Larix laricina Laurentian Swamp Alliance","Northeast review 2020",2020-08-10 08:47:31,"D. Faber-Langendoen"
688278,"A4464","TP1.a2.Nb","Thuja occidentalis - Acer rubrum - Larix laricina Laurentian Swamp Alliance","Northeast review 2020",2020-08-10 08:47:31,"D. Faber-Langendoen"
687799,"A3418","TP1.a2.Nb","Picea rubens Acadian-Appalachian Swamp Alliance","Vermont",2020-04-29 01:14:16,"D. Faber-Langendoen"
686890,"A3418","TP1.a2.Nb","Picea rubens Acadian-Appalachian Swamp Alliance","Vermont",2020-04-29 12:00:00,"D. Faber-Langendoen"
687548,"A3418","TP1.a2.Nb","Picea rubens Acadian-Appalachian Swamp Alliance","Vermont",2020-04-29 01:14:17,"D. Faber-Langendoen"
868660,"A3417","TP1.a2.Nb","Picea rubens Central Appalachian Swamp Alliance","Appalachians, Piedmont review, part 2",2020-12-09 12:40:28,"D. Faber-Langendoen"
801805,"A3417","TP1.a2.Nb","Picea rubens Central Appalachian Swamp Alliance","Northeast review, part 2",2020-12-16 06:42:27,"D. Faber-Langendoen"
685941,"A3775","TP1.a2.Nd","Picea engelmannii Swamp Alliance","Washington updates",2022-08-08 11:10:03,"T. Ramm-Granberg & D. Faber-Langendoen"
685997,"A3758","TP1.a2.Nd","Pinus contorta var. murrayana - Pinus contorta var. latifolia Swamp Alliance","California updates",2022-06-22 05:25:24,"J. Evens, R. Boul, D. Faber-Langendoen"
686290,"A3758","TP1.a2.Nd","Pinus contorta var. murrayana - Pinus contorta var. latifolia Swamp Alliance","California updates",2022-06-22 05:25:26,"J. Evens, R. Boul, D. Faber-Langendoen"
683077,"A0197","TP1.a2.Ne","Picea mariana - Larix laricina / Sphagnum spp. Poor Swamp Alliance","",2017-10-03 12:00:00,"D. Faber-Langendoen"
685997,"A3755","TP1.a2.Nf","Pinus contorta Interdunal Swamp Alliance","Washington NCCN Wetlands",2021-12-26 11:10:21,"Tynan Ramm-Granberg"
686290,"A3755","TP1.a2.Nf","Pinus contorta Interdunal Swamp Alliance","Washington NCCN Wetlands",2021-12-26 11:10:24,"Tynan Ramm-Granberg"
685280,"A3755","TP1.a2.Nf","Pinus contorta Interdunal Swamp Alliance","Washington NCCN Wetlands",2021-12-26 11:10:16,"Tynan Ramm-Granberg"
683415,"A4285","TP1.a2.Nf","Tsuga heterophylla - Picea sitchensis / Lysichiton americanus Swamp Alliance","Washington NCCN Wetlands",2021-12-26 11:10:39,"Tynan Ramm-Granberg"
683128,"A4285","TP1.a2.Nf","Tsuga heterophylla - Picea sitchensis / Lysichiton americanus Swamp Alliance","Washington NCCN Wetlands",2021-12-26 11:10:33,"Tynan Ramm-Granberg"
979512,"A3766","TP1.a2.Nf","Tsuga (mertensiana, heterophylla) - Abies amabilis Riparian Forest & Swamp Alliance","",2018-05-15 12:00:00,"D. Faber-Langendoen"
856658,"M045","TT4.a1.Na","Californian Annual & Perennial Grassland","USNVC California review",2023-02-20 12:00:00,"Evens, J., R. Boul, D. Faber-Langendoen"
836040,"D061","TT4.a1.Nb","Western North American Interior Chaparral","California updates",2022-06-22 05:25:46,"J. Evens, R. Boul, D. Faber-Langendoen"
1279614,"D335","TT4.b1.Na","Floridian Grassland & Scrub","KY + TN Southeast USNVC reg'l review follow-up, May 2023",2023-08-25 12:27:46,"C. Elam, KY ecologists, D. Faber-Langendoen"
931844,"M506","TT4.b1.Nb","Appalachian Rocky Felsic & Mafic Scrub & Grassland","",2019-01-24 12:00:00,"D. Faber-Langendoen"
1268477,"G179","TT4.b1.Nb","Central Interior Alkaline Glade & Barrens","Southeast, Texarkana USNVC reg'l review, June 2023",2023-06-30 01:16:46,"Southeast + TX ecologists, D. Faber-Langendoen"
839432,"M555","TT4.b1.Nb","Eastern Ruderal Grassland & Shrubland","IVC clean-up Dec 2023-Jan 2024",2024-02-23 12:00:00,"D. Faber-Langendoen, P. McIntyre, C. Nordman"
877354,"D333","TT4.b1.Nc","Laurentian-Acadian Grassland & Shrubland","KY + TN Southeast USNVC reg'l review follow-up, May 2023",2023-08-25 12:27:58,"C. Elam, KY ecologists, D. Faber-Langendoen"
877355,"D333","TT4.b1.Nc","Laurentian-Acadian Grassland & Shrubland","KY + TN Southeast USNVC reg'l review follow-up, May 2023",2023-08-25 12:27:41,"C. Elam, KY ecologists, D. Faber-Langendoen"
877358,"D333","TT4.b1.Nc","Laurentian-Acadian Grassland & Shrubland","KY + TN Southeast USNVC reg'l review follow-up, May 2023",2023-08-25 12:27:59,"C. Elam, KY ecologists, D. Faber-Langendoen"
836040,"D022","TT4.b1.Ne","Western North American Grassland & Shrubland","Western chaparral, shrubland etc updates Aug 2023",2023-08-25 06:12:32,"Member program ecologists, D. Faber-Langendoen"
1222763,"G305","TT4.b1.Ne","Central Rocky Mountain-North Pacific High Montane Mesic Shrubland","Washington updates",2022-08-08 11:10:20,"T. Ramm-Granberg & D. Faber-Langendoen"
836914,"M547","TT4.b1.Ne","Rocky Mountain Grassland & Meadow","Western chaparral, shrubland etc updates Aug 2023",2023-08-25 12:00:00,"Member program ecologists, D. Faber-Langendoen"
836944,"M547","TT4.b1.Ne","Rocky Mountain Grassland & Meadow","Western chaparral, shrubland etc updates Aug 2023",2023-08-25 12:00:00,"Member program ecologists, D. Faber-Langendoen"
836901,"M547","TT4.b1.Ne","Rocky Mountain Grassland & Meadow","Western chaparral, shrubland etc updates Aug 2023",2023-08-25 06:12:23,"Member program ecologists, D. Faber-Langendoen"
837856,"M547","TT4.b1.Ne","Rocky Mountain Grassland & Meadow","Western chaparral, shrubland etc updates Aug 2023",2023-08-25 06:12:29,"Member program ecologists, D. Faber-Langendoen"
905187,"G273","TT4.b1.Ne","Central Rocky Mountain Lower Montane, Foothill & Valley Grassland","MT-ID-WY regional review of USNVC, March 2023",2023-04-12 05:33:16,"Cooper,S., others, D. Faber-Langendoen"
690085,"A3966","TT4.b1.Ne","Festuca idahoensis - Calamagrostis rubescens - Achnatherum nelsonii Montane Mesic Grassland Alliance","MT-ID-WY regional review of USNVC, March 2023",2023-04-12 05:33:13,"Cooper,S., others, D. Faber-Langendoen"
686880,"A3965","TT4.b1.Ne","Festuca idahoensis - Carex scirpoidea - Danthonia intermedia Subalpine Dry Grassland Alliance","MT-ID-WY regional review of USNVC, March 2023",2023-04-12 05:33:15,"Cooper,S., others, D. Faber-Langendoen"
874094,"G648","TT4.b1.Ne","Sierran-North Pacific Ruderal Grassland & Shrubland","Washington updates",2022-08-08 11:10:36,"T. Ramm-Granberg & D. Faber-Langendoen"
1167512,"D023","TT4.b1.Nf","Central North American Grassland & Shrubland","inactivation",2025-12-30 12:00:00,""
1281866,"M054","TT4.b1.Nf","Central Lowlands Tallgrass Prairie","Southeast Grasslands revisions by D. Estes, SGI, et al",2024-02-23 08:28:09,"D. Estes et al"
856995,"M051","TT4.b1.Nf","Great Plains Mixedgrass & Fescue Prairie","CNVC team recommended separating G332 into its own macrogroup (NVC188 Prairie Provinces wrap-up). There is no current documentation for this group in the US.",2026-02-20 12:00:00,"D. Faber-Langendoen"
899644,"G141","TT4.b1.Nf","Northern Great Plains Mesic Mixedgrass Prairie","CNVC Grasslands revisions, March 2023",2024-02-23 08:18:50,"M. Tremblay, D. Downing, L. Pyle et al."
1117391,"G141","TT4.b1.Nf","Northern Great Plains Mesic Mixedgrass Prairie","Misc Great Plains edits",2019-12-19 12:00:00,"D. Faber-Langendoen"
1127118,"G141","TT4.b1.Nf","Northern Great Plains Mesic Mixedgrass Prairie","CNVC Prairie Provinces rangelands-grasslands review",2023-03-27 02:58:25,"Tremblay, M., L. Pyle, D. Downing, D. Faber-Langendoen"
900085,"G141","TT4.b1.Nf","Northern Great Plains Mesic Mixedgrass Prairie","CNVC Grasslands revisions, March 2023",2024-02-23 08:18:52,"M. Tremblay, D. Downing, L. Pyle et al."
1275212,"G331","TT4.b1.Nf","Northern Great Plains Dry Mixedgrass Prairie","Moved to a new group created for solonetzic grasslands, for which this alliance is the sole predecessor.",2025-05-04 04:40:38,"D.Faber-Langendoen"
1275202,"G331","TT4.b1.Nf","Northern Great Plains Dry Mixedgrass Prairie","",2024-06-21 04:44:28,"D.Faber-Langendoen"
900080,"G331","TT4.b1.Nf","Northern Great Plains Dry Mixedgrass Prairie","CNVC AB-SK-MB rangelands & MT regional USNVC reviews",2023-03-27 04:50:15,"Cooper, S. et al; Tremblay, Pyle, Downing, DFL"
1127118,"G331","TT4.b1.Nf","Northern Great Plains Dry Mixedgrass Prairie","CNVC Grasslands revisions, March 2023",2024-02-23 08:18:49,"M. Tremblay, D. Downing, L. Pyle et al."
900085,"G331","TT4.b1.Nf","Northern Great Plains Dry Mixedgrass Prairie","",2024-06-04 05:42:54,"D.Faber-Langendoen"
1344237,"M537","TT4.c1.Na","North American Boreal Shrubland & Grassland","",2025-04-11 07:21:25,"D.Faber-Langendoen"
860626,"D051","TT4.d1.Na","Eastern North American Temperate Cliff, Talus & Rock Outcrop","Further grasslands revisions for AB, SK, MB",2024-04-05 12:00:00,"A Wells, M Tremblay, L Pyle, D Downing, DFL"
878628,"G961","TT4.d1.Na","Southern Appalachian Cliff, Talus & Rock Outcrop","New Hampshire EIA work & associated NVC refinements",2022-10-17 08:14:08,"W. Nichols, D Faber-Langendoen"
900042,"G961","TT4.d1.Na","Southern Appalachian Cliff, Talus & Rock Outcrop","New Hampshire EIA work & associated NVC refinements",2022-10-17 08:14:40,"W. Nichols, D Faber-Langendoen"
899966,"G961","TT4.d1.Na","Southern Appalachian Cliff, Talus & Rock Outcrop","New Hampshire EIA work & associated NVC refinements",2022-10-17 08:14:33,"W. Nichols, D Faber-Langendoen"
900045,"G961","TT4.d1.Na","Southern Appalachian Cliff, Talus & Rock Outcrop","New Hampshire EIA work & associated NVC refinements",2022-10-17 08:14:48,"W. Nichols, D Faber-Langendoen"
959812,"G961","TT4.d1.Na","Southern Appalachian Cliff, Talus & Rock Outcrop","New Hampshire EIA work & associated NVC refinements",2022-10-17 08:14:53,"W. Nichols, D Faber-Langendoen"
878639,"G961","TT4.d1.Na","Southern Appalachian Cliff, Talus & Rock Outcrop","New Hampshire EIA work & associated NVC refinements",2022-10-17 08:14:28,"W. Nichols, D Faber-Langendoen"
878639,"G962","TT4.d1.Na","Central Appalachian-Northeast Cliff, Talus & Rock Outcrop","Southeast US reg'l review of USNVC, April 2023",2023-05-11 02:50:47,"D. Faber-Langendoen"
958946,"M887","TT4.d1.Nb","Western North American Cliff, Scree & Rock Outcrop","",2018-05-17 12:00:00,"D. Faber-Langendoen"
899840,"G573","TT4.d1.Nb","Sierran-North Pacific Cliff, Scree & Rock Outcrop","USNVC California review",2023-02-20 06:57:46,"Evens, J., R. Boul, D. Faber-Langendoen"
849358,"M171","TT5.a1.Na","Great Basin-Intermountain Dry Shrubland & Grassland","Southwest regional peer review (NM, AZ, CO, UT, NV)",2023-02-17 12:00:00,"E. Muldavin et al."
900103,"G310","TT5.a1.Na","Intermountain Semi-desert Steppe & Shrubland","MT-ID-WY regional review of USNVC, March 2023",2023-04-12 05:33:31,"Cooper,S., others, D. Faber-Langendoen"
900101,"G310","TT5.a1.Na","Intermountain Semi-desert Steppe & Shrubland","CNVC AB-SK-MB rangelands & MT regional USNVC reviews",2023-03-27 04:50:38,"Cooper, S. et al; Tremblay, Pyle, Downing, DFL"
900103,"G570","TT5.a1.Na","Intermountain Basins Cliff, Scree & Badlands","Southwest regional peer review (NM, AZ, CO, UT, NV)",2023-02-17 02:59:03,"E. Muldavin et al."
900101,"G570","TT5.a1.Na","Intermountain Basins Cliff, Scree & Badlands","Southwest regional peer review (NM, AZ, CO, UT, NV)",2023-02-17 02:59:11,"E. Muldavin et al."
899292,"G288","TT5.b1.Na","Chihuahuan Piedmont & Foothill Desert Scrub","Southwest regional peer review (NM, AZ, CO, UT, NV)",2023-02-17 02:58:09,"E. Muldavin et al."
684782,"A3242","TT5.b1.Na","Artemisia filifolia / Andropogon hallii - Bouteloua breviseta Gypsum Dune Desert Scrub Alliance","Southwest regional peer review (NM, AZ, CO, UT, NV)",2023-02-17 02:58:18,"E. Muldavin et al."
688086,"A3242","TT5.b1.Na","Artemisia filifolia / Andropogon hallii - Bouteloua breviseta Gypsum Dune Desert Scrub Alliance","Southwest regional peer review (NM, AZ, CO, UT, NV)",2023-02-17 02:58:17,"E. Muldavin et al."
688476,"A3242","TT5.b1.Na","Artemisia filifolia / Andropogon hallii - Bouteloua breviseta Gypsum Dune Desert Scrub Alliance","Southwest regional peer review (NM, AZ, CO, UT, NV)",2023-02-17 02:58:15,"E. Muldavin et al."
879239,"M088","TT5.b1.Na","Mojave-Sonoran Semi-desert Scrub","",2025-04-11 07:21:27,"D.Faber-Langendoen"
903281,"G677","TT5.b1.Na","Warm Desert Ruderal Grassland","USNVC California review",2023-02-20 06:57:37,"Evens, J., R. Boul, D. Faber-Langendoen"
899924,"G677","TT5.b1.Na","Warm Desert Ruderal Grassland","USNVC California review",2023-02-20 06:57:38,"Evens, J., R. Boul, D. Faber-Langendoen"
860754,"M101","TT6.b2.Nb","North Pacific Coastal Alpine Tundra","",2018-05-15 12:00:00,"D. Faber-Langendoen"
1267571,"M101","TT6.b2.Nb","North Pacific Coastal Alpine Tundra","Adding new Groups, Alliances as part of 2023 Systems to Groups, Alliances review",2023-01-23 10:33:39,"D Faber-Langendoen"
1268467,"G777","TP1.b1.Na","Atlantic & Gulf Coastal Interdunal Swale","Southeast, Texarkana USNVC reg'l review, June 2023",2023-06-24 09:03:02,"Southeast + TX ecologists, D. Faber-Langendoen"
946825,"M069","TP1.b1.Nc","Eastern North American Marsh, Wet Meadow & Shrubland","KY + TN Southeast USNVC reg'l review follow-up, May 2023",2023-08-25 12:00:00,"C. Elam, KY ecologists, D. Faber-Langendoen"
894453,"M069","TP1.b1.Nc","Eastern North American Marsh, Wet Meadow & Shrubland","GET_revisions",2024-01-23 03:42:08,"D. Faber-Langendoen"
1041690,"D031","TP1.b1.Ne","Western North American Temperate Freshwater Marsh, Wet Meadow & Shrubland","Arctic and boreal marsh Divisions and Macrogroups",2020-01-06 12:00:00,"D. Faber-Langendoen"
932976,"D031","TP1.b1.Ne","Western North American Temperate Freshwater Marsh, Wet Meadow & Shrubland","",2025-03-05 02:23:07,"D.Faber-Langendoen"
1344245,"M073","TP1.b1.Ne","North Pacific Lowland Marsh, Wet Meadow & Shrubland","T. Nawrocki: ""I believe it makes sense for G1207 to be in M558 since that macrogroup would span northernmost BC to Kamchatka.""",2025-03-06 12:00:00,"D. Faber-Langendoen, T. Nawrocki"
943237,"G525","TP1.b1.Ne","Temperate Pacific Freshwater Mudflat","Marin & San Mateo Counties CNPS USNVC review",2023-04-05 05:38:17,"Evens, J., Boul, R., McIntyre, P."
926768,"G711","","","",2019-02-05 12:00:00,"D. Faber-Langendoen"
972821,"<p>A3496</p>","","","",2019-01-10 12:00:00,"D. Faber-Langendoen"
900054,"G911","","","New York NVC peer review",2021-04-29 04:21:36,"D. Faber-Langendoen & NYHP"
900054,"G911","","","Northeast review 2020",2020-08-10 08:47:50,"D. Faber-Langendoen"
900055,"G911","","","New York NVC peer review",2021-04-29 04:21:36,"D. Faber-Langendoen & NYHP"
900055,"G911","","","Northeast review 2020",2020-08-10 08:47:50,"D. Faber-Langendoen"
1167512,"[null]","","","reactivation (return to original division) (NVC188 Prairie Provinces)",2026-02-20 12:00:00,"D.Faber-Langendoen"
