"ELEMENT_GLOBAL_ID","SUBNATION_ID","D_CURR_PRESENCE_ABSENCE_ID","D_DIST_CONFIDENCE_ID"
687447,50,1,1
684253,53,1,1
685023,44,1,1
686644,56,1,1
684651,33,1,1
684651,44,1,1
684860,18,1,1
684860,56,1,1
1238795,56,1,1
683312,40,1,1
688360,60,3,5
688360,59,1,1
687824,61,3,5
686950,8,1,1
684139,18,1,1
685996,39,1,1
689317,18,3,5
683448,18,1,1
685655,6,3,5
686522,59,1,1
685430,44,1,1
688352,44,1,1
684542,23,1,1
688936,48,1,1
683229,51,1,1
683349,55,1,1
683162,8,1,1
685856,6,1,1
690096,76,1,1
688835,377,3,5
686038,16,1,1
683924,16,1,1
686998,381,1,1
686998,51,3,5
690064,51,1,1
689859,51,1,1
685681,51,1,1
683222,51,1,1
689001,52,1,1
689002,56,1,1
686021,10,1,1
686021,30,1,1
686021,32,1,1
685903,26,1,1
688570,30,1,1
933803,55,1,1
685320,53,1,1
689385,42,1,1
684266,69,1,1
684266,57,1,1
688642,41,1,1
684684,26,1,1
688027,67,1,1
685836,41,1,1
684599,19,1,1
689723,34,1,1
685164,14,3,5
684436,50,1,1
687442,6,1,1
686361,40,1,1
684158,70,1,1
684295,6,1,1
689010,51,1,1
684237,7,1,1
683334,52,1,1
688141,7,3,2
685249,16,1,1
687985,8,1,1
685305,60,1,1
688888,33,1,1
688888,59,1,1
683199,40,1,1
683339,59,3,5
683340,18,1,1
688330,40,1,1
689792,18,1,1
689792,40,1,1
684652,33,1,1
688131,40,1,1
686099,8,1,1
684803,18,1,1
683756,8,1,1
683756,40,1,1
683756,59,1,1
686689,7,1,1
687032,44,1,1
689864,44,1,1
689952,18,1,1
689114,40,1,1
684798,52,3,5
689200,8,1,1
684010,33,1,1
684010,59,1,1
686956,6,1,1
684178,7,1,1
684552,39,1,1
685371,6,1,1
685371,40,3,5
685647,40,3,5
689979,52,1,1
685646,40,1,1
689409,40,3,5
686118,59,3,5
688512,18,1,1
688811,18,1,1
689958,40,1,1
687215,8,1,1
686023,52,1,1
684058,52,1,1
683794,12,1,1
686200,4,1,1
687056,7,1,1
683117,7,1,1
685786,44,1,1
689218,53,1,1
684635,49,1,1
686013,69,1,1
689778,49,1,1
687870,35,1,1
683095,62,1,1
684476,6,1,1
683342,58,1,1
686085,23,1,1
688142,18,1,1
686655,18,1,1
688393,18,1,1
687986,39,1,1
687986,51,1,1
687987,59,1,1
683967,6,1,1
684197,44,1,1
688798,39,1,1
685260,7,1,1
687532,40,1,1
686499,52,1,1
686768,67,1,1
686730,2,3,5
685539,37,1,1
684318,7,1,1
688417,33,1,1
687265,6,1,1
689860,52,1,1
686822,16,1,1
684412,19,1,1
689321,25,3,5
686180,14,1,1
686180,48,1,1
689589,14,1,1
688154,2,1,1
685978,20,1,1
685489,14,3,5
687059,39,1,1
686030,6,1,1
686030,39,1,1
688399,51,1,1
689960,34,1,1
688113,59,1,1
685904,2,3,5
687989,18,1,1
685920,7,1,1
686778,8,1,1
683123,44,1,1
687069,381,1,1
687969,7,1,1
687961,37,1,1
687362,7,1,1
684040,2,1,1
686397,6,1,1
685875,6,3,5
688466,39,1,1
690100,35,1,1
687276,49,1,1
688467,39,1,1
684488,6,1,1
684927,40,3,2
686382,40,1,1
686259,18,1,1
688653,33,1,1
688752,33,1,1
687017,51,1,1
685089,67,1,1
686269,12,1,1
686832,22,1,1
687591,8,1,1
687591,56,1,1
685458,12,1,1
687878,7,1,1
687878,40,1,1
684282,6,1,1
689642,6,1,1
689849,39,1,1
688942,379,1,1
688942,51,1,1
685798,39,1,1
685394,34,1,1
687595,51,1,1
688248,12,1,1
688248,34,3,5
689974,2,1,1
689974,4,1,1
687311,14,1,1
690075,14,1,1
683966,16,1,1
685486,24,1,1
683672,12,1,1
684754,16,1,1
685676,34,3,5
685676,48,1,1
685676,51,1,1
685783,6,1,1
685783,39,1,1
689533,40,1,1
685938,40,1,1
687835,59,1,1
688915,57,3,5
687009,49,1,1
683276,49,1,1
687709,37,1,1
689037,6,1,1
689037,8,1,1
684832,26,1,1
683584,37,1,1
942438,7,3,5
942438,56,1,1
687648,1,1,1
687644,33,1,1
683979,7,1,1
687334,18,1,1
687234,56,1,1
684942,39,1,1
684320,8,1,1
688328,7,1,1
685740,69,1,1
687455,29,1,1
686798,62,1,1
687680,57,1,1
686561,67,1,1
686707,29,1,1
684173,381,3,5
689124,12,1,1
686193,12,1,1
685606,33,1,1
688195,59,1,1
686896,8,1,1
686896,33,1,1
686896,59,1,1
684881,44,1,1
687132,59,1,1
683796,52,3,5
688213,18,1,1
687713,52,1,1
686505,44,1,1
688683,7,1,1
684660,39,1,1
684660,379,3,5
685038,6,1,1
688926,51,1,1
688747,4,1,1
683060,4,1,1
687661,22,3,5
684270,50,1,1
686619,52,1,1
685736,6,1,1
690047,40,3,5
687812,8,1,1
688112,39,1,1
684526,39,1,1
687831,12,1,1
683509,80,1,1
687221,379,3,5
687221,6,3,5
684310,8,1,1
686574,60,1,1
685042,35,1,1
685620,44,1,1
683625,7,1,1
685902,7,1,1
685622,44,1,1
684940,7,3,5
683069,39,1,1
684442,18,1,1
687771,6,1,1
687771,40,1,1
688670,44,3,5
689687,32,1,1
688937,34,1,1
688406,34,1,1
687891,48,3,5
684626,23,1,1
689842,34,1,1
684047,2,3,5
687165,2,1,1
688578,48,1,1
689367,48,1,1
683754,32,1,1
683169,34,1,1
687267,34,1,1
683119,23,1,1
688760,23,1,1
689676,12,1,1
683982,44,1,1
687016,44,1,1
684505,44,1,1
683235,44,1,1
686349,56,1,1
688092,40,1,1
690033,33,1,1
689369,44,1,1
685518,6,1,1
683264,8,1,1
684736,33,1,1
685332,33,1,1
685034,6,1,1
685034,8,1,1
685034,51,1,1
687498,61,3,5
687498,18,1,1
687498,56,1,1
686391,56,1,1
685909,56,1,1
684187,8,1,1
689011,379,1,1
685481,33,1,1
689354,45,1,1
687760,24,1,1
683533,37,1,1
689294,45,1,1
687796,2,1,1
688976,4,1,1
688976,32,1,1
688976,48,1,1
688976,51,1,1
687982,48,1,1
684629,48,1,1
683939,11,1,1
686929,16,1,1
684420,62,3,5
683829,40,1,1
683658,6,1,1
688405,52,1,1
684325,52,1,1
686952,59,1,1
684703,18,1,1
683327,52,1,1
686740,59,1,1
685686,52,1,1
689964,18,1,1
689964,59,1,1
685933,29,1,1
689306,52,1,1
685181,8,1,1
683840,18,1,1
689493,52,1,1
686139,59,1,1
686139,44,1,1
689568,44,1,1
686317,52,1,1
686318,40,1,1
683417,35,1,1
688537,59,1,1
686163,59,1,1
685612,33,1,1
689782,8,1,1
689782,40,1,1
689613,40,1,1
687598,40,1,1
686354,18,1,1
686354,52,1,1
689004,18,1,1
683750,52,1,1
685236,16,1,1
685704,16,1,1
683574,51,3,5
686864,39,1,1
687596,82,1,1
685915,39,1,1
683730,7,1,1
683730,44,1,1
686310,19,1,1
684734,33,1,1
687612,44,1,1
690080,7,1,1
690080,44,1,1
942452,56,1,1
685730,56,1,1
688569,6,1,1
688569,39,3,2
683759,18,1,1
687071,6,1,1
942445,61,1,1
942445,7,1,1
686041,39,1,1
685103,8,1,1
689038,33,1,1
685913,18,1,1
687866,7,3,5
1238803,52,1,1
683717,44,1,1
688075,39,1,1
685597,6,1,1
688547,379,3,5
688547,6,1,1
688547,51,1,1
685645,7,3,5
685645,44,1,1
686783,33,1,1
686581,8,1,1
686254,80,3,5
683332,14,1,1
683332,48,1,1
683332,53,1,1
686136,52,1,1
685501,18,1,1
688143,18,1,1
685445,30,1,1
685150,42,1,1
687805,41,1,1
686440,50,3,5
689283,50,1,1
689444,19,1,1
685263,23,3,5
689521,14,1,1
683798,42,1,1
685460,4,1,1
688065,51,1,1
684778,7,1,1
686591,51,1,1
686276,80,3,5
689852,19,1,1
683835,51,1,1
684192,82,3,5
683447,43,1,1
683447,51,1,1
685113,52,1,1
689005,6,1,1
687869,6,1,1
687869,8,1,1
689013,56,1,1
683681,32,3,5
683470,39,1,1
686304,51,1,1
684332,57,1,1
687266,70,3,5
689584,59,1,1
689328,2,3,5
689328,22,3,5
687510,43,3,5
686106,32,3,5
685340,45,1,1
685340,53,1,1
689655,43,3,5
685887,12,3,5
685467,67,1,1
685467,19,1,1
689711,51,1,1
687931,19,1,1
687931,20,1,1
687931,28,1,1
687931,29,1,1
685756,63,1,1
685756,69,3,2
685756,41,1,1
933831,26,1,1
685683,41,1,1
683335,48,1,1
687711,4,1,1
687711,43,1,1
686716,38,1,1
683871,50,1,1
683390,4,1,1
683567,34,1,1
683567,48,1,1
685855,4,1,1
683246,22,3,5
683084,43,1,1
686270,4,1,1
687247,22,3,5
683167,9,1,1
689917,51,1,1
686250,39,1,1
685601,48,3,5
687210,30,1,1
683569,42,1,1
687965,19,1,1
689857,12,1,1
689857,14,1,1
688779,39,1,1
684159,32,1,1
684159,50,1,1
684518,8,1,1
689881,43,1,1
685173,20,1,1
684155,20,1,1
687227,30,1,1
685966,28,1,1
685966,29,1,1
685966,42,1,1
688071,19,1,1
689101,42,1,1
689625,51,1,1
685682,7,1,1
685517,7,1,1
687794,377,1,1
683603,60,1,1
683603,33,1,1
683655,18,1,1
687179,29,1,1
683517,55,1,1
687642,67,1,1
687642,55,1,1
685134,56,1,1
688551,29,1,1
684082,63,1,1
684082,66,1,1
684082,24,1,1
684082,26,1,1
683932,25,1,1
689188,57,1,1
686312,34,1,1
687172,34,1,1
685244,34,1,1
684211,56,1,1
683935,56,1,1
688750,18,1,1
686308,44,1,1
687441,7,1,1
687538,7,1,1
687288,18,1,1
687288,33,1,1
686938,7,3,5
685437,16,1,1
685731,26,1,1
685731,55,1,1
687450,26,1,1
687450,37,1,1
687450,55,1,1
684127,12,1,1
685688,59,1,1
685688,60,1,1
683945,8,1,1
688189,58,1,1
683186,66,3,5
683186,37,1,1
683186,47,1,1
728649,33,1,1
728649,56,1,1
728706,33,1,1
685234,56,1,1
685234,60,3,5
728727,33,1,1
728730,60,1,1
728773,33,1,1
684493,38,1,1
730800,60,1,1
730817,33,1,1
730825,44,3,5
730833,18,1,1
730842,44,1,1
730879,60,1,1
730886,33,1,1
730915,44,1,1
730915,56,1,1
730915,60,3,5
730931,33,1,1
689165,23,3,5
730946,60,1,1
689688,50,1,1
731082,50,1,1
731362,56,3,5
731807,33,1,1
731820,33,1,1
684450,25,1,1
683330,33,1,1
732554,56,1,1
732581,18,1,1
732581,56,1,1
687020,34,1,1
687904,48,1,1
684348,2,1,1
684348,25,1,1
686742,33,1,1
686949,59,1,1
684495,59,1,1
683687,33,1,1
689554,33,1,1
685912,33,1,1
685912,59,1,1
688007,52,1,1
688007,56,1,1
688007,60,1,1
688007,61,1,1
741480,51,1,1
741480,381,1,1
684643,9,1,1
684643,24,1,1
757450,6,1,1
758133,52,1,1
758193,6,1,1
758193,8,1,1
758221,8,1,1
758221,52,1,1
687075,6,1,1
687075,52,1,1
768948,52,1,1
769080,52,1,1
769179,52,1,1
769193,6,3,5
769218,52,1,1
769227,8,3,5
769227,52,1,1
769233,52,1,1
683691,40,1,1
688395,8,1,1
689068,52,1,1
770507,40,1,1
784066,52,1,1
689535,24,1,1
684269,23,1,1
785173,8,1,1
785208,8,1,1
684422,18,1,1
769105,8,1,1
785431,8,1,1
689837,8,1,1
689837,39,1,1
686096,44,3,5
686096,52,1,1
683723,8,1,1
689099,33,1,1
687583,40,1,1
758367,8,1,1
787986,61,1,1
788011,8,1,1
788014,51,1,1
788707,7,1,1
686755,8,1,1
788740,7,1,1
789532,41,1,1
933897,63,3,5
789795,7,1,1
789802,7,1,1
789871,7,1,1
687932,7,1,1
789945,7,1,1
789966,7,1,1
790057,7,1,1
790129,7,1,1
790210,7,1,1
687728,7,1,1
683777,8,1,1
688499,8,1,1
791624,53,1,1
791646,45,1,1
791705,8,1,1
791958,52,1,1
793429,8,1,1
685791,18,3,5
684530,45,1,1
686894,25,1,1
794090,52,1,1
794980,7,1,1
795006,6,1,1
769467,8,1,1
686859,2,1,1
686267,25,1,1
683622,22,1,1
793483,39,1,1
731357,33,1,1
798304,6,1,1
689304,53,1,1
687375,51,1,1
801779,51,1,1
689384,25,1,1
685990,34,1,1
802988,59,1,1
790527,6,3,5
790530,7,1,1
807522,11,1,1
687220,52,1,1
786248,52,1,1
814869,39,1,1
814869,52,3,5
685315,33,1,1
685315,59,1,1
815381,52,1,1
684375,34,1,1
684469,34,1,1
689439,7,1,1
689793,377,3,5
687425,7,1,1
820828,39,1,1
820834,39,1,1
685335,53,1,1
687340,6,1,1
687340,39,1,1
821785,34,1,1
827827,6,1,1
685028,53,1,1
816681,57,1,1
690048,58,1,1
833197,2,1,1
833197,48,1,1
833201,12,1,1
833207,80,1,1
833207,379,1,1
833207,6,1,1
833208,6,1,1
833221,69,1,1
833223,80,3,5
833223,6,1,1
833224,14,1,1
833233,62,1,1
833239,7,1,1
833240,11,1,1
833241,32,1,1
833241,53,1,1
833244,30,1,1
833244,48,1,1
1225711,59,1,1
1085055,6,1,1
833252,43,1,1
833264,377,1,1
833268,37,1,1
1179990,21,1,1
833273,45,1,1
833275,21,1,1
872683,58,1,1
833283,11,3,5
833283,30,1,1
833286,62,1,1
689065,25,3,5
834643,8,1,1
835329,6,1,1
1225588,51,1,1
835853,9,1,1
835853,25,1,1
835887,18,1,1
835887,52,1,1
835887,56,1,1
835900,59,1,1
835924,6,1,1
835924,40,1,1
835969,53,1,1
836018,32,1,1
688029,2,1,1
688029,53,1,1
683736,34,1,1
769194,52,1,1
686528,14,1,1
836597,8,1,1
836605,379,3,5
836663,35,1,1
836760,10,1,1
836760,58,1,1
836772,25,1,1
836882,50,1,1
836901,61,3,5
836901,33,1,1
836926,7,1,1
836926,8,1,1
836926,18,3,5
836976,34,1,1
836976,48,1,1
837011,32,1,1
837087,45,1,1
837100,63,1,1
837100,66,1,1
1159099,14,1,1
1159099,22,1,1
1159099,25,1,1
837138,12,1,1
837138,32,1,1
837180,2,1,1
837180,17,1,1
837180,19,1,1
837180,21,1,1
837180,43,1,1
837180,45,1,1
837238,6,1,1
837251,82,1,1
837258,82,1,1
837258,83,3,5
1353056,9,1,1
1353056,11,1,1
1353056,14,1,1
1353056,58,1,1
1353056,67,1,1
837334,40,1,1
837581,7,1,1
837743,39,1,1
837824,56,1,1
838057,16,1,1
838097,16,1,1
838908,39,1,1
839432,42,1,1
839432,63,1,1
785187,39,1,1
840544,6,1,1
685629,6,1,1
840599,7,1,1
840602,52,1,1
840633,52,1,1
840645,6,1,1
840645,40,1,1
688880,7,1,1
841935,14,1,1
841935,25,1,1
841935,41,1,1
841993,10,1,1
841993,53,1,1
841994,24,1,1
841994,38,1,1
841994,41,1,1
842023,14,1,1
842023,32,1,1
842025,20,1,1
842025,21,1,1
842025,28,1,1
1132398,43,1,1
848769,18,1,1
848769,39,1,1
848769,51,1,1
848810,40,1,1
848817,33,1,1
848861,33,1,1
849080,56,1,1
849252,7,1,1
849252,18,1,1
849252,40,1,1
849252,52,1,1
849329,48,1,1
849329,51,1,1
849347,12,1,1
849347,50,1,1
849347,82,3,5
849358,6,1,1
856641,70,1,1
856641,36,1,1
856641,59,1,1
856661,7,1,1
856661,44,1,1
856669,7,1,1
856688,44,1,1
856737,6,1,1
856756,30,1,1
856786,32,1,1
856881,23,1,1
685157,39,1,1
688649,7,3,5
683490,40,1,1
683942,59,1,1
688392,40,1,1
688591,83,3,5
857421,21,1,1
857077,35,1,1
857091,91,3,5
857091,12,1,1
857091,21,1,1
857091,30,1,1
857091,32,1,1
857091,45,1,1
857091,48,1,1
857091,50,1,1
857091,58,1,1
857182,8,1,1
857182,70,1,1
857274,40,1,1
857274,56,1,1
857292,6,3,5
857308,61,1,1
857308,33,1,1
857308,381,1,1
857323,82,1,1
857338,7,1,1
857458,40,1,1
857458,52,1,1
857475,40,1,1
857556,60,1,1
857556,18,1,1
857571,8,1,1
857621,41,1,1
857688,41,1,1
857768,7,1,1
857863,40,1,1
857866,40,1,1
858379,24,1,1
793432,53,1,1
860460,25,1,1
860460,67,3,5
860492,44,1,1
860492,61,1,1
860663,44,1,1
860663,80,1,1
860860,16,1,1
861435,4,1,1
785435,59,1,1
860839,65,1,1
860783,1,1,1
860783,65,1,1
860783,93,1,1
860745,1,1,1
860745,69,1,1
867532,53,1,1
868481,16,1,1
868492,16,1,1
868493,16,1,1
868497,16,1,1
868505,16,1,1
868511,16,1,1
870256,9,1,1
870256,50,1,1
870256,58,1,1
871088,12,1,1
871156,10,1,1
871156,34,1,1
871156,45,1,1
871156,53,1,1
685237,4,1,1
686914,59,1,1
877317,43,1,1
877318,26,1,1
877321,2,1,1
877321,20,1,1
877321,50,1,1
877393,34,1,1
877393,37,1,1
877393,91,3,5
877394,12,1,1
685156,11,1,1
878731,9,1,1
878731,41,1,1
878915,10,1,1
878915,25,1,1
878915,45,1,1
1159107,28,1,1
884494,14,1,1
884494,34,1,1
683781,53,1,1
683781,69,1,1
754608,20,1,1
688308,22,1,1
688308,53,1,1
688308,55,1,1
884822,63,1,1
884822,69,1,1
942457,44,1,1
942457,56,1,1
979388,44,1,1
687137,1,1,1
942439,61,1,1
979471,44,1,1
979471,56,1,1
979541,7,1,1
979541,56,1,1
979500,61,1,1
979404,44,1,1
979427,44,1,1
942450,44,1,1
942453,44,1,1
942453,56,1,1
942420,56,1,1
942455,44,1,1
942459,44,1,1
685454,1,1,1
685454,61,1,1
942775,7,1,1
887421,22,1,1
887421,32,1,1
887497,16,1,1
887506,16,1,1
887533,16,1,1
889211,9,1,1
892936,28,1,1
892978,28,1,1
893452,29,1,1
893482,29,1,1
894143,6,1,1
894143,35,1,1
894143,59,1,1
894161,20,1,1
894161,28,1,1
894161,42,1,1
894161,49,1,1
894270,61,1,1
894270,67,1,1
895820,33,1,1
895820,49,1,1
898955,14,1,1
898955,48,3,5
898966,34,1,1
898994,76,3,5
899033,6,1,1
899033,52,1,1
899040,47,1,1
899077,37,1,1
899077,69,3,5
899078,69,3,5
899082,38,1,1
899082,57,1,1
899096,56,1,1
899120,12,1,1
899173,52,1,1
899179,14,3,5
899199,7,1,1
899218,8,1,1
899219,52,1,1
899235,24,1,1
899236,53,1,1
899237,45,1,1
899237,55,1,1
899238,80,1,1
899245,34,1,1
899245,48,1,1
899250,23,1,1
899253,12,1,1
899253,48,1,1
899255,23,1,1
899280,44,1,1
899280,61,1,1
899282,381,1,1
899284,39,1,1
899284,51,1,1
899294,51,1,1
899297,18,1,1
899303,60,1,1
899315,51,1,1
899315,82,1,1
899317,76,3,5
899321,8,1,1
899335,33,1,1
899335,59,1,1
899335,70,1,1
899342,51,1,1
899344,8,1,1
899351,9,1,1
899351,23,1,1
899351,24,1,1
899351,28,1,1
899351,30,1,1
899351,53,1,1
899352,30,1,1
899352,45,1,1
899352,48,1,1
899353,42,1,1
899353,47,1,1
899353,53,1,1
899354,28,1,1
899354,43,1,1
899361,29,1,1
899362,57,1,1
899373,29,1,1
899377,6,1,1
899384,4,1,1
899384,43,1,1
899391,28,1,1
899391,29,1,1
899391,62,1,1
899394,22,3,5
899394,23,1,1
899397,2,1,1
899400,14,1,1
899406,80,3,5
899407,6,1,1
899414,43,1,1
899418,34,1,1
899420,37,1,1
899425,24,1,1
899426,24,1,1
899426,26,1,1
899426,42,1,1
899428,2,1,1
899428,38,1,1
899446,2,1,1
899448,57,1,1
899451,44,1,1
899473,44,1,1
899482,34,1,1
899482,50,1,1
899482,53,1,1
899492,18,1,1
899495,18,1,1
899502,7,3,5
899503,44,1,1
899509,44,1,1
899514,30,1,1
899518,2,1,1
899518,32,1,1
899531,14,1,1
899531,34,1,1
899536,34,1,1
899536,51,1,1
899536,58,1,1
899553,14,1,1
899554,22,1,1
899554,30,1,1
899564,34,1,1
899637,38,1,1
899664,7,3,5
899665,56,1,1
899679,44,1,1
899689,51,1,1
899697,38,1,1
899697,41,1,1
899697,47,1,1
899697,91,3,5
899708,47,3,5
899725,377,3,5
899731,21,1,1
899750,30,1,1
899763,20,1,1
899763,43,1,1
899764,19,1,1
899767,9,1,1
899767,29,1,1
1270956,39,1,1
1270956,51,1,1
899804,40,1,1
899805,7,1,1
899847,14,3,5
899847,50,1,1
899851,52,1,1
899852,6,1,1
899852,44,1,1
899852,59,1,1
899883,7,1,1
899884,18,1,1
899939,63,1,1
899959,57,1,1
899969,40,1,1
899984,63,1,1
899986,9,1,1
899986,11,1,1
899986,24,1,1
899986,38,1,1
899986,50,1,1
899986,58,1,1
899986,67,1,1
899987,33,1,1
899999,18,1,1
900001,52,1,1
900004,6,1,1
900004,39,1,1
900004,52,1,1
900020,44,3,5
900021,8,1,1
900026,18,1,1
900026,33,1,1
900027,56,1,1
900031,49,1,1
900031,51,1,1
900032,59,3,5
900039,60,1,1
900054,37,1,1
900057,26,1,1
900057,37,1,1
900057,41,1,1
900069,17,1,1
900069,49,1,1
900077,379,3,5
900078,381,1,1
900096,51,1,1
900109,23,1,1
902167,48,1,1
902171,12,1,1
902171,14,1,1
903096,11,1,1
903096,35,1,1
903096,42,1,1
903099,29,1,1
905858,25,3,5
907223,17,1,1
907223,30,1,1
931848,28,3,5
931848,69,3,5
931848,70,1,1
932236,48,1,1
933357,2,1,1
933703,7,1,1
933706,24,1,1
933706,41,1,1
933706,45,1,1
933729,29,1,1
933729,69,1,1
933817,24,1,1
933845,37,1,1
933859,25,3,5
933859,47,1,1
933911,24,1,1
933911,25,1,1
934719,29,1,1
941848,8,1,1
942461,44,1,1
942462,61,1,1
942462,56,1,1
942465,56,1,1
942467,56,1,1
942472,7,3,5
942472,44,1,1
942780,56,1,1
947923,59,1,1
947929,59,1,1
947962,18,1,1
948011,18,1,1
948589,69,1,1
948589,37,1,1
948589,41,1,1
955170,28,1,1
955170,55,1,1
958429,40,1,1
958447,6,1,1
958447,80,3,5
690090,59,1,1
689766,56,1,1
683171,18,1,1
687553,56,1,1
684996,18,1,1
689415,60,1,1
683453,39,1,1
687699,18,1,1
685862,59,1,1
683545,18,1,1
685384,18,1,1
689088,44,1,1
683403,6,1,1
683403,39,1,1
689856,8,1,1
689856,18,1,1
687121,33,1,1
687121,49,1,1
687653,40,3,5
686571,6,1,1
688717,59,1,1
686980,56,1,1
687134,44,1,1
687223,8,1,1
686468,59,1,1
684397,33,1,1
683388,44,1,1
684120,49,1,1
684120,59,1,1
687240,8,1,1
686181,8,1,1
687460,6,1,1
684220,8,1,1
688559,6,1,1
688559,40,1,1
685892,8,3,5
685322,8,1,1
684009,52,1,1
683535,33,1,1
685994,56,1,1
686448,59,1,1
689456,56,1,1
686850,44,1,1
689115,44,1,1
689115,56,1,1
685759,18,1,1
685759,44,1,1
687588,18,1,1
688589,39,1,1
686732,60,1,1
686732,33,1,1
687560,7,3,5
687847,56,1,1
683439,7,3,5
686302,8,1,1
683215,56,1,1
685777,33,1,1
689570,33,1,1
686260,8,1,1
686744,59,1,1
686370,59,1,1
687100,8,1,1
686400,40,1,1
687862,56,1,1
687208,7,3,5
688471,7,3,5
687458,44,1,1
687458,18,1,1
685547,59,1,1
686541,44,1,1
686693,18,1,1
689382,18,1,1
687555,40,3,5
687555,18,3,5
683152,56,1,1
683236,7,1,1
686088,59,1,1
686091,18,1,1
685567,59,1,1
688313,39,1,1
688313,52,1,1
683074,40,1,1
689451,33,1,1
686680,59,1,1
686047,59,3,2
687185,8,1,1
684019,8,1,1
684020,8,1,1
686888,8,1,1
683431,40,1,1
684720,40,1,1
689116,39,1,1
686256,33,1,1
686256,56,1,1
684433,40,3,5
684602,44,1,1
684602,51,3,5
688200,80,3,5
686436,7,1,1
686436,8,1,1
685519,56,1,1
688219,7,1,1
687562,56,1,1
689574,18,1,1
685191,61,3,5
688997,33,3,5
688997,35,3,5
686809,70,1,1
1315503,8,1,1
1315503,18,1,1
689596,44,1,1
689596,8,1,1
686165,39,1,1
686165,51,3,5
685859,33,1,1
687417,60,1,1
687417,70,1,1
689474,18,1,1
689323,33,1,1
686959,59,1,1
684710,18,1,1
685654,33,1,1
685838,56,3,2
689987,44,1,1
683130,33,1,1
683130,59,1,1
690054,56,1,1
684078,44,1,1
688397,44,1,1
688396,59,1,1
689597,40,1,1
687484,60,1,1
683738,35,1,1
683739,70,1,1
684905,33,1,1
688824,36,1,1
686380,52,1,1
687035,8,1,1
687954,18,3,5
689049,18,3,5
683814,59,1,1
687765,59,1,1
685640,18,1,1
688658,59,1,1
686800,44,3,1
684961,381,3,5
684961,39,1,1
686577,51,1,1
687390,6,1,1
688539,33,1,1
688539,59,1,1
683974,39,1,1
687369,7,3,5
684625,40,1,1
686562,44,1,1
686562,59,1,1
685050,44,1,1
689082,56,1,1
689730,56,1,1
683559,8,1,1
687724,33,1,1
684666,33,1,1
688908,56,1,1
685210,39,1,1
689598,39,1,1
683090,44,1,1
688367,40,1,1
688087,52,1,1
688659,7,1,1
683238,56,1,1
685984,44,1,1
683862,44,1,1
689742,39,1,1
688347,18,1,1
687243,6,1,1
687243,8,1,1
684290,44,1,1
687604,39,1,1
687604,51,3,5
689262,7,1,1
689262,8,1,1
687786,6,1,1
685306,8,1,1
688109,39,1,1
683374,8,1,1
687802,39,1,1
683464,40,1,1
685543,6,1,1
685543,52,1,1
683789,18,1,1
688226,44,1,1
686576,56,3,5
687163,44,1,1
684983,56,1,1
686154,18,1,1
686154,7,1,1
683481,56,1,1
689729,33,1,1
688116,61,1,1
688116,44,1,1
688116,40,1,1
688117,60,1,1
684744,61,1,1
686168,8,1,1
687206,44,1,1
687206,56,1,1
683940,61,3,5
683185,33,1,1
683185,39,1,1
686523,44,1,1
688769,7,1,1
688769,56,1,1
686323,56,1,1
683565,18,1,1
688694,7,1,1
688919,39,1,1
684464,8,1,1
686724,59,1,1
687519,18,1,1
688491,18,3,5
683190,8,1,1
688676,18,3,5
685067,33,1,1
687437,8,1,1
687437,18,1,1
684862,18,1,1
687438,8,1,1
684637,18,1,1
685097,8,1,1
684246,8,1,1
684247,7,3,5
687725,8,1,1
687725,52,1,1
688783,8,1,1
689163,8,1,1
687701,59,1,1
688252,7,1,1
688252,56,1,1
684334,40,1,1
687520,8,1,1
683953,59,1,1
688320,44,1,1
689550,40,1,1
686365,39,3,5
689781,59,1,1
687403,44,3,5
685110,18,1,1
685110,33,1,1
685110,7,3,5
685110,44,1,1
689289,56,1,1
689289,18,1,1
686640,39,1,1
686640,52,1,1
683307,33,1,1
683307,56,1,1
688246,62,1,1
688246,35,1,1
683991,8,1,1
684864,70,1,1
690089,18,1,1
686729,19,1,1
685096,30,1,1
688809,19,1,1
683631,10,3,5
683631,43,1,1
683631,57,1,1
684689,49,1,1
688782,36,1,1
688739,60,1,1
687703,36,1,1
687703,21,1,1
738631,59,1,1
738048,59,1,1
757446,52,1,1
689287,51,1,1
686084,51,1,1
683303,57,1,1
689773,58,1,1
684195,8,1,1
688796,67,1,1
686868,62,1,1
689931,51,1,1
686036,8,1,1
686036,30,1,1
684937,60,1,1
684937,35,1,1
688803,49,1,1
688803,50,1,1
686239,6,1,1
689818,30,1,1
683758,30,1,1
689359,4,1,1
687693,19,1,1
687693,20,1,1
687546,17,1,1
688770,49,1,1
686049,59,1,1
686049,29,1,1
686422,33,1,1
687316,51,1,1
688132,19,1,1
688132,49,1,1
1283112,8,1,1
1283112,59,1,1
768812,52,1,1
768815,52,1,1
1094002,58,1,1
1094002,26,1,1
1094002,29,1,1
1094002,37,1,1
685457,57,1,1
683879,57,1,1
685623,9,1,1
685623,37,1,1
686226,37,1,1
686226,50,1,1
687044,8,3,5
686803,20,1,1
683252,12,1,1
683252,34,1,1
683873,19,1,1
683873,20,1,1
683873,23,1,1
683873,50,1,1
688934,4,1,1
688934,50,1,1
684378,22,1,1
683539,91,1,1
683539,92,1,1
769588,7,1,1
686584,69,1,1
769591,18,3,5
687639,69,1,1
688181,93,3,5
685989,227,1,1
687860,67,1,1
770515,52,1,1
686389,25,1,1
683586,7,3,5
684366,61,3,5
684366,44,1,1
684366,7,3,5
688229,33,3,5
686566,33,1,1
1225225,1,1,1
685279,80,1,1
689057,39,1,1
688123,39,1,1
687845,36,3,5
687846,8,1,1
684107,8,1,1
686014,52,1,1
685807,59,1,1
683885,59,1,1
686244,40,1,1
686244,59,1,1
687093,6,3,5
687361,52,1,1
741266,33,1,1
741266,60,3,5
741420,56,1,1
741465,39,1,1
683823,6,1,1
686344,381,1,1
770540,8,1,1
685958,8,1,1
770558,8,1,1
770558,52,1,1
688780,18,1,1
788581,7,1,1
788660,7,1,1
786024,52,1,1
687283,39,1,1
686404,8,1,1
684390,33,1,1
684390,59,1,1
689363,33,1,1
687431,6,1,1
686754,377,1,1
685349,18,1,1
683515,7,1,1
687264,6,1,1
687264,52,1,1
689948,52,1,1
686642,59,1,1
686642,52,1,1
684142,40,3,5
690097,7,1,1
689333,1,1,1
687245,1,1,1
688626,1,1,1
685968,61,1,1
687329,44,1,1
689471,56,1,1
683876,44,1,1
687676,56,1,1
686335,56,1,1
683110,7,1,1
687657,56,1,1
689821,44,1,1
688088,56,1,1
684922,44,1,1
686115,44,1,1
689847,44,1,1
684452,56,3,5
688692,18,1,1
687797,33,1,1
688613,44,1,1
684388,18,1,1
687736,56,1,1
683666,44,1,1
686272,44,1,1
728482,33,1,1
685509,23,1,1
689441,34,1,1
684814,32,3,5
791997,52,1,1
793063,62,1,1
793063,70,3,5
688584,12,1,1
687186,2,1,1
685159,14,1,1
683488,32,1,1
684491,12,1,1
686198,23,1,1
690006,34,1,1
687668,45,1,1
686992,2,1,1
686992,50,1,1
686210,38,1,1
686210,41,1,1
687750,2,1,1
688893,48,1,1
686230,32,3,5
686830,12,1,1
683289,12,1,1
685484,23,1,1
688665,12,1,1
683832,43,1,1
798667,33,1,1
798667,59,1,1
685999,4,1,1
685999,23,1,1
839094,14,3,5
839094,50,1,1
684424,34,1,1
688894,50,1,1
688894,51,1,1
688894,53,1,1
686564,51,1,1
689016,2,1,1
732831,14,3,5
741448,50,3,5
686121,38,1,1
686121,34,1,1
740220,34,1,1
687793,14,1,1
687793,32,1,1
689060,2,1,1
768253,50,1,1
687858,25,1,1
684708,381,1,1
688217,53,1,1
687457,38,1,1
687457,11,1,1
793218,4,3,5
793218,51,1,1
687290,50,1,1
685261,32,1,1
688374,12,1,1
688374,14,1,1
688374,34,1,1
684770,4,1,1
685380,4,1,1
685380,26,1,1
685380,55,1,1
861500,14,1,1
683354,12,3,5
683354,48,1,1
683900,50,1,1
683960,34,1,1
689523,23,1,1
688034,37,1,1
688034,45,1,1
688034,53,1,1
683291,25,1,1
685389,51,1,1
686839,11,1,1
689364,53,1,1
689364,11,1,1
689364,14,3,5
689364,25,1,1
801802,51,1,1
686261,53,1,1
687600,34,1,1
684449,12,1,1
690020,12,1,1
820676,48,1,1
688037,4,1,1
683899,12,1,1
683292,32,1,1
683292,34,1,1
687399,14,3,5
687399,34,1,1
687399,48,1,1
685056,2,1,1
685056,41,1,1
685056,43,1,1
685056,50,1,1
686652,53,1,1
686652,22,1,1
689093,2,1,1
689093,48,1,1
687355,48,1,1
684786,37,1,1
688151,2,1,1
684003,48,3,5
689168,50,1,1
684165,4,1,1
684165,19,3,5
684165,22,1,1
684815,34,1,1
686645,22,1,1
688122,53,1,1
686532,24,1,1
686532,38,1,1
688003,34,1,1
685867,51,1,1
686994,12,1,1
684280,34,1,1
684280,48,1,1
688572,51,1,1
684459,51,1,1
684880,23,1,1
686997,34,1,1
684458,51,1,1
689941,82,3,5
684889,51,1,1
685321,2,1,1
683103,14,1,1
683768,53,1,1
688972,53,1,1
685133,22,1,1
687708,12,1,1
684845,12,1,1
684751,23,1,1
688159,4,1,1
685255,34,1,1
687722,26,1,1
687722,32,1,1
687722,37,1,1
687722,48,1,1
685256,32,1,1
685256,48,1,1
688713,41,1,1
688400,50,1,1
687896,32,3,5
683434,32,1,1
683434,51,1,1
687202,14,1,1
683401,43,1,1
687929,43,1,1
689851,82,3,5
689851,2,3,5
689851,12,3,5
689851,14,1,1
687349,51,1,1
685469,43,1,1
688091,50,1,1
684807,12,3,5
688640,14,1,1
687678,2,1,1
687678,12,3,5
687678,23,3,5
687781,23,1,1
684116,50,1,1
788035,51,1,1
684668,9,1,1
687173,19,1,1
685207,38,1,1
690038,20,1,1
690038,42,1,1
688169,57,1,1
685201,67,1,1
687621,67,1,1
689103,69,1,1
688205,28,1,1
687705,42,1,1
687705,50,1,1
685635,42,1,1
689327,67,1,1
689327,28,1,1
685724,67,1,1
688171,28,1,1
684068,8,1,1
684068,33,1,1
684068,40,1,1
684776,35,1,1
684776,62,1,1
686559,33,1,1
686954,28,1,1
686954,57,1,1
839374,1,1,1
803036,59,1,1
806430,379,3,5
806296,381,3,5
806325,6,1,1
806347,6,1,1
806443,6,1,1
806376,51,1,1
806376,80,1,1
827935,6,1,1
892811,62,1,1
892811,49,1,1
866509,40,1,1
857875,40,1,1
943992,7,1,1
859151,6,3,5
835308,6,1,1
934888,8,1,1
934888,60,1,1
689826,6,1,1
689826,52,1,1
687670,6,1,1
732611,33,1,1
732611,60,1,1
728583,33,1,1
732589,33,1,1
732589,56,3,5
728588,56,1,1
728610,33,1,1
728610,56,3,5
728857,33,1,1
729658,33,1,1
730682,61,3,5
730731,44,3,5
730746,60,1,1
730760,33,1,1
730738,18,1,1
728694,60,1,1
728743,56,1,1
728752,8,1,1
728752,60,1,1
728752,61,3,5
728757,60,3,5
737471,6,3,5
738003,39,1,1
738003,51,3,5
737994,39,1,1
737483,39,1,1
737568,52,1,1
737959,39,1,1
737514,6,3,5
738014,51,1,1
689496,47,1,1
683294,41,1,1
686466,41,1,1
683963,25,1,1
683963,58,1,1
685336,53,1,1
685088,25,3,5
685088,38,1,1
689615,42,1,1
1159205,9,1,1
1159205,24,3,5
687618,47,1,1
687618,53,1,1
683281,11,1,1
685066,9,1,1
685066,37,1,1
721939,38,1,1
687539,37,1,1
683371,53,1,1
689522,24,1,1
689522,25,1,1
721909,41,1,1
683540,24,3,5
731174,24,3,5
731174,37,1,1
686292,63,3,5
686567,22,1,1
686567,50,1,1
686567,67,1,1
689865,38,1,1
684410,24,1,1
731252,37,1,1
689039,53,1,1
731316,24,1,1
731316,37,1,1
689052,41,1,1
685511,69,1,1
687092,24,1,1
685367,11,1,1
686338,45,1,1
688013,38,1,1
688013,45,1,1
684554,9,1,1
684554,55,1,1
685246,26,1,1
685246,37,1,1
685246,45,1,1
685735,26,1,1
685735,37,1,1
685735,69,3,5
688455,41,1,1
687748,38,1,1
687748,41,1,1
687748,67,1,1
685006,24,1,1
685006,26,1,1
738484,25,1,1
684369,66,3,5
684369,24,1,1
684369,47,3,5
683450,38,1,1
688945,53,1,1
688945,42,1,1
688945,45,1,1
683438,9,1,1
685928,11,1,1
683227,2,1,1
683227,4,1,1
683227,32,1,1
683227,43,1,1
687945,38,1,1
791002,24,1,1
684398,25,1,1
684398,41,1,1
689661,11,1,1
688128,25,1,1
685057,26,1,1
687973,55,1,1
687578,69,3,2
687578,11,1,1
687578,53,1,1
687578,38,1,1
687568,24,1,1
687568,69,1,1
687008,24,1,1
687008,69,3,5
789587,24,1,1
690011,11,3,5
690011,55,1,1
684603,38,1,1
686082,38,1,1
791580,45,1,1
791626,24,1,1
791626,66,1,1
793415,24,1,1
793415,58,1,1
797099,11,1,1
795520,53,1,1
797768,53,1,1
795053,25,1,1
683677,41,3,5
684045,69,3,5
688278,63,1,1
688278,26,1,1
684576,9,1,1
684576,55,1,1
684839,67,1,1
686717,53,1,1
686717,25,1,1
689030,45,3,5
689672,58,1,1
731010,41,1,1
801805,41,1,1
800161,58,1,1
686841,10,1,1
689239,11,1,1
686195,25,1,1
835678,45,1,1
902943,11,1,1
683563,25,1,1
685866,10,1,1
685866,25,1,1
685866,53,1,1
685717,12,1,1
859991,48,1,1
866803,53,1,1
866803,48,1,1
689320,2,1,1
868705,53,1,1
949675,51,1,1
689515,14,1,1
687715,53,1,1
687715,50,1,1
689559,34,1,1
685343,14,1,1
689938,25,1,1
689938,53,1,1
684920,34,1,1
684919,22,1,1
684615,14,1,1
683975,2,1,1
683975,50,1,1
689433,23,1,1
689714,4,1,1
689714,23,1,1
689714,51,3,5
683494,14,1,1
684216,4,1,1
684216,32,1,1
684216,43,1,1
684216,51,1,1
685675,58,1,1
688465,48,1,1
683299,12,1,1
683299,23,1,1
685452,43,1,1
686586,2,1,1
688349,14,1,1
689336,48,1,1
689061,14,1,1
687951,53,1,1
684674,11,1,1
685725,50,1,1
690058,48,1,1
686473,12,1,1
685787,48,1,1
684908,2,1,1
689488,25,1,1
686057,51,1,1
684404,82,1,1
686826,82,3,5
685494,51,1,1
683125,2,1,1
686637,4,1,1
686975,43,1,1
688303,82,1,1
689899,34,1,1
689899,58,1,1
683977,53,1,1
683977,11,1,1
683978,48,1,1
684324,23,1,1
686089,51,1,1
687504,23,1,1
685631,23,1,1
688700,51,1,1
686711,32,1,1
687464,32,1,1
684779,51,1,1
688689,4,1,1
684465,4,1,1
687199,4,1,1
689701,2,3,5
689701,14,3,5
689701,32,3,5
687922,22,1,1
686721,51,1,1
689007,32,3,5
684296,4,1,1
683393,50,1,1
687619,2,1,1
684218,2,1,1
684218,14,1,1
683369,12,3,5
683440,23,1,1
686221,51,1,1
687379,50,1,1
683724,14,1,1
683724,48,1,1
684529,2,1,1
683560,53,1,1
688175,12,1,1
684188,12,1,1
689682,7,1,1
687376,7,1,1
686983,7,1,1
947950,18,1,1
947959,8,1,1
948020,8,1,1
948164,18,1,1
685538,22,1,1
754874,41,1,1
860935,42,1,1
685609,43,1,1
685125,11,1,1
685125,41,1,1
685125,55,1,1
688524,2,1,1
688133,4,1,1
689118,2,1,1
685044,29,1,1
685896,67,1,1
685896,20,1,1
685896,38,1,1
686946,4,3,5
899649,8,1,1
899649,49,1,1
899673,39,1,1
899673,40,1,1
899686,43,1,1
899699,6,1,1
899700,8,1,1
899700,18,3,5
899701,6,1,1
899701,8,1,1
899709,24,1,1
899712,17,1,1
898990,59,1,1
898996,40,1,1
871069,53,1,1
899001,53,1,1
899008,39,3,5
899019,40,1,1
899019,52,1,1
899022,12,1,1
899026,39,1,1
899026,59,1,1
899027,12,1,1
899027,48,3,5
899032,7,1,1
899032,51,1,1
899032,80,1,1
899034,7,1,1
899036,6,1,1
899036,7,1,1
899036,8,1,1
899037,44,1,1
899055,39,1,1
899059,24,1,1
899080,33,1,1
899083,21,1,1
899083,43,1,1
899097,6,1,1
899097,33,1,1
899100,33,1,1
899104,39,1,1
899110,8,1,1
899122,2,1,1
899123,41,1,1
899123,42,1,1
899123,53,1,1
899123,58,1,1
899124,48,1,1
899125,24,1,1
899125,41,1,1
899125,66,3,5
899132,37,1,1
899134,62,1,1
899134,2,1,1
899134,17,1,1
899134,23,1,1
899134,35,1,1
899134,37,1,1
899134,42,1,1
899134,43,1,1
899134,47,1,1
899134,55,1,1
899134,58,1,1
871240,19,1,1
871240,20,1,1
871240,30,1,1
871240,36,1,1
871240,50,1,1
871240,58,1,1
899137,4,1,1
899144,57,1,1
899144,67,1,1
899579,7,1,1
899158,61,1,1
881483,34,1,1
881483,41,1,1
881483,48,1,1
899162,24,1,1
899164,59,1,1
899168,32,1,1
899168,45,1,1
899168,50,1,1
899168,51,1,1
899168,67,1,1
899170,40,1,1
899171,25,1,1
899171,26,1,1
899171,48,1,1
899171,50,1,1
899175,48,1,1
1284787,51,1,1
899192,34,1,1
899192,50,1,1
878975,14,1,1
899195,40,1,1
899197,40,1,1
943935,7,1,1
907407,7,1,1
899230,25,1,1
899243,25,1,1
899260,51,1,1
899263,51,1,1
899269,52,1,1
899277,379,1,1
899278,39,1,1
899278,40,1,1
899279,56,1,1
899287,8,1,1
899298,7,1,1
899298,40,1,1
899299,39,1,1
899301,7,1,1
899301,59,1,1
899305,6,1,1
899310,381,3,5
899311,82,1,1
899313,51,1,1
899313,379,1,1
899319,40,1,1
899319,52,1,1
899326,7,1,1
899326,52,1,1
899326,59,1,1
899328,379,1,1
899378,70,1,1
899380,17,1,1
899383,52,1,1
899445,4,1,1
899445,32,1,1
899486,33,1,1
899491,33,1,1
899497,25,1,1
899498,9,1,1
899498,29,1,1
899505,14,1,1
899505,48,1,1
899506,2,1,1
899506,53,1,1
899512,12,1,1
899517,4,1,1
899521,11,1,1
899521,25,1,1
899521,38,1,1
899535,2,1,1
899535,14,1,1
899535,30,1,1
899545,12,1,1
899578,61,1,1
899607,62,1,1
899618,35,1,1
899618,49,1,1
899625,67,1,1
899720,53,1,1
899721,34,1,1
899721,48,1,1
899722,37,1,1
899738,24,1,1
899738,37,1,1
899738,38,1,1
899740,2,1,1
899751,14,1,1
899751,22,1,1
899751,50,1,1
899752,19,1,1
899753,2,3,5
899753,53,1,1
899757,2,1,1
899771,20,1,1
899771,41,1,1
899811,44,1,1
899811,60,1,1
899812,60,1,1
899832,61,3,5
899833,61,3,5
899888,38,1,1
899900,7,1,1
899900,18,1,1
899900,52,1,1
899905,51,1,1
899912,7,1,1
899915,7,1,1
899915,377,3,5
899919,7,1,1
899925,39,1,1
899928,39,1,1
899944,1,1,1
899944,7,1,1
899944,8,1,1
899944,44,1,1
899953,61,1,1
899956,43,1,1
899956,49,1,1
899957,58,3,5
899971,1,3,5
899971,56,1,1
899972,59,3,5
899974,56,1,1
899975,44,1,1
899976,8,1,1
899978,44,1,1
899978,49,1,1
899981,7,1,1
899981,39,1,1
900024,7,3,5
900024,56,1,1
900025,56,1,1
900059,20,1,1
900062,56,1,1
900062,59,1,1
900073,8,1,1
900083,59,3,5
900093,21,1,1
900093,39,1,1
900093,51,1,1
900102,8,1,1
900114,67,1,1
900114,11,1,1
900114,17,1,1
900114,38,1,1
900114,41,1,1
900114,58,1,1
900116,17,1,1
900116,19,1,1
900116,26,1,1
900116,28,1,1
900116,41,1,1
900116,42,1,1
900116,45,1,1
900116,50,1,1
900117,62,1,1
900118,25,1,1
900119,21,1,1
905184,33,1,1
926624,2,1,1
926862,19,1,1
926862,35,1,1
926708,41,1,1
931882,51,1,1
932445,14,1,1
932445,32,1,1
934751,60,1,1
934811,24,1,1
934875,39,1,1
934875,40,1,1
934901,2,1,1
934901,19,1,1
934901,29,1,1
934901,36,1,1
943181,8,1,1
943199,7,1,1
943287,40,1,1
943943,52,1,1
943964,6,1,1
943974,40,1,1
948753,21,1,1
950065,25,1,1
685673,32,1,1
685239,44,1,1
685239,39,1,1
793190,39,3,5
793190,52,1,1
959184,43,3,5
959222,44,1,1
959235,56,1,1
959241,52,1,1
959258,8,1,1
959258,40,1,1
959276,6,1,1
959310,52,1,1
959321,59,1,1
959327,8,1,1
959470,2,1,1
959470,50,1,1
959597,45,1,1
959597,67,1,1
959770,67,1,1
959770,28,1,1
959802,4,1,1
959807,63,1,1
959807,67,1,1
959807,69,3,5
959807,26,1,1
684064,11,1,1
860727,16,1,1
860884,16,1,1
769206,52,1,1
738000,51,3,5
964078,7,1,1
964087,7,1,1
964193,7,1,1
964196,7,1,1
964214,7,1,1
964322,6,3,5
971554,6,1,1
971554,7,1,1
971567,7,1,1
971583,7,1,1
971592,379,3,5
971687,7,1,1
971721,7,1,1
971732,40,1,1
971750,40,1,1
971757,7,1,1
971766,7,1,1
971776,6,1,1
899934,7,1,1
971948,377,3,5
971992,40,1,1
972014,7,1,1
972044,7,1,1
972044,40,1,1
972048,7,1,1
972055,7,1,1
972062,7,1,1
972062,40,1,1
972084,40,3,5
972104,7,1,1
972137,40,1,1
972191,7,1,1
972194,40,1,1
972206,40,1,1
972209,7,1,1
972216,40,1,1
972814,7,1,1
972817,7,1,1
972836,6,3,5
972850,7,1,1
878891,6,1,1
972856,7,1,1
972861,40,1,1
857758,7,1,1
972869,6,1,1
973010,7,1,1
688678,49,1,1
840624,6,1,1
687235,7,1,1
689538,7,1,1
899931,8,1,1
684731,61,1,1
684731,44,1,1
979555,1,1,1
900048,17,1,1
900049,30,1,1
686978,4,1,1
688788,32,3,5
688788,50,1,1
688433,28,1,1
685123,44,1,1
899410,37,1,1
899992,1,1,1
683258,60,3,2
728657,18,1,1
728663,61,3,5
731884,52,1,1
1006272,17,1,1
1006272,20,1,1
1006272,22,1,1
1006272,26,1,1
1006272,38,1,1
1006272,45,1,1
1006272,69,1,1
899594,45,1,1
899747,29,1,1
899747,67,1,1
683720,18,1,1
687741,33,1,1
689048,33,1,1
689048,44,1,1
689048,8,1,1
689243,8,1,1
683990,60,3,5
689487,61,3,5
689487,7,1,1
685195,44,1,1
688581,41,1,1
683988,39,1,1
790198,7,1,1
686679,44,1,1
687183,7,1,1
899985,9,1,1
899985,24,1,1
899985,25,1,1
899985,32,1,1
885459,48,3,5
899899,56,1,1
777931,61,1,1
685009,1,1,1
683665,1,1,1
684669,1,1,1
688357,1,1,1
899507,14,1,1
686132,38,1,1
686132,55,1,1
721877,4,1,1
721881,50,1,1
685944,14,3,5
688985,23,1,1
689404,4,1,1
687507,2,1,1
833285,53,1,1
688968,12,3,5
689926,38,1,1
687022,38,1,1
837265,76,3,5
687882,60,1,1
687882,59,1,1
684812,44,1,1
737997,39,1,1
802992,18,1,1
1010052,69,3,5
899716,67,1,1
899716,25,1,1
899716,28,1,1
683828,33,1,1
683828,56,1,1
683828,39,1,1
683475,42,1,1
687407,49,1,1
689870,44,1,1
686421,69,3,2
684235,53,1,1
689421,24,1,1
688285,60,1,1
900013,53,1,1
837244,52,1,1
686281,61,3,5
686149,68,1,1
686149,11,1,1
686149,53,1,1
685700,34,1,1
687246,30,1,1
687246,58,1,1
935251,4,1,1
935251,32,1,1
935251,50,1,1
686508,14,1,1
686508,34,3,5
689910,14,3,5
686220,41,1,1
801799,51,1,1
685092,23,1,1
684497,33,1,1
684941,7,1,1
688618,30,1,1
688166,28,1,1
683907,12,3,5
686786,59,1,1
684895,35,1,1
685041,43,1,1
685041,51,1,1
849336,39,1,1
817806,4,1,1
689571,48,1,1
685190,48,1,1
685190,50,1,1
689973,4,1,1
689973,51,1,1
684421,34,1,1
684421,48,1,1
684653,56,1,1
686303,7,1,1
836893,61,3,5
689023,44,1,1
833214,7,1,1
683601,32,1,1
683601,50,1,1
685853,2,3,5
685853,14,1,1
687174,2,3,5
687174,22,3,5
685018,43,3,5
683177,42,1,1
688276,51,1,1
758559,53,1,1
686991,7,1,1
833267,14,1,1
877314,41,1,1
877314,42,1,1
870290,50,1,1
879104,50,1,1
899396,34,1,1
899436,53,1,1
900011,34,1,1
900011,48,1,1
689459,14,1,1
687902,22,1,1
798678,14,3,5
687818,48,1,1
687004,22,1,1
688475,34,1,1
688475,48,3,5
685204,48,3,5
688482,42,1,1
687189,41,1,1
687189,45,1,1
686982,55,1,1
686512,48,1,1
687537,25,1,1
687537,41,1,1
688277,48,1,1
688277,50,1,1
688277,58,1,1
689528,37,1,1
689528,47,1,1
689528,55,1,1
728821,11,1,1
728821,25,1,1
728821,45,1,1
683249,53,1,1
683683,53,1,1
683683,38,1,1
683502,14,1,1
683502,50,1,1
687868,2,1,1
687787,22,1,1
685180,2,1,1
689639,14,1,1
688748,50,1,1
687856,50,1,1
683394,50,1,1
686973,25,3,5
684700,10,1,1
686117,53,1,1
899251,32,3,5
684994,51,1,1
684782,51,1,1
683593,39,3,5
683593,51,1,1
900043,26,1,1
900043,41,1,1
900043,67,1,1
1041618,69,1,1
1041619,65,1,1
1041619,69,1,1
1041619,91,1,1
1041619,227,1,1
1041620,1,1,1
1041621,227,1,1
899571,61,1,1
899571,227,1,1
1041654,1,1,1
899875,61,1,1
899875,62,1,1
1041777,227,3,5
899876,70,1,1
1041792,61,1,1
1041837,1,1,1
1041855,1,1,1
885532,1,1,1
1041861,93,1,1
860574,1,1,1
860574,65,1,1
1042195,65,1,1
1042195,70,1,1
1042214,63,1,1
1042214,227,1,1
858291,65,1,1
858291,69,1,1
687218,44,1,1
688080,44,1,1
688080,7,3,5
899726,7,1,1
899724,7,1,1
684070,44,1,1
683624,7,1,1
683484,44,1,1
689358,44,1,1
689794,44,1,1
686147,44,1,1
685226,44,1,1
1013684,35,1,1
1013745,6,1,1
689807,44,1,1
688097,56,1,1
685446,22,1,1
1044238,1,1,1
1044259,65,1,1
1044265,93,1,1
1044268,65,1,1
1044268,69,1,1
1044268,91,1,1
1044268,227,1,1
1044271,93,3,5
1044283,1,1,1
1044286,7,1,1
1044295,70,1,1
1040919,1,1,1
833262,56,1,1
1150935,57,1,1
1150947,29,1,1
1150953,41,1,1
1150957,63,1,1
687779,22,1,1
688334,9,1,1
899421,55,1,1
1150933,66,1,1
877688,19,1,1
877688,25,1,1
877688,41,1,1
877688,43,1,1
877688,45,1,1
899532,38,1,1
899532,47,1,1
899532,58,1,1
736389,38,1,1
931854,69,3,5
931856,24,1,1
1171247,11,1,1
1171247,24,1,1
1171247,37,1,1
1171247,42,1,1
1171247,55,1,1
1171247,58,1,1
899046,41,1,1
899046,53,1,1
899049,11,1,1
899049,22,1,1
899049,32,1,1
899049,51,1,1
899704,36,1,1
899704,49,1,1
899704,62,1,1
899530,25,3,5
1159089,37,1,1
1159089,67,1,1
1159091,66,3,5
1159095,2,1,1
1159095,23,1,1
1159097,9,1,1
1159097,38,1,1
1159097,66,3,5
1159101,51,1,1
1159109,24,1,1
1159111,55,1,1
1159113,57,1,1
1159115,55,1,1
1159117,37,1,1
1159121,20,1,1
1159121,30,1,1
1159121,45,1,1
1159127,19,1,1
1159139,24,1,1
1159139,38,1,1
1159141,37,1,1
1159141,69,3,5
1159143,41,1,1
1159145,9,1,1
1159147,47,1,1
1159149,9,1,1
1159149,41,1,1
1159159,25,1,1
1159165,66,1,1
1159167,11,1,1
1159177,91,1,1
1159191,19,1,1
1159191,49,1,1
1159193,24,1,1
1159201,37,1,1
1159201,41,1,1
1159201,63,3,5
1159201,69,3,5
685857,39,1,1
687884,6,1,1
737495,6,3,5
728669,60,1,1
689728,44,1,1
689728,56,1,1
730893,33,1,1
979558,7,3,5
979558,56,1,1
688212,12,1,1
1132400,21,1,1
1179665,20,1,1
1179665,47,1,1
1179665,67,1,1
1089409,29,1,1
688918,53,1,1
899737,38,1,1
899737,45,1,1
1093938,66,3,5
1093954,45,1,1
1093954,66,3,5
1093978,19,1,1
1094025,29,1,1
858623,30,1,1
858623,48,1,1
1094174,14,1,1
1094174,4,1,1
1094185,58,1,1
1094185,4,1,1
1094185,21,1,1
1094185,30,1,1
1094185,50,1,1
1110207,44,1,1
688664,24,1,1
688664,37,1,1
688664,47,1,1
686101,42,1,1
686101,57,1,1
689622,37,1,1
789543,58,1,1
688864,34,1,1
1151267,24,1,1
1151271,12,1,1
1151279,45,1,1
1151279,53,1,1
1151281,14,1,1
1151283,47,1,1
1151285,53,1,1
1151287,25,1,1
683283,26,3,5
687037,20,1,1
687037,42,1,1
899756,17,1,1
899756,67,1,1
860767,61,1,1
860767,62,1,1
685846,38,1,1
689508,45,1,1
734442,39,1,1
899053,59,1,1
899300,52,1,1
687561,4,1,1
686708,11,1,1
687321,22,1,1
687981,4,1,1
684506,38,1,1
684506,11,1,1
684591,22,3,5
684591,50,3,5
686545,22,1,1
684944,2,3,5
683778,22,1,1
814098,2,3,5
687566,43,3,5
683214,50,1,1
687422,50,1,1
683353,4,1,1
899234,42,1,1
899234,69,1,1
905187,33,1,1
905187,59,1,1
1117391,43,1,1
1127122,59,1,1
1127124,8,1,1
1127132,8,1,1
1131907,45,1,1
1041047,1,1,1
1041057,1,1,1
1041062,1,1,1
1041077,1,1,1
1041083,93,1,1
1041103,93,1,1
1041501,1,1,1
1041581,93,1,1
860789,67,1,1
1041616,91,1,1
1041616,227,1,1
1132346,53,1,1
1132348,9,1,1
1132348,41,1,1
899631,7,1,1
899620,6,1,1
899621,18,1,1
899621,40,3,5
866494,52,1,1
858280,52,1,1
899632,43,1,1
683149,9,1,1
683149,24,1,1
683149,47,1,1
1085027,41,1,1
1085078,6,1,1
1085078,8,1,1
1085089,6,1,1
969507,7,1,1
969534,7,1,1
969540,7,1,1
969558,7,1,1
969579,7,1,1
969582,7,1,1
899004,36,1,1
687746,28,1,1
899765,30,1,1
1146916,67,1,1
1146924,69,1,1
1146926,42,1,1
689156,8,1,1
1225175,44,1,1
1225181,61,1,1
1225193,56,1,1
1225199,33,1,1
1225199,52,1,1
1225203,18,1,1
1225203,52,1,1
1225207,56,1,1
1225211,44,1,1
1225219,18,1,1
1225223,8,1,1
1225223,33,1,1
1225223,39,1,1
1225223,40,1,1
1225223,56,1,1
687029,61,3,5
684344,18,1,1
684344,59,1,1
731908,33,1,1
686219,18,1,1
685863,18,1,1
685046,44,1,1
685046,7,1,1
684662,44,1,1
685290,44,1,1
686447,44,1,1
688758,56,1,1
1225582,7,1,1
1225584,7,1,1
1225584,72,1,1
1225584,80,1,1
1225584,381,1,1
1225586,7,1,1
1225586,8,1,1
1225586,80,1,1
1225586,379,1,1
1225586,381,1,1
1227875,56,1,1
689236,56,1,1
835765,6,1,1
835765,8,1,1
835793,7,1,1
835793,49,1,1
1233790,43,1,1
1233802,4,1,1
1233802,43,1,1
1233804,43,3,5
899360,22,3,5
683102,14,1,1
683102,23,1,1
688261,4,1,1
688187,30,1,1
688187,43,1,1
900046,30,1,1
686441,20,1,1
828605,43,1,1
686741,14,1,1
686741,32,1,1
1238783,56,1,1
1238785,61,3,5
1238797,44,1,1
1238797,52,1,1
1238797,59,1,1
1238805,6,1,1
1238805,8,1,1
1238805,61,1,1
685169,22,1,1
685169,50,1,1
899566,48,1,1
1159133,55,1,1
1159133,58,1,1
899707,25,1,1
686351,29,1,1
688058,29,1,1
688058,57,1,1
688617,69,1,1
689666,28,1,1
686898,29,1,1
687513,69,3,5
683445,9,1,1
893408,9,1,1
893408,41,1,1
1159085,29,1,1
1150939,67,1,1
1150937,69,3,5
1150949,26,1,1
1150949,37,1,1
1150949,66,1,1
1222761,44,3,5
1222781,61,3,5
1222799,61,3,5
1222807,33,3,5
1222823,56,1,1
1222823,61,3,5
1222827,61,3,5
1222829,18,1,1
1222833,44,3,5
1222835,61,3,5
1222843,56,1,1
1222855,61,3,5
1222859,61,3,5
1222861,61,3,5
1222875,44,3,5
1222877,56,1,1
1268467,23,1,1
1268471,25,1,1
1268477,43,1,1
1268489,43,1,1
1268489,51,1,1
1268503,1,1,1
1268531,16,1,1
1268535,16,1,1
1268581,16,1,1
1268705,1,1,1
1269120,69,1,1
1269120,91,1,1
1269124,8,1,1
1269124,35,1,1
1269128,6,1,1
1269128,39,1,1
1269128,51,1,1
1269128,377,1,1
1269134,51,1,1
1269132,7,1,1
1269132,80,1,1
1268485,44,1,1
1268485,61,3,5
899086,60,1,1
899086,70,1,1
1275208,17,1,1
1275218,33,1,1
1275222,35,1,1
1275224,36,1,1
1275224,49,1,1
1275227,60,1,1
1275231,60,1,1
899586,44,1,1
900038,8,1,1
900038,18,1,1
683797,59,1,1
686887,33,1,1
1278505,33,1,1
1278505,61,1,1
1278507,18,1,1
1278507,33,1,1
1278511,18,1,1
1279138,7,1,1
683948,32,1,1
899742,2,1,1
686635,57,1,1
689270,19,1,1
684439,48,1,1
1279624,2,1,1
1279624,4,1,1
1279640,14,1,1
1279658,32,1,1
1151289,14,1,1
1151289,34,1,1
687674,7,1,1
898960,377,1,1
788752,7,1,1
685670,7,1,1
874094,7,1,1
874122,44,1,1
874149,44,1,1
874149,56,1,1
899211,44,3,5
1277471,44,1,1
1277475,7,1,1
1277511,7,1,1
1277513,7,1,1
1277519,7,1,1
1277582,7,1,1
1277584,7,1,1
1277586,7,1,1
1277590,7,1,1
1277594,7,1,1
1277620,44,3,5
1277664,7,1,1
1277666,7,1,1
1277674,7,1,1
1277682,7,1,1
1277690,7,1,1
1277700,7,1,1
1277705,7,1,1
1277711,7,1,1
1277718,7,1,1
1277726,7,1,1
1277730,7,1,1
1277746,7,1,1
1277774,7,1,1
1232155,63,1,1
1232155,69,1,1
1232155,55,1,1
1232163,65,1,1
1232183,62,1,1
1232183,93,1,1
899427,47,1,1
899427,67,1,1
690049,28,1,1
688259,41,1,1
899574,41,1,1
689146,41,1,1
1146920,24,1,1
1146910,66,1,1
687038,41,1,1
689581,45,1,1
686305,19,1,1
1159125,20,1,1
1242955,14,1,1
1242963,20,1,1
1242971,19,1,1
1242973,19,1,1
1251777,41,1,1
1251779,37,1,1
1251781,26,1,1
899519,44,1,1
899516,33,1,1
899516,56,1,1
899641,61,1,1
899510,56,1,1
899511,1,1,1
899511,61,1,1
688390,18,1,1
684008,44,1,1
900014,33,1,1
900014,44,1,1
900014,59,1,1
899791,61,3,5
683661,8,1,1
899946,61,1,1
899946,80,1,1
1225189,61,3,5
1225185,44,1,1
737975,39,1,1
899069,24,1,1
1252494,25,1,1
1252839,2,1,1
1252839,23,3,5
1252839,51,1,1
969525,56,1,1
1252904,56,1,1
1252906,44,3,5
1252930,56,1,1
1252932,56,1,1
1252936,18,1,1
899670,56,1,1
899671,33,1,1
899671,61,3,5
683668,26,1,1
683668,37,1,1
1256092,41,1,1
1256094,41,1,1
1256094,45,1,1
688730,25,1,1
689436,6,1,1
689436,40,3,5
689436,52,1,1
868475,16,1,1
685748,39,1,1
687785,379,3,5
899240,379,1,1
899550,8,1,1
899550,59,1,1
899549,18,1,1
899633,8,1,1
899633,39,1,1
899813,8,1,1
899813,44,1,1
1238807,7,1,1
1238807,56,1,1
688023,39,1,1
1270934,39,1,1
1270948,7,1,1
1270948,40,1,1
1270952,52,1,1
1270954,8,1,1
1270954,40,1,1
1270962,39,1,1
1270988,6,1,1
1270990,6,1,1
1271014,39,1,1
1271026,39,1,1
898962,44,1,1
688691,44,1,1
899952,61,3,5
935020,39,1,1
935020,56,1,1
899381,18,1,1
1271339,7,1,1
1271339,56,1,1
1271528,56,1,1
1271530,1,1,1
899035,51,1,1
899308,44,1,1
899308,61,3,5
1239373,7,1,1
1239373,44,1,1
1239375,7,1,1
1239381,7,1,1
1239385,44,1,1
1239387,7,1,1
1239393,7,1,1
1239395,377,3,5
1239405,33,1,1
683219,76,1,1
1344240,1,1,1
1344241,69,1,1
1344242,1,1,1
1344244,227,1,1
1150931,55,1,1
1150931,68,3,5
899191,21,1,1
877352,14,1,1
877352,50,1,1
1302487,50,1,1
1302487,53,1,1
1302485,51,1,1
1302483,4,1,1
1302483,43,1,1
1302491,23,1,1
1127112,39,1,1
860808,60,1,1
1041831,61,3,5
1041831,93,3,5
837149,32,1,1
1349437,33,1,1
1349440,33,1,1
1349440,70,1,1
1349441,60,1,1
1349451,50,3,5
1349453,28,1,1
1233782,2,1,1
833213,56,1,1
900082,60,1,1
900082,59,1,1
1275198,70,1,1
1275198,33,1,1
934599,8,3,5
934599,49,1,1
1352332,21,1,1
1352333,70,1,1
1352333,29,1,1
1352336,49,1,1
1352337,49,1,1
1352337,59,1,1
1352341,33,1,1
1352345,36,1,1
1352347,33,1,1
1268557,40,1,1
899113,18,1,1
899113,33,1,1
1353055,17,1,1
683770,55,1,1
900028,18,1,1
684180,39,1,1
684180,51,1,1
899593,53,1,1
878775,38,1,1
878775,58,1,1
689750,53,1,1
683268,53,1,1
683268,26,1,1
1233818,4,1,1
899552,2,1,1
899552,4,1,1
899552,32,1,1
899552,43,3,5
1279634,2,1,1
1279634,19,1,1
1279634,51,1,1
684694,4,1,1
899157,34,1,1
899157,50,1,1
899741,14,3,5
899021,12,3,5
899021,23,1,1
899021,43,1,1
899121,2,1,1
899121,34,1,1
686823,23,1,1
684249,34,1,1
1281874,2,1,1
1281876,51,1,1
1281882,48,1,1
1281884,32,1,1
1281884,82,1,1
1281888,12,1,1
1281888,14,1,1
1281888,34,1,1
1281888,48,1,1
1281892,23,1,1
1281896,48,1,1
1281902,2,1,1
1281902,34,1,1
1281902,82,1,1
1281910,23,1,1
899359,23,1,1
1279618,2,1,1
1279618,4,1,1
1279618,51,1,1
860449,32,1,1
860449,38,1,1
860449,50,1,1
899357,50,1,1
899259,39,1,1
899259,381,1,1
899257,51,1,1
838440,77,1,1
838440,80,1,1
833203,44,1,1
931837,2,1,1
931837,25,1,1
931837,51,1,1
931837,55,1,1
877316,14,1,1
877316,38,1,1
1151265,45,1,1
931836,19,1,1
931836,28,1,1
931836,49,1,1
838459,36,1,1
1285521,57,1,1
838549,55,1,1
1207718,66,1,1
1207718,69,1,1
1150941,37,1,1
1150941,38,1,1
1256090,69,3,5
1279620,4,1,1
1279620,19,1,1
1279620,21,3,5
1279620,30,1,1
1285410,43,1,1
1285416,20,1,1
838498,67,1,1
838498,30,1,1
838498,32,1,1
838498,37,1,1
838498,38,1,1
838498,41,1,1
838498,50,1,1
1284769,381,3,5
1132392,70,1,1
1085042,8,1,1
1085069,8,1,1
838618,39,1,1
838618,40,1,1
838618,51,1,1
838618,52,1,1
836537,39,1,1
836537,51,1,1
836528,18,1,1
877289,18,1,1
877289,44,1,1
836672,18,1,1
836672,56,1,1
877291,36,1,1
877291,49,1,1
836647,61,1,1
836647,44,1,1
932906,44,1,1
932906,61,1,1
835947,40,1,1
838600,60,1,1
838600,93,1,1
838600,8,1,1
838600,18,1,1
838600,52,1,1
835750,44,1,1
1225592,18,1,1
1225592,44,1,1
872650,62,1,1
872650,63,1,1
899895,69,1,1
884847,12,1,1
860801,16,1,1
860546,377,1,1
860411,6,1,1
836040,6,1,1
836040,44,1,1
860467,14,1,1
877355,2,1,1
877355,34,1,1
877355,50,1,1
1285408,12,1,1
1285408,19,1,1
1285408,53,1,1
1279614,22,1,1
1279614,82,1,1
1302634,2,1,1
1302634,17,1,1
1302634,47,1,1
877354,45,1,1
877354,67,1,1
877358,69,1,1
1285582,33,1,1
1285582,60,1,1
1285584,56,1,1
1285584,59,1,1
1285584,70,1,1
836955,51,1,1
900017,49,1,1
837646,56,1,1
860511,56,1,1
866455,21,1,1
860688,17,1,1
860688,21,1,1
860688,49,1,1
838450,381,3,5
838450,43,1,1
857357,381,3,5
860481,36,1,1
860481,49,1,1
860481,51,1,1
856954,8,1,1
856954,36,1,1
856981,70,1,1
856981,33,1,1
860480,39,1,1
860672,8,1,1
860672,51,1,1
856717,8,1,1
856717,21,1,1
856717,39,1,1
872643,30,1,1
872643,49,1,1
881410,43,1,1
1270115,62,1,1
1270115,70,1,1
959134,32,1,1
1256088,34,1,1
1256086,53,1,1
858134,24,1,1
932947,44,1,1
860452,6,1,1
860452,377,1,1
837419,6,1,1
837419,8,1,1
837419,52,1,1
837419,56,1,1
860590,52,1,1
860590,59,1,1
837832,52,1,1
837794,18,1,1
837794,33,1,1
837794,56,1,1
835909,52,1,1
835909,59,1,1
860463,18,1,1
860463,51,1,1
860416,59,1,1
873846,44,1,1
873846,56,1,1
860504,39,1,1
860504,82,1,1
860504,379,1,1
837711,80,1,1
837231,383,1,1
837750,391,1,1
899367,51,1,1
899367,381,1,1
860585,379,1,1
833228,6,1,1
833228,40,1,1
856731,7,1,1
856731,377,1,1
879239,40,1,1
879239,377,3,5
879242,7,1,1
879242,40,1,1
953927,6,1,1
953927,40,3,5
860690,63,1,1
860690,66,3,5
860690,69,1,1
860541,6,1,1
860541,39,1,1
860541,60,1,1
849164,56,1,1
860619,56,1,1
838855,14,1,1
838855,34,1,1
838797,2,1,1
838784,12,1,1
838784,23,1,1
838755,43,1,1
838850,43,1,1
838650,67,1,1
838650,43,1,1
838650,53,1,1
860591,52,1,1
860591,379,1,1
860512,61,1,1
860512,63,1,1
860512,67,1,1
860512,92,1,1
860512,227,1,1
860521,12,1,1
860521,25,1,1
860521,43,1,1
860521,53,1,1
902938,11,1,1
902938,48,1,1
902938,51,1,1
860693,48,1,1
860693,51,1,1
860627,14,1,1
860627,22,1,1
860627,24,1,1
860627,29,1,1
860627,38,1,1
860627,41,1,1
860627,45,1,1
860627,62,1,1
860627,68,1,1
860627,69,1,1
894450,4,1,1
894450,67,1,1
860526,2,1,1
860526,19,1,1
860526,30,1,1
860526,57,1,1
860526,63,3,5
860526,67,1,1
938463,37,1,1
860542,35,1,1
860473,21,1,1
860473,29,1,1
860473,51,1,1
860473,68,1,1
932976,33,1,1
932976,52,1,1
932976,61,1,1
860697,61,1,1
860697,377,1,1
848795,7,1,1
1041701,56,1,1
857235,33,1,1
857235,40,1,1
857258,8,1,1
857258,18,1,1
857258,39,1,1
860623,18,1,1
860623,56,1,1
860623,379,1,1
1041690,61,1,1
1041730,1,1,1
860569,41,1,1
900121,62,1,1
900121,8,1,1
907535,28,1,1
907535,56,1,1
860841,65,1,1
1176969,47,1,1
1299044,1,1,1
1361913,30,1,1
1361912,70,1,1
1361912,227,1,1
1361912,24,1,1
1361912,52,1,1
1361912,59,1,1
856702,60,1,1
856702,33,1,1
856702,40,1,1
860604,10,1,1
860604,20,1,1
860604,29,1,1
860604,38,1,1
860604,53,1,1
860604,58,1,1
1159179,10,1,1
1159179,53,1,1
860576,60,1,1
860576,18,1,1
860576,52,1,1
860576,59,1,1
860442,2,1,1
860442,38,1,1
860442,40,1,1
860442,56,1,1
860442,57,1,1
859820,22,1,1
838396,82,1,1
860714,26,1,1
860714,32,1,1
860714,41,1,1
860714,53,1,1
860696,72,1,1
860696,80,1,1
860578,62,1,1
860725,12,1,1
860656,91,1,1
860656,227,1,1
1366367,59,3,5
689927,44,1,1
687333,7,3,5
684562,12,1,1
688957,14,1,1
688924,48,1,1
683910,14,1,1
683910,12,1,1
684152,12,1,1
687780,14,1,1
687780,12,3,5
687074,32,3,5
688136,12,1,1
688136,48,1,1
899372,70,1,1
684224,39,1,1
899655,39,1,1
685161,8,1,1
1225209,8,1,1
689576,44,1,1
899452,44,1,1
946354,51,1,1
899393,14,1,1
1151269,42,1,1
1151269,50,1,1
833282,2,1,1
833282,10,1,1
833282,34,1,1
1315496,56,1,1
1315499,49,1,1
1315500,56,1,1
1315501,8,1,1
1315501,18,1,1
1315506,7,3,5
1315507,29,1,1
1344278,1,1,1
1344278,62,3,5
1344278,69,1,1
1344278,227,1,1
798288,41,1,1
798288,67,1,1
685409,26,1,1
688461,41,1,1
685813,41,1,1
948485,28,1,1
948485,67,1,1
948485,69,1,1
948499,53,1,1
1361914,28,1,1
1361915,8,3,5
833287,41,1,1
877335,67,1,1
1132407,35,1,1
1132407,36,1,1
801747,4,3,5
1132405,51,1,1
1270960,39,1,1
1270984,39,1,1
1270984,40,1,1
1270980,6,1,1
1270974,52,1,1
1270966,8,1,1
1270966,39,1,1
933219,56,1,1
877395,377,1,1
931844,45,1,1
905016,12,1,1
905016,14,1,1
905014,14,1,1
1279654,2,1,1
1302505,2,1,1
1345194,2,1,1
1345194,20,1,1
1345194,22,1,1
1302654,12,1,1
1302654,24,1,1
1302654,42,1,1
1302654,45,1,1
1302654,50,1,1
1302654,55,1,1
931842,26,1,1
931842,41,1,1
1284779,43,3,5
1127118,35,1,1
860626,35,1,1
959859,43,1,1
959859,82,1,1
959855,43,1,1
1302652,29,1,1
1302652,30,1,1
900047,12,1,1
900047,34,1,1
900047,48,3,5
878628,2,1,1
685347,53,1,1
878639,14,1,1
878639,53,1,1
688984,58,1,1
688984,14,3,5
688984,50,1,1
900045,14,3,5
686196,2,3,5
899966,32,1,1
689407,22,1,1
689906,2,1,1
689906,12,1,1
684628,50,1,1
686958,48,1,1
688372,14,1,1
688372,34,1,1
900042,53,1,1
684346,45,1,1
687085,45,1,1
688837,69,3,2
688837,24,1,1
684760,30,1,1
684760,41,1,1
959108,17,1,1
685146,29,1,1
684593,30,1,1
685775,17,1,1
686634,20,1,1
686634,29,1,1
686454,4,1,1
688631,19,1,1
685883,30,1,1
686455,29,1,1
959042,28,1,1
959042,29,1,1
959042,66,1,1
687150,28,1,1
687150,57,3,5
689269,67,1,1
689269,55,1,1
688094,37,1,1
686857,67,1,1
688099,57,1,1
893439,29,1,1
860694,36,1,1
857191,35,1,1
684091,59,3,5
689120,36,1,1
689120,49,1,1
684088,49,1,1
687301,8,1,1
728737,60,3,5
849141,44,1,1
899831,56,1,1
900055,41,3,5
907563,93,1,1
877402,55,1,1
877402,67,1,1
860514,7,1,1
860514,44,1,1
860514,56,1,1
860514,381,1,1
887169,24,1,1
887169,34,1,1
1093904,26,1,1
1093904,67,1,1
907585,12,1,1
907585,17,1,1
907585,21,1,1
907585,45,1,1
907585,62,1,1
687087,70,1,1
687087,21,1,1
687087,17,1,1
687087,57,1,1
684274,28,1,1
684638,26,1,1
688863,58,1,1
684956,48,1,1
685634,25,1,1
685634,43,1,1
907588,2,1,1
907588,19,1,1
907588,24,1,1
907588,26,1,1
907588,67,1,1
802098,25,1,1
1292372,41,1,1
1344228,1,1,1
899135,19,1,1
860710,7,1,1
860710,379,1,1
856676,1,3,5
1315492,52,1,1
1315493,39,1,1
1302630,45,1,1
858054,28,1,1
858054,45,1,1
858054,55,1,1
931850,67,1,1
1302628,42,1,1
1302628,55,1,1
899735,23,1,1
899735,82,1,1
857654,7,1,1
1277477,7,1,1
1362520,44,1,1
1362520,56,1,1
974112,7,1,1
1159199,58,1,1
1167512,60,1,1
1167512,70,1,1
1167512,33,3,5
683972,30,1,1
1377512,4,1,1
1377513,30,1,1
1377513,43,3,5
688939,2,1,1
1302666,9,1,1
1302666,11,1,1
1302666,26,1,1
1302666,28,1,1
1302666,30,1,1
1302666,34,1,1
1302666,41,1,1
1302666,48,1,1
1302666,51,1,1
1302666,57,1,1
1302664,30,1,1
1302656,22,1,1
1302656,32,1,1
1349443,28,1,1
1349443,36,1,1
790680,59,1,1
688271,7,1,1
688866,51,1,1
684964,50,1,1
684964,2,1,1
686933,50,3,5
689315,43,1,1
685580,56,1,1
899117,70,1,1
899117,35,1,1
899117,36,1,1
1302461,60,1,1
1302501,23,3,5
1302519,2,3,5
1302519,22,3,5
1302521,50,1,1
1302527,32,3,5
1302531,30,3,5
833274,2,1,1
833274,38,1,1
833274,53,1,1
899356,4,1,1
899356,43,1,1
833272,2,1,1
1302632,69,3,5
1302632,92,3,5
1302636,24,1,1
1302636,34,1,1
1302636,63,1,1
1302636,69,1,1
1302642,47,1,1
1302644,10,1,1
1302644,11,1,1
1302648,20,1,1
1302648,22,1,1
1302648,28,1,1
1302648,55,1,1
1302660,26,1,1
1302660,32,1,1
1302660,37,1,1
1302660,48,1,1
1302660,67,1,1
1302662,21,1,1
1302662,59,1,1
899151,33,1,1
1309261,33,1,1
1309285,60,1,1
1309287,60,1,1
1309291,49,1,1
683356,39,1,1
683308,56,1,1
689506,44,1,1
684685,8,1,1
684685,44,1,1
684685,33,1,1
1277790,7,1,1
1277790,44,1,1
1277810,56,3,5
1277826,7,1,1
1277828,7,1,1
1277830,7,1,1
1225598,56,1,1
1225598,59,1,1
899587,49,1,1
899587,59,1,1
899672,60,1,1
899318,8,1,1
899307,40,1,1
899307,44,1,1
899307,61,3,5
1278493,6,1,1
1278493,49,1,1
1278493,52,1,1
1278499,40,1,1
1278499,52,1,1
1278495,18,1,1
1278495,60,3,5
1278501,8,1,1
1278501,56,1,1
1278503,39,1,1
899809,40,1,1
899825,40,1,1
899825,52,1,1
1225169,18,1,1
1225169,52,1,1
1225169,56,1,1
689587,62,1,1
685360,18,1,1
686582,40,1,1
686911,39,1,1
685900,39,1,1
688557,8,1,1
1283078,59,1,1
1283084,35,1,1
1283086,40,1,1
1283086,44,1,1
1283096,33,1,1
1283098,33,1,1
1283104,18,1,1
1171241,43,1,1
899432,51,1,1
687159,43,1,1
688553,39,3,5
1284775,51,1,1
1284799,51,1,1
1284801,51,1,1
1284805,51,1,1
1284809,12,1,1
1284815,51,1,1
1284829,51,1,1
1284839,51,1,1
1284845,51,1,1
1284855,51,1,1
1270938,80,1,1
683155,59,1,1
769165,6,1,1
769170,39,3,5
686022,39,1,1
902166,7,1,1
899345,52,1,1
899347,39,1,1
899346,59,1,1
1042115,62,1,1
1042125,69,1,1
1042050,69,3,5
1042050,227,3,5
1042080,65,3,5
1042030,1,1,1
1042030,93,3,5
1042070,62,1,1
1042060,1,1,1
1042060,69,1,1
1042060,91,3,5
1042190,91,1,1
1041954,91,3,5
898979,59,1,1
866456,49,1,1
866456,59,1,1
1279626,22,1,1
1279626,35,1,1
1279626,36,1,1
1279626,49,1,1
1279626,53,1,1
1279626,57,1,1
1279626,62,1,1
887296,51,3,5
1279628,25,1,1
1279628,26,1,1
1279628,38,1,1
1279628,55,1,1
1284861,51,1,1
1282234,48,1,1
1233796,19,1,1
688480,50,1,1
899650,20,1,1
899650,50,1,1
1242965,30,1,1
1233826,43,1,1
899596,42,1,1
1285414,20,1,1
1285422,53,3,5
1285523,28,1,1
1225594,6,1,1
1285628,7,1,1
899438,41,1,1
838070,16,1,1
868498,16,1,1
685211,16,1,1
685436,16,1,1
688139,16,1,1
684362,53,1,1
688424,48,1,1
689832,14,1,1
899182,17,1,1
899182,20,1,1
899182,29,1,1
899182,48,1,1
688722,2,1,1
683368,50,1,1
684761,34,3,5
684226,2,3,5
1287810,34,1,1
1287812,14,3,5
1287812,48,3,5
939245,12,1,1
939245,43,1,1
939245,53,1,1
939245,58,1,1
939243,53,1,1
939243,67,1,1
884093,44,1,1
899705,9,1,1
899705,11,1,1
899705,22,1,1
899705,26,1,1
899705,41,1,1
689365,11,1,1
689365,26,1,1
689365,41,1,1
1176973,26,1,1
1176973,28,1,1
1176973,41,3,5
1176973,55,1,1
1176975,14,1,1
1176977,11,1,1
1176977,25,1,1
1176977,26,1,1
1176977,41,1,1
1176977,63,1,1
1176977,91,1,1
1176981,4,1,1
1176989,30,1,1
1176991,55,1,1
1176995,37,1,1
1176997,37,1,1
860573,16,1,1
860550,16,1,1
860510,32,1,1
877319,24,1,1
877319,26,1,1
877320,45,1,1
877320,47,1,1
860485,8,1,1
860485,30,1,1
860485,43,1,1
860485,59,1,1
860588,2,1,1
860588,30,1,1
860588,41,1,1
860588,43,1,1
860588,45,1,1
860588,49,3,5
860466,59,1,1
857627,25,1,1
857627,32,1,1
948696,62,1,1
1090947,25,1,1
1090947,37,1,1
1090947,42,1,1
1090947,50,1,1
1090947,58,1,1
1159105,10,1,1
836789,66,1,1
836789,9,1,1
836789,35,1,1
836789,45,1,1
849242,33,1,1
849242,59,1,1
1279636,14,1,1
899694,32,1,1
899693,34,1,1
898971,12,1,1
898971,14,1,1
898971,48,1,1
898988,23,1,1
1171239,4,1,1
898958,23,3,5
899474,34,1,1
899539,38,1,1
899524,24,1,1
899695,53,1,1
899683,48,1,1
899692,48,1,1
899687,43,1,1
899687,50,1,1
899009,12,3,5
899467,2,1,1
899467,10,1,1
899467,12,1,1
899467,32,1,1
899469,12,3,5
899469,32,1,1
899469,53,1,1
1302650,51,1,1
1302658,32,1,1
899540,45,1,1
899540,47,1,1
1159129,67,1,1
899932,29,1,1
899932,57,1,1
1159161,55,1,1
1159151,55,1,1
1159153,67,1,1
899542,24,1,1
899542,55,1,1
899541,34,1,1
899541,50,1,1
899827,52,1,1
899810,18,1,1
1225217,33,1,1
1225217,44,1,1
898972,29,1,1
1041531,56,1,1
1041534,1,1,1
683580,23,1,1
686497,53,3,5
688673,34,1,1
731101,34,1,1
683805,14,1,1
683170,2,1,1
684483,14,3,5
683096,14,3,5
685247,43,1,1
687297,4,1,1
684012,14,1,1
684012,2,1,1
686944,25,1,1
689957,41,1,1
683516,25,1,1
683137,38,1,1
687145,38,1,1
684829,53,1,1
685450,11,1,1
688234,50,1,1
689775,2,1,1
689775,34,1,1
689340,23,1,1
684509,2,1,1
684509,4,1,1
684509,14,1,1
684509,51,1,1
683253,12,1,1
684707,4,1,1
689017,2,1,1
688242,4,1,1
688749,2,3,5
688749,22,1,1
688103,55,1,1
1302668,42,1,1
688403,55,1,1
688675,10,1,1
685788,58,1,1
686573,42,1,1
892939,28,3,5
689044,42,1,1
686788,42,1,1
689355,37,1,1
689867,66,3,5
683857,63,3,5
683857,47,1,1
686709,37,1,1
683188,55,1,1
683296,28,1,1
690084,57,1,1
685116,69,3,2
685116,63,1,1
685116,24,1,1
800184,45,1,1
684581,59,1,1
684581,8,1,1
688216,44,1,1
689108,33,1,1
731892,56,1,1
684745,44,1,1
684759,18,1,1
683293,33,1,1
689094,26,1,1
690042,28,1,1
892950,67,1,1
683642,61,1,1
979484,61,1,1
684732,56,1,1
687279,1,1,1
687690,61,3,5
688680,61,3,5
1345193,19,1,1
1345193,22,1,1
1345193,41,1,1
1345193,53,1,1
1345193,69,1,1
836508,26,1,1
860501,24,1,1
860501,41,1,1
860501,57,1,1
860501,62,1,1
857662,7,1,1
857662,379,1,1
683077,67,1,1
926768,69,1,1
1375132,62,1,1
1375132,63,1,1
1375132,68,1,1
1375136,28,1,1
1375136,57,1,1
1375143,53,1,1
1375152,24,1,1
939247,42,1,1
902981,30,1,1
902981,32,1,1
902981,48,1,1
902981,66,1,1
939246,10,3,5
884095,40,1,1
884081,40,1,1
939242,50,1,1
939242,58,1,1
939242,69,1,1
969621,18,1,1
969621,56,1,1
902979,16,1,1
1352331,70,1,1
688291,33,1,1
687090,36,1,1
860636,7,1,1
860636,8,1,1
860636,33,1,1
837809,18,1,1
687739,6,1,1
900103,18,1,1
769027,8,1,1
769027,40,1,1
687897,6,1,1
900104,6,1,1
943998,7,1,1
683877,69,3,5
688404,37,1,1
857884,40,1,1
902980,12,1,1
902980,22,1,1
902980,26,1,1
902980,38,1,1
902980,66,1,1
684523,38,1,1
683957,28,1,1
683809,41,1,1
683712,8,1,1
683712,17,1,1
683712,70,1,1
1366368,7,1,1
1366368,8,1,1
689759,41,1,1
688380,20,3,5
688380,45,1,1
688380,57,1,1
686802,28,1,1
686070,28,1,1
689551,67,1,1
800094,41,1,1
800094,63,1,1
800094,66,1,1
685081,34,1,1
684574,37,1,1
687617,91,1,1
687617,93,1,1
687789,1,1,1
688655,65,1,1
686103,44,1,1
687325,44,1,1
687552,33,1,1
684271,56,1,1
684860,44,1,1
687716,33,1,1
687716,56,1,1
683833,56,1,1
688774,44,1,1
1238795,18,1,1
688360,56,3,5
687824,44,1,1
688999,33,1,1
683226,6,3,5
689317,56,1,1
683473,8,1,1
683755,59,3,5
688753,7,1,1
684816,7,1,1
683229,43,3,5
686246,56,1,1
689463,44,1,1
685602,39,3,5
688307,52,1,1
689529,6,1,1
685060,6,1,1
685856,39,1,1
687200,39,1,1
690096,82,1,1
689267,51,1,1
684869,16,1,1
685633,16,1,1
686463,16,1,1
684004,59,3,5
683222,39,1,1
685220,56,1,1
687201,55,1,1
685903,38,1,1
685451,38,1,1
687966,22,1,1
684684,69,1,1
685836,24,1,1
685836,67,1,1
685836,69,3,5
686765,63,1,1
686765,37,1,1
689723,4,1,1
689723,22,1,1
689723,53,1,1
684678,33,1,1
685352,26,1,1
686059,39,1,1
686361,52,3,5
684158,35,1,1
684295,52,1,1
684671,21,1,1
684907,23,1,1
683927,19,1,1
687723,21,1,1
687838,19,1,1
688899,44,1,1
685010,379,1,1
684965,40,1,1
684742,44,1,1
689898,7,1,1
685845,44,3,5
685305,59,1,1
686053,6,1,1
689230,51,1,1
684446,8,1,1
687013,43,1,1
683377,60,1,1
683377,70,1,1
686437,52,1,1
684891,8,1,1
684891,40,1,1
688888,44,1,1
684431,44,1,1
684431,18,1,1
686208,7,1,1
686042,40,1,1
683339,33,1,1
688330,18,1,1
689792,56,1,1
684652,8,1,1
684652,59,1,1
688131,44,1,1
688131,52,3,5
685691,8,1,1
687852,40,1,1
687461,40,1,1
687461,59,1,1
684803,52,3,5
685656,8,1,1
688900,7,3,5
689170,7,1,1
687032,59,1,1
684011,8,1,1
689114,8,1,1
685893,59,1,1
683771,18,1,1
683771,59,1,1
684798,18,1,1
684798,40,1,1
684010,8,1,1
689247,8,1,1
686527,67,3,5
686527,91,3,5
686527,47,1,1
686956,40,1,1
688022,18,1,1
684552,6,1,1
690032,39,1,1
690032,379,1,1
685647,8,1,1
685647,39,1,1
683699,39,1,1
689979,18,1,1
689979,40,1,1
683854,40,1,1
685860,40,1,1
683608,59,1,1
684682,59,3,5
683700,44,1,1
685948,18,1,1
689959,8,1,1
688512,44,1,1
689958,7,3,5
689958,52,1,1
683135,8,1,1
686023,8,1,1
683753,381,3,5
686200,51,3,5
687105,51,1,1
689924,28,1,1
684225,51,1,1
684918,12,1,1
686054,44,1,1
685472,16,1,1
684630,2,3,5
683234,7,1,1
688778,44,3,5
684183,33,1,1
686085,51,1,1
686655,44,1,1
683619,8,1,1
685408,39,1,1
684416,8,1,1
683385,44,1,1
687658,2,1,1
688590,83,3,5
687532,7,1,1
689067,12,1,1
684499,33,1,1
684765,33,1,1
684765,35,1,1
687655,44,1,1
684125,41,1,1
684551,7,1,1
686968,40,1,1
688593,16,1,1
687726,18,1,1
688417,35,1,1
687265,52,1,1
689814,18,1,1
684412,50,1,1
687841,28,1,1
685222,19,1,1
689494,2,1,1
689702,50,1,1
685197,7,1,1
689876,49,1,1
689876,36,1,1
685625,41,1,1
685904,50,1,1
686902,40,1,1
686778,44,1,1
689640,56,1,1
689995,51,1,1
689512,26,1,1
689512,41,1,1
684044,7,1,1
683548,69,3,2
683548,28,1,1
688361,39,1,1
688361,51,1,1
685875,39,1,1
689752,57,1,1
683387,8,1,1
684488,39,1,1
686382,8,1,1
686259,8,1,1
686383,52,1,1
685440,7,3,5
688358,18,1,1
688820,52,1,1
685412,8,1,1
688752,8,1,1
688752,60,3,5
684939,36,1,1
685212,30,1,1
685089,19,1,1
686832,53,1,1
689787,14,1,1
687395,33,1,1
685572,39,1,1
687051,379,1,1
689125,40,1,1
684282,40,1,1
683113,39,3,5
688941,381,1,1
689395,51,1,1
683774,51,1,1
687586,39,1,1
686531,40,1,1
685394,48,3,5
688902,18,1,1
688248,14,1,1
688248,51,1,1
688164,16,1,1
687311,22,1,1
687311,34,1,1
684349,14,1,1
684349,50,1,1
683191,48,1,1
690075,2,1,1
686779,50,3,5
688666,23,3,5
687610,12,1,1
688718,16,1,1
687494,16,1,1
687719,16,1,1
685107,69,1,1
685486,38,1,1
689160,16,1,1
685267,18,3,5
685676,2,3,5
685676,53,1,1
685676,11,1,1
690012,6,1,1
690012,52,3,5
684569,33,1,1
731879,59,1,1
688407,33,1,1
688427,18,1,1
688427,56,1,1
685940,8,1,1
687835,44,1,1
690025,62,1,1
690025,28,1,1
690025,29,1,1
684967,69,3,5
690045,67,1,1
687709,41,1,1
689731,69,3,5
689731,37,1,1
683437,63,1,1
683437,26,1,1
684208,52,1,1
689037,39,1,1
686921,8,1,1
686921,39,1,1
684496,8,1,1
690077,6,1,1
684327,52,1,1
689577,37,1,1
689885,55,1,1
687398,63,1,1
690004,40,3,5
687064,6,1,1
687064,39,1,1
685975,4,1,1
687811,18,1,1
687811,59,1,1
687234,44,1,1
685556,40,1,1
688072,59,1,1
688072,44,1,1
684942,6,1,1
685740,67,1,1
687680,28,1,1
686561,62,3,5
686561,29,1,1
685185,29,1,1
689532,66,3,5
689532,69,1,1
687791,28,1,1
687791,29,1,1
685294,8,1,1
685294,18,1,1
685294,33,1,1
685294,59,1,1
685606,59,1,1
687962,33,1,1
688195,44,1,1
685969,59,1,1
683796,59,1,1
687713,8,1,1
684633,44,1,1
688594,7,1,1
684203,7,1,1
688258,7,1,1
688258,44,1,1
687065,6,3,5
688926,4,3,5
688926,23,3,5
684143,4,1,1
688747,43,1,1
683346,43,3,5
686515,34,1,1
687597,23,1,1
683060,43,1,1
687661,50,1,1
689027,14,1,1
689027,48,1,1
689027,50,1,1
685736,52,1,1
690047,6,1,1
684526,6,1,1
689594,12,1,1
689680,39,3,5
684649,39,1,1
684525,59,1,1
687326,33,1,1
688881,7,3,5
688124,7,1,1
683069,6,1,1
688344,39,1,1
688153,379,1,1
688153,381,1,1
685228,40,1,1
685448,7,1,1
685448,52,1,1
687048,52,3,5
683300,52,1,1
687126,7,1,1
687126,40,1,1
683472,7,1,1
683472,40,1,1
688494,51,1,1
685027,14,1,1
688937,14,1,1
684382,14,1,1
687891,34,1,1
684047,12,1,1
689900,32,1,1
684185,12,3,5
685967,48,1,1
683169,48,1,1
685275,14,1,1
687545,12,1,1
687545,32,3,5
684191,44,1,1
683235,61,3,5
683235,18,1,1
686349,44,1,1
683120,7,3,5
683395,7,1,1
689280,379,1,1
683660,44,1,1
683460,6,1,1
683460,52,1,1
686298,39,1,1
685078,8,1,1
683264,6,1,1
683635,59,3,5
685651,33,1,1
686633,6,1,1
688988,52,3,5
686824,44,1,1
683981,7,1,1
688843,44,1,1
684286,18,3,5
684286,56,1,1
689391,6,1,1
683370,51,1,1
689011,80,1,1
685481,44,1,1
689354,37,1,1
684873,62,1,1
684873,29,1,1
687946,34,1,1
686593,53,1,1
688343,38,1,1
683533,9,1,1
688963,47,1,1
685729,53,1,1
686533,69,3,5
686533,41,1,1
688339,42,1,1
688204,34,1,1
687681,67,1,1
689294,41,1,1
687081,50,1,1
684629,14,1,1
689620,51,3,5
688207,28,1,1
688207,45,1,1
684258,62,1,1
684258,28,1,1
684258,29,1,1
683829,8,3,5
683829,52,1,1
687144,67,1,1
690022,67,1,1
690022,29,1,1
687698,40,1,1
687698,52,1,1
683610,51,1,1
688643,40,1,1
688643,52,1,1
689492,52,1,1
689066,52,1,1
687509,8,1,1
686139,7,1,1
689568,40,1,1
684029,59,1,1
686317,18,1,1
686317,33,1,1
685993,8,1,1
683417,8,1,1
683417,59,1,1
684087,8,1,1
684087,39,1,1
684172,33,1,1
688042,8,1,1
687251,52,1,1
689510,59,1,1
689780,59,1,1
683895,7,1,1
688041,8,1,1
685612,18,1,1
684357,59,3,5
689782,59,1,1
686603,59,1,1
689360,18,3,5
689360,44,1,1
683284,40,1,1
684241,8,1,1
688969,40,1,1
689613,59,1,1
686354,6,3,5
686354,33,1,1
686354,44,1,1
689004,8,1,1
683750,33,1,1
687463,16,1,1
684055,16,1,1
687530,16,1,1
684695,43,1,1
686519,40,3,5
687927,76,1,1
685834,51,1,1
686310,67,1,1
685359,59,1,1
688346,44,1,1
686311,56,1,1
688567,59,1,1
688567,44,1,1
688568,59,1,1
684590,33,1,1
685358,56,1,1
687071,51,1,1
684989,56,1,1
684989,59,1,1
942445,56,1,1
687684,44,1,1
685103,59,1,1
685913,59,3,5
687683,44,1,1
1238803,8,1,1
1238803,39,1,1
688414,59,1,1
683717,33,1,1
686935,7,1,1
684837,7,1,1
688310,56,1,1
688935,44,1,1
685778,59,1,1
688366,51,1,1
683332,25,1,1
687443,8,1,1
684966,8,1,1
688129,25,3,2
685445,21,1,1
684856,14,3,5
686440,14,3,5
686440,48,1,1
687633,4,1,1
689521,2,3,5
689836,14,1,1
688872,7,1,1
688100,7,1,1
684406,2,1,1
684406,22,1,1
684406,50,1,1
683319,25,1,1
686035,51,1,1
683447,76,3,5
684767,6,1,1
686417,8,1,1
687869,39,1,1
689932,7,1,1
687031,7,1,1
689013,7,1,1
683302,44,3,5
688184,56,1,1
689592,44,1,1
683469,379,3,5
683469,6,1,1
687182,48,3,5
683708,51,1,1
689681,7,1,1
688157,32,1,1
683064,30,3,1
684876,21,1,1
687266,35,1,1
687579,49,1,1
688790,2,1,1
687997,51,1,1
686831,51,1,1
689711,379,3,5
685756,37,1,1
933831,9,1,1
933831,24,1,1
685683,37,1,1
683335,14,1,1
686716,55,1,1
685557,43,3,5
689416,48,3,5
686374,50,1,1
685712,48,3,5
688922,51,1,1
687247,30,1,1
683167,38,3,5
688965,19,1,1
683322,41,1,1
686187,19,1,1
689138,2,3,5
683555,6,1,1
685774,14,1,1
685774,32,3,5
683569,19,1,1
683569,20,1,1
687965,20,1,1
685126,34,1,1
689777,23,1,1
686285,51,1,1
686284,12,1,1
689857,48,1,1
685473,16,1,1
685780,34,1,1
686543,34,1,1
687414,34,1,1
689790,50,1,1
684159,17,1,1
684159,24,1,1
689424,34,1,1
686873,7,1,1
688325,12,1,1
687632,16,1,1
687584,8,1,1
686126,44,1,1
685281,21,1,1
688165,35,1,1
683073,19,1,1
686388,20,1,1
686388,29,1,1
684000,51,1,1
684155,28,1,1
685496,21,1,1
689101,19,1,1
685949,16,1,1
683603,35,1,1
689718,16,1,1
686350,25,1,1
689264,16,1,1
687309,12,1,1
684443,59,3,2
687178,67,1,1
687178,29,1,1
686355,37,1,1
687179,69,3,5
683517,26,1,1
687346,7,1,1
683382,379,3,5
689971,16,1,1
683359,22,1,1
683359,45,1,1
683359,53,1,1
686189,38,1,1
686312,22,1,1
684046,50,1,1
688335,1,1,1
685373,44,1,1
687287,18,1,1
688429,18,1,1
689043,1,1,1
686306,44,1,1
687480,61,1,1
683230,7,1,1
683230,44,1,1
686793,1,1,1
689770,1,1,1
683520,7,1,1
686418,4,1,1
684923,41,1,1
684127,14,1,1
684127,32,3,5
684127,34,1,1
688483,60,1,1
689724,14,1,1
685688,44,1,1
684489,34,1,1
684610,23,1,1
684610,32,3,5
721920,25,1,1
728621,33,1,1
728621,60,1,1
728627,33,1,1
728642,61,3,5
728681,33,1,1
685234,18,1,1
728773,60,3,5
687197,41,1,1
687197,47,1,1
730842,60,1,1
730859,33,1,1
730873,18,1,1
730907,56,1,1
730931,44,3,5
730946,44,1,1
730946,18,1,1
689216,12,1,1
689688,48,3,5
731362,33,1,1
731454,18,1,1
731454,44,3,5
731473,18,1,1
731473,33,1,1
731473,44,1,1
731473,60,1,1
689815,33,1,1
688006,33,1,1
688006,39,1,1
689154,33,1,1
684337,33,1,1
684337,18,1,1
731791,56,1,1
731800,59,3,5
683330,18,1,1
686486,18,1,1
732581,33,1,1
687020,48,1,1
732726,14,1,1
685108,37,1,1
684348,10,1,1
684348,22,1,1
684348,50,1,1
684348,58,1,1
683687,44,1,1
683687,52,1,1
689554,52,3,5
683146,52,1,1
688007,8,1,1
688007,18,1,1
689686,59,1,1
689686,8,1,1
684138,59,1,1
684138,18,1,1
683856,24,1,1
683856,26,3,5
684643,41,1,1
755371,45,1,1
757438,59,1,1
758079,8,1,1
687554,50,1,1
758172,8,1,1
758260,52,1,1
758356,6,3,5
687075,7,3,5
686495,6,1,1
686495,52,1,1
768954,8,1,1
769039,52,1,1
758124,8,1,1
758124,52,1,1
769159,7,1,1
769193,40,3,5
685062,52,1,1
769200,52,1,1
769218,6,1,1
683691,52,1,1
688395,59,1,1
770580,40,1,1
784066,6,1,1
785230,8,1,1
785239,18,1,1
785242,8,1,1
785242,40,1,1
785411,59,1,1
686096,59,1,1
689099,8,1,1
687583,59,1,1
683585,52,1,1
787718,11,1,1
787981,61,1,1
788011,52,1,1
688289,7,1,1
688289,8,1,1
688289,52,1,1
789532,67,3,5
933897,66,3,5
789815,377,1,1
789855,7,1,1
789861,7,1,1
790072,7,1,1
790141,7,1,1
790213,7,1,1
790236,7,1,1
769209,8,1,1
688499,39,1,1
791578,38,1,1
791624,47,1,1
793426,8,1,1
684530,25,3,5
793663,41,1,1
795478,53,1,1
686267,53,1,1
683622,45,1,1
793500,52,1,1
688797,26,1,1
688921,34,1,1
730900,60,1,1
799323,7,1,1
801757,43,3,5
801773,51,1,1
801786,51,1,1
802059,58,3,5
803027,59,1,1
806336,80,3,5
806420,80,3,5
806425,6,1,1
806222,14,3,5
814863,52,3,5
814866,52,3,5
685315,18,1,1
684988,39,1,1
684469,48,1,1
820821,39,1,1
685099,32,1,1
803021,18,3,5
803040,14,1,1
803040,34,3,5
821425,39,1,1
684393,6,1,1
828509,20,3,5
828510,29,1,1
688949,53,1,1
686483,38,1,1
689739,69,1,1
833197,34,1,1
833201,48,1,1
833205,80,1,1
833206,6,1,1
833206,39,1,1
833207,385,1,1
833208,51,1,1
833221,28,1,1
833222,51,1,1
833223,377,1,1
833231,377,3,5
833233,57,1,1
833235,377,1,1
833237,44,3,5
833240,43,1,1
833240,51,1,1
833240,53,1,1
833241,45,1,1
833243,14,1,1
833243,32,1,1
833243,48,1,1
833244,43,1,1
1225711,6,1,1
1225711,33,1,1
1085055,7,1,1
833248,7,1,1
833248,52,1,1
833248,56,1,1
833251,39,1,1
833268,41,1,1
833268,42,1,1
833268,55,1,1
1179990,4,1,1
833273,67,1,1
833273,9,1,1
833273,11,1,1
833273,25,1,1
833273,26,1,1
833273,29,1,1
833273,34,1,1
833273,50,1,1
833275,62,3,5
833275,66,1,1
833275,68,1,1
833275,9,1,1
833275,28,1,1
833275,29,1,1
833275,43,1,1
833275,58,1,1
872683,34,1,1
872683,53,1,1
833283,20,1,1
833283,48,1,1
833284,21,1,1
833284,35,1,1
833284,57,1,1
835329,39,1,1
787687,25,1,1
835732,58,1,1
835780,61,1,1
1225588,40,1,1
1225588,59,1,1
1225588,80,1,1
835853,24,1,1
835853,53,1,1
835853,58,1,1
835887,59,1,1
835900,8,1,1
835900,18,1,1
835924,39,1,1
836005,25,1,1
836018,2,1,1
683736,50,1,1
769194,8,1,1
687528,8,1,1
687528,39,1,1
836637,60,3,5
836637,18,1,1
836637,44,1,1
836760,25,1,1
836772,69,3,5
836772,9,1,1
836772,41,1,1
836772,58,1,1
836875,2,1,1
836882,14,1,1
836882,53,1,1
836901,70,1,1
836901,59,1,1
836926,49,1,1
836936,52,1,1
836944,18,1,1
836944,44,1,1
836976,32,1,1
836994,25,1,1
837011,51,1,1
837100,37,1,1
837113,82,1,1
1159099,4,1,1
837180,22,1,1
837180,26,1,1
837180,30,1,1
837180,36,1,1
837238,39,1,1
837238,51,1,1
1353056,2,1,1
1353056,21,1,1
1353056,22,1,1
1353056,34,1,1
1353056,55,1,1
837581,40,1,1
837757,40,1,1
837771,39,1,1
837771,43,1,1
837824,18,1,1
837824,44,1,1
838054,16,1,1
838905,39,1,1
839150,39,1,1
839432,9,1,1
839432,35,1,1
839432,38,1,1
839432,45,1,1
839432,57,1,1
840550,6,1,1
840633,6,1,1
683075,7,1,1
841776,6,1,1
841776,40,1,1
685188,39,3,5
685188,52,3,5
841935,22,1,1
841993,41,1,1
842023,42,1,1
848769,6,1,1
848769,40,1,1
848779,12,1,1
848817,8,1,1
848817,18,1,1
848817,80,1,1
848848,379,1,1
848861,39,1,1
848861,51,3,5
849080,7,1,1
849107,61,1,1
849107,6,1,1
849107,18,1,1
849107,36,1,1
849192,35,1,1
849198,60,1,1
849198,62,1,1
849198,33,1,1
849252,60,1,1
849252,44,1,1
849347,14,1,1
849347,21,3,5
849347,22,1,1
849347,25,1,1
849358,40,1,1
856661,61,1,1
856669,61,1,1
856688,60,1,1
856688,18,1,1
856737,76,1,1
856737,82,1,1
856737,40,1,1
856756,70,1,1
856756,39,1,1
856756,59,1,1
856878,48,3,5
685102,12,1,1
684843,39,1,1
688734,40,1,1
856995,33,3,5
857421,43,1,1
857077,70,1,1
857077,21,1,1
857091,62,1,1
857091,68,1,1
857091,4,1,1
857091,8,1,1
857091,35,1,1
857091,36,1,1
857091,37,1,1
857091,43,1,1
857091,47,1,1
857091,53,1,1
857182,36,1,1
857274,7,1,1
857274,44,1,1
857292,1,1,1
857308,39,1,1
857308,44,1,1
857308,76,1,1
857308,80,1,1
857345,61,1,1
857017,30,1,1
857017,67,1,1
857475,7,1,1
857556,33,1,1
857571,7,1,1
857602,12,1,1
857621,69,1,1
857688,92,1,1
857848,40,1,1
857887,7,1,1
684557,51,1,1
683476,43,1,1
860009,34,1,1
860432,16,1,1
860460,41,1,1
860460,91,1,1
860651,16,1,1
860663,7,1,1
860663,56,1,1
860663,75,1,1
860669,1,1,1
860806,1,1,1
860806,61,3,5
785435,8,1,1
785435,18,1,1
860745,93,1,1
868465,16,1,1
868469,16,1,1
868496,16,1,1
868506,16,1,1
868510,16,1,1
868515,16,1,1
868578,93,3,5
870256,69,1,1
870256,45,1,1
871088,4,1,1
871088,14,1,1
871088,50,1,1
871156,26,1,1
873192,2,1,1
873192,22,1,1
873192,50,1,1
874085,7,1,1
877317,28,1,1
877318,68,1,1
877321,4,1,1
877321,43,3,5
877394,23,1,1
877394,48,1,1
877394,51,1,1
877807,56,1,1
685156,38,1,1
878882,52,1,1
884494,41,1,1
884494,50,1,1
688932,20,1,1
688932,58,1,1
683781,14,1,1
683781,50,1,1
754608,9,1,1
754608,25,1,1
754608,11,1,1
688308,45,1,1
688308,48,1,1
942425,44,1,1
942425,56,1,1
942430,56,1,1
942433,44,1,1
683421,7,3,5
684376,1,1,1
686625,61,3,5
683510,1,1,1
684904,7,3,5
979529,44,1,1
979536,56,3,2
942446,44,1,1
979503,56,1,1
942450,56,1,1
684757,56,3,2
942765,44,1,1
942765,56,1,1
942470,44,1,1
685835,44,1,1
685835,56,1,1
942770,56,1,1
887297,19,1,1
887297,38,1,1
887297,43,1,1
887421,12,1,1
887421,53,1,1
887421,58,1,1
887524,16,1,1
887536,16,1,1
892928,57,1,1
892978,29,1,1
893452,57,3,5
894143,33,1,1
894161,11,1,1
894161,12,1,1
894161,19,1,1
894161,25,1,1
894161,51,1,1
894161,53,1,1
894270,1,1,1
894270,62,1,1
894270,65,1,1
898961,44,1,1
898964,34,1,1
898986,12,1,1
898986,14,1,1
898989,43,1,1
898999,39,1,1
899006,18,1,1
899006,60,1,1
899018,379,1,1
899040,25,1,1
899040,63,1,1
899043,34,1,1
899067,48,1,1
899082,69,3,5
899082,29,1,1
899082,37,1,1
899082,42,1,1
899108,55,1,1
899187,2,1,1
899200,44,3,5
899208,6,1,1
899236,45,1,1
899236,58,1,1
899237,9,1,1
899237,38,1,1
899238,39,1,1
899249,23,1,1
899252,48,1,1
899280,18,1,1
899280,40,1,1
899280,52,1,1
899280,59,1,1
899285,2,1,1
899285,23,1,1
899291,80,1,1
899291,85,3,5
899294,82,1,1
899314,82,3,5
899316,12,1,1
899327,6,1,1
899327,39,1,1
899330,80,1,1
899330,379,1,1
899335,35,1,1
899351,2,1,1
899351,17,1,1
899351,20,1,1
899351,41,1,1
899351,42,1,1
899351,57,1,1
899352,14,1,1
899352,53,1,1
899354,10,1,1
899354,19,1,1
899354,35,1,1
899354,38,1,1
899354,63,1,1
899362,28,1,1
899369,51,1,1
899373,70,1,1
899386,39,1,1
899386,51,1,1
899390,39,1,1
899391,67,1,1
899394,12,1,1
899397,32,1,1
899403,7,1,1
899409,26,1,1
899414,30,1,1
1233794,2,1,1
899420,69,3,5
899425,9,1,1
899425,58,1,1
899426,9,1,1
899428,22,1,1
899428,34,1,1
899428,58,1,1
899446,14,1,1
899446,32,1,1
899446,51,1,1
899448,29,1,1
899475,377,3,5
899482,48,1,1
899483,19,3,5
899484,55,1,1
899518,34,1,1
899528,50,1,1
899553,53,1,1
899554,20,1,1
899591,41,1,1
899591,45,1,1
899637,9,1,1
899637,24,1,1
899662,7,3,5
899681,49,1,1
899684,11,1,1
899684,34,1,1
899697,68,3,5
899708,24,1,1
899732,51,1,1
899763,4,1,1
899763,58,1,1
899767,41,1,1
899767,63,1,1
899767,69,1,1
899768,7,1,1
899775,56,1,1
899793,60,1,1
899798,44,1,1
899804,6,1,1
899805,44,1,1
899829,44,3,5
899851,59,1,1
899852,56,1,1
899855,7,1,1
899855,39,1,1
899889,28,1,1
899896,29,1,1
899904,43,1,1
899922,7,1,1
899939,62,3,5
899959,69,1,1
899986,19,1,1
899986,41,1,1
899986,42,1,1
899986,49,1,1
899986,66,1,1
900000,7,3,5
900000,18,1,1
900001,33,1,1
900004,59,1,1
900005,52,1,1
900020,33,3,5
900021,18,1,1
900021,33,1,1
900027,18,1,1
900031,35,1,1
900032,8,3,5
900032,36,1,1
900033,70,1,1
900037,33,1,1
900039,6,1,1
900039,59,1,1
900057,69,1,1
900058,37,1,1
900068,37,1,1
900068,38,1,1
900068,53,1,1
900069,35,1,1
900070,35,1,1
900070,62,1,1
900077,80,1,1
900078,51,1,1
900096,43,1,1
900101,52,1,1
900107,42,1,1
900111,51,1,1
903096,26,1,1
903096,50,1,1
907223,2,1,1
907223,11,1,1
907223,14,1,1
907223,23,1,1
907223,49,3,5
907223,57,1,1
907357,377,1,1
928295,51,1,1
931839,4,1,1
932250,12,1,1
932251,12,1,1
932917,7,1,1
933367,51,1,1
933367,82,3,5
933817,45,1,1
933845,67,1,1
933845,38,1,1
933878,24,1,1
933911,9,1,1
942463,56,1,1
942464,61,1,1
942468,44,1,1
942473,1,1,1
942476,56,1,1
942478,56,1,1
942780,44,1,1
943176,40,1,1
947929,8,1,1
948011,8,1,1
948026,18,1,1
948167,18,1,1
948589,62,1,1
948589,91,1,1
955170,45,1,1
955170,57,1,1
958429,6,1,1
958434,52,1,1
689595,6,1,1
689766,18,1,1
688402,6,1,1
685229,44,1,1
688724,61,3,5
687699,52,1,1
687699,56,1,1
683545,44,1,1
689293,52,1,1
687613,59,3,5
683184,8,1,1
689088,18,1,1
686378,18,1,1
687383,44,1,1
690057,56,1,1
689080,44,1,1
686160,8,1,1
684936,40,1,1
689856,39,1,1
689856,52,1,1
689191,70,1,1
689191,35,3,5
685753,35,1,1
687121,59,1,1
688062,44,1,1
687319,44,1,1
688717,44,1,1
687134,61,3,5
687134,33,1,1
687134,18,1,1
687223,39,1,1
684647,18,3,5
686468,33,1,1
683819,39,1,1
684223,52,1,1
688559,39,1,1
683546,40,1,1
685892,40,1,1
683535,59,1,1
685407,8,1,1
686654,18,1,1
686448,18,1,1
686850,40,1,1
689098,18,1,1
687589,33,1,1
687589,8,1,1
687589,56,1,1
684560,39,1,1
684561,59,1,1
683654,61,1,1
685573,8,1,1
687651,59,1,1
685716,33,1,1
683439,59,1,1
683439,8,1,1
683439,56,1,1
689329,44,1,1
689329,52,1,1
686776,18,1,1
686301,44,1,1
689663,59,3,2
689663,44,1,1
687472,18,1,1
684559,44,1,1
683215,44,1,1
689544,44,1,1
689544,52,1,1
689544,56,1,1
686744,33,3,5
686744,52,3,5
686370,18,1,1
686370,56,1,1
687100,7,1,1
687100,52,1,1
685160,59,1,1
686400,33,1,1
688662,52,1,1
686231,44,1,1
685265,18,1,1
685265,59,1,1
683328,49,1,1
684537,7,1,1
686692,18,1,1
686692,59,1,1
689381,18,1,1
685547,56,1,1
688544,39,1,1
686541,59,1,1
686541,56,1,1
689531,33,1,1
689531,59,1,1
689531,39,1,1
683429,8,1,1
685548,8,1,1
685548,56,1,1
687743,44,1,1
685149,6,1,1
685149,39,1,1
689303,7,1,1
689674,59,1,1
688313,59,1,1
686680,18,1,1
687185,59,1,1
684020,52,1,1
685718,33,1,1
686888,52,1,1
684720,39,1,1
684434,52,1,1
684602,40,1,1
688200,6,1,1
686435,56,1,1
685520,18,1,1
685520,56,1,1
686436,56,1,1
689024,33,1,1
688549,40,1,1
687562,33,1,1
683507,59,1,1
688314,56,1,1
688381,44,1,1
686124,43,1,1
683468,40,1,1
683468,52,1,1
688043,43,1,1
1125859,35,1,1
1125859,49,1,1
684622,35,1,1
686478,59,1,1
1315503,56,1,1
686585,18,1,1
687416,44,1,1
687416,33,1,1
687416,56,1,1
683644,56,1,1
683645,80,1,1
683432,39,1,1
689323,59,1,1
686833,8,1,1
685653,44,1,1
685653,56,1,1
685838,33,1,1
686264,59,1,1
689987,52,3,5
687925,59,1,1
683130,61,3,5
683130,52,3,5
690054,8,1,1
687175,6,1,1
686511,18,1,1
686395,40,3,5
683762,56,1,1
687335,44,1,1
685680,43,1,1
685680,39,1,1
683738,70,1,1
689201,70,3,5
689201,33,1,1
684132,6,1,1
688382,56,1,1
688383,39,1,1
686173,39,1,1
684824,44,1,1
683542,7,1,1
683543,44,1,1
685985,59,1,1
683814,33,1,1
683814,18,1,1
686111,8,1,1
687939,60,1,1
687939,70,1,1
683984,60,1,1
683590,18,3,5
684961,80,3,5
684961,6,1,1
688539,56,1,1
684625,7,3,5
684625,8,1,1
685763,8,1,1
686562,56,1,1
689081,44,1,1
688711,33,1,1
688711,59,1,1
683381,61,3,5
687607,44,1,1
687724,70,1,1
683649,33,1,1
686844,39,1,1
688562,8,1,1
687385,39,1,1
687344,44,1,1
687446,44,1,1
689403,56,1,1
687766,44,1,1
687766,56,1,1
683862,40,3,5
689302,6,1,1
684227,51,3,5
689253,39,1,1
684935,6,1,1
686295,39,1,1
689262,39,1,1
686390,40,1,1
683374,6,1,1
683374,7,1,1
683374,59,1,1
684179,56,1,1
683464,6,1,1
683464,8,1,1
683789,44,1,1
686576,59,1,1
687163,56,1,1
683415,61,3,5
684508,7,3,5
688646,7,3,5
686154,52,1,1
690099,60,1,1
690099,59,3,2
683481,44,1,1
689729,52,1,1
689729,60,3,5
688116,8,1,1
688117,33,1,1
689222,61,3,5
689222,52,1,1
686979,56,1,1
684744,7,3,5
683940,52,3,5
684872,8,1,1
686523,56,1,1
686893,56,1,1
688769,44,1,1
688769,59,1,1
684205,18,1,1
686323,18,1,1
686323,44,1,1
686323,52,1,1
683565,33,3,5
684149,8,1,1
688919,18,1,1
686724,8,1,1
684740,56,1,1
685346,8,1,1
687634,8,1,1
685274,56,1,1
684861,33,1,1
685067,61,3,5
685067,8,1,1
684712,33,1,1
684637,59,1,1
687003,8,1,1
688808,56,1,1
689351,59,1,1
686423,18,1,1
683769,59,1,1
684090,52,1,1
689122,18,1,1
687089,61,1,1
689578,8,1,1
687625,8,1,1
684334,8,1,1
685934,33,1,1
688320,56,3,2
685952,52,3,5
688016,44,1,1
689768,18,1,1
687893,56,1,1
684864,60,1,1
684864,33,1,1
684864,59,3,5
685805,35,3,5
685805,70,3,5
690089,40,3,5
685096,36,1,1
688809,17,1,1
688809,42,1,1
688809,43,1,1
684248,19,1,1
686363,30,1,1
683631,20,1,1
685521,35,1,1
685521,36,1,1
686547,43,1,1
688989,36,1,1
689162,49,1,1
738048,40,1,1
685111,51,1,1
689141,43,1,1
683303,20,1,1
683303,42,1,1
686087,2,3,5
687895,51,1,1
687569,49,1,1
688650,49,1,1
685298,49,1,1
686868,35,1,1
687188,57,1,1
687224,19,1,1
687224,22,3,5
687224,30,1,1
684190,43,1,1
684190,51,1,1
688803,2,1,1
689127,70,1,1
683206,29,1,1
687693,17,1,1
688663,49,1,1
684587,19,1,1
686422,49,1,1
685598,51,3,5
688577,82,1,1
688577,2,1,1
688577,23,1,1
688132,17,1,1
688132,20,1,1
1283112,33,1,1
769173,52,1,1
683879,19,1,1
685623,26,1,1
685623,58,3,5
686226,53,1,1
686226,17,1,1
686226,4,1,1
686226,19,1,1
686226,48,1,1
686226,57,1,1
687248,4,1,1
683812,4,1,1
683252,48,1,1
683873,30,1,1
687255,19,1,1
687255,20,1,1
687255,22,1,1
684378,50,1,1
683747,22,1,1
686584,93,3,5
688833,62,1,1
688833,93,3,5
687639,62,1,1
769597,59,1,1
683662,1,1,1
688181,1,1,1
685989,91,1,1
687408,29,1,1
687408,57,1,1
770528,52,1,1
683586,33,1,1
687832,33,1,1
688229,56,1,1
688230,40,1,1
686566,59,1,1
686566,8,1,1
1225225,44,1,1
1225225,60,3,5
683360,44,1,1
689056,40,3,5
687195,52,1,1
687350,8,1,1
688123,8,1,1
686612,59,1,1
689273,40,1,1
684107,18,1,1
684107,40,3,5
686014,18,1,1
686014,49,1,1
686014,60,1,1
688055,18,1,1
688055,33,1,1
688055,59,1,1
686907,60,1,1
689720,33,1,1
689720,49,1,1
687093,39,1,1
690073,6,3,5
689275,7,1,1
683132,18,1,1
686344,51,1,1
684863,7,1,1
684863,40,1,1
687010,18,1,1
688800,6,1,1
785197,8,1,1
788649,7,1,1
788649,377,3,5
788783,7,1,1
786024,6,1,1
786024,33,1,1
689176,8,1,1
687283,8,1,1
684390,18,1,1
688255,40,3,5
689363,52,1,1
684262,18,1,1
685349,6,1,1
685349,40,1,1
685349,56,1,1
683692,40,1,1
687264,40,1,1
689948,33,1,1
684875,7,1,1
686642,80,1,1
686642,33,1,1
686642,8,1,1
688805,7,1,1
688509,1,1,1
687067,1,1,1
683391,44,1,1
683391,56,1,1
683876,56,1,1
686663,56,1,1
687676,61,1,1
685600,8,1,1
685600,59,3,5
686335,7,1,1
686616,18,1,1
689600,61,3,5
689600,8,1,1
689600,56,1,1
689822,56,1,1
686720,7,3,5
688943,56,1,1
690041,56,1,1
689210,61,3,5
686115,56,1,1
687261,56,1,1
689928,1,1,1
688377,1,3,5
688377,56,1,1
683632,56,1,1
686558,44,1,1
688690,61,3,5
688876,56,1,1
686556,56,1,1
689848,44,1,1
690063,44,1,1
684232,61,3,5
684232,44,1,1
689922,44,1,1
685649,7,1,1
686151,56,1,1
689886,18,1,1
687797,8,1,1
685660,44,1,1
685660,56,1,1
687606,7,3,5
684387,44,1,1
684033,18,3,5
686412,44,1,1
687819,7,1,1
685369,7,1,1
683373,7,1,1
689069,52,1,1
688336,51,1,1
685509,51,1,1
687094,12,1,1
683711,34,1,1
687406,48,3,5
684814,23,1,1
686554,50,1,1
790693,39,1,1
791997,7,1,1
684329,12,1,1
688582,48,3,5
687813,12,1,1
685003,12,1,1
685112,53,1,1
685159,48,1,1
690006,2,1,1
683813,32,1,1
683831,50,1,1
684726,34,1,1
687914,12,1,1
687750,14,1,1
686230,14,1,1
684372,12,1,1
688636,12,1,1
688203,12,1,1
687666,22,3,5
687666,50,1,1
683832,8,1,1
798667,18,1,1
798667,44,1,1
798667,61,1,1
685999,43,3,5
839087,14,3,5
858830,53,1,1
858830,48,3,5
687366,34,1,1
858824,34,1,1
686008,2,1,1
686008,23,3,5
732872,48,1,1
683914,34,1,1
686121,41,1,1
687793,4,1,1
687936,381,1,1
684948,32,1,1
768253,51,1,1
687858,53,1,1
687139,22,1,1
687139,50,1,1
687654,48,3,5
689234,12,1,1
689234,14,1,1
684768,12,1,1
684770,43,1,1
684770,48,1,1
685380,12,1,1
685380,21,1,1
685380,32,1,1
685380,34,1,1
685380,35,1,1
685380,36,1,1
685380,37,1,1
685380,51,1,1
685380,58,1,1
685380,59,1,1
688014,43,1,1
683354,43,1,1
683354,58,1,1
688474,48,1,1
683900,34,1,1
687320,50,1,1
688096,48,1,1
688034,91,3,5
688034,12,1,1
688034,34,1,1
688034,41,1,1
683291,24,1,1
686839,38,1,1
806213,12,1,1
687600,25,1,1
689797,2,1,1
689797,14,3,5
820688,48,1,1
820695,34,1,1
683292,67,1,1
683292,36,1,1
683292,30,1,1
683292,57,1,1
688105,12,1,1
688105,14,1,1
688661,48,1,1
683775,12,1,1
685056,53,1,1
685056,9,1,1
685056,22,1,1
685056,24,1,1
685056,26,1,1
685056,37,1,1
685056,55,1,1
684110,12,1,1
686652,45,1,1
684748,14,3,5
687355,2,1,1
687355,34,1,1
683656,48,1,1
684003,25,1,1
684003,58,1,1
689168,34,1,1
686835,50,1,1
684165,30,1,1
684165,50,1,1
685104,48,1,1
688305,43,1,1
684614,12,1,1
686645,42,3,5
687764,34,1,1
688122,26,1,1
688003,38,1,1
686636,34,1,1
689989,12,1,1
687380,51,3,5
687582,4,1,1
687582,21,1,1
689650,2,3,5
686916,51,1,1
688426,51,1,1
686510,4,1,1
686510,32,1,1
686510,50,1,1
683323,50,1,1
683103,34,3,5
683595,58,1,1
685925,53,1,1
684850,34,1,1
688304,2,1,1
685806,12,1,1
688159,50,1,1
689346,23,1,1
688158,51,1,1
687722,35,1,1
687722,43,1,1
687722,69,1,1
688713,9,1,1
687564,14,1,1
687564,48,1,1
689854,34,1,1
686534,2,1,1
687202,12,3,5
687275,23,3,5
835388,14,1,1
858815,25,3,5
689763,43,1,1
688502,32,1,1
686480,6,3,5
688640,12,1,1
688641,14,1,1
688641,32,3,5
689083,20,1,1
788026,8,1,1
687173,57,1,1
690038,57,1,1
688169,67,1,1
688169,45,1,1
688169,55,1,1
686810,20,3,5
689103,67,1,1
686553,67,1,1
683554,57,1,1
685635,20,1,1
685205,57,1,1
684813,28,1,1
861653,44,1,1
686852,69,1,1
686204,17,1,1
688171,29,1,1
686006,28,3,5
689209,33,1,1
683779,17,1,1
686954,62,1,1
839370,33,1,1
839374,93,1,1
839375,61,1,1
839375,1,1,1
839382,62,1,1
799477,18,1,1
799477,44,1,1
799333,7,1,1
803015,80,1,1
806260,80,1,1
806376,6,1,1
806376,39,1,1
806385,381,1,1
815422,52,1,1
892811,35,1,1
857836,40,1,1
857893,40,1,1
903087,29,1,1
835311,6,1,1
934888,39,1,1
934888,61,1,1
942474,61,1,1
689826,39,3,5
684741,7,1,1
728793,33,1,1
728599,33,1,1
728610,60,1,1
728846,33,1,1
729669,59,1,1
730719,8,1,1
730719,33,1,1
730731,18,3,5
730738,33,1,1
730738,56,1,1
730784,33,1,1
730789,33,1,1
737507,39,1,1
737581,52,3,5
737972,6,3,5
737959,8,3,5
737564,8,1,1
737990,39,1,1
737981,39,1,1
738779,39,1,1
687664,24,1,1
689496,11,1,1
689496,26,1,1
688511,41,1,1
683419,9,1,1
683419,37,1,1
689615,8,1,1
689615,47,1,1
689615,53,1,1
689615,57,1,1
687618,10,1,1
687618,24,1,1
687618,26,1,1
683124,24,1,1
685066,10,1,1
685066,69,3,2
688107,69,3,2
688107,66,3,5
688107,26,1,1
689522,37,1,1
689522,47,1,1
721909,11,1,1
687799,69,3,2
687799,38,1,1
687799,9,1,1
687799,26,1,1
686567,24,1,1
686567,41,1,1
689865,47,1,1
685636,38,1,1
686266,41,1,1
731252,24,1,1
689039,25,1,1
731316,26,1,1
686617,11,1,1
689052,24,1,1
684386,55,1,1
688411,25,1,1
688411,11,1,1
687092,63,1,1
687000,37,1,1
687000,41,1,1
758564,11,3,5
685246,38,1,1
685735,9,1,1
685735,58,1,1
687571,41,1,1
684294,41,1,1
688455,26,1,1
687351,11,1,1
738472,25,1,1
738472,53,1,1
687748,10,3,5
687748,45,1,1
738484,53,1,1
687776,34,1,1
684369,69,3,2
684369,37,1,1
687006,38,1,1
687006,25,1,1
687006,41,1,1
685381,26,1,1
685381,47,1,1
685381,68,1,1
683450,45,1,1
683450,47,1,1
683450,55,1,1
688945,58,1,1
689527,47,1,1
689133,26,1,1
689133,47,1,1
683227,14,1,1
791002,38,1,1
791002,37,1,1
791002,45,1,1
684398,11,1,1
684398,66,3,5
689877,24,1,1
688128,24,1,1
683324,26,1,1
683324,37,1,1
683324,47,1,1
685057,37,1,1
685057,47,1,1
687973,11,1,1
687973,9,1,1
687973,26,1,1
687973,47,1,1
687973,69,3,2
687578,9,1,1
684198,37,1,1
687568,37,1,1
687881,69,3,2
688056,69,1,1
687008,55,1,1
685272,37,1,1
685272,47,1,1
690011,9,1,1
690011,25,1,1
686082,11,1,1
688799,55,1,1
689437,26,1,1
689437,45,1,1
791579,47,3,5
791626,45,1,1
791626,67,1,1
858389,24,1,1
795520,11,1,1
795520,58,3,5
794876,53,1,1
794876,25,1,1
794876,58,1,1
795059,22,1,1
683677,68,1,1
684576,26,1,1
685540,37,1,1
685540,41,1,1
689672,9,1,1
689672,24,1,1
688068,58,1,1
689744,41,1,1
731010,11,1,1
802175,24,1,1
802175,25,1,1
800155,58,1,1
800158,58,1,1
800161,42,3,5
800164,45,1,1
689603,38,3,5
686195,53,1,1
689804,11,3,5
689804,25,1,1
816015,24,1,1
790975,55,1,1
902958,38,1,1
950088,38,1,1
950091,38,1,1
897923,34,3,5
721904,11,1,1
801957,24,1,1
683563,38,1,1
859986,48,3,5
859991,14,3,5
689320,12,1,1
946361,4,1,1
946476,53,1,1
874264,4,1,1
685507,53,3,5
688240,23,1,1
684467,14,1,1
683841,32,1,1
689559,50,1,1
685343,32,1,1
685343,48,1,1
689938,10,1,1
689938,34,1,1
686071,50,1,1
684615,48,1,1
683975,14,1,1
683975,23,1,1
687396,12,3,5
685739,4,1,1
684718,4,1,1
684216,23,1,1
684216,50,1,1
689019,2,1,1
689019,12,1,1
689018,23,1,1
688465,50,1,1
683299,32,1,1
685713,2,1,1
683613,48,3,5
685596,14,1,1
689725,34,1,1
689588,14,1,1
689630,23,1,1
686586,12,3,5
686586,48,1,1
688349,12,1,1
685214,48,1,1
684749,14,1,1
689336,50,1,1
684618,23,1,1
684674,9,1,1
684674,34,1,1
685206,2,3,5
685727,50,1,1
686615,50,1,1
686473,14,1,1
686473,48,1,1
687357,14,1,1
687357,34,1,1
687763,32,3,5
686057,82,1,1
688971,51,1,1
689654,51,3,5
689460,4,1,1
688303,51,1,1
688732,12,1,1
689447,23,1,1
687295,23,1,1
688847,51,1,1
687464,4,1,1
684054,32,1,1
685550,23,1,1
687886,23,1,1
687026,51,1,1
684779,43,3,5
683278,23,1,1
685208,23,3,5
687430,4,1,1
683393,2,1,1
683393,14,1,1
683181,2,1,1
689490,14,1,1
684217,58,1,1
685351,12,1,1
685351,32,1,1
683066,2,1,1
683066,14,1,1
683440,51,1,1
687533,22,1,1
687533,87,1,1
687379,2,1,1
687379,22,1,1
687379,45,1,1
683363,14,1,1
683363,22,1,1
689392,32,3,5
689217,2,1,1
684133,53,1,1
684133,25,3,5
688757,25,1,1
687282,4,1,1
684563,7,1,1
683231,7,1,1
688554,7,1,1
947900,18,1,1
947903,18,1,1
947959,52,1,1
948020,18,1,1
948185,33,1,1
948185,59,1,1
685538,34,1,1
754874,45,1,1
685044,34,1,1
685896,41,1,1
685896,42,1,1
685896,58,1,1
687941,10,3,5
687941,22,1,1
687941,43,1,1
686946,23,1,1
686946,34,1,1
684094,34,1,1
686928,34,1,1
899648,35,1,1
899648,36,1,1
899648,49,1,1
899649,21,1,1
899666,44,1,1
899666,61,1,1
899682,59,3,5
899698,8,1,1
899698,33,1,1
899698,40,1,1
899698,59,1,1
899703,59,1,1
899711,24,1,1
898993,12,1,1
871069,55,1,1
899015,22,1,1
899017,2,3,5
899022,23,1,1
899022,48,1,1
899025,41,1,1
899026,51,1,1
899036,18,1,1
899036,52,1,1
899036,59,1,1
899037,7,1,1
902362,40,1,1
899059,38,1,1
899059,42,1,1
943954,6,1,1
866470,39,1,1
866470,56,1,1
899073,40,1,1
899097,8,1,1
899100,8,1,1
899100,39,1,1
899104,7,1,1
899104,8,1,1
899106,7,1,1
899110,39,1,1
899112,40,1,1
899112,44,1,1
899112,52,1,1
899114,44,1,1
899122,34,1,1
899123,67,1,1
899123,69,1,1
899123,8,1,1
899123,30,1,1
899124,32,1,1
899124,34,1,1
899125,25,1,1
899125,26,1,1
899132,9,1,1
899132,55,1,1
899134,67,1,1
899134,11,1,1
899134,21,1,1
899134,36,1,1
899134,51,1,1
871240,9,1,1
871240,10,3,5
871240,17,1,1
871240,34,1,1
871240,42,1,1
871240,45,1,1
871240,68,1,1
871240,69,1,1
899136,62,3,5
899136,41,1,1
899136,55,1,1
899137,50,1,1
899144,20,1,1
899146,28,1,1
899146,57,1,1
899158,56,1,1
881483,2,1,1
881483,22,1,1
899162,25,1,1
899168,9,1,1
899168,11,1,1
899168,14,1,1
899168,19,1,1
899168,26,1,1
899168,29,1,1
899168,57,1,1
899170,7,1,1
899170,18,1,1
899170,49,1,1
899171,4,1,1
899171,38,1,1
899172,44,1,1
899172,60,1,1
899184,42,1,1
899188,2,1,1
899188,30,1,1
899188,38,1,1
899188,48,1,1
899190,80,1,1
878797,2,1,1
878797,45,1,1
878975,53,1,1
878975,58,1,1
899216,44,1,1
899216,56,1,1
899220,8,1,1
899262,51,1,1
899273,40,1,1
899277,39,1,1
899287,51,1,1
899296,8,1,1
899296,18,1,1
899299,40,1,1
899305,52,1,1
899326,6,1,1
899326,44,1,1
899380,42,1,1
899380,49,1,1
899429,12,1,1
899429,34,1,1
899445,22,1,1
899445,51,1,1
899455,61,3,5
899488,7,1,1
899491,60,1,1
899497,38,1,1
899498,17,1,1
899498,26,1,1
899515,2,1,1
899517,51,1,1
899525,48,1,1
899525,82,3,5
899533,12,1,1
899534,22,1,1
899534,23,1,1
899537,2,1,1
899545,23,1,1
899545,48,1,1
899545,50,1,1
899560,18,1,1
899560,59,1,1
899560,61,1,1
899617,49,1,1
899721,22,1,1
899721,41,1,1
899721,55,1,1
899722,11,1,1
899722,41,1,1
899722,45,1,1
899738,26,1,1
899738,41,1,1
899738,58,1,1
899740,32,3,5
899751,32,1,1
899752,4,1,1
899753,9,1,1
899753,10,1,1
899753,41,1,1
899753,58,1,1
899754,34,1,1
899759,12,3,5
899759,14,1,1
899760,29,1,1
899760,57,1,1
899771,45,1,1
899811,33,1,1
899812,33,1,1
899812,61,1,1
899821,59,1,1
899824,39,1,1
899824,49,1,1
899826,7,1,1
899833,56,1,1
899854,52,1,1
899888,24,1,1
899888,29,1,1
899892,69,3,5
899919,377,1,1
899925,6,1,1
899925,40,1,1
899933,7,1,1
899953,56,1,1
899956,36,1,1
899972,1,3,5
899972,33,3,5
899973,61,1,1
899974,7,1,1
899974,33,1,1
899974,61,1,1
899976,18,1,1
899976,61,1,1
899977,8,1,1
899978,7,3,5
899978,61,1,1
899981,40,1,1
899981,52,1,1
899981,59,1,1
899998,61,3,5
900019,56,1,1
900024,8,1,1
900024,44,1,1
900025,18,1,1
900059,45,1,1
900062,8,1,1
900072,61,3,5
900073,52,1,1
900085,70,1,1
900085,49,1,1
900114,23,1,1
900114,29,1,1
900114,30,1,1
900114,42,1,1
900116,14,1,1
900116,29,1,1
900117,70,1,1
900117,21,1,1
900117,51,1,1
900118,24,1,1
926862,42,1,1
926708,38,1,1
932445,2,1,1
934751,49,1,1
934751,70,1,1
934901,14,1,1
934901,21,1,1
934901,38,1,1
934901,41,1,1
934901,42,1,1
934901,58,1,1
935193,40,1,1
941912,7,1,1
941929,40,1,1
943181,18,1,1
943929,6,1,1
943964,40,1,1
948194,8,1,1
948194,18,1,1
948194,39,1,1
948194,40,1,1
948194,56,1,1
948753,17,1,1
950065,9,1,1
950065,10,1,1
950065,47,1,1
686265,12,1,1
685673,2,1,1
685673,4,1,1
685239,52,1,1
758364,8,1,1
688579,51,1,1
793190,8,1,1
683138,38,1,1
686051,51,1,1
688468,12,1,1
686297,50,1,1
959184,4,1,1
959215,59,1,1
959226,8,1,1
959258,52,1,1
959267,6,1,1
959283,39,1,1
959310,39,3,5
959340,39,1,1
959346,18,1,1
959346,6,3,5
959415,18,1,1
959415,56,1,1
959470,22,1,1
959470,53,3,5
959597,38,1,1
959597,42,1,1
959597,55,1,1
960957,12,1,1
860793,16,1,1
794078,6,1,1
687864,52,1,1
964229,6,3,5
964267,52,1,1
964291,52,1,1
840581,6,1,1
840581,7,1,1
971573,40,3,5
971576,40,1,1
971592,80,3,5
971598,6,1,1
971684,7,1,1
971687,40,1,1
971698,7,1,1
971702,40,1,1
971714,7,1,1
971717,40,1,1
971754,7,1,1
971776,7,1,1
971783,7,1,1
899934,377,3,5
971941,6,1,1
971941,7,1,1
971952,7,1,1
971952,40,1,1
971970,7,1,1
971976,7,1,1
971999,7,1,1
972021,6,1,1
972021,40,1,1
972041,40,1,1
972066,7,1,1
972069,7,1,1
972137,7,1,1
972202,40,1,1
972267,379,3,5
972283,7,1,1
972808,7,1,1
972833,7,1,1
972836,7,1,1
972838,7,1,1
972841,7,1,1
878891,7,1,1
972864,40,1,1
684298,6,3,5
840624,52,1,1
973446,6,1,1
973446,52,1,1
686974,40,1,1
686974,52,3,5
973855,7,1,1
899268,7,1,1
899048,379,1,1
684661,1,1,1
893473,29,1,1
878657,32,3,5
900048,19,1,1
900048,20,1,1
900048,28,3,5
900049,17,1,1
687859,12,1,1
686978,23,1,1
688460,50,1,1
969564,7,1,1
688182,62,1,1
688182,1,1,1
689913,37,1,1
899410,41,1,1
899079,44,1,1
688728,44,1,1
731466,56,1,1
1006272,11,1,1
1006272,29,1,1
1006272,37,1,1
1006272,58,1,1
1006272,66,1,1
1006272,68,1,1
683720,59,1,1
687906,18,1,1
683990,33,1,1
683990,18,1,1
684568,7,1,1
685575,7,1,1
689487,44,1,1
689487,56,1,1
687034,61,3,5
685195,56,1,1
685175,41,1,1
685924,26,1,1
685924,41,1,1
683690,8,1,1
899271,7,1,1
899283,39,1,1
941884,6,1,1
971793,7,1,1
899985,38,1,1
899985,50,1,1
899985,53,1,1
899985,55,1,1
684365,18,1,1
684365,6,1,1
684365,8,1,1
684365,40,1,1
684365,52,1,1
899476,377,1,1
899478,377,1,1
689377,6,1,1
686781,80,1,1
686781,379,1,1
683129,56,3,5
788005,61,1,1
688776,1,1,1
683147,1,1,1
687967,1,1,1
899507,34,1,1
688119,69,3,2
684789,41,1,1
684789,42,1,1
686132,9,1,1
686132,37,1,1
685533,23,3,5
685613,43,1,1
689862,22,1,1
686572,2,1,1
687751,2,1,1
899023,2,3,5
899023,12,3,5
899023,34,1,1
688968,32,3,5
1010036,58,1,1
689966,82,1,1
687882,39,1,1
687882,40,1,1
685889,61,3,5
685889,56,1,1
683828,40,1,1
683701,62,1,1
689421,41,1,1
689421,45,1,1
683192,24,1,1
683345,48,1,1
860836,16,1,1
848835,377,1,1
877425,34,1,1
877425,53,1,1
684636,43,3,5
683773,14,1,1
837244,6,1,1
837244,40,1,1
899167,56,1,1
688612,44,1,1
688612,56,1,1
788795,7,1,1
788792,7,1,1
687451,44,3,5
686149,47,1,1
687246,22,1,1
686508,48,1,1
686220,66,3,5
686220,68,3,5
686773,51,1,1
685733,26,1,1
689086,7,3,5
689631,4,1,1
686157,12,1,1
814166,14,1,1
690021,14,1,1
690021,50,1,1
688618,14,1,1
948005,18,1,1
686786,36,1,1
686786,21,1,1
688409,51,1,1
849336,8,1,1
849336,59,1,1
849336,379,3,5
720826,50,1,1
689571,32,1,1
689571,50,1,1
686516,2,1,1
686516,32,1,1
684485,51,1,1
950174,7,1,1
686303,56,1,1
684663,7,1,1
683466,7,1,1
687174,50,1,1
979552,1,1,1
687468,51,1,1
877314,11,1,1
877314,26,1,1
877314,53,1,1
870290,14,1,1
879104,14,1,1
879104,34,1,1
879104,42,1,1
879104,48,1,1
687627,58,1,1
720842,22,3,5
798678,48,3,5
683611,14,1,1
683611,34,1,1
685204,34,1,1
684730,42,1,1
683617,11,1,1
686512,53,1,1
686512,14,1,1
686512,50,1,1
686512,58,1,1
687537,38,1,1
687537,37,1,1
688277,22,1,1
683683,25,1,1
907201,22,1,1
687868,58,1,1
685180,14,1,1
685180,22,1,1
689639,48,1,1
683316,22,1,1
683394,2,1,1
689504,14,1,1
688054,58,1,1
684700,53,1,1
687809,53,1,1
687809,25,1,1
683786,25,1,1
689368,22,1,1
899251,14,1,1
899251,48,1,1
687536,23,1,1
687382,23,1,1
687526,4,1,1
687526,23,3,5
833196,51,1,1
689070,69,3,2
800167,58,1,1
1041618,1,1,1
1041618,91,1,1
1041621,60,1,1
899571,1,1,1
899571,62,1,1
899571,65,1,1
899571,93,1,1
1041632,61,1,1
1041643,65,1,1
1041643,70,1,1
1041654,65,1,1
1041665,65,1,1
1041719,70,1,1
1041719,93,1,1
899877,1,1,1
899877,70,1,1
899877,227,3,5
1041742,65,1,1
899875,1,1,1
1041761,70,1,1
1041777,62,1,1
839419,61,1,1
839419,93,1,1
839419,1,1,1
1041792,1,1,1
1041792,70,1,1
1041811,1,1,1
1041867,61,3,5
1041879,93,3,5
1041885,1,1,1
1041891,93,3,5
1041901,91,3,5
1042018,227,3,5
1042101,69,1,1
1042195,62,1,1
1042195,69,1,1
1042214,1,1,1
1042214,62,1,1
1042214,70,1,1
1042214,92,1,1
899726,44,1,1
688428,7,3,5
899724,44,1,1
683457,7,1,1
833254,377,3,5
683484,7,3,5
685106,7,3,5
685140,44,1,1
690079,44,1,1
690079,7,3,5
686726,44,1,1
1013712,1,1,1
1013712,69,1,1
688451,8,1,1
688451,39,1,1
887161,56,1,1
1044262,93,1,1
1044265,65,1,1
1044277,91,3,5
1044280,69,3,5
1150935,29,1,1
1150935,67,1,1
1150943,69,1,1
1150947,57,1,1
1150951,29,1,1
1150955,24,1,1
1150955,41,1,1
1150955,55,1,1
1150957,41,1,1
1150957,69,3,5
1150959,66,1,1
736402,11,3,5
736405,38,1,1
688334,37,1,1
899421,24,1,1
1150933,63,1,1
1150933,69,1,1
877688,4,1,1
877688,10,1,1
877688,37,1,1
877688,50,1,1
877688,58,1,1
877688,69,1,1
899532,37,1,1
899532,45,1,1
931854,63,3,5
931856,38,1,1
1171247,9,1,1
1171247,53,1,1
688756,69,3,2
688756,67,1,1
899046,48,1,1
899704,42,1,1
899704,57,3,5
899704,69,3,5
1159089,55,1,1
1159089,69,1,1
1159097,26,1,1
1159097,45,1,1
1159109,41,1,1
1159109,53,1,1
1159115,63,1,1
1159121,28,1,1
1159121,42,1,1
1159123,11,1,1
1159123,41,1,1
1159127,67,1,1
1159141,26,1,1
1159141,63,1,1
1159143,9,1,1
1159143,26,1,1
1159145,26,1,1
1159145,41,1,1
1159147,9,1,1
1159149,55,1,1
1159155,25,1,1
1159155,53,1,1
1159159,11,1,1
1159159,38,1,1
1159165,24,1,1
1159165,25,1,1
1159167,9,1,1
1159167,47,1,1
1159169,25,1,1
1159169,53,1,1
1159177,37,1,1
1159177,41,1,1
1159177,66,1,1
1159177,68,1,1
1159177,92,1,1
1159183,14,3,5
1159183,24,1,1
1159183,25,1,1
1159183,45,1,1
1159185,25,1,1
1159185,34,1,1
1159185,53,1,1
1159191,17,1,1
1159191,45,1,1
1159193,45,1,1
1159197,24,1,1
1159197,38,3,5
1159201,55,1,1
689997,18,1,1
730852,33,1,1
689427,6,1,1
979417,56,1,1
737495,39,1,1
728669,56,3,5
730893,56,1,1
737558,39,1,1
737595,6,3,5
979549,44,1,1
982694,18,1,1
1132409,51,1,1
685079,43,1,1
1179665,9,1,1
1179665,25,1,1
1179665,37,1,1
1179665,41,1,1
1179665,42,1,1
1179665,58,1,1
1089379,47,1,1
1089409,49,1,1
683709,53,1,1
900098,17,1,1
900098,28,1,1
900108,17,1,1
900108,21,1,1
899737,53,1,1
899737,67,1,1
899737,69,3,5
1093938,9,1,1
1093938,11,1,1
1093938,24,1,1
1093938,38,1,1
1093938,41,1,1
1093954,29,1,1
1093954,68,3,5
1093978,17,1,1
1094025,30,1,1
899598,4,1,1
899598,30,1,1
1094174,12,1,1
1094185,19,1,1
1094185,22,1,1
1094208,51,1,1
688664,58,1,1
686101,62,1,1
933779,55,1,1
686817,48,1,1
1151293,34,1,1
1151267,26,1,1
1151267,55,1,1
1151275,53,1,1
1151279,25,1,1
1151287,11,1,1
1151287,58,1,1
683283,67,1,1
687037,29,1,1
835830,62,1,1
899756,42,1,1
860767,60,1,1
860767,65,1,1
689618,38,1,1
689618,9,1,1
689618,42,1,1
687547,41,1,1
687547,55,1,1
685846,45,1,1
689508,24,1,1
689508,41,1,1
685760,8,1,1
686912,18,1,1
685677,43,3,5
686708,25,1,1
686708,32,1,1
686708,34,1,1
687321,34,1,1
684506,10,1,1
684944,48,3,5
687166,23,1,1
689256,41,1,1
683735,2,1,1
899462,61,3,5
1117391,51,1,1
1125712,33,1,1
688444,48,1,1
1127122,49,1,1
1127126,33,1,1
1127130,43,1,1
686600,50,1,1
1131907,25,3,5
1041052,60,1,1
1041052,93,1,1
688279,53,1,1
1041338,1,1,1
1041379,1,1,1
1041386,62,1,1
1041490,44,1,1
1041586,1,1,1
860789,93,1,1
1041615,65,1,1
1041616,67,1,1
1041617,69,1,1
1041617,227,1,1
1132352,42,1,1
1132354,2,1,1
1132354,34,1,1
685084,12,1,1
899630,6,1,1
899620,33,1,1
899620,40,1,1
899628,52,1,1
899635,6,1,1
687631,37,3,5
683149,45,1,1
1085078,18,1,1
1085078,52,1,1
972885,7,1,1
969489,7,1,1
969531,7,1,1
969567,7,1,1
969570,7,1,1
969573,7,1,1
969591,7,1,1
1127120,35,1,1
1127120,59,1,1
1127120,62,1,1
899004,21,1,1
687746,30,1,1
687746,42,1,1
899765,57,1,1
690040,45,1,1
690040,57,1,1
1146916,28,1,1
1146916,42,1,1
1146918,29,1,1
1146926,35,1,1
1146926,69,1,1
1225175,61,1,1
1225181,44,1,1
1225197,1,1,1
1225199,8,1,1
1225199,59,1,1
1225201,44,1,1
1225203,59,1,1
1225221,7,1,1
1225223,18,1,1
689526,40,1,1
683547,56,1,1
688656,8,1,1
688047,56,1,1
684344,8,1,1
685863,56,1,1
685863,59,1,1
685290,56,1,1
684210,33,1,1
684210,8,1,1
684210,39,1,1
684210,59,1,1
684210,60,1,1
687905,33,1,1
1225584,6,1,1
1225584,52,1,1
1225590,7,1,1
836566,61,1,1
836566,33,1,1
836566,56,1,1
836566,59,1,1
835765,60,1,1
835765,40,1,1
835793,44,1,1
835793,59,1,1
1233800,32,1,1
1233804,4,1,1
1233804,51,1,1
1233808,32,1,1
1233812,43,1,1
1233816,30,1,1
1233816,50,1,1
1233824,22,1,1
1233824,32,1,1
899360,14,1,1
683102,32,1,1
689799,4,1,1
828605,4,1,1
1238781,56,1,1
1238781,59,3,5
1238785,7,3,5
1238787,7,1,1
1238787,44,1,1
1238791,56,1,1
1238799,6,1,1
1238799,8,1,1
1238801,18,1,1
1238801,59,1,1
1238805,40,1,1
1238805,59,1,1
689545,14,1,1
688765,22,1,1
899566,34,1,1
686307,48,3,5
1159133,38,1,1
1159133,41,1,1
1159133,45,1,1
1159133,67,1,1
899707,53,1,1
1171243,12,3,5
1171243,23,1,1
1171243,48,1,1
1171249,45,1,1
1171249,58,1,1
1146928,19,1,1
686125,62,1,1
686351,62,1,1
686351,35,1,1
689666,42,1,1
686925,69,1,1
686898,63,1,1
686898,28,1,1
900122,4,1,1
1202417,67,1,1
1202419,28,1,1
1202419,57,1,1
687513,41,1,1
893408,38,1,1
1159085,45,1,1
1159085,55,1,1
1150937,55,1,1
689771,24,1,1
1217341,55,1,1
1222777,44,3,5
1222789,18,3,5
1222795,61,3,5
1222809,44,3,5
1222813,56,1,1
1222819,56,1,1
1222819,61,3,5
1222825,56,1,1
1222835,44,3,5
1222843,61,3,5
1222855,44,3,5
1222867,61,3,5
1222871,44,3,5
1222873,56,1,1
1222875,61,3,5
1268467,51,1,1
1268473,2,1,1
1268479,2,1,1
1268483,34,1,1
1268489,21,1,1
1268497,12,1,1
1268539,16,1,1
1268543,16,1,1
1268545,16,1,1
1268549,16,1,1
1268551,12,1,1
1268569,16,1,1
1268577,16,1,1
1268703,61,1,1
1269124,62,1,1
1269128,7,1,1
1269128,379,1,1
1269130,40,1,1
1269130,51,1,1
1269130,379,1,1
1269134,80,1,1
1269134,379,1,1
1269132,377,1,1
1275212,70,1,1
1275218,60,1,1
1275220,70,1,1
1275220,33,1,1
1275222,62,1,1
1275224,59,1,1
1275227,36,1,1
1275229,62,1,1
1275229,8,1,1
900038,33,1,1
900038,44,1,1
900038,59,1,1
899149,61,1,1
898956,34,1,1
685122,49,1,1
686924,51,1,1
898981,25,1,1
1268555,9,1,1
1268555,41,1,1
684899,12,1,1
683948,14,1,1
683948,48,3,5
685695,12,1,1
686372,28,1,1
686372,57,3,5
689270,42,1,1
684969,4,1,1
684969,19,3,5
684969,49,1,1
684439,14,1,1
684439,43,1,1
684439,51,1,1
1279624,22,1,1
1279640,32,1,1
689641,7,1,1
683893,7,1,1
684971,44,3,5
685979,7,1,1
874094,56,1,1
874122,1,1,1
874149,7,1,1
1277471,7,1,1
1277501,7,1,1
1277505,7,1,1
1277523,7,1,1
1277553,7,1,1
1277561,7,1,1
1277598,7,1,1
1277600,7,1,1
1277602,44,3,5
1277606,7,1,1
1277624,7,1,1
1277628,7,1,1
1277652,7,1,1
1277654,7,1,1
1277672,7,1,1
1277678,7,1,1
1277709,7,1,1
1277742,7,1,1
1277762,7,1,1
1277766,7,1,1
1277784,44,3,5
1232161,93,1,1
1232163,69,1,1
1232167,62,1,1
1232183,227,1,1
1232183,1,1,1
690049,67,1,1
690049,55,1,1
688259,69,3,5
688259,63,3,5
688259,66,3,5
685368,66,1,1
899574,24,1,1
689146,47,1,1
1146920,38,1,1
1146920,41,1,1
1146910,29,1,1
1146910,62,1,1
1146910,69,1,1
689581,11,1,1
689581,41,1,1
1242955,20,1,1
1242957,30,1,1
1242961,17,1,1
1242975,19,1,1
1242979,19,1,1
1251777,9,1,1
1251779,24,1,1
1251779,47,1,1
1251781,37,1,1
1251781,41,3,5
899519,18,1,1
899519,56,1,1
899519,59,1,1
899516,44,1,1
899640,56,1,1
899501,44,1,1
899511,44,1,1
899942,7,1,1
899946,56,1,1
899947,6,1,1
899947,18,1,1
899947,33,1,1
899215,56,1,1
899215,61,3,5
964573,61,3,5
899069,34,1,1
1252492,12,1,1
1252839,12,1,1
1252839,34,1,1
1252841,53,1,1
1110179,56,1,1
1252906,56,1,1
1252906,61,3,5
1252926,56,1,1
1252936,40,1,1
899670,61,1,1
683668,24,1,1
860784,16,1,1
689436,8,1,1
948546,23,1,1
689547,6,1,1
687222,39,1,1
899240,51,1,1
899543,51,1,1
899549,52,1,1
899547,18,1,1
899633,43,1,1
899633,51,1,1
899813,18,1,1
899849,40,1,1
899052,80,3,5
1239397,7,1,1
1238807,8,1,1
1238807,33,1,1
1238807,61,1,1
899292,383,3,5
687095,51,1,1
741477,39,1,1
1270934,51,1,1
1270942,379,3,5
1270950,40,1,1
1270950,56,1,1
1270952,36,1,1
1270954,39,1,1
1270958,52,1,1
1270962,6,1,1
1270964,51,3,5
1270986,8,1,1
1271030,39,1,1
899937,7,1,1
948191,18,1,1
899901,7,1,1
935020,8,1,1
935020,18,1,1
1271341,7,1,1
1271347,7,1,1
1271528,44,1,1
1271530,7,1,1
899627,6,1,1
899035,6,1,1
899322,7,1,1
899322,40,1,1
899308,18,1,1
899072,7,1,1
1239395,379,3,5
1239399,56,1,1
1239401,39,1,1
1239405,52,1,1
1267581,83,1,1
860552,51,1,1
899893,51,1,1
1344233,1,1,1
1344233,61,1,1
1344241,62,3,5
1344241,65,1,1
1344252,91,1,1
1344252,93,1,1
1150931,26,1,1
1150931,45,1,1
1302489,2,3,5
1302485,4,1,1
899457,61,1,1
837149,50,1,1
1349437,35,1,1
1349437,59,1,1
1349437,60,1,1
1349439,41,3,5
1349441,33,1,1
1349445,45,3,5
1349445,58,1,1
1349446,28,1,1
900082,49,1,1
1302459,70,1,1
1275198,35,1,1
1275204,70,1,1
1275204,49,1,1
687652,49,1,1
687652,59,1,1
687652,70,1,1
1309263,70,1,1
1309263,35,1,1
899115,62,1,1
899115,59,1,1
1352332,43,1,1
1352333,33,1,1
1352333,59,1,1
1352334,60,1,1
1352334,35,1,1
1352337,33,1,1
1268557,18,1,1
899113,44,1,1
1353055,4,1,1
1353055,33,1,1
1353055,43,1,1
899691,48,1,1
899593,34,1,1
878775,42,1,1
878775,53,1,1
684954,53,1,1
689750,25,1,1
683268,24,1,1
683268,25,1,1
686580,51,1,1
899552,30,1,1
899552,50,1,1
1279634,4,1,1
1279634,11,1,1
1279634,14,1,1
1279634,20,1,1
1279634,22,1,1
899021,58,1,1
899121,14,1,1
1281874,14,1,1
1281874,32,1,1
1281876,82,3,5
1281880,4,1,1
1281882,12,1,1
1281884,34,1,1
1281888,2,1,1
1281894,43,1,1
1281896,12,1,1
1281896,32,1,1
1281900,12,1,1
1281902,48,1,1
1281906,4,1,1
838416,2,1,1
838416,12,1,1
838416,23,1,1
838416,48,1,1
838416,51,1,1
899359,32,1,1
932050,14,1,1
932050,50,1,1
932050,82,3,5
933350,14,1,1
933350,34,1,1
1279618,12,1,1
1279618,43,1,1
860449,23,1,1
860449,51,1,1
899259,80,1,1
899257,39,1,1
838440,379,1,1
881401,7,1,1
931837,11,3,5
931837,14,1,1
931837,22,1,1
931837,24,1,1
931837,26,1,1
931837,45,1,1
877316,24,1,1
877316,69,1,1
1151265,37,1,1
1151265,41,1,1
1151265,47,1,1
931836,17,1,1
838459,29,1,1
1207720,28,1,1
1207720,69,1,1
838549,67,1,1
838549,17,1,1
1207718,63,1,1
1207718,38,1,1
1207718,45,1,1
1207718,55,1,1
1256090,37,1,1
1279620,2,1,1
1279620,14,1,1
1279620,20,1,1
1279620,42,1,1
1279620,53,1,1
1285416,42,1,1
838498,22,1,1
838498,29,1,1
838498,51,1,1
838498,58,1,1
1284769,51,1,1
1284771,70,1,1
1132392,49,1,1
835948,7,1,1
1085042,7,1,1
1085042,33,1,1
1085069,39,1,1
1085069,43,1,1
836528,39,1,1
836528,40,1,1
836528,52,1,1
877289,33,1,1
877289,59,1,1
836554,60,1,1
877291,18,1,1
877291,44,1,1
877291,59,1,1
836655,33,1,1
836647,60,1,1
835949,377,1,1
835750,60,1,1
1225592,40,1,1
872650,92,1,1
860496,60,1,1
860664,67,1,1
860664,69,1,1
835950,6,3,5
835950,44,1,1
835951,40,1,1
835951,44,1,1
860546,7,1,1
860411,39,1,1
860411,377,1,1
860411,379,1,1
836040,7,1,1
860467,48,3,5
877355,22,1,1
1285408,4,1,1
835984,19,1,1
835984,43,1,1
835984,53,1,1
1279614,2,1,1
1279614,32,1,1
1302634,4,1,1
1302634,24,1,1
1302634,25,1,1
1302634,35,1,1
1302634,36,1,1
1302634,43,1,1
1302634,53,1,1
1302634,63,1,1
1302634,68,1,1
1302634,69,1,1
877354,28,1,1
860489,8,1,1
860489,51,1,1
1285582,8,1,1
1285582,61,3,5
1285582,70,1,1
900017,8,1,1
900017,56,1,1
900016,59,1,1
837646,8,1,1
837646,59,1,1
860743,61,1,1
866455,33,1,1
866455,35,1,1
866455,44,1,1
866455,70,1,1
860688,19,1,1
860688,28,1,1
857357,43,1,1
860481,39,1,1
860481,381,3,5
856963,49,1,1
856981,59,1,1
860480,60,1,1
860480,62,1,1
860480,70,1,1
1127110,62,1,1
860672,6,1,1
860672,39,1,1
872643,39,1,1
872643,381,1,1
881410,82,1,1
881410,381,1,1
881407,49,1,1
881407,62,1,1
1270115,60,1,1
959134,12,1,1
959134,51,1,1
858134,20,1,1
858134,55,1,1
932947,7,1,1
932947,39,1,1
849149,7,1,1
860452,7,1,1
860452,8,1,1
895818,18,1,1
860590,33,1,1
837832,18,1,1
860463,52,1,1
860416,40,1,1
857406,18,1,1
873846,6,1,1
873846,18,1,1
860755,44,1,1
860755,59,1,1
837711,85,3,5
837711,51,1,1
860499,85,3,5
837750,379,1,1
899366,51,1,1
837734,80,3,5
879239,7,1,1
860456,39,1,1
860456,40,1,1
860456,51,1,1
879242,377,3,5
881398,40,1,1
881398,80,3,5
953927,8,1,1
953927,379,3,5
860559,227,1,1
860690,67,3,5
849164,60,1,1
849164,7,1,1
860619,1,1,1
860619,7,1,1
860619,61,1,1
860477,1,1,1
860477,61,1,1
838784,25,1,1
838784,37,1,1
838784,38,1,1
838784,51,1,1
838755,19,1,1
838755,20,1,1
838755,32,1,1
838755,38,1,1
889361,14,1,1
838650,14,1,1
838650,20,1,1
838650,21,1,1
838650,23,1,1
838650,24,1,1
860591,6,1,1
860512,41,1,1
860512,57,1,1
860512,62,1,1
860521,2,1,1
860521,34,1,1
860521,37,1,1
860521,48,1,1
902938,25,1,1
902938,32,1,1
902938,53,1,1
860693,14,1,1
860693,24,1,1
860693,45,1,1
860693,63,3,5
860693,69,3,5
860627,10,1,1
860627,17,1,1
860627,30,1,1
860627,36,1,1
860526,69,3,5
938463,53,1,1
899529,23,1,1
899529,25,1,1
860542,17,1,1
860542,21,1,1
860542,36,1,1
860542,43,1,1
860473,4,1,1
860473,9,1,1
860473,10,3,5
860473,24,1,1
860473,32,1,1
860473,55,1,1
860473,66,1,1
860430,76,1,1
860430,377,1,1
932976,6,1,1
932976,44,1,1
860581,61,3,5
860581,44,1,1
848795,61,3,5
848795,377,1,1
1041701,1,1,1
1041701,61,1,1
857235,7,1,1
857235,59,1,1
857258,7,1,1
860623,33,1,1
860623,60,1,1
860623,82,1,1
1041690,1,1,1
1041690,62,1,1
1041690,92,1,1
1344237,1,1,1
1344237,61,1,1
1344237,70,1,1
893248,1,1,1
860569,8,1,1
860569,51,1,1
860569,70,1,1
1283074,33,1,1
1283074,35,1,1
894453,28,1,1
894453,30,1,1
894453,53,1,1
849275,61,1,1
907535,8,1,1
907535,19,1,1
907535,41,1,1
907535,53,1,1
907535,58,1,1
907535,62,1,1
907535,63,1,1
907535,66,1,1
907535,70,1,1
907535,93,1,1
1176969,11,1,1
1299044,7,1,1
1299044,44,1,1
1299044,56,1,1
1361913,20,1,1
1361913,51,1,1
1361912,44,1,1
1361912,57,1,1
860604,19,1,1
860604,23,1,1
860604,36,1,1
860604,45,1,1
860604,67,1,1
1159179,45,1,1
860576,6,1,1
860576,40,1,1
894266,91,1,1
860442,4,1,1
860442,34,1,1
860442,42,1,1
860442,45,1,1
860442,51,1,1
859820,9,1,1
859820,19,1,1
859820,29,1,1
859820,35,1,1
859820,37,1,1
859820,45,1,1
859820,58,1,1
860714,2,1,1
860714,14,1,1
860714,37,1,1
860714,51,1,1
860714,92,1,1
885015,79,1,1
860656,65,1,1
689903,12,1,1
689337,32,1,1
689827,32,1,1
688957,12,1,1
688924,14,1,1
683910,48,1,1
688726,32,1,1
686764,32,1,1
685276,12,1,1
688136,23,1,1
1313658,62,1,1
899372,60,1,1
899092,8,1,1
899092,39,1,1
899092,51,1,1
899092,381,3,5
684224,8,1,1
685995,39,1,1
899655,36,1,1
899655,381,1,1
688735,21,1,1
1225209,52,1,1
1225209,56,1,1
689576,61,1,1
899452,7,1,1
899393,22,1,1
1151269,25,1,1
833282,25,1,1
833282,32,1,1
833282,50,1,1
1315497,35,1,1
1315499,29,1,1
1315501,39,3,5
1315505,7,1,1
1315505,56,3,5
1344264,1,1,1
1344268,1,1,1
1344272,62,3,5
1344278,65,1,1
1344546,62,3,5
1344546,227,1,1
688461,26,1,1
899606,26,1,1
948485,9,1,1
948485,42,1,1
948485,45,1,1
948499,67,1,1
1361914,69,3,5
881403,7,1,1
881403,377,1,1
833287,55,1,1
801747,21,1,1
1132405,43,1,1
887156,1,1,1
1270978,51,1,1
1270978,52,1,1
1270980,8,1,1
1270980,52,1,1
1270974,40,1,1
1270976,39,1,1
1270976,40,1,1
1270970,40,1,1
1270970,52,1,1
1270972,8,1,1
1270972,39,1,1
1270972,51,1,1
1270966,52,1,1
933219,7,1,1
934075,61,1,1
877395,44,1,1
1279622,48,1,1
1279622,50,1,1
905014,34,1,1
1281872,4,1,1
1302505,32,1,1
1302505,50,1,1
1345194,4,1,1
1345194,12,1,1
1345194,32,1,1
1345194,43,1,1
1302654,2,1,1
1302654,14,1,1
1302654,38,1,1
931842,28,1,1
931842,63,3,5
1127118,70,1,1
1302640,30,1,1
1302640,35,1,1
1302652,8,1,1
1302652,59,1,1
878628,22,1,1
878628,53,1,1
683657,58,1,1
878639,2,1,1
688984,53,1,1
688984,34,1,1
900045,25,1,1
686196,53,1,1
686196,14,3,5
795484,25,1,1
688801,48,1,1
688372,48,1,1
686453,14,1,1
900042,9,1,1
900042,25,1,1
900042,42,1,1
900042,58,1,1
687085,38,1,1
959812,41,1,1
684345,24,1,1
684345,41,1,1
684760,42,1,1
959108,62,1,1
959108,32,3,5
685146,22,1,1
687641,43,1,1
689330,30,1,1
689758,29,1,1
683160,4,1,1
686752,22,1,1
959042,67,1,1
686955,28,1,1
683811,67,1,1
689269,69,3,2
688431,67,1,1
687154,29,1,1
893449,57,3,5
688235,41,1,1
685970,29,1,1
893439,57,3,5
857191,51,1,1
687950,33,3,5
686373,70,1,1
899834,7,1,1
849126,8,1,1
849126,39,1,1
849126,56,1,1
689916,7,1,1
934867,61,3,5
958946,93,1,1
1344235,1,1,1
877402,24,1,1
877402,63,1,1
860514,33,1,1
860514,51,1,1
887169,37,1,1
1281886,23,1,1
1093866,9,1,1
1093866,10,1,1
1093866,45,1,1
1093866,69,1,1
1093904,25,1,1
1093904,38,1,1
1093904,55,1,1
907585,10,1,1
907585,26,1,1
907585,28,1,1
907585,32,1,1
907585,34,1,1
907585,36,1,1
907585,38,1,1
907585,69,3,5
687087,4,1,1
687087,49,1,1
684274,41,1,1
684638,47,3,5
684638,55,1,1
688863,25,1,1
688863,50,1,1
685634,14,1,1
907588,43,1,1
907588,57,1,1
907588,62,1,1
860018,30,3,5
1292372,58,1,1
689850,49,1,1
899898,59,1,1
899898,60,1,1
899135,69,3,5
860710,56,1,1
860710,80,1,1
860710,381,1,1
856676,44,1,1
1225195,1,1,1
1315492,8,1,1
1315492,33,1,1
1315492,59,1,1
1315493,33,1,1
1315493,52,1,1
1302630,70,1,1
858054,62,1,1
858054,69,3,5
858054,57,1,1
1302628,45,1,1
1302628,57,1,1
1281870,37,1,1
899735,51,1,1
857654,61,1,1
857654,44,1,1
894262,1,1,1
894262,65,1,1
894262,93,1,1
683523,16,1,1
1322173,33,1,1
1167512,67,1,1
1377512,21,3,5
1302666,4,1,1
1302666,24,1,1
1302666,25,1,1
1302666,32,1,1
1302666,37,1,1
1302666,42,1,1
1302664,51,1,1
1302656,25,1,1
1302656,43,1,1
1302656,48,1,1
1302656,58,1,1
790680,7,1,1
688271,8,1,1
688271,40,1,1
684964,4,1,1
1277724,40,1,1
1277634,7,1,1
685580,39,1,1
1269126,33,1,1
1269126,60,1,1
1127114,33,1,1
1127114,59,1,1
1127114,60,1,1
899644,35,1,1
899644,49,1,1
899117,49,1,1
1302493,14,1,1
1302513,50,1,1
1302529,4,1,1
833274,11,1,1
833274,48,1,1
899356,12,1,1
899356,22,1,1
833272,23,1,1
833272,48,3,5
833272,51,1,1
683306,51,1,1
1302632,14,1,1
1302632,32,1,1
1302636,25,1,1
1302636,48,1,1
1302636,66,1,1
1302642,25,1,1
1302642,53,1,1
1302646,19,1,1
1302646,42,1,1
1302648,19,1,1
1302660,20,1,1
1302660,30,1,1
1302660,50,1,1
1302660,55,1,1
1302662,51,1,1
685728,67,1,1
1309261,70,1,1
1309285,33,1,1
686597,44,1,1
683356,44,1,1
683356,56,1,1
685270,18,1,1
979445,44,1,1
979445,56,1,1
1277788,7,1,1
1277790,40,1,1
1277794,7,1,1
1277816,7,1,1
899585,18,1,1
899585,60,1,1
899587,36,1,1
902782,44,1,1
902500,39,1,1
857460,59,1,1
899318,40,1,1
899332,6,1,1
899332,18,1,1
899332,33,1,1
1278493,59,1,1
1278493,60,1,1
1278499,59,1,1
1278495,8,1,1
1278495,33,1,1
1278497,8,1,1
1278497,40,1,1
1278501,59,1,1
1278503,59,1,1
899809,18,1,1
1225205,49,1,1
689356,59,3,5
685360,40,1,1
687587,7,1,1
687587,40,1,1
688557,52,1,1
688879,39,1,1
1283078,49,1,1
1283080,43,1,1
1283082,36,1,1
1283082,39,1,1
1283084,60,1,1
1283084,62,1,1
1283086,8,3,5
1283086,18,1,1
1283090,18,1,1
1283090,33,1,1
1283090,59,1,1
1283092,8,1,1
1283092,33,1,1
1283096,35,1,1
1283096,49,1,1
1283098,44,1,1
1283118,52,1,1
684319,51,1,1
687343,23,3,5
899336,43,1,1
1171241,4,1,1
1171241,23,1,1
898997,39,3,5
898997,51,1,1
686450,80,3,5
899225,39,3,5
1284773,51,1,1
1284783,76,1,1
1284791,51,1,1
1284827,51,1,1
1284833,51,1,1
1270938,379,1,1
1270938,381,1,1
1085061,7,1,1
1085061,39,1,1
769162,6,1,1
785372,8,1,1
899830,1,1,1
899343,8,1,1
899343,18,1,1
899343,39,3,5
899345,59,1,1
899346,7,1,1
1042125,91,1,1
1042125,93,1,1
1042120,62,1,1
1042070,69,3,5
1042070,91,3,5
1042070,227,3,5
1042090,65,3,5
1042153,69,1,1
1042153,93,1,1
1042143,91,3,5
1042167,227,1,1
1042190,93,1,1
1041954,69,3,5
1041965,1,1,1
1176971,28,1,1
866456,21,1,1
866456,70,1,1
1279626,41,1,1
1279626,45,1,1
887296,22,3,5
887296,29,1,1
887296,69,3,5
1279628,4,1,1
1279628,9,1,1
1279628,37,1,1
1279628,45,1,1
1279628,53,1,1
1284873,51,1,1
1233788,43,1,1
899596,58,1,1
1285414,50,1,1
1285418,2,1,1
1285424,22,1,1
1285523,42,1,1
1225594,8,1,1
899438,45,1,1
899438,69,1,1
687427,16,1,1
689803,16,1,1
1277732,7,1,1
1259890,37,1,1
866515,48,3,5
684209,14,1,1
899182,2,1,1
899182,14,1,1
899182,32,1,1
899182,38,1,1
899182,45,1,1
688722,34,1,1
688722,50,1,1
683368,14,1,1
683368,23,3,5
685564,17,1,1
684761,23,3,5
684761,48,1,1
684226,34,1,1
1287810,48,3,5
1287816,34,1,1
1287816,48,3,5
939245,14,1,1
939245,42,1,1
939245,48,1,1
939245,51,1,1
939238,16,1,1
884093,6,1,1
884093,7,1,1
884093,39,1,1
884062,34,1,1
899705,37,1,1
899705,47,3,5
899705,69,3,5
899878,37,1,1
899879,24,1,1
899879,41,1,1
689365,63,1,1
1176973,57,1,1
1176975,32,1,1
1176989,4,1,1
1176989,28,1,1
1176991,69,3,5
1176999,69,3,5
860510,4,1,1
877319,2,1,1
877319,19,1,1
877319,37,1,1
877319,45,1,1
877319,48,1,1
877319,57,1,1
877320,25,1,1
877320,63,1,1
860485,21,1,1
860588,4,1,1
860588,25,1,1
860588,53,1,1
860466,44,1,1
860466,60,1,1
860509,1,1,1
860509,57,1,1
860509,62,1,1
860509,92,1,1
848739,14,1,1
857627,29,1,1
857627,30,1,1
857627,45,1,1
857627,53,1,1
857627,57,1,1
948696,26,1,1
836963,2,1,1
836963,14,1,1
836963,32,1,1
836963,34,1,1
836963,51,1,1
1090947,41,1,1
1159105,67,1,1
836789,29,1,1
1268495,12,1,1
1279636,2,1,1
1279636,48,1,1
899693,32,1,1
898988,32,1,1
898988,34,1,1
899474,12,1,1
899474,14,1,1
870954,10,1,1
870954,38,1,1
870954,53,1,1
899524,11,1,1
899524,37,1,1
899695,10,1,1
899683,50,1,1
899687,12,1,1
899687,32,1,1
899687,51,1,1
899653,12,1,1
899653,53,1,1
899467,50,1,1
1302658,12,1,1
1302658,14,1,1
1302658,48,1,1
1302658,51,1,1
1159173,41,1,1
899540,14,1,1
1159137,9,1,1
1159137,10,1,1
1159129,11,1,1
1159129,24,1,1
1159129,41,1,1
1159153,57,1,1
899542,41,1,1
899810,52,1,1
899810,56,1,1
1225217,8,1,1
1225217,60,1,1
898972,41,1,1
898972,62,1,1
899880,63,1,1
899807,7,1,1
1041534,61,1,1
898957,32,1,1
689831,12,1,1
689480,12,1,1
684982,14,1,1
683580,2,1,1
687549,14,1,1
688030,23,1,1
686939,14,1,1
685287,32,1,1
688741,34,1,1
688673,53,1,1
688673,48,3,5
683170,23,1,1
684483,32,1,1
683247,32,1,1
684897,14,3,5
684012,34,1,1
688884,32,3,5
686345,14,1,1
686944,53,1,1
686944,10,1,1
688674,47,1,1
689957,38,1,1
684571,24,1,1
683137,24,1,1
687145,45,1,1
684829,11,1,1
685450,53,1,1
685450,38,1,1
688121,12,1,1
684147,14,1,1
687254,23,1,1
689279,14,1,1
688986,12,1,1
689775,14,1,1
683253,4,1,1
683253,50,1,1
684943,32,1,1
907659,23,1,1
687957,22,1,1
687957,50,1,1
688242,22,1,1
688242,23,1,1
685115,2,1,1
685115,30,1,1
688628,38,1,1
687899,53,1,1
685847,20,1,1
685847,30,1,1
689089,57,1,1
689044,57,1,1
689355,38,1,1
689355,24,1,1
689867,69,3,2
689867,63,1,1
683857,41,1,1
683857,55,1,1
686709,26,1,1
688456,41,3,5
683188,41,1,1
686037,62,1,1
689486,29,1,1
685116,9,1,1
685116,55,1,1
688437,68,1,1
688437,26,1,1
800143,58,1,1
800140,58,1,1
800149,58,1,1
686961,18,1,1
685058,18,1,1
689094,69,1,1
689094,63,1,1
689094,67,1,1
689094,57,1,1
892950,57,3,5
684932,56,1,1
690027,44,1,1
684925,1,1,1
687102,2,1,1
687102,12,1,1
1345193,4,1,1
1345193,58,1,1
838433,383,1,1
838433,6,1,1
838433,51,1,1
860501,9,1,1
860501,30,1,1
860501,38,1,1
860501,63,1,1
860501,67,1,1
1159157,62,1,1
1159157,67,1,1
683077,62,1,1
683077,69,1,1
683077,28,1,1
683077,29,1,1
926768,26,1,1
926768,35,3,5
926768,37,1,1
926768,38,1,1
926768,55,1,1
1375142,62,1,1
1375142,67,1,1
1375142,69,1,1
1375143,24,1,1
1375143,37,1,1
1375143,55,1,1
1375152,9,1,1
1375152,55,1,1
939249,67,1,1
939247,45,1,1
939247,10,3,5
902981,29,1,1
902981,38,1,1
902981,53,1,1
902981,67,1,1
939250,2,1,1
939250,48,1,1
902978,16,1,1
939246,34,1,1
939251,67,1,1
884095,52,1,1
884081,6,1,1
939242,11,1,1
939242,63,1,1
939242,66,1,1
939242,68,1,1
683315,16,1,1
688651,34,1,1
684544,26,1,1
687152,41,1,1
687090,70,3,5
687090,49,1,1
687090,35,1,1
860636,6,1,1
837809,6,1,1
837809,8,1,1
837809,52,1,1
900103,6,1,1
902980,17,1,1
902980,19,1,1
902980,57,1,1
902980,69,1,1
690014,41,1,1
690014,55,1,1
683809,37,1,1
683809,55,1,1
683712,43,1,1
1366368,56,1,1
685376,20,1,1
685376,41,1,1
689759,57,3,5
688380,26,1,1
688380,28,1,1
689883,55,1,1
689883,57,1,1
684126,67,1,1
684126,28,1,1
685608,91,1,1
685608,93,1,1
687617,65,1,1
687789,65,1,1
687447,34,1,1
683070,44,1,1
684271,44,1,1
683583,44,1,1
688202,33,1,1
684995,56,3,5
687716,44,1,1
683833,18,1,1
683145,56,1,1
686223,18,3,5
685004,61,3,5
688360,44,1,1
683441,18,1,1
687418,59,3,5
685655,39,1,1
687043,7,1,1
683229,4,1,1
683349,26,1,1
683349,37,1,1
683349,41,1,1
689309,39,1,1
683162,6,1,1
687200,40,1,1
683983,44,1,1
688835,6,1,1
688516,16,1,1
686998,39,1,1
690065,82,1,1
684092,59,1,1
684572,56,3,5
686021,45,1,1
686021,67,1,1
687201,37,1,1
685903,69,1,1
685903,24,1,1
688533,29,1,1
689385,50,1,1
687966,41,1,1
687966,58,1,1
687966,45,1,1
684684,24,1,1
684684,41,1,1
685836,38,1,1
685836,55,1,1
686765,66,3,5
686765,9,1,1
686765,41,1,1
686765,55,1,1
687556,67,1,1
687556,29,1,1
689723,45,1,1
689723,58,1,1
685164,2,1,1
685164,4,1,1
683098,61,3,5
683098,56,1,1
684295,7,1,1
684295,18,3,5
683202,17,1,1
683927,20,1,1
683927,57,1,1
687838,28,1,1
689452,21,1,1
685010,51,1,1
689274,6,1,1
689274,52,1,1
684742,7,1,1
689659,40,1,1
683344,35,1,1
683344,59,1,1
687656,8,1,1
687656,52,3,5
686053,52,1,1
684446,21,1,1
683556,39,1,1
1127136,21,1,1
685017,40,1,1
684891,52,1,1
686477,52,1,1
683729,40,1,1
688888,18,1,1
684413,59,1,1
683855,33,1,1
689792,44,3,1
689792,33,1,1
684652,44,1,1
684272,18,3,5
684272,52,1,1
684272,56,3,5
683071,8,1,1
683071,39,1,1
683071,40,1,1
683718,18,1,1
683718,52,1,1
685691,40,1,1
686179,40,1,1
683820,40,3,5
683836,59,1,1
686628,59,1,1
687033,59,1,1
684222,8,1,1
689361,40,1,1
689361,52,1,1
689361,44,1,1
688556,44,3,5
685893,8,1,1
683771,44,1,1
684798,56,1,1
684010,18,1,1
689247,61,3,5
689247,33,1,1
686527,9,1,1
684178,8,1,1
688022,52,1,1
690032,51,1,1
684691,39,1,1
683852,40,1,1
685947,7,3,5
689085,18,1,1
684682,40,1,1
686118,8,1,1
686118,52,3,5
685861,52,1,1
689959,40,1,1
689959,52,1,1
683135,33,1,1
683135,59,1,1
687215,52,1,1
690028,8,1,1
687371,8,1,1
687371,52,1,1
687299,7,1,1
684352,51,1,1
687105,4,1,1
685747,34,1,1
685291,70,1,1
683095,29,1,1
683314,16,1,1
684597,16,1,1
683425,7,1,1
688312,7,1,1
686655,40,1,1
686655,56,1,1
688266,18,1,1
689745,7,1,1
687729,8,1,1
688588,8,1,1
687987,52,1,1
685584,7,3,5
684197,7,3,5
687658,12,1,1
685907,12,1,1
686768,29,1,1
684781,43,1,1
687863,7,1,1
683867,51,1,1
684765,60,1,1
684551,40,1,1
686104,40,1,1
687514,39,1,1
687265,8,1,1
685064,7,1,1
685064,40,3,5
683505,7,1,1
683505,40,1,1
685222,28,1,1
688077,25,1,1
688077,11,1,1
689277,38,1,1
686756,43,1,1
687731,51,1,1
684083,7,1,1
684083,40,1,1
684735,7,1,1
688408,52,1,1
687968,7,1,1
685413,6,1,1
687104,41,1,1
684040,23,1,1
684040,48,1,1
688224,30,1,1
687078,51,1,1
687078,80,1,1
684361,379,1,1
686397,80,1,1
686397,381,1,1
689078,6,1,1
688466,51,1,1
688852,39,1,1
690100,33,1,1
690100,60,1,1
689400,8,1,1
687360,39,1,1
685983,39,1,1
685383,44,1,1
688904,40,1,1
688904,52,1,1
683870,18,1,1
686383,6,1,1
686383,59,1,1
684645,8,1,1
684645,59,1,1
684706,9,1,1
684706,24,1,1
689787,50,1,1
689787,53,1,1
688941,379,1,1
689395,379,1,1
689164,39,1,1
687096,51,1,1
683311,51,1,1
684336,51,1,1
686531,6,1,1
683062,51,1,1
687754,6,1,1
689974,14,1,1
690075,32,3,5
684949,25,3,5
686779,14,1,1
685888,7,1,1
683443,12,1,1
690071,12,1,1
686092,16,1,1
689972,16,1,1
685155,16,1,1
687198,16,1,1
685107,63,3,5
689695,25,1,1
686058,381,3,5
688309,16,1,1
686772,16,1,1
689879,50,1,1
685676,50,1,1
684316,18,1,1
688015,39,1,1
758060,52,3,5
687471,39,3,5
684756,28,1,1
684756,29,3,5
690025,69,3,5
684967,62,1,1
687709,55,1,1
689731,66,3,5
688759,62,1,1
688759,29,1,1
684327,8,1,1
687098,6,1,1
689430,34,1,1
685035,50,1,1
689577,26,1,1
684832,37,1,1
684832,55,1,1
687398,66,3,5
686595,37,1,1
942438,44,1,1
690004,18,1,1
687644,40,1,1
687064,51,3,5
687234,59,1,1
688072,60,3,5
688072,18,1,1
688072,33,1,1
684123,8,1,1
684510,8,1,1
685793,8,1,1
685185,69,3,2
686707,62,1,1
688714,12,1,1
685997,44,1,1
685997,18,1,1
685877,44,1,1
687489,18,1,1
687489,44,1,1
687489,56,1,1
685606,52,1,1
686896,18,1,1
685743,52,1,1
685743,59,1,1
687132,18,1,1
688213,33,1,1
688213,44,1,1
687713,59,1,1
686505,7,3,5
688683,44,1,1
684104,7,1,1
684143,51,1,1
684130,30,3,5
686840,2,1,1
683346,4,1,1
689092,34,1,1
683060,30,3,5
687661,14,1,1
685183,4,1,1
686619,6,1,1
690047,8,1,1
685216,39,1,1
683509,39,3,5
684649,8,1,1
687449,8,1,1
685015,33,1,1
685620,7,1,1
686560,379,1,1
686560,6,1,1
687048,18,1,1
683300,6,1,1
684441,40,1,1
683193,40,1,1
684679,7,1,1
688494,23,1,1
684787,34,1,1
684787,48,1,1
688443,14,1,1
683143,34,1,1
689842,48,1,1
689648,34,1,1
689900,2,1,1
683637,23,3,5
689477,23,1,1
688575,34,1,1
689458,51,1,1
685441,32,3,5
688760,32,3,5
688597,23,1,1
688597,51,1,1
686504,51,1,1
684191,18,1,1
684313,61,3,5
685908,56,1,1
688333,33,1,1
688092,8,1,1
688092,52,1,1
689280,39,1,1
686747,44,1,1
686298,59,3,5
689727,8,1,1
688785,44,1,1
683635,49,1,1
685651,18,1,1
685651,56,1,1
685651,59,1,1
689391,39,3,5
685481,56,1,1
686825,44,1,1
684873,67,1,1
684873,69,3,2
687760,41,1,1
688963,41,1,1
684099,9,1,1
684099,26,1,1
684099,47,1,1
687348,7,1,1
685729,34,3,5
686533,26,1,1
688827,45,1,1
688827,47,1,1
683435,24,1,1
687681,69,1,1
687681,28,1,1
687681,57,1,1
689294,9,1,1
687982,12,1,1
683939,25,1,1
683427,6,1,1
684420,67,1,1
688405,18,1,1
686952,33,3,5
689946,59,1,1
684703,59,1,1
686932,67,1,1
686932,29,1,1
687144,69,3,5
687144,28,1,1
690022,28,1,1
686740,8,1,1
687697,52,1,1
684974,35,1,1
686197,18,1,1
689306,18,1,1
689306,59,1,1
689066,40,1,1
689066,59,1,1
686139,18,1,1
689568,7,3,5
684029,44,3,5
688104,18,1,1
684240,35,1,1
684172,52,3,5
688537,8,1,1
688537,18,1,1
688537,52,1,1
689780,33,1,1
686163,8,1,1
688041,6,1,1
689816,52,1,1
686162,33,1,1
689855,18,1,1
689855,59,1,1
684241,52,1,1
684241,59,1,1
688969,18,1,1
686354,8,1,1
686354,56,1,1
686354,59,1,1
683750,8,1,1
689123,39,1,1
683866,39,1,1
687927,51,1,1
685043,51,1,1
684973,7,3,5
686627,7,1,1
683088,7,1,1
688567,33,3,5
689038,18,1,1
686319,8,1,1
683717,18,1,1
683717,56,1,1
686371,8,1,1
686371,39,1,1
685597,80,1,1
688247,60,1,1
688310,44,1,1
687474,60,1,1
687474,56,1,1
685778,18,1,1
685778,33,1,1
686254,40,3,5
683332,22,1,1
683332,58,1,1
685501,44,1,1
684146,30,1,1
685445,17,1,1
685135,14,3,5
688110,22,3,5
689283,14,3,5
689444,20,1,1
689444,29,1,1
689444,57,1,1
689444,17,1,1
689836,34,1,1
684284,39,1,1
684698,6,1,1
683530,23,1,1
688944,24,1,1
689760,7,1,1
683694,29,1,1
686591,6,1,1
686276,39,3,5
689520,39,1,1
684406,14,1,1
689852,20,3,5
683319,11,1,1
684767,52,1,1
687869,51,1,1
689932,44,1,1
687031,44,1,1
683302,56,1,1
684176,44,1,1
683378,7,1,1
683378,44,1,1
686677,39,3,5
686677,51,1,1
687558,8,1,1
685138,14,1,1
683708,381,3,5
689462,7,1,1
688157,12,1,1
684585,30,1,1
683064,36,1,1
684876,36,1,1
686656,49,1,1
689584,49,1,1
687510,30,1,1
685340,22,1,1
685340,25,1,1
688573,51,1,1
686107,2,3,5
686107,12,1,1
685887,48,1,1
687931,57,1,1
685756,47,1,1
685756,55,1,1
689251,22,1,1
689251,50,1,1
685683,26,1,1
683742,28,1,1
683871,34,1,1
689416,34,1,1
683390,23,1,1
683084,21,1,1
688965,17,3,5
686446,40,1,1
686250,51,3,5
683568,28,1,1
685601,2,3,5
685601,32,3,5
685774,2,3,5
685126,14,1,1
684976,51,1,1
683678,51,1,1
685926,12,1,1
687414,50,1,1
685870,39,1,1
689790,53,1,1
684159,42,1,1
684159,43,1,1
685882,33,1,1
685882,35,1,1
687565,30,1,1
685173,57,1,1
686291,17,1,1
689091,29,1,1
689091,35,1,1
685496,4,1,1
685496,30,1,1
685095,19,1,1
685966,20,1,1
683603,49,1,1
685551,6,1,1
689422,43,1,1
684443,70,1,1
684516,52,1,1
683522,16,1,1
687330,12,1,1
686355,55,3,5
688817,33,1,1
685134,33,1,1
683382,76,3,5
683280,43,1,1
684082,55,1,1
683359,58,1,1
689188,67,1,1
687323,22,1,1
687323,42,1,1
686312,14,1,1
688750,33,1,1
687116,56,1,1
683557,44,1,1
685374,7,3,5
688045,56,1,1
683936,56,1,1
686938,44,1,1
688209,18,1,1
687706,82,3,5
684127,48,1,1
689724,22,1,1
685688,8,1,1
685688,18,1,1
720774,12,1,1
720774,14,1,1
720774,32,3,5
689716,4,3,5
720797,50,3,5
720833,14,3,5
684489,58,3,5
688189,2,1,1
688189,25,1,1
688189,48,1,1
684610,10,1,1
721865,32,3,5
683186,69,3,2
683186,9,1,1
728649,61,3,5
728688,18,1,1
728688,60,1,1
728730,33,1,1
728767,33,1,1
687197,9,1,1
730778,33,1,1
730825,56,1,1
730825,60,1,1
730833,33,1,1
730842,33,1,1
730879,56,3,5
730915,18,1,1
689216,14,1,1
731039,33,1,1
731454,33,1,1
731454,60,1,1
731481,18,1,1
731481,56,1,1
688006,8,1,1
684337,56,1,1
731791,60,1,1
684450,58,3,5
683330,56,1,1
686486,33,1,1
732630,14,3,5
685108,69,3,2
735295,8,1,1
684348,14,1,1
686742,60,1,1
686742,18,1,1
684495,33,1,1
684495,18,1,1
683687,39,3,5
689554,18,1,1
685912,18,1,1
688007,33,1,1
689686,18,1,1
684138,40,1,1
688910,59,1,1
740265,52,1,1
741474,39,1,1
741480,379,1,1
742092,60,1,1
684643,37,1,1
758071,18,1,1
758071,52,1,1
687554,2,3,5
769145,52,1,1
769159,52,1,1
769193,8,1,1
769197,8,1,1
685062,6,1,1
769200,8,1,1
758360,6,1,1
758360,52,1,1
683691,44,1,1
770490,8,1,1
689068,39,1,1
770576,6,1,1
770580,8,1,1
785148,8,1,1
785235,8,1,1
1283110,39,1,1
785411,18,1,1
785411,40,1,1
785431,52,1,1
689890,59,1,1
689890,39,1,1
686096,18,1,1
787718,25,1,1
787997,44,1,1
788014,8,1,1
788017,43,1,1
688289,40,1,1
769483,6,1,1
788701,7,1,1
933897,55,1,1
789784,377,1,1
789864,7,1,1
789897,7,1,1
789923,7,1,1
789931,7,1,1
789934,377,3,5
790147,7,1,1
790205,7,1,1
790233,7,1,1
790240,7,1,1
790246,7,1,1
791578,45,1,1
791624,45,1,1
791964,52,1,1
792298,6,3,5
685791,6,1,1
685791,40,1,1
684530,53,1,1
686894,38,1,1
684955,1,1,1
794977,52,1,1
794980,6,1,1
769467,6,1,1
795478,25,1,1
686267,22,1,1
795062,20,3,5
795062,50,1,1
688797,69,1,1
688299,50,1,1
686061,50,1,1
684156,22,1,1
801757,51,1,1
803030,59,1,1
806331,80,3,5
806356,6,1,1
806361,6,1,1
806399,6,1,1
806399,80,3,5
806404,80,1,1
806417,6,1,1
686406,377,3,5
790533,7,1,1
684085,45,1,1
806222,12,1,1
801947,8,1,1
684819,6,1,1
689159,52,1,1
689793,7,1,1
820818,39,1,1
687063,14,1,1
685335,11,1,1
898967,7,1,1
821785,48,3,5
827848,39,1,1
685498,34,1,1
829158,39,1,1
690048,14,1,1
690048,50,1,1
689739,29,1,1
689739,57,1,1
833201,2,1,1
833201,32,1,1
833202,23,1,1
833205,379,1,1
833205,51,1,1
833206,383,1,1
833207,51,1,1
833208,76,1,1
833221,67,1,1
833222,381,1,1
833223,39,1,1
833223,40,1,1
833224,48,1,1
833233,67,1,1
833234,44,1,1
833235,7,1,1
833239,40,1,1
833240,19,1,1
833240,32,1,1
833241,19,1,1
833241,25,1,1
833241,43,1,1
833241,58,1,1
833243,23,1,1
833244,2,1,1
833244,4,1,1
833244,14,1,1
1225711,52,1,1
1085055,18,1,1
833247,7,1,1
833247,18,1,1
833247,40,3,5
833247,44,1,1
833252,39,1,1
833268,45,1,1
833268,47,1,1
833268,53,1,1
833273,63,1,1
833273,24,1,1
833273,28,1,1
833273,32,1,1
833273,43,1,1
833273,58,1,1
833275,4,1,1
833275,14,1,1
833275,17,1,1
833275,25,1,1
833275,50,1,1
833283,14,1,1
833283,22,1,1
833283,42,1,1
834051,24,1,1
834051,26,1,1
834051,41,1,1
787687,45,1,1
835742,60,1,1
835742,49,1,1
835780,93,1,1
835780,56,1,1
835853,19,1,1
835853,20,1,1
835853,29,1,1
835853,42,1,1
835887,8,1,1
835887,33,1,1
835887,39,1,1
835887,51,1,1
835887,379,1,1
835900,39,1,1
835969,4,1,1
836005,45,1,1
836005,50,1,1
797769,58,1,1
685512,8,1,1
686528,53,1,1
686528,48,3,5
889966,12,1,1
836597,43,1,1
836663,8,1,1
836663,49,1,1
836760,11,1,1
836760,37,1,1
836760,38,1,1
836772,63,1,1
836772,53,1,1
836882,22,1,1
836882,58,1,1
836901,18,1,1
836901,40,1,1
836901,56,1,1
836926,6,1,1
836926,36,1,1
836926,39,1,1
836936,51,1,1
836944,8,1,1
836944,52,1,1
836994,4,1,1
836994,48,1,1
836994,51,1,1
837011,23,1,1
837011,48,1,1
837087,67,1,1
837100,25,1,1
837100,47,1,1
837113,2,1,1
837113,14,1,1
1159099,48,1,1
837138,4,1,1
837180,24,1,1
837180,48,1,1
1353056,20,1,1
1353056,24,1,1
1353056,29,1,1
1353056,32,1,1
1353056,41,1,1
1353056,49,1,1
837334,8,1,1
837581,39,1,1
837727,80,1,1
837727,381,1,1
837743,379,1,1
837771,85,1,1
837771,379,1,1
838088,16,1,1
839432,11,1,1
839432,19,1,1
839432,22,1,1
839432,37,1,1
839432,47,1,1
839432,53,1,1
839432,68,1,1
684309,39,1,1
840534,6,1,1
840541,6,1,1
840541,377,3,5
840571,6,1,1
840584,6,1,1
840590,6,1,1
840590,7,1,1
840595,6,1,1
840602,6,1,1
840605,7,1,1
840605,40,1,1
841144,40,1,1
688880,40,1,1
841935,2,1,1
841993,24,1,1
841993,38,1,1
841993,45,1,1
842023,19,1,1
842023,20,1,1
842023,22,1,1
842025,17,1,1
842025,42,1,1
848769,33,1,1
848810,18,1,1
848810,56,1,1
848817,44,1,1
848817,51,1,1
848817,52,1,1
848848,39,1,1
848848,40,1,1
848848,51,1,1
848848,56,1,1
848861,8,1,1
848861,40,1,1
848861,59,1,1
849107,7,1,1
849107,51,1,1
849107,56,1,1
849192,62,1,1
849192,67,1,1
849252,8,1,1
849252,56,1,1
849293,36,1,1
849293,49,1,1
849329,4,1,1
849329,23,1,1
849347,23,1,1
849347,30,1,1
856597,34,1,1
856597,50,1,1
856641,35,1,1
856661,56,1,1
856669,1,1,1
856669,44,1,1
856688,56,1,1
856737,381,1,1
856737,39,1,1
856737,51,1,1
856756,36,1,1
683942,52,1,1
685581,6,1,1
857077,17,1,1
857077,36,1,1
857091,60,1,1
857091,2,1,1
857091,10,3,5
857091,23,1,1
857091,41,1,1
857091,51,1,1
857182,33,1,1
857208,1,1,1
857208,7,1,1
857208,44,1,1
857274,33,1,1
857292,8,1,1
857292,49,1,1
857308,6,1,1
857308,52,1,1
857308,82,1,1
857017,17,1,1
857017,42,1,1
857546,40,1,1
857549,40,1,1
857556,6,1,1
857556,7,1,1
857621,63,1,1
857688,25,1,1
857688,91,1,1
857866,7,1,1
857869,40,1,1
683663,18,1,1
683476,51,1,1
860460,47,1,1
860460,63,1,1
860460,68,1,1
860460,92,1,1
860460,82,1,1
860545,16,1,1
860663,377,1,1
860669,44,1,1
860679,16,1,1
861494,14,1,1
860809,1,1,1
860839,61,1,1
860745,67,1,1
868474,16,1,1
868495,16,1,1
868513,16,1,1
868669,16,1,1
871088,32,1,1
871156,25,1,1
871156,38,1,1
685237,2,1,1
874085,44,1,1
877317,35,1,1
877318,24,1,1
877318,37,1,1
877318,55,1,1
877321,19,1,1
877321,30,1,1
877393,25,1,1
877393,47,1,1
877393,53,1,1
877393,68,3,5
877394,34,1,1
877394,82,1,1
877423,50,1,1
685156,24,1,1
685156,25,1,1
685156,55,1,1
878882,40,1,1
878915,22,1,1
884494,38,1,1
884494,53,1,1
688932,25,1,1
683781,48,1,1
688227,56,1,1
942427,56,1,1
942426,44,1,1
942424,44,1,1
979423,56,1,1
979454,56,1,1
942443,44,1,1
683421,44,1,1
942442,56,1,1
942444,56,1,1
684904,44,1,1
979478,56,1,1
979517,56,1,1
979545,56,1,1
942423,56,1,1
942447,61,1,1
942453,61,1,1
942420,7,3,5
942420,44,1,1
942454,44,1,1
979436,56,1,1
887297,20,1,1
887297,30,1,1
887421,34,1,1
887421,43,3,5
887421,50,1,1
887482,16,1,1
887515,16,1,1
889709,41,1,1
890136,57,1,1
894143,36,1,1
894161,67,1,1
894161,17,1,1
894161,41,1,1
894161,43,1,1
894270,227,1,1
895820,36,1,1
898959,12,1,1
1239403,7,1,1
898986,32,1,1
898992,44,1,1
898992,56,1,1
898999,8,1,1
899006,61,3,5
899030,40,1,1
899040,34,1,1
899040,37,1,1
899040,53,1,1
899067,34,1,1
899078,41,1,1
899078,55,1,1
899082,9,1,1
899082,26,1,1
899096,33,1,1
899108,69,1,1
899109,61,3,5
899120,14,1,1
899173,7,1,1
899179,48,1,1
899206,52,1,1
899235,47,3,5
899237,37,1,1
899239,39,1,1
899245,58,1,1
899252,2,1,1
899252,14,1,1
899253,2,1,1
899253,14,1,1
899253,34,1,1
899255,51,1,1
899290,379,1,1
899291,6,1,1
899294,76,1,1
899303,8,1,1
899306,6,1,1
899315,76,1,1
899316,2,1,1
899317,82,1,1
899317,83,3,5
899321,7,1,1
899321,39,1,1
899321,40,3,5
899338,51,1,1
899350,19,1,1
899351,50,1,1
899351,55,1,1
899352,10,1,1
899352,22,1,1
899353,25,1,1
899354,24,1,1
899354,25,1,1
899354,36,1,1
899354,55,1,1
899354,57,1,1
899354,58,1,1
899355,4,1,1
899355,12,1,1
899355,14,1,1
899355,25,1,1
899355,32,1,1
899368,39,1,1
899371,43,1,1
899389,48,1,1
899389,50,1,1
899389,53,1,1
899390,7,3,5
1233786,43,1,1
899397,20,3,5
899398,2,3,5
899400,23,1,1
899402,6,1,1
899402,40,1,1
899403,40,1,1
899403,377,3,5
899406,6,1,1
899409,69,3,5
899420,55,1,1
899425,38,1,1
899426,41,1,1
899426,45,1,1
899428,42,1,1
899435,45,1,1
899446,4,1,1
899475,7,1,1
899482,14,1,1
899483,22,1,1
899484,63,1,1
899513,20,1,1
899513,42,1,1
899514,22,1,1
899518,48,1,1
899528,14,1,1
899536,12,1,1
899536,22,1,1
899553,22,1,1
899554,4,1,1
899554,19,1,1
899637,26,1,1
899637,69,3,5
899668,1,1,1
899669,61,1,1
899675,33,1,1
899678,7,1,1
899679,7,1,1
899684,25,1,1
899684,58,1,1
899697,11,1,1
899697,34,1,1
899697,53,1,1
899697,66,3,5
899725,7,1,1
899727,7,1,1
899746,42,1,1
899749,38,1,1
899763,22,1,1
899764,43,1,1
899766,24,1,1
899766,69,3,5
1238789,7,1,1
1238789,44,1,1
1238789,56,1,1
1238789,61,3,5
899781,56,1,1
1270956,8,1,1
899792,40,1,1
899804,52,1,1
899847,34,1,1
899848,7,1,1
899851,39,1,1
899851,40,1,1
899852,18,1,1
899852,39,1,1
899852,52,1,1
899883,60,1,1
899884,8,1,1
899884,61,1,1
899889,62,1,1
899890,29,1,1
899891,62,1,1
899896,69,1,1
899939,26,1,1
899967,377,3,5
899968,7,1,1
899986,26,1,1
899987,8,1,1
899991,1,1,1
899999,56,1,1
899999,60,1,1
900021,56,1,1
900027,44,1,1
900031,21,1,1
900031,36,1,1
900033,49,1,1
900039,18,1,1
900039,56,1,1
900040,18,1,1
900040,56,1,1
900052,51,1,1
900053,39,1,1
900054,41,1,1
900058,29,1,1
900058,67,1,1
900068,11,1,1
900068,45,1,1
900069,36,1,1
900070,29,1,1
900075,7,1,1
900075,40,1,1
900077,40,3,5
900096,30,1,1
900097,4,1,1
900107,67,1,1
900109,51,1,1
902171,2,1,1
903096,28,1,1
903096,67,1,1
904997,40,1,1
907223,41,1,1
907223,67,1,1
931839,30,1,1
931839,43,1,1
931839,51,1,1
931848,41,1,1
932963,44,1,1
933357,51,1,1
933791,9,1,1
933817,9,3,5
933817,41,1,1
933859,53,1,1
933911,67,3,5
934804,11,1,1
934804,63,1,1
934838,377,3,5
941848,39,1,1
941848,52,1,1
942436,44,1,1
942464,56,1,1
942471,56,3,2
942475,56,1,1
942476,61,3,5
942478,61,1,1
942479,1,1,1
943359,29,1,1
946825,14,1,1
947953,59,1,1
950084,38,1,1
952013,57,1,1
952808,38,1,1
955170,70,1,1
689766,44,1,1
683171,56,1,1
687553,33,1,1
688402,39,1,1
686920,59,1,1
683703,44,1,1
683487,39,1,1
687699,44,1,1
687699,59,1,1
687252,8,1,1
689293,59,1,1
689293,8,1,1
687613,8,1,1
683616,18,1,1
686031,18,1,1
686378,44,1,1
686160,18,1,1
686160,40,1,1
686288,8,1,1
684494,8,1,1
687121,35,1,1
687121,60,1,1
683532,6,1,1
688717,33,1,1
685876,39,1,1
686763,43,3,5
684368,6,1,1
684647,44,1,1
684647,56,1,1
687328,8,1,1
686379,8,1,1
686718,6,1,1
686289,56,1,1
686289,18,1,1
689250,18,3,5
687240,59,1,1
689245,52,1,1
685690,8,1,1
685892,7,1,1
685322,33,1,1
685322,60,1,1
688059,6,1,1
688059,80,1,1
683535,60,1,1
686648,51,1,1
685994,8,1,1
685994,44,1,1
685994,18,1,1
686654,8,1,1
688267,6,1,1
684844,18,1,1
686448,8,1,1
686448,61,3,5
689456,44,1,1
685901,7,3,5
687589,39,1,1
683654,1,1,1
686732,18,1,1
685716,7,1,1
687560,18,1,1
687560,44,1,1
687560,59,3,5
687847,8,1,1
683439,52,1,1
689329,33,1,1
689329,56,1,1
684007,44,1,1
684007,7,3,5
683215,61,3,5
683215,18,1,1
689570,44,1,1
685073,6,1,1
686260,18,1,1
686260,40,1,1
686260,52,1,1
687100,39,1,1
687862,52,1,1
688471,52,1,1
683551,52,1,1
683474,18,1,1
683474,59,1,1
688662,18,1,1
686231,8,1,1
686231,33,1,1
683328,61,3,5
683428,18,1,1
685547,44,1,1
685547,8,1,1
686541,39,1,1
686693,52,1,1
687769,7,3,5
685548,44,1,1
688546,8,1,1
688546,52,1,1
686433,59,3,2
689303,40,1,1
686088,18,3,5
686091,40,1,1
685311,8,1,1
684028,8,1,1
689674,18,1,1
685567,8,1,1
685567,18,1,1
683074,44,1,1
686047,18,1,1
687084,8,1,1
688791,44,1,1
683431,8,1,1
684720,59,1,1
687021,44,1,1
684433,7,3,5
684434,6,1,1
684434,8,1,1
684434,40,1,1
686436,60,3,5
686436,61,3,5
689024,44,1,1
688549,33,1,1
688549,18,1,1
687562,44,1,1
687562,59,1,1
687562,18,1,1
683310,33,1,1
683310,8,1,1
685191,56,1,1
686124,8,1,1
686124,51,1,1
687363,6,3,5
689470,33,1,1
688043,8,1,1
688043,21,1,1
686809,33,1,1
686809,49,1,1
690053,36,1,1
1315503,44,1,1
685465,39,1,1
687917,18,1,1
686585,61,3,5
683643,33,1,1
687417,36,1,1
1315502,44,1,1
1315502,56,1,1
689474,40,1,1
686833,59,1,1
686833,40,1,1
686959,33,1,1
685654,40,1,1
686264,8,1,1
686264,18,1,1
689987,33,1,1
683130,18,1,1
688397,61,3,5
684959,44,1,1
684959,7,1,1
684524,7,1,1
687473,39,3,5
683739,33,1,1
689201,60,1,1
689201,36,1,1
686380,8,1,1
683180,39,1,1
683180,43,1,1
688383,6,1,1
687035,21,1,1
687035,43,1,1
684654,56,1,1
687955,6,3,5
687955,39,1,1
686880,33,1,1
686880,18,1,1
684930,18,1,1
688463,8,1,1
688658,33,1,1
686800,56,1,1
687939,33,1,1
684616,18,1,1
687300,51,3,5
684625,18,1,1
688477,8,1,1
688477,33,1,1
685050,56,1,1
689081,18,1,1
689081,56,1,1
683381,18,1,1
683381,52,1,1
686456,56,1,1
687607,33,1,1
687724,36,1,1
688909,59,1,1
685209,33,1,1
685209,52,1,1
683090,33,1,1
689599,8,1,1
687344,18,1,1
683238,44,1,1
687671,379,1,1
689262,40,1,1
689262,52,1,1
689505,43,1,1
685086,8,1,1
685306,6,1,1
683375,18,3,5
683375,8,1,1
683375,59,3,5
683068,40,3,5
684179,8,1,1
686676,56,1,1
687802,52,1,1
684508,56,1,1
685626,56,1,1
686153,18,1,1
686376,8,1,1
686376,52,1,1
686154,6,3,5
686154,8,1,1
688644,56,1,1
688116,39,1,1
688116,52,1,1
688116,59,1,1
688117,44,1,1
687206,7,3,5
683940,33,1,1
683940,40,1,1
684872,18,1,1
683185,59,1,1
689423,61,3,5
689965,61,1,1
689965,18,1,1
689965,59,1,1
688769,8,1,1
683733,40,1,1
683565,6,1,1
688694,52,1,1
684490,59,1,1
688919,33,1,1
688919,59,3,2
688838,33,1,1
686724,52,1,1
684740,18,1,1
688491,33,1,1
687592,8,1,1
683989,33,1,1
688676,60,1,1
687437,33,1,1
688677,7,3,5
684713,8,1,1
684714,18,1,1
686728,18,1,1
688808,61,1,1
685841,8,1,1
689465,8,1,1
688738,33,1,1
688738,59,1,1
686367,59,1,1
684334,18,1,1
689550,7,1,1
688118,39,1,1
687403,33,1,1
687403,59,1,1
685110,56,1,1
683097,59,1,1
684975,56,1,1
688246,29,1,1
683991,60,1,1
684864,35,1,1
685070,17,1,1
685919,70,1,1
685805,33,1,1
687439,8,1,1
686729,42,1,1
688809,20,1,1
686363,4,1,1
686363,19,1,1
686363,21,1,1
683631,19,1,1
683631,49,1,1
683631,53,3,5
683631,21,1,1
684689,17,1,1
684689,29,1,1
686547,51,1,1
689464,33,1,1
688739,36,1,1
687703,43,1,1
687703,51,1,1
686314,51,1,1
738044,59,1,1
757446,18,3,5
685111,4,1,1
685111,21,1,1
683094,70,1,1
683094,35,1,1
683303,19,1,1
686087,50,1,1
687569,70,1,1
684195,6,3,5
689942,30,3,1
689534,51,1,1
688796,29,1,1
687224,36,1,1
687224,29,1,1
687224,42,1,1
684190,8,1,1
684937,49,1,1
688803,35,1,1
686570,23,1,1
689818,42,1,1
689127,62,1,1
689127,35,1,1
689127,36,1,1
689127,8,1,1
689127,49,1,1
687693,35,1,1
687693,57,1,1
687313,62,1,1
687313,33,1,1
688663,35,1,1
684587,30,1,1
686422,59,1,1
686422,35,1,1
685598,43,1,1
688577,12,1,1
688577,32,1,1
688577,48,1,1
688132,28,1,1
688132,29,1,1
1094002,28,1,1
1094002,57,1,1
685457,55,1,1
685623,63,3,5
685623,55,1,1
686226,38,1,1
686226,51,1,1
686226,55,1,1
686226,58,1,1
689008,23,3,5
689008,51,1,1
687047,62,1,1
685182,4,1,1
687225,4,1,1
686803,22,1,1
687700,30,1,1
683252,53,1,1
683873,4,1,1
687255,4,1,1
687255,30,1,1
684378,4,1,1
684378,19,1,1
684378,30,1,1
684378,43,1,1
686588,4,1,1
686588,32,1,1
686588,50,1,1
685894,57,1,1
683539,63,1,1
686584,62,1,1
688833,91,3,5
684664,62,1,1
685666,1,1,1
770521,8,1,1
686389,53,1,1
686389,58,1,1
684659,44,1,1
687171,40,3,5
686178,61,1,1
687832,44,1,1
1225225,56,1,1
1225225,59,3,5
687350,59,1,1
685589,8,1,1
685589,52,1,1
683422,8,1,1
686612,18,1,1
686612,33,1,1
689273,8,1,1
686722,8,1,1
684106,39,3,5
684107,33,1,1
684107,44,1,1
689105,18,1,1
689105,44,1,1
686014,40,1,1
688055,52,1,1
686907,33,1,1
687933,44,1,1
687971,6,1,1
686253,52,1,1
741266,56,1,1
741455,39,1,1
683823,8,1,1
683131,7,1,1
686344,39,1,1
770532,52,1,1
685958,39,3,5
770566,7,1,1
770566,8,1,1
685571,52,1,1
785141,6,1,1
785141,52,1,1
785177,8,1,1
787976,44,1,1
788570,7,1,1
788576,7,1,1
788768,7,1,1
688197,7,1,1
688197,56,1,1
688611,8,1,1
686538,7,3,5
686684,44,1,1
688201,44,1,1
688201,61,3,5
689948,44,1,1
788085,8,1,1
788085,52,1,1
686642,381,1,1
686642,6,1,1
686642,39,1,1
688804,7,1,1
687907,7,1,1
687635,7,1,1
686878,40,1,1
687067,61,1,1
683140,56,1,1
683142,7,1,1
685600,61,3,5
685600,7,3,5
685600,56,1,1
683126,44,1,1
686616,56,1,1
689600,18,1,1
689600,59,1,1
686176,44,1,1
689643,56,1,1
683242,44,1,1
683242,7,3,5
683200,56,1,1
688337,56,1,1
689319,56,1,1
683905,56,1,1
685289,56,1,1
688620,61,3,5
687261,44,1,1
689928,61,1,1
683561,61,1,1
688566,44,3,5
684487,61,3,5
683632,44,1,1
688875,44,1,1
688875,56,1,1
690062,44,1,1
684231,44,1,1
685992,56,1,1
687337,44,1,1
683351,56,3,5
688692,7,1,1
688692,56,1,1
689922,56,1,1
683757,61,1,1
685906,61,1,1
687707,56,1,1
689886,44,1,1
687797,7,1,1
687797,61,3,5
685660,18,1,1
686908,44,1,1
688967,44,1,1
689746,7,1,1
687404,48,1,1
687110,53,1,1
684162,48,1,1
836282,45,1,1
790693,59,1,1
791997,40,1,1
687813,51,1,1
685825,82,3,5
688326,12,1,1
685109,34,1,1
685109,48,1,1
685112,25,1,1
683896,12,1,1
687186,14,1,1
685159,34,1,1
684175,48,1,1
689445,22,1,1
721861,14,1,1
689295,2,1,1
683889,50,1,1
690006,22,1,1
690006,50,1,1
688323,14,1,1
683813,43,1,1
683813,50,1,1
686992,14,1,1
683831,48,1,1
687750,48,1,1
688893,34,1,1
688472,12,1,1
687935,12,1,1
686903,12,1,1
686119,12,1,1
683888,12,1,1
684437,12,1,1
794358,52,1,1
685424,23,1,1
857230,32,1,1
687367,14,1,1
686359,32,1,1
688894,14,1,1
688894,19,1,1
688894,22,1,1
688894,32,1,1
688894,43,1,1
731002,2,1,1
685395,14,1,1
685749,50,1,1
758641,53,1,1
758641,45,1,1
686121,25,1,1
687793,12,1,1
687793,48,1,1
689060,23,3,5
684948,14,1,1
688857,12,1,1
684708,76,1,1
685225,12,1,1
793225,4,1,1
689234,34,1,1
684768,2,1,1
685380,11,1,1
685380,24,1,1
685380,29,1,1
685380,43,1,1
685380,49,1,1
685380,53,1,1
685380,57,1,1
685380,38,1,1
683354,34,1,1
683354,53,1,1
683587,51,1,1
688576,12,1,1
688034,2,1,1
688034,23,1,1
685389,23,1,1
686839,9,1,1
686839,37,1,1
686839,47,1,1
686274,14,1,1
685083,2,1,1
689364,38,1,1
689364,41,1,1
689364,47,1,1
689364,48,1,1
801762,51,1,1
856866,14,1,1
687663,34,1,1
686261,34,1,1
683389,50,1,1
689514,51,1,1
686797,51,1,1
687696,4,1,1
820682,34,1,1
685986,22,1,1
820688,14,3,5
688037,22,1,1
688037,48,1,1
821452,34,1,1
821017,34,1,1
686652,25,1,1
689215,2,1,1
687160,34,1,1
684003,50,1,1
683518,22,1,1
684165,2,1,1
688283,34,1,1
685885,12,1,1
689536,34,1,1
688122,34,1,1
686532,92,3,5
686532,25,1,1
688003,11,1,1
689820,381,1,1
685615,4,1,1
687582,30,1,1
689650,22,1,1
689650,50,3,5
688813,51,1,1
686997,14,1,1
684167,23,3,5
684889,23,3,5
685692,51,3,5
687590,2,1,1
683323,4,1,1
689121,50,1,1
685945,53,1,1
687420,14,1,1
683595,25,1,1
688542,53,1,1
684850,53,1,1
685039,34,1,1
685641,2,1,1
688304,14,3,5
688304,32,1,1
683670,53,1,1
683670,48,1,1
688159,22,1,1
688158,2,1,1
688158,23,1,1
687722,9,1,1
687722,30,1,1
687722,42,1,1
687722,45,1,1
687722,55,1,1
685256,34,1,1
688713,53,1,1
683099,22,1,1
683099,50,1,1
688964,48,1,1
686216,14,1,1
686216,32,1,1
686425,34,1,1
683664,48,1,1
688400,22,1,1
684151,48,1,1
688108,12,1,1
688108,14,3,5
689763,23,3,5
685976,82,1,1
689851,23,3,5
685664,51,1,1
686749,51,1,1
685814,12,1,1
688640,2,1,1
688641,2,1,1
686387,50,1,1
689083,42,1,1
788029,51,1,1
687237,28,1,1
687777,20,1,1
684668,11,1,1
684668,24,1,1
684668,26,1,1
685036,69,3,2
685036,42,1,1
685036,57,1,1
687173,20,3,5
690038,19,1,1
684364,67,1,1
686810,38,1,1
685176,20,1,1
689103,28,1,1
685205,55,1,1
684140,28,1,1
684813,20,1,1
683412,69,3,2
683412,67,1,1
683112,45,1,1
683741,29,1,1
683741,57,1,1
686204,20,1,1
688171,19,1,1
686006,67,1,1
689209,70,1,1
684068,36,1,1
684776,49,1,1
684776,60,1,1
684776,70,1,1
686559,35,1,1
686356,33,1,1
687409,8,1,1
683779,30,1,1
688865,57,1,1
839373,70,1,1
839382,60,1,1
839382,227,1,1
839382,1,1,1
839396,36,1,1
799473,7,1,1
799477,56,1,1
806430,39,3,5
820815,39,1,1
821482,39,1,1
841794,6,1,1
859151,39,3,5
934888,40,1,1
942474,56,1,1
950167,33,1,1
950167,59,1,1
689826,8,1,1
732623,60,1,1
731044,18,1,1
732589,18,3,5
728588,33,1,1
728846,60,1,1
728853,60,1,1
728857,18,1,1
729658,60,1,1
729669,18,1,1
729669,60,3,5
729675,33,1,1
730698,33,1,1
730731,56,3,5
730746,44,3,5
730746,56,1,1
730795,33,1,1
732453,60,1,1
735330,18,1,1
735330,52,1,1
737510,6,3,5
737468,39,1,1
738006,39,1,1
737568,6,3,5
737599,39,1,1
737962,39,1,1
737969,6,3,5
737984,39,1,1
738771,39,1,1
683201,9,1,1
683201,41,1,1
689496,9,1,1
688511,26,1,1
683419,26,1,1
683419,55,1,1
685336,58,1,1
689615,19,1,1
689615,20,1,1
689615,59,1,1
1159205,41,1,1
687618,38,1,1
683281,25,1,1
683281,34,1,1
683124,41,1,1
685066,53,1,1
685066,41,1,1
721899,25,1,1
721939,24,1,1
687539,26,1,1
687539,41,1,1
688107,63,1,1
721909,24,1,1
683540,41,3,5
687799,45,1,1
686292,91,3,5
686567,58,1,1
685636,24,1,1
685636,26,1,1
684410,11,1,1
684410,47,1,1
686266,9,1,1
689039,58,1,1
686617,24,1,1
689052,26,1,1
689052,55,1,1
688411,24,1,1
688411,26,1,1
685511,24,1,1
685511,47,1,1
687092,41,1,1
687910,45,1,1
687910,58,1,1
689258,25,1,1
685367,38,1,1
688013,9,1,1
758564,53,1,1
684554,45,1,1
684554,47,1,1
685246,47,1,1
687571,9,1,1
687571,26,1,1
684294,9,1,1
684294,26,1,1
684294,37,1,1
684294,67,1,1
688455,9,1,1
688455,55,1,1
758635,58,1,1
685006,9,1,1
687776,50,1,1
685381,11,3,5
685381,66,1,1
683450,25,1,1
683450,41,1,1
685830,11,1,1
685830,53,1,1
689527,24,1,1
689527,41,1,1
689764,58,1,1
683227,34,1,1
683227,58,3,5
683904,37,1,1
791002,41,1,1
791002,55,1,1
684398,9,1,1
688128,38,1,1
687578,25,1,1
686760,24,1,1
685318,38,1,1
687568,26,1,1
687881,41,1,1
687881,47,1,1
685525,47,1,1
687008,9,1,1
789587,41,1,1
789560,69,3,5
789560,41,3,5
789560,55,1,1
690011,26,1,1
690011,47,1,1
684603,41,1,1
689437,41,1,1
791579,45,1,1
791580,53,1,1
791626,37,1,1
793415,45,1,1
795059,10,1,1
795059,45,1,1
795059,58,1,1
798401,10,1,1
802090,53,1,1
684839,37,1,1
684839,41,1,1
684839,55,1,1
684839,69,3,2
685540,55,1,1
685752,69,3,2
685616,38,1,1
684747,25,1,1
686717,10,1,1
686717,45,1,1
689030,58,1,1
687924,45,1,1
689672,25,3,5
802185,11,3,5
802185,25,1,1
873603,26,1,1
686841,25,1,1
686841,38,3,5
689632,11,1,1
689632,25,1,1
689603,25,1,1
686195,11,1,1
689804,38,1,1
790975,38,1,1
902943,38,1,1
683165,9,1,1
683165,38,1,1
721917,25,1,1
721914,25,1,1
721904,38,1,1
917080,25,1,1
742150,38,1,1
685545,38,1,1
859986,14,3,5
868705,11,3,5
885454,50,1,1
946361,23,1,1
689515,2,1,1
689515,32,1,1
689515,48,1,1
907668,23,1,1
688156,23,1,1
685343,2,1,1
685343,4,1,1
685343,34,1,1
689950,34,1,1
689938,48,1,1
684307,58,1,1
684919,48,3,5
684615,12,1,1
684615,32,1,1
683821,2,1,1
684868,14,1,1
683918,23,1,1
689433,4,1,1
685093,12,1,1
684216,14,1,1
684216,22,3,5
689019,14,1,1
689019,51,1,1
683299,48,1,1
685713,32,1,1
685713,51,1,1
686827,51,1,1
689198,12,1,1
685455,23,1,1
687810,2,1,1
687810,14,1,1
685596,53,3,5
685179,43,1,1
683682,4,1,1
683682,51,1,1
688349,2,1,1
688349,32,1,1
688349,48,1,1
687114,34,1,1
683881,23,1,1
689336,34,1,1
689061,12,1,1
689061,32,1,1
689569,34,1,1
689569,50,1,1
687783,12,1,1
684674,53,1,1
685725,22,1,1
688660,22,3,5
685206,50,1,1
685727,58,3,2
685827,12,1,1
687855,32,1,1
688987,14,1,1
686723,82,1,1
688971,4,1,1
689654,4,1,1
689808,14,1,1
683125,14,1,1
686975,4,1,1
689712,43,1,1
688731,51,1,1
685911,14,1,1
689899,25,1,1
686039,53,1,1
689861,51,1,1
685828,51,1,1
684545,23,1,1
688700,23,1,1
686712,4,1,1
685550,32,1,1
687886,32,1,1
689158,50,1,1
683511,51,1,1
688301,4,1,1
688434,23,3,5
683278,51,1,1
687922,25,1,1
689612,11,1,1
689612,53,1,1
689490,50,1,1
684217,25,1,1
685351,2,1,1
683369,51,1,1
683440,2,1,1
685400,48,1,1
687379,41,1,1
687379,42,1,1
687379,48,1,1
685040,53,1,1
683363,32,1,1
689392,23,1,1
684529,14,3,5
685741,2,1,1
685077,43,3,5
687282,43,3,5
687282,51,1,1
686401,7,1,1
683848,7,1,1
948002,18,1,1
948002,59,1,1
948035,33,1,1
948185,8,1,1
952549,2,3,5
952549,4,3,5
952549,32,3,5
685538,2,1,1
754874,67,1,1
685125,45,1,1
685125,53,3,5
688133,14,1,1
688133,22,1,1
688133,30,1,1
688133,50,3,5
689118,14,1,1
685896,14,1,1
687941,2,1,1
687941,50,1,1
687941,53,1,1
687368,50,1,1
899649,35,1,1
899673,6,1,1
899673,59,1,1
899674,33,1,1
899682,60,1,1
899686,34,1,1
899700,6,1,1
899701,18,1,1
899701,33,1,1
899702,6,1,1
899702,8,1,1
899712,35,1,1
898976,56,1,1
898990,52,1,1
898991,59,1,1
898996,377,3,5
871069,24,1,1
871069,26,1,1
899001,14,1,1
899001,34,1,1
899001,48,1,1
943948,7,1,1
899008,40,1,1
899015,34,1,1
899027,2,1,1
899029,6,1,1
899029,7,1,1
899031,44,1,1
899032,18,1,1
899032,40,1,1
899036,39,1,1
899037,33,1,1
902362,7,1,1
899047,51,1,1
943954,80,1,1
899075,8,1,1
899076,8,1,1
899076,44,3,5
899084,2,1,1
899084,32,1,1
899085,51,1,1
899087,44,3,5
899097,18,1,1
899110,7,1,1
899110,40,1,1
899110,44,3,5
899112,8,1,1
899114,6,1,1
899114,7,1,1
899114,59,1,1
899118,39,1,1
899123,63,1,1
899123,9,1,1
899123,19,1,1
899123,55,1,1
899125,47,1,1
899130,8,1,1
899132,41,1,1
899134,8,1,1
871240,2,1,1
871240,22,1,1
871240,29,1,1
899136,57,1,1
899145,28,1,1
899145,45,1,1
881483,4,1,1
881483,38,1,1
881483,43,1,1
881483,45,1,1
899162,47,1,1
899162,53,1,1
899168,21,1,1
899168,43,1,1
899168,55,1,1
899168,69,1,1
899169,7,1,1
899170,8,1,1
899170,33,1,1
899171,22,1,1
899171,34,1,1
899171,55,1,1
899175,51,1,1
899184,21,1,1
899188,22,1,1
899188,41,1,1
899188,45,1,1
878797,19,1,1
878975,50,1,1
943938,6,1,1
899269,40,1,1
899270,40,3,5
899272,40,1,1
899276,39,1,1
899279,8,1,1
899279,33,1,1
899287,39,1,1
899287,381,1,1
899288,39,1,1
899288,80,1,1
899301,8,1,1
899301,39,1,1
899301,61,3,5
899302,18,3,5
899305,39,1,1
899310,39,1,1
899311,381,1,1
899312,12,1,1
899312,51,1,1
899312,82,1,1
899313,39,1,1
899313,381,1,1
899320,40,1,1
899326,39,1,1
899328,39,1,1
899378,33,1,1
899378,40,1,1
899380,29,1,1
899380,41,1,1
899382,8,1,1
899382,52,1,1
899383,40,1,1
899429,14,1,1
899445,14,1,1
899445,34,1,1
899445,50,1,1
899455,7,1,1
899455,56,1,1
899456,61,3,5
899470,7,1,1
899491,18,1,1
899498,19,1,1
899498,45,1,1
899498,53,1,1
899498,63,3,5
899499,51,1,1
899505,50,1,1
899506,14,1,1
899506,58,1,1
899515,22,1,1
899521,53,1,1
899533,14,1,1
899533,23,1,1
899533,34,1,1
899533,82,3,5
899535,4,1,1
899535,22,1,1
899535,48,3,5
899537,12,1,1
899545,2,1,1
899545,4,1,1
899545,14,1,1
899545,25,3,5
899545,32,1,1
899545,34,1,1
899584,7,1,1
899597,50,1,1
899597,53,1,1
899607,49,1,1
899607,60,1,1
899721,50,1,1
899738,63,1,1
899738,67,1,1
899745,12,1,1
899751,23,1,1
899751,45,1,1
899752,30,1,1
899753,25,1,1
899753,38,1,1
899753,47,1,1
899754,53,3,5
899757,10,1,1
899757,14,1,1
899761,4,1,1
899761,23,1,1
899771,19,1,1
899811,7,1,1
899811,8,1,1
899811,39,1,1
899811,40,1,1
899811,49,1,1
899812,7,1,1
899812,8,1,1
899812,59,1,1
899821,40,1,1
899822,8,1,1
899822,60,1,1
899824,40,1,1
899826,44,1,1
899841,7,1,1
899843,6,1,1
899846,30,1,1
899854,51,1,1
899888,9,1,1
899888,41,1,1
899888,57,1,1
899892,62,1,1
899892,67,1,1
899900,33,1,1
899900,56,1,1
899916,7,1,1
899916,44,1,1
899920,377,3,5
899921,7,1,1
899927,39,1,1
899927,381,1,1
899928,6,1,1
899928,80,1,1
899928,379,1,1
899928,381,1,1
899935,7,1,1
899935,40,1,1
899964,41,1,1
899971,18,1,1
899972,18,3,5
899973,44,1,1
899974,18,1,1
899975,56,1,1
899978,18,1,1
899978,70,3,5
899979,44,1,1
900009,51,1,1
900019,40,1,1
900073,59,1,1
900073,61,1,1
900085,36,1,1
900090,51,1,1
900091,43,1,1
900114,62,1,1
900114,69,1,1
900114,22,1,1
900114,32,1,1
900114,36,1,1
900114,53,1,1
900115,45,1,1
900116,67,1,1
900116,37,3,5
900117,49,1,1
900118,12,1,1
900118,14,3,5
900118,26,1,1
900118,38,1,1
900118,45,1,1
900118,50,1,1
926862,36,1,1
926708,45,1,1
932445,12,1,1
932491,51,1,1
934751,36,1,1
934811,9,1,1
934901,20,1,1
934901,23,1,1
934901,34,1,1
934901,43,1,1
934901,50,1,1
935193,8,1,1
941915,7,1,1
941922,7,1,1
943181,44,1,1
943191,40,1,1
943202,7,1,1
943214,7,1,1
950065,11,1,1
950065,24,1,1
685673,50,1,1
685239,59,3,5
688579,23,1,1
685755,2,1,1
793190,6,1,1
685667,2,3,5
685667,48,1,1
959258,6,1,1
959283,8,1,1
959307,8,1,1
959321,18,1,1
959340,40,1,1
959346,59,1,1
959470,14,1,1
959470,23,1,1
959470,34,1,1
959470,51,1,1
959597,24,1,1
959597,29,1,1
959770,69,3,5
959807,62,1,1
959807,29,1,1
860766,16,1,1
860875,16,1,1
860774,16,1,1
860807,16,1,1
687864,6,1,1
738000,39,1,1
964081,7,1,1
964084,7,1,1
964223,7,1,1
964226,7,1,1
964261,52,1,1
964298,52,1,1
964330,52,1,1
769486,6,1,1
769486,52,1,1
859980,52,1,1
971589,7,1,1
971592,7,1,1
971592,377,3,5
971595,7,1,1
971598,40,1,1
971695,6,1,1
971695,7,1,1
971717,7,1,1
971724,6,1,1
971747,7,1,1
971750,6,1,1
971786,40,1,1
971941,52,1,1
971956,7,1,1
971979,7,1,1
971985,7,1,1
972025,7,1,1
972025,40,1,1
972058,6,1,1
972076,40,1,1
972127,7,3,5
972147,7,1,1
972150,7,1,1
840531,6,1,1
840531,7,1,1
840531,40,1,1
972802,6,1,1
972802,7,1,1
972828,40,1,1
972836,377,3,5
972841,6,1,1
972841,40,1,1
972846,40,3,5
686128,7,1,1
972861,7,1,1
972873,6,1,1
841504,6,1,1
683696,40,1,1
689193,7,1,1
688678,8,1,1
688678,52,1,1
688678,56,1,1
684298,7,1,1
689383,7,1,1
899931,7,1,1
979442,56,3,2
979451,56,1,1
687702,44,1,1
687702,56,1,1
959781,4,1,1
900048,21,1,1
900048,50,1,1
900048,57,1,1
900049,50,1,1
689006,51,1,1
688788,14,1,1
688788,34,3,5
688788,48,1,1
688182,227,1,1
688433,69,3,2
688433,62,1,1
688433,57,1,1
685123,1,3,5
689913,55,1,1
685951,37,1,1
685951,55,1,1
899410,55,1,1
899410,69,3,5
899411,26,1,1
899411,37,1,1
683258,18,1,1
686775,56,1,1
728657,33,1,1
728663,33,1,1
1006272,19,1,1
1006272,67,1,1
689048,18,1,1
689048,52,1,1
689048,59,1,1
688459,8,1,1
787677,45,1,1
685924,69,3,5
688581,11,1,1
688581,47,1,1
899271,6,1,1
684300,7,1,1
689945,7,3,5
899985,37,1,1
899899,7,1,1
899899,381,1,1
899241,39,1,1
833204,7,1,1
899776,61,1,1
683129,7,1,1
688751,61,1,1
899507,2,1,1
899507,50,1,1
686048,28,1,1
686048,42,1,1
686132,41,1,1
683072,45,1,1
683072,58,1,1
866624,34,1,1
866624,48,1,1
687012,2,1,1
685533,2,1,1
687942,2,3,5
688985,51,1,1
687411,34,1,1
689862,50,1,1
833285,4,1,1
899023,48,1,1
688968,48,3,5
689214,22,1,1
686218,22,1,1
730957,48,3,5
686476,34,1,1
687022,10,3,5
689966,51,1,1
837265,82,1,1
687882,44,1,1
899716,66,1,1
899716,24,1,1
899716,29,1,1
899716,38,1,1
899716,41,1,1
899716,58,1,1
686366,51,3,5
683701,49,1,1
689870,56,1,1
689421,11,1,1
689421,10,1,1
787711,9,1,1
848835,61,1,1
848835,72,1,1
877425,14,1,1
900013,14,1,1
900013,34,1,1
686965,43,3,5
686965,21,1,1
686150,14,1,1
689667,34,1,1
857716,51,1,1
688612,18,1,1
686281,56,1,1
686790,56,1,1
687451,56,1,1
686149,63,1,1
684953,12,1,1
687246,34,1,1
687246,50,1,1
687744,4,1,1
687511,39,1,1
683846,39,1,1
935251,12,3,5
935251,23,1,1
686508,2,1,1
686508,32,1,1
686751,34,1,1
686220,69,3,2
686220,45,1,1
687493,51,1,1
683588,7,1,1
688458,7,1,1
684472,12,1,1
685327,12,1,1
687620,8,1,1
690021,48,1,1
688166,57,1,1
683907,2,1,1
686786,39,1,1
849336,43,1,1
849336,51,1,1
687521,2,1,1
687521,19,1,1
689582,34,1,1
689582,48,1,1
689582,50,1,1
686516,19,1,1
836893,56,1,1
899481,44,1,1
686948,7,1,1
689023,7,1,1
684032,44,1,1
685853,48,3,5
683177,67,1,1
683177,28,1,1
833267,34,1,1
877314,10,1,1
877314,25,1,1
877314,45,1,1
877314,58,1,1
870290,58,1,1
899396,2,1,1
899436,45,1,1
687627,42,1,1
687818,2,1,1
687818,34,1,1
685025,22,3,5
690009,58,1,1
836330,50,1,1
687624,45,1,1
687624,53,1,1
683617,53,1,1
683617,58,1,1
686982,37,1,1
686982,41,1,1
687462,2,1,1
687462,14,1,1
687537,24,1,1
687537,55,1,1
688277,14,1,1
728821,53,1,1
688806,38,1,1
688806,25,3,5
802079,10,1,1
683249,58,1,1
683683,11,1,1
943698,14,1,1
684865,53,1,1
688719,42,1,1
688719,50,1,1
685943,58,1,1
683502,34,1,1
683183,2,3,5
687787,48,1,1
689639,50,1,1
688748,14,1,1
684621,32,3,5
683394,22,1,1
684808,2,1,1
684808,14,1,1
688054,25,1,1
686973,58,1,1
686143,53,1,1
686116,25,1,1
686116,53,1,1
686117,25,1,1
932243,14,1,1
932243,48,1,1
685487,26,1,1
685487,41,1,1
684853,39,1,1
900043,20,1,1
900043,25,1,1
900043,30,1,1
900043,55,1,1
900043,57,1,1
900043,69,3,5
1041618,93,1,1
1041620,65,1,1
1041620,67,1,1
1041620,93,1,1
1041621,70,1,1
1041643,61,1,1
1041643,93,1,1
1041676,93,1,1
899877,60,1,1
1041742,60,1,1
1041747,1,1,1
1041747,93,1,1
899875,60,1,1
899875,70,1,1
1041761,1,1,1
1041777,1,1,1
1041777,61,1,1
1041777,65,1,1
1041792,60,1,1
1041792,227,1,1
1041843,1,1,1
885532,93,1,1
1041901,65,1,1
1042101,1,1,1
1042195,66,1,1
1042195,91,1,1
1042195,92,1,1
1042195,227,1,1
1042214,65,1,1
1042214,67,1,1
858291,1,1,1
686608,44,1,1
686631,7,1,1
688992,7,1,1
690067,7,1,1
685253,44,1,1
686330,44,1,1
688736,44,1,1
685687,44,1,1
685789,44,1,1
688225,7,3,5
689358,7,3,5
1013677,61,1,1
1013684,60,1,1
1013740,16,1,1
1013745,18,1,1
1013745,56,1,1
683714,39,1,1
689662,56,1,1
887161,1,1,1
899777,61,1,1
1044250,1,1,1
1044253,1,1,1
1044259,1,1,1
1044259,93,1,1
1044265,227,1,1
1044271,1,1,1
1044283,69,3,5
1044286,56,1,1
1044302,93,1,1
833261,7,1,1
833262,7,3,5
688064,56,1,1
728816,55,1,1
1150943,28,1,1
1150953,24,1,1
1150959,26,1,1
1150959,63,1,1
1150959,69,1,1
687779,19,1,1
736402,38,1,1
688334,45,1,1
899421,66,3,5
877688,14,1,1
877688,67,1,1
931854,24,1,1
931856,25,1,1
931856,53,1,1
899046,43,1,1
899046,45,1,1
899049,9,1,1
899049,12,1,1
899049,25,1,1
899049,41,1,1
899049,48,1,1
899704,20,1,1
899704,22,1,1
899704,29,3,5
899704,45,1,1
1159087,17,1,1
1159087,28,1,1
1159091,37,1,1
1159095,12,1,1
1159095,48,1,1
1159097,24,1,1
1159097,41,1,1
1159109,11,1,1
1159109,38,1,1
1159111,37,1,1
1159113,28,1,1
1159115,26,1,1
1159115,38,1,1
1159117,20,1,1
1159117,41,1,1
1159117,47,1,1
1159117,67,1,1
1159121,22,1,1
1159123,9,1,1
1159135,41,1,1
1159139,9,1,1
1159139,41,1,1
1159141,11,1,1
1159141,41,1,1
1159141,68,1,1
1159143,24,1,1
1159147,24,1,1
1159149,53,1,1
1159155,45,1,1
1159159,24,1,1
1159159,26,1,1
1159165,11,1,1
1159167,68,1,1
1159167,92,3,5
1159177,11,1,1
1159177,47,1,1
1159183,47,1,1
1159189,58,1,1
1159203,55,1,1
685857,6,1,1
730866,18,1,1
730866,33,1,1
683986,39,1,1
979533,56,3,5
684073,56,1,1
737595,8,1,1
972821,7,1,1
1179665,24,1,1
1179665,35,1,1
1179665,62,1,1
1179665,63,1,1
1179665,91,1,1
831153,57,3,5
1089379,37,1,1
1089379,41,1,1
1089379,55,1,1
685100,53,1,1
900108,42,1,1
1093938,25,1,1
1094025,17,1,1
1094025,42,1,1
858623,19,1,1
858623,43,1,1
858623,53,1,1
686869,19,1,1
686869,28,1,1
686869,42,1,1
1094208,22,1,1
1094208,32,1,1
1110204,44,1,1
1110224,44,1,1
1110302,44,1,1
688664,41,1,1
686866,58,1,1
686101,29,1,1
689622,69,3,5
789543,26,1,1
789543,41,1,1
789543,42,1,1
789543,45,1,1
686817,34,3,5
1151267,9,1,1
1151267,37,1,1
1151275,9,1,1
1151275,11,1,1
1151277,14,1,1
1151281,2,1,1
1151283,45,1,1
1151283,67,1,1
1151285,45,1,1
683283,69,1,1
683283,28,1,1
835830,21,1,1
899756,57,1,1
689617,24,1,1
689618,24,1,1
687808,24,1,1
687808,41,1,1
687547,37,1,1
689508,37,3,5
899053,33,1,1
899053,39,1,1
686912,44,1,1
686912,8,1,1
728788,60,1,1
899300,60,1,1
686708,23,1,1
685499,14,1,1
684506,25,1,1
686662,14,1,1
684591,2,3,5
686545,2,3,5
686545,14,1,1
684540,50,1,1
814098,20,3,5
686525,19,3,5
683735,22,1,1
683735,43,1,1
683214,22,3,5
687784,22,1,1
686077,52,1,1
683806,28,1,1
905187,18,1,1
905187,70,1,1
689809,59,1,1
1117391,21,1,1
1125712,70,1,1
1127128,52,1,1
1127130,21,1,1
1127134,52,1,1
1131907,58,1,1
1041067,1,1,1
1041067,93,3,5
1041072,93,3,5
1041080,1,1,1
1041103,1,1,1
1041343,93,1,1
1041359,1,1,1
1041359,93,1,1
1041364,1,1,1
1041386,60,1,1
1041386,61,1,1
1041386,65,1,1
1041477,1,1,1
1041597,1,1,1
1041487,1,1,1
1041501,61,3,5
1041589,1,1,1
860789,69,1,1
1041617,93,1,1
1132346,11,1,1
1132348,25,1,1
1132348,47,1,1
1132348,55,1,1
1132350,14,1,1
1132350,48,1,1
1132354,22,1,1
1132354,53,1,1
899631,6,1,1
899631,52,1,1
899620,59,1,1
899622,56,1,1
858280,6,1,1
858280,40,3,5
899628,33,1,1
899628,40,1,1
899628,56,1,1
899634,8,1,1
899634,43,3,5
899635,39,1,1
899635,52,1,1
687631,24,3,5
687631,47,1,1
683149,25,1,1
683149,55,1,1
1085027,26,1,1
1085089,18,1,1
969504,7,1,1
969522,7,1,1
899004,30,1,1
899004,43,3,5
687746,17,1,1
690040,67,1,1
1146912,57,1,1
1146914,57,1,1
1146924,19,1,1
1146924,20,1,1
1146926,17,1,1
1146926,47,1,1
1225177,61,1,1
1225181,7,1,1
1225183,61,3,5
1225191,59,3,5
1225199,6,3,5
1225199,61,3,5
1225201,56,1,1
1225201,61,3,5
1225203,40,1,1
1225207,52,1,1
1225211,61,1,1
1225221,61,1,1
1225223,44,1,1
687029,18,1,1
687029,33,1,1
689526,18,1,1
689526,52,1,1
683500,33,1,1
683547,61,3,5
686622,59,1,1
684344,60,3,5
684344,52,3,5
685863,33,1,1
684210,6,3,5
684210,7,1,1
686447,56,1,1
688758,18,1,1
1225584,40,1,1
1225586,40,1,1
932908,18,1,1
932908,33,1,1
689951,56,1,1
836566,52,1,1
835793,60,1,1
835793,70,3,5
835793,39,1,1
1233792,2,1,1
1233792,14,1,1
1233792,19,1,1
1233792,22,1,1
1233792,32,1,1
1233800,22,3,5
1233800,30,1,1
1233808,14,1,1
1233810,14,1,1
1233810,32,3,5
1233812,4,1,1
899360,2,1,1
899360,50,1,1
1151291,2,1,1
828605,30,3,5
686741,23,3,5
1238787,61,3,5
1238793,56,1,1
1238797,33,1,1
1238801,33,1,1
1238805,39,1,1
685169,2,3,5
685169,42,1,1
899566,25,1,1
684358,34,1,1
899707,14,1,1
899707,51,1,1
1171249,53,1,1
1171251,34,1,1
684612,28,1,1
686351,67,1,1
688058,67,1,1
688617,57,1,1
686898,26,1,1
686898,55,1,1
686898,57,1,1
900122,17,1,1
900122,19,1,1
900122,20,1,1
900122,35,1,1
900122,49,1,1
1202419,67,3,5
683445,11,1,1
893408,69,1,1
893408,28,1,1
893408,55,1,1
1159085,24,1,1
1159085,37,1,1
1159085,57,1,1
1150939,29,1,1
689771,9,1,1
689771,41,1,1
1222777,56,1,1
1222783,44,3,5
1222785,56,1,1
1222789,61,3,5
1222791,56,1,1
1222795,56,1,1
1222803,56,1,1
1222805,44,3,5
1222817,33,3,5
1222837,44,3,5
1222845,61,3,5
1222849,61,3,5
1222851,56,1,1
1222867,56,1,1
1222871,56,1,1
1222875,56,1,1
1222877,44,3,5
1222879,44,1,1
1268465,32,1,1
1268469,14,1,1
1268475,50,1,1
1268483,53,1,1
1268489,30,1,1
1268491,12,1,1
1268505,12,1,1
1268513,51,1,1
1268519,51,1,1
1268547,16,1,1
1268551,2,1,1
1268565,16,1,1
1268573,16,1,1
1268705,60,1,1
1268705,62,1,1
1268946,12,1,1
1269124,36,1,1
1269136,80,1,1
1269132,40,1,1
1269132,72,1,1
899086,36,1,1
899086,59,1,1
1275206,33,3,5
1275212,60,1,1
1275212,35,1,1
1275214,60,1,1
1275229,36,1,1
1275231,70,1,1
730773,36,1,1
900038,56,1,1
683570,60,1,1
683570,70,3,5
686887,8,1,1
1278505,7,1,1
1278505,8,1,1
1278505,18,1,1
1278507,59,1,1
1278509,8,1,1
1278509,18,1,1
1278509,60,1,1
1278511,8,1,1
1278511,59,1,1
685122,35,3,5
898981,48,1,1
687937,12,1,1
686007,14,1,1
683093,34,1,1
683695,48,1,1
899742,32,1,1
899742,48,1,1
686635,67,1,1
689270,69,3,5
689270,45,1,1
684969,30,3,5
684969,62,1,1
899748,19,1,1
899748,28,1,1
899748,57,1,1
899748,69,3,5
1279624,50,1,1
1279638,12,1,1
1279640,2,1,1
1279640,12,1,1
1279640,48,1,1
686489,7,1,1
899911,7,1,1
683959,7,1,1
874122,7,1,1
1277473,7,1,1
1277493,7,1,1
1277509,7,1,1
1277521,7,1,1
1277531,7,1,1
1277547,7,1,1
1277567,7,1,1
1277594,44,3,5
1277596,7,1,1
1277602,7,1,1
1277646,7,1,1
1277662,7,1,1
1277670,7,1,1
1277676,7,1,1
1277680,7,1,1
1277696,7,1,1
1277698,7,1,1
1277707,7,1,1
1277744,7,1,1
1232161,62,1,1
1232161,1,1,1
1232165,69,1,1
1232167,93,1,1
1232167,227,1,1
1232183,69,1,1
685368,63,1,1
685368,26,1,1
899574,9,1,1
899574,37,1,1
689146,9,1,1
1146920,9,1,1
1146910,55,1,1
687038,67,1,1
687038,45,1,1
1159125,42,1,1
1242955,22,1,1
1242963,21,1,1
1242963,57,1,1
1251777,55,1,1
1225596,59,1,1
1225596,61,1,1
899519,61,1,1
899640,44,1,1
899510,1,1,1
688390,59,1,1
900015,56,1,1
900036,44,1,1
899942,8,1,1
899942,59,1,1
899946,18,1,1
899946,33,1,1
899946,52,1,1
899947,8,1,1
899947,56,1,1
1225189,56,1,1
686488,7,1,1
899069,11,1,1
899069,47,1,1
899069,68,1,1
684427,26,1,1
1252492,14,1,1
1252494,53,1,1
1252841,11,1,1
969525,44,1,1
1252916,40,3,5
1252920,56,1,1
1252920,61,3,5
899671,56,1,1
1256092,37,1,1
1256094,9,1,1
720736,22,1,1
720736,50,1,1
685748,379,3,5
685748,6,1,1
899549,8,1,1
899813,6,1,1
899849,56,1,1
1238807,40,1,1
685801,39,1,1
899292,379,3,5
1270940,39,1,1
1270944,6,3,5
1270950,59,1,1
1270952,49,1,1
1270952,51,1,1
1270990,80,1,1
1270990,379,1,1
1271006,39,1,1
688691,56,1,1
907401,7,1,1
899902,56,1,1
899903,44,1,1
899903,56,1,1
1225187,61,3,5
935020,7,1,1
935020,44,1,1
935020,52,1,1
899379,7,1,1
899379,33,1,1
899379,44,1,1
899379,56,1,1
1271339,44,1,1
899156,67,1,1
899308,40,1,1
899324,52,3,5
1239373,18,1,1
1239377,44,1,1
1239399,18,1,1
1239399,52,1,1
1239401,52,1,1
1239405,59,1,1
1267571,1,1,1
860552,381,1,1
1344234,1,1,1
1344243,1,1,1
1344248,227,1,1
1150931,69,1,1
1302487,58,1,1
1302485,2,1,1
1302485,14,1,1
1302485,43,1,1
1302485,50,1,1
860808,1,1,1
899459,1,1,1
837149,12,1,1
837149,51,1,1
1281864,12,1,1
1349440,35,1,1
1349440,60,1,1
1233782,4,1,1
1233782,12,1,1
1233782,22,3,5
900082,33,1,1
1302459,49,1,1
1302459,60,1,1
899115,8,1,1
899115,33,1,1
899115,35,1,1
899115,39,1,1
899115,43,1,1
899115,49,1,1
899115,51,1,1
1352332,30,1,1
1352333,60,1,1
1352333,17,1,1
1352334,62,3,5
1352336,8,1,1
1352337,35,1,1
1352338,43,1,1
1352344,35,1,1
899842,6,1,1
899842,7,1,1
899842,40,1,1
899842,379,3,5
899113,56,1,1
1353055,62,1,1
1353055,51,1,1
683770,67,1,1
683770,28,1,1
900028,56,1,1
684463,381,3,5
899691,10,1,1
899691,14,1,1
899592,48,3,5
878775,22,1,1
878775,25,1,1
878775,45,1,1
899710,38,1,1
684954,24,3,5
684954,25,1,1
683268,11,1,1
683268,47,1,1
898965,58,1,1
1279634,25,1,1
1279634,43,1,1
1279634,48,1,1
684694,43,1,1
899157,14,1,1
899157,48,1,1
899741,12,1,1
899021,2,1,1
899021,51,1,1
899121,51,1,1
684249,32,1,1
1281866,51,1,1
1281874,12,1,1
1281874,34,1,1
1281874,51,1,1
1281876,48,1,1
1281880,23,1,1
1281884,2,1,1
1281900,2,1,1
1281902,12,1,1
1281902,14,1,1
1281902,51,1,1
1281910,4,1,1
1281916,51,1,1
860780,16,1,1
860613,12,1,1
838416,43,1,1
932050,32,1,1
932050,48,1,1
933350,32,3,5
838405,12,1,1
1279618,22,3,5
1279618,23,1,1
1279618,48,1,1
860449,4,1,1
860449,48,1,1
899357,23,1,1
899259,6,1,1
899258,51,1,1
899257,6,1,1
899256,39,1,1
838440,76,1,1
838440,85,1,1
835942,7,1,1
931837,4,1,1
931837,41,1,1
877316,9,1,1
877316,25,1,1
877316,26,1,1
877316,45,1,1
1151265,53,1,1
1151265,55,1,1
931836,21,1,1
838459,67,1,1
838459,17,1,1
838459,41,1,1
1285521,19,1,1
1285521,45,1,1
1207720,29,1,1
1207720,57,1,1
1207718,50,1,1
1150941,9,1,1
1256090,41,1,1
1279620,22,1,1
1285410,21,3,5
1285416,32,1,1
838498,66,1,1
838498,2,1,1
838498,10,1,1
838498,34,1,1
838498,45,1,1
838498,47,1,1
838498,53,1,1
833209,43,1,1
1284771,35,1,1
1284771,36,1,1
1284771,49,1,1
899374,29,1,1
899374,35,1,1
1132392,4,3,5
1132392,8,3,5
1132392,43,1,1
1132392,51,1,1
835948,1,1,1
1085042,39,1,1
1085042,40,1,1
1085069,52,1,1
836537,8,1,1
836537,40,1,1
836554,61,3,5
836554,33,1,1
877291,8,1,1
860518,56,1,1
835949,7,1,1
835949,40,1,1
838600,61,1,1
838600,70,3,5
838600,59,1,1
835750,61,1,1
835750,52,1,1
1225592,33,1,1
1225592,39,1,1
872650,67,1,1
899895,29,3,5
860496,65,3,5
860496,93,1,1
860664,93,1,1
860664,227,1,1
860637,16,1,1
835950,377,1,1
836040,40,1,1
860467,2,1,1
877355,14,1,1
1285408,14,1,1
1285408,30,1,1
835984,20,1,1
835984,50,1,1
1302634,20,1,1
1302634,22,1,1
1302634,41,1,1
1302634,42,1,1
877354,29,1,1
877354,41,1,1
877354,69,1,1
877358,42,1,1
1285582,7,1,1
1285582,18,1,1
837856,40,1,1
1285584,35,1,1
1285584,51,1,1
1285584,52,1,1
836955,39,1,1
836955,40,1,1
836914,61,1,1
836914,6,1,1
836914,59,1,1
900017,44,1,1
900017,60,1,1
900016,44,1,1
837646,61,1,1
837646,40,1,1
837646,44,1,1
860511,44,1,1
866455,18,1,1
866455,52,1,1
874156,7,1,1
860688,20,1,1
838450,379,3,5
838450,51,1,1
856963,33,1,1
860480,43,1,1
1127110,35,1,1
860672,43,1,1
872643,36,1,1
872643,76,1,1
872643,82,1,1
881407,33,1,1
881407,36,1,1
881407,59,1,1
881407,70,1,1
1270115,65,1,1
1270115,91,1,1
1270115,93,1,1
959134,2,1,1
959134,23,1,1
959134,34,1,1
959134,48,3,5
1256088,12,1,1
1256088,58,1,1
1256086,24,1,1
858134,19,1,1
858134,28,1,1
858134,30,1,1
932947,52,1,1
932947,56,1,1
860452,39,1,1
860452,44,1,1
895818,40,1,1
860590,8,1,1
837832,8,1,1
837794,8,1,1
835909,6,1,1
835909,18,1,1
860463,8,1,1
860463,33,1,1
860416,33,1,1
860416,52,1,1
857406,6,1,1
873846,7,1,1
860504,6,1,1
860504,85,3,5
837711,392,1,1
837231,39,1,1
860499,80,1,1
860499,82,1,1
899366,39,1,1
899367,379,3,5
837734,39,1,1
837734,51,1,1
860585,80,1,1
860585,377,1,1
860585,391,1,1
833228,72,3,5
833228,7,1,1
860641,51,1,1
860641,80,1,1
860456,381,1,1
879242,80,1,1
879242,381,1,1
860559,91,1,1
849164,33,1,1
849164,39,1,1
860619,44,1,1
849179,44,3,5
860685,16,1,1
838797,14,1,1
838797,53,1,1
838784,4,1,1
838755,23,1,1
838755,45,1,1
838755,51,1,1
889361,12,1,1
889361,51,1,1
838650,2,1,1
838650,9,1,1
838650,41,1,1
838650,45,1,1
860591,7,1,1
860512,37,1,1
860512,70,1,1
860521,14,1,1
860521,38,1,1
860693,23,1,1
860693,47,1,1
860693,53,1,1
860627,50,1,1
894450,17,1,1
894450,20,1,1
860526,26,1,1
860526,29,1,1
860526,38,1,1
860526,47,1,1
860526,53,1,1
938463,11,1,1
938463,25,1,1
938463,55,1,1
899529,2,1,1
899529,34,1,1
899529,53,1,1
860542,39,1,1
860542,379,3,5
860473,42,1,1
860430,40,1,1
932976,51,1,1
860581,18,1,1
860581,40,1,1
860581,56,1,1
860697,44,1,1
1041701,33,1,1
1041701,49,1,1
1041701,60,1,1
857235,8,1,1
857235,18,1,1
1041690,69,3,5
1041690,91,1,1
860744,60,1,1
1041730,227,3,5
1344237,60,1,1
893248,227,1,1
860569,19,1,1
860569,29,1,1
860569,33,1,1
860569,59,1,1
860569,67,3,5
1283074,21,1,1
1283074,36,1,1
1283074,49,1,1
907535,25,1,1
907535,38,1,1
907535,52,1,1
907535,65,1,1
907535,68,3,5
860841,93,1,1
860841,227,1,1
1361913,62,1,1
1361913,42,1,1
1361913,53,1,1
1361912,60,1,1
1361912,61,1,1
1361912,18,1,1
1361912,28,1,1
1361912,41,1,1
856702,7,1,1
856702,8,1,1
856702,39,1,1
856702,44,1,1
860604,11,1,1
860604,42,1,1
860604,47,1,1
860604,62,1,1
860604,66,1,1
1159179,47,1,1
860576,39,1,1
860576,43,1,1
894266,60,1,1
894266,61,1,1
860442,19,1,1
860442,21,1,1
860442,32,1,1
860442,36,1,1
860442,53,1,1
859820,11,1,1
859820,17,1,1
859820,38,1,1
859820,41,1,1
859820,42,1,1
859820,48,1,1
859820,51,1,1
860714,23,1,1
860714,24,1,1
860696,377,1,1
860578,1,1,1
1366367,60,1,1
688487,44,1,1
689903,32,3,5
686074,32,1,1
689337,2,1,1
689337,23,1,1
684562,2,3,5
684562,32,1,1
856872,12,3,5
690066,2,3,5
690066,23,1,1
856875,12,3,5
688726,2,1,1
688726,12,1,1
686764,14,3,5
686764,23,1,1
687074,2,1,1
688136,51,1,1
686694,2,1,1
686694,23,1,1
899655,43,1,1
685161,59,1,1
685161,51,1,1
689338,21,1,1
1225209,7,1,1
1225209,59,1,1
946354,32,1,1
1151269,14,1,1
1151269,53,1,1
833282,48,1,1
1315491,29,1,1
1315495,36,1,1
1315500,8,1,1
1315504,7,1,1
1315507,67,1,1
1344272,1,1,1
1344546,1,1,1
798288,9,1,1
685409,66,1,1
685409,55,1,1
899606,63,3,5
689376,67,1,1
689376,28,1,1
948485,92,1,1
948499,38,1,1
1361915,21,1,1
833287,37,1,1
877335,37,1,1
877335,41,1,1
877335,55,1,1
1132407,60,1,1
1270982,8,1,1
1270982,39,1,1
1270974,6,1,1
1270970,6,1,1
1270972,6,1,1
1344238,93,1,1
905014,48,1,1
1279654,14,1,1
1279654,50,1,1
1279648,2,1,1
1279648,4,1,1
1302505,14,1,1
1345194,11,1,1
1345194,23,1,1
1345194,50,1,1
1345194,53,1,1
1302654,19,1,1
1302654,22,1,1
1302654,28,1,1
1302654,30,1,1
1302654,57,1,1
931842,24,1,1
931842,57,1,1
1222773,61,3,5
1127118,36,1,1
860626,59,3,5
959859,39,1,1
900003,43,1,1
1302640,29,1,1
1302640,49,1,1
1302652,49,1,1
900047,4,1,1
684075,14,1,1
683657,25,1,1
683657,22,1,1
878639,34,1,1
878639,50,1,1
686789,14,1,1
684788,50,1,1
686252,22,1,1
899966,22,1,1
686685,2,1,1
688038,22,1,1
683903,22,3,5
688372,2,3,5
900042,24,1,1
687085,41,1,1
796831,38,1,1
686487,41,1,1
688837,67,1,1
688837,37,1,1
684760,19,1,1
684760,28,1,1
959108,2,3,5
959108,28,3,5
959108,50,1,1
959108,57,1,1
685146,4,1,1
685146,28,3,5
685146,50,1,1
684593,21,1,1
684593,19,1,1
684593,28,3,5
683886,43,1,1
685775,29,1,1
686634,17,1,1
686634,21,1,1
686634,57,1,1
959042,63,1,1
683257,29,1,1
687388,63,1,1
687388,55,1,1
688431,28,1,1
688099,67,1,1
688235,26,1,1
860694,49,1,1
860694,59,1,1
857191,70,1,1
857191,59,1,1
689335,49,1,1
686373,49,1,1
686373,35,1,1
684088,36,1,1
687645,21,1,1
1277539,7,1,1
899837,7,1,1
899837,377,1,1
849126,49,1,1
684445,49,1,1
958946,1,1,1
900055,55,1,1
877402,41,1,1
877402,58,1,1
860514,8,1,1
860514,18,1,1
860514,379,1,1
1093866,42,1,1
1093904,24,1,1
1093904,37,1,1
1093904,68,3,5
907585,4,1,1
907585,14,1,1
907585,23,1,1
907585,49,1,1
907585,51,1,1
907585,53,1,1
687087,35,1,1
687087,43,1,1
684638,45,1,1
684638,24,1,1
685634,2,1,1
685497,45,1,1
685497,58,1,1
685497,38,1,1
907588,11,1,1
907588,69,3,5
1292372,53,1,1
899898,18,1,1
899135,67,3,5
860710,61,3,5
856676,18,1,1
1225195,56,1,1
899657,7,1,1
1315492,49,1,1
1315493,8,1,1
1315493,40,1,1
1315493,44,1,1
1302630,29,1,1
858054,29,1,1
1281870,11,1,1
1281870,24,1,1
1281870,41,1,1
1281870,92,1,1
899735,2,1,1
899735,48,1,1
1277477,44,3,5
860439,16,1,1
894262,60,1,1
894262,61,1,1
894262,62,1,1
1322173,56,1,1
1322173,61,1,1
683972,4,1,1
1377513,21,3,5
689084,12,3,5
1302666,29,1,1
1302666,45,1,1
1302666,53,1,1
1302664,62,1,1
1302656,2,1,1
1349443,26,1,1
1349443,48,3,5
1349443,49,1,1
1349443,69,1,1
790680,52,1,1
688271,39,1,1
684964,14,1,1
684964,12,1,1
686933,14,1,1
689315,51,1,1
685580,18,1,1
685580,8,1,1
685580,52,1,1
1127114,70,1,1
899644,33,1,1
899117,33,1,1
1302461,33,3,5
1302495,50,1,1
1302499,23,1,1
1302501,22,1,1
1302507,2,3,5
1302509,2,3,5
1302509,50,1,1
1302515,22,1,1
1302517,50,1,1
1302523,14,1,1
1302525,32,1,1
1302531,4,1,1
1302533,4,1,1
833274,32,1,1
833274,51,1,1
899356,2,1,1
899356,25,1,1
899356,32,1,1
899356,34,1,1
683306,32,1,1
1302632,9,1,1
1302632,23,1,1
1302632,37,1,1
1302632,48,1,1
1302632,53,1,1
1302636,11,1,1
1302660,2,1,1
1302660,11,1,1
1302660,34,1,1
1302660,58,1,1
1302662,49,1,1
1309287,33,1,1
1309291,33,1,1
685270,7,1,1
685603,56,1,1
686113,56,1,1
1277798,7,1,1
1277812,7,1,1
1277818,7,1,1
1277820,7,1,1
685719,44,1,1
1225598,18,1,1
1225598,33,1,1
899588,33,1,1
902782,8,1,1
899672,52,1,1
899672,59,1,1
899672,61,1,1
857460,60,1,1
857460,39,1,1
857460,52,1,1
683536,18,1,1
683536,8,1,1
685307,6,1,1
685307,8,1,1
899307,8,1,1
899307,52,1,1
1278497,33,1,1
1278501,6,3,5
1278501,39,1,1
1278501,40,1,1
1278503,8,1,1
1278503,44,1,1
1278503,60,1,1
899809,33,1,1
899809,39,1,1
899809,52,1,1
1225205,33,1,1
1225205,44,1,1
1225205,56,1,1
899825,8,1,1
1225169,40,1,1
1225169,44,1,1
1225169,61,1,1
685758,52,1,1
688671,44,1,1
687207,7,1,1
1283076,8,1,1
1283078,35,1,1
1283078,36,1,1
1283084,49,1,1
1283094,8,1,1
1283096,36,1,1
1283102,8,1,1
1283104,56,1,1
1283104,59,1,1
1283116,70,1,1
1268509,51,1,1
685878,4,1,1
932556,43,1,1
1284785,381,3,5
1284789,43,1,1
1284809,32,1,1
1284809,51,1,1
1284817,51,1,1
1284853,51,1,1
1085061,59,1,1
769170,8,1,1
902166,377,3,5
899839,44,1,1
899343,40,1,1
899343,56,1,1
899345,8,1,1
899347,8,1,1
1042115,93,1,1
1042125,227,1,1
1042120,65,1,1
1042050,1,1,1
1042050,91,3,5
1042030,65,3,5
1042070,65,3,5
1042090,1,1,1
1042040,65,3,5
1042143,1,1,1
1042143,65,3,5
1042143,93,3,5
1042167,93,1,1
1176971,29,1,1
1346895,45,3,5
866456,18,1,1
866456,33,1,1
866456,40,1,1
866456,56,1,1
1279626,9,1,1
1279626,11,1,1
1279626,12,1,1
1279626,19,1,1
1279626,20,1,1
1279626,21,1,1
1279626,34,1,1
1279626,38,1,1
1279626,43,1,1
1279626,58,1,1
887296,4,1,1
887296,17,1,1
887296,20,1,1
887296,38,1,1
887296,55,1,1
1279628,34,1,1
1279628,48,1,1
1279628,58,1,1
1284869,51,1,1
1282234,2,1,1
1281912,23,1,1
1281912,51,1,1
687040,2,1,1
687040,32,1,1
899965,42,1,1
1233796,20,1,1
1233796,50,1,1
1242965,4,1,1
1233826,4,1,1
1233826,30,3,1
1285418,22,1,1
1285418,50,1,1
1285523,29,1,1
1225594,44,1,1
1285618,7,1,1
687889,16,1,1
868503,16,1,1
838073,16,1,1
838076,16,1,1
689062,16,1,1
887547,16,1,1
1285856,16,1,1
1285870,16,1,1
685604,34,1,1
685202,48,3,5
688424,14,1,1
900012,2,1,1
900012,34,1,1
688722,14,1,1
685564,19,1,1
684761,14,1,1
684226,50,3,5
1287812,34,1,1
1287814,34,1,1
939245,22,1,1
939245,30,1,1
980036,7,1,1
980037,6,1,1
884093,52,1,1
899705,24,1,1
899878,55,1,1
899879,45,1,1
899879,69,3,5
689365,91,1,1
1176973,63,3,5
1176975,2,1,1
1176975,12,1,1
1176975,34,1,1
1176977,9,1,1
1176977,53,1,1
1176981,21,1,1
1176981,30,1,1
1176981,36,1,1
1176981,42,1,1
1176983,55,1,1
1176987,37,1,1
1176999,26,1,1
1176999,41,1,1
1176999,55,1,1
860510,34,1,1
877319,11,1,1
877319,20,1,1
877319,32,1,1
877319,43,1,1
877319,55,1,1
877320,26,1,1
877320,28,1,1
877320,68,1,1
860485,49,1,1
860466,7,1,1
860466,39,1,1
860509,93,1,1
848739,2,1,1
848739,10,1,1
848739,22,1,1
848739,32,1,1
857627,14,1,1
857627,49,3,5
948696,63,1,1
948696,29,1,1
1041519,44,1,1
836963,23,1,1
1159105,24,1,1
1159105,26,1,1
1159105,42,1,1
1159105,53,1,1
1159105,55,1,1
836789,69,3,5
836789,24,1,1
836789,28,1,1
849242,61,1,1
1041526,61,1,1
1279636,34,1,1
899464,2,1,1
899464,32,1,1
899464,48,1,1
1171239,51,1,1
898958,12,1,1
898958,32,3,5
870954,11,1,1
870954,24,1,1
870954,45,1,1
870954,47,1,1
899524,38,1,1
899524,47,1,1
899692,32,1,1
899687,2,1,1
899687,34,1,1
899009,23,3,5
899467,38,3,5
899469,34,1,1
1159173,9,1,1
1159173,45,1,1
899540,26,1,1
899540,37,1,1
899540,55,1,1
1159137,24,1,1
1159137,26,1,1
1159137,47,1,1
1159137,67,1,1
1159129,10,3,5
1159129,37,1,1
1159161,38,1,1
1159161,63,1,1
1159151,26,1,1
1159151,63,1,1
1159153,28,1,1
899542,37,1,1
899542,69,3,5
899827,59,1,1
899810,33,1,1
1225217,18,1,1
899828,61,3,5
898972,55,1,1
898972,57,1,1
899881,28,1,1
899881,69,1,1
899807,44,1,1
898957,2,1,1
685765,12,1,1
685008,12,1,1
689126,12,1,1
684982,48,1,1
683580,48,1,1
688505,2,3,5
685341,12,1,1
688673,25,1,1
683805,23,3,5
684504,14,1,1
684504,48,1,1
686626,32,1,1
684401,2,3,5
684401,23,1,1
684401,32,1,1
684897,12,1,1
688884,12,1,1
686345,34,1,1
684553,37,1,1
684553,41,1,1
685410,9,1,1
688211,41,1,1
688211,47,1,1
683137,47,1,1
687145,25,1,1
684829,38,1,1
688234,32,1,1
688311,12,1,1
688121,32,1,1
689567,2,1,1
689567,22,1,1
689567,50,1,1
683869,32,1,1
683253,19,1,1
684512,14,1,1
684943,23,1,1
687957,20,3,5
688242,19,1,1
688628,25,1,1
688628,45,1,1
688628,41,1,1
688675,53,1,1
688675,25,1,1
688675,9,1,1
686573,45,1,1
686573,41,1,1
742067,38,1,1
892939,20,1,1
892939,29,1,1
689089,28,1,1
689044,20,1,1
689044,28,1,1
683127,29,1,1
683995,62,1,1
683995,57,1,1
689355,26,1,1
689355,69,3,2
684916,26,3,5
686709,55,1,1
688456,37,1,1
686037,67,1,1
686037,29,1,1
688437,63,1,1
688437,9,1,1
688193,53,1,1
686961,56,1,1
684581,52,1,1
688216,8,1,1
684015,18,1,1
684015,59,3,5
689343,8,1,1
689343,59,1,1
683818,33,1,1
685568,44,1,1
689272,33,1,1
685058,59,3,5
688327,44,1,1
689094,41,1,1
892950,62,3,5
892950,63,1,1
684932,44,1,1
686922,7,1,1
1228073,56,1,1
683128,56,1,1
688345,1,1,1
1345193,2,1,1
1345193,11,1,1
1345193,45,1,1
1345193,50,1,1
1345193,55,1,1
907532,43,1,1
907532,51,1,1
836508,41,1,1
838433,76,1,1
860501,4,1,1
860501,21,1,1
860501,29,1,1
860501,34,1,1
860501,42,1,1
860501,58,1,1
926768,62,1,1
1375132,69,1,1
1375132,29,1,1
1375132,57,1,1
1375137,67,1,1
1375142,57,1,1
1375143,26,1,1
1375143,41,1,1
1375143,45,1,1
1375152,26,1,1
939252,2,1,1
939247,26,1,1
939247,38,1,1
902981,26,1,1
902981,43,1,1
902981,63,1,1
939246,50,1,1
884095,18,1,1
884081,7,1,1
939242,14,1,1
939242,28,1,1
689311,49,1,1
689311,36,1,1
688651,50,1,1
1352331,33,1,1
688291,35,1,1
860636,39,1,1
860636,40,1,1
837809,39,1,1
837809,59,1,1
686063,52,1,1
683877,93,1,1
902980,11,1,1
902980,25,1,1
902980,29,1,1
902980,61,1,1
902980,63,1,1
688720,69,3,5
685376,45,1,1
685376,29,1,1
689759,70,1,1
689759,29,1,1
689883,67,1,1
686070,57,1,1
689551,1,1,1
685608,67,1,1
684574,69,3,2
687789,91,1,1
687789,93,1,1
688655,69,1,1
684071,227,1,1
684253,50,1,1
687574,44,1,1
689653,44,1,1
685023,56,1,1
686644,44,1,1
684860,33,1,1
688202,56,1,1
687716,18,1,1
689652,56,3,5
683833,33,1,1
683833,44,1,1
688774,56,3,5
686621,56,1,1
686621,44,1,1
688448,33,1,1
689095,18,3,5
689095,33,1,1
689457,52,1,1
688021,6,1,1
688021,39,1,1
683312,52,1,1
686950,18,1,1
686296,6,1,1
683891,52,1,1
689915,39,1,1
684802,8,1,1
690095,56,1,1
686522,56,1,1
683755,33,1,1
688950,7,1,1
686883,7,1,1
686883,44,3,5
687836,7,3,2
687836,40,1,1
687615,23,1,1
684542,51,1,1
683229,23,3,5
689463,56,1,1
683349,63,1,1
684711,8,1,1
684711,52,3,5
683707,52,1,1
690096,51,1,1
688835,7,3,5
688835,40,3,5
688616,16,1,1
686998,80,1,1
690065,51,1,1
689859,76,1,1
684482,51,1,1
689002,61,3,5
689002,44,1,1
687675,61,1,1
686021,14,1,1
686021,17,1,1
686021,57,1,1
685903,63,1,1
685903,37,1,1
688570,21,1,1
933803,24,1,1
933803,37,1,1
685320,41,1,1
684266,67,1,1
687966,38,1,1
685243,14,3,5
688642,67,1,1
688027,42,1,1
686765,26,1,1
684599,49,1,1
684599,17,1,1
687556,57,1,1
684678,56,1,1
686137,80,3,5
687442,7,1,1
684295,40,1,1
683202,67,1,1
683927,42,1,1
687838,20,1,1
685010,76,1,1
685010,381,1,1
689274,8,1,1
689274,40,1,1
683725,18,1,1
685192,7,1,1
1127136,8,1,1
1127136,43,1,1
687013,51,1,1
690008,6,1,1
690008,52,1,1
687292,18,1,1
686477,40,1,1
685293,33,1,1
684417,7,1,1
684500,33,1,1
687241,40,1,1
684990,7,1,1
684990,40,1,1
689792,61,3,5
689792,8,1,1
684272,33,1,1
683379,18,1,1
685691,18,1,1
687461,52,3,5
684803,59,1,1
683836,8,1,1
683836,40,1,1
688900,8,1,1
688900,59,1,1
687032,18,1,1
684222,18,1,1
689361,8,1,1
688556,18,1,1
689200,52,1,1
684010,40,1,1
793478,52,1,1
688022,39,1,1
684552,59,3,5
690032,59,1,1
685647,6,1,1
689979,39,1,1
689409,7,1,1
683853,40,1,1
689408,7,3,5
683608,6,1,1
683608,7,1,1
683608,52,1,1
683608,44,1,1
684682,52,1,1
684682,44,1,1
683700,40,1,1
689959,39,1,1
688512,59,3,5
688811,52,1,1
689958,8,1,1
687992,39,1,1
685579,33,1,1
689255,59,3,5
687371,59,1,1
688479,7,1,1
689924,67,1,1
689924,69,3,2
685747,50,1,1
685291,35,1,1
686013,29,1,1
689778,59,1,1
683095,28,1,1
683095,57,1,1
686941,35,1,1
684630,14,1,1
685638,7,1,1
684183,49,1,1
688142,52,1,1
686647,39,1,1
688445,7,1,1
688435,16,1,1
686653,7,1,1
685063,377,3,5
687658,32,3,5
688590,82,3,5
685284,19,1,1
686768,69,3,2
685886,23,1,1
686235,51,1,1
685539,69,3,5
689131,16,1,1
687027,16,1,1
684765,62,1,1
688960,7,1,1
683506,40,1,1
689321,38,1,1
688077,38,1,1
689589,48,1,1
688163,23,1,1
688681,51,1,1
685489,2,1,1
686756,4,1,1
686513,34,1,1
689702,2,3,5
686030,51,3,5
689876,33,1,1
689876,60,1,1
688113,70,1,1
688113,49,1,1
685304,56,1,1
685920,40,1,1
686777,7,3,5
684728,76,1,1
684728,51,1,1
689512,47,1,1
689512,68,1,1
686917,25,1,1
686917,38,1,1
687104,38,1,1
684040,12,1,1
686605,40,1,1
689880,51,1,1
687829,43,3,5
684044,377,3,5
684361,381,1,1
686397,51,1,1
686396,6,1,1
689752,29,1,1
689400,43,1,1
689875,39,1,1
688904,6,1,1
686383,7,1,1
686383,8,1,1
685440,40,1,1
688363,59,3,2
684938,8,1,1
684938,59,3,5
685212,4,1,1
685089,30,1,1
685714,8,1,1
685572,8,1,1
687591,59,1,1
687051,51,1,1
683113,51,1,1
688941,80,3,5
690013,381,1,1
687586,51,1,1
685053,39,1,1
685053,51,1,1
686531,7,1,1
687754,52,1,1
684777,18,1,1
688248,23,1,1
687311,53,1,1
684349,22,1,1
684349,53,1,1
686779,48,1,1
687505,51,1,1
688666,51,1,1
688702,16,1,1
687506,16,1,1
685486,11,3,5
685486,41,1,1
686058,379,3,5
683579,16,1,1
683672,2,1,1
688807,6,1,1
688807,7,1,1
689879,34,1,1
685267,33,1,1
688015,6,1,1
731879,18,1,1
731879,33,1,1
686243,39,1,1
685938,8,1,1
683934,6,1,1
683934,39,1,1
687471,8,1,1
687471,59,1,1
688583,8,1,1
687835,52,1,1
690025,57,1,1
684967,28,1,1
684967,57,1,1
688915,29,3,5
687709,69,3,2
684496,6,1,1
684903,39,1,1
684014,52,1,1
689430,53,1,1
685035,53,1,1
689577,63,1,1
689577,24,1,1
689577,41,1,1
684832,63,1,1
684832,41,1,1
689885,63,1,1
689885,26,1,1
683584,26,1,1
683584,41,1,1
685090,44,1,1
942437,56,1,1
942437,61,1,1
942438,61,1,1
687064,80,3,5
683838,44,1,1
684122,8,1,1
684942,8,1,1
685740,29,1,1
685555,57,1,1
686798,69,1,1
686707,69,3,2
689532,26,1,1
685280,18,1,1
685997,7,1,1
687962,59,1,1
687962,44,1,1
686806,44,1,1
689207,8,1,1
689207,18,1,1
687713,18,1,1
687713,33,1,1
687713,61,1,1
683702,7,1,1
686290,7,1,1
685422,7,1,1
688257,377,3,5
688257,7,1,1
688257,40,1,1
687065,39,1,1
684143,23,1,1
684130,4,1,1
683346,23,1,1
684270,2,3,5
686619,39,3,5
685061,52,1,1
685736,8,1,1
687812,52,1,1
687221,39,1,1
687449,33,1,1
687449,44,1,1
687326,59,3,5
685016,33,1,1
685434,7,1,1
688881,44,1,1
687143,7,1,1
684426,7,1,1
685622,7,3,5
688344,6,1,1
686560,80,1,1
684442,7,1,1
688645,52,3,5
689656,40,1,1
684441,52,1,1
683921,7,1,1
688011,48,1,1
689843,34,1,1
688120,12,1,1
685026,14,1,1
683637,51,1,1
686413,34,1,1
686413,48,3,5
685091,51,1,1
684627,51,1,1
687267,48,1,1
686342,12,1,1
686342,14,1,1
683119,51,1,1
684289,51,1,1
689254,14,1,1
687545,2,1,1
687545,14,1,1
685965,51,1,1
683982,7,3,5
684505,56,1,1
685908,18,1,1
683395,44,1,1
685390,56,1,1
686298,43,1,1
686298,51,1,1
683793,6,1,1
683264,51,1,1
685332,49,1,1
685127,8,1,1
687497,8,1,1
685651,61,1,1
686824,56,1,1
685480,44,1,1
684187,40,1,1
683370,6,1,1
686686,8,1,1
688842,33,1,1
683477,44,1,1
689265,33,1,1
689354,63,1,1
689354,41,1,1
688348,45,1,1
688955,45,1,1
688606,41,1,1
687760,26,1,1
688822,22,1,1
688822,53,3,5
686300,7,1,1
688827,41,1,1
685818,55,1,1
688339,45,1,1
688204,22,1,1
688204,50,1,1
683710,69,3,5
688089,4,1,1
686000,51,1,1
688976,25,1,1
688976,50,1,1
685054,51,1,1
689830,53,1,1
687081,2,1,1
687081,22,3,5
684629,2,3,5
684629,34,1,1
683939,38,1,1
689620,379,3,5
687758,40,1,1
686951,52,1,1
686932,57,1,1
687144,57,1,1
689609,18,1,1
689609,52,1,1
687698,18,1,1
683610,52,1,1
684974,62,1,1
687636,8,1,1
683840,8,1,1
689492,18,1,1
687509,33,1,1
686139,52,1,1
684029,52,3,5
686318,52,1,1
684240,29,1,1
684172,59,1,1
688537,33,1,1
689780,60,1,1
689816,8,1,1
686603,18,1,1
689855,52,1,1
686164,52,1,1
689613,18,1,1
687598,18,1,1
686354,39,1,1
689004,52,1,1
683750,18,1,1
689484,40,1,1
683597,16,1,1
686864,40,1,1
687011,43,1,1
686310,20,1,1
686310,57,1,1
684973,44,1,1
685359,18,1,1
685819,18,1,1
683759,44,1,1
683716,39,3,5
684989,18,1,1
684989,33,1,1
683787,44,1,1
688877,18,1,1
687683,7,3,5
1238803,6,1,1
689426,8,1,1
688414,61,3,5
688414,56,1,1
683717,52,3,5
688075,6,1,1
686371,6,1,1
685597,39,1,1
688247,44,1,1
687474,61,3,5
685165,7,1,1
686254,7,1,1
683332,4,1,1
683332,12,1,1
689670,52,1,1
683449,34,1,1
685135,2,3,5
685135,32,1,1
688110,50,1,1
684856,48,1,1
685263,51,1,1
689521,48,1,1
683798,22,3,5
689344,7,1,1
689520,379,3,5
683917,51,1,1
684766,8,1,1
684766,52,1,1
688184,44,1,1
683378,56,1,1
689592,56,1,1
683680,12,1,1
687558,43,1,1
688157,34,1,1
684585,4,1,1
684331,62,1,1
684331,35,1,1
684332,30,3,5
688319,36,1,1
683064,21,1,1
687579,35,1,1
687938,49,1,1
688420,51,3,5
685887,2,1,1
685887,23,1,1
685887,34,1,1
685467,42,1,1
687931,42,1,1
687931,17,1,1
685683,9,1,1
683742,57,1,1
683335,34,3,5
683871,14,1,1
689678,50,1,1
688114,23,1,1
685855,43,1,1
685855,21,1,1
689549,20,1,1
685462,43,1,1
689425,43,1,1
684566,2,1,1
683167,24,1,1
683167,41,1,1
689917,4,1,1
689157,50,1,1
689455,6,1,1
687210,19,1,1
689777,2,1,1
689498,51,1,1
683224,12,1,1
686543,50,1,1
687414,53,1,1
685785,6,1,1
689709,8,1,1
689709,18,3,5
689709,40,1,1
689709,52,1,1
684159,38,1,1
684159,11,1,1
689424,48,1,1
688190,33,1,1
685882,8,3,5
688165,29,1,1
688165,17,1,1
685173,42,1,1
686291,20,1,1
686291,57,1,1
684155,67,1,1
684155,30,1,1
684155,42,1,1
685966,17,1,1
687794,7,1,1
683603,36,1,1
686416,34,1,1
686350,38,1,1
687888,16,1,1
683655,44,1,1
684443,35,1,1
684443,49,1,1
688684,67,1,1
688684,28,1,1
683519,44,1,1
685134,18,1,1
688551,17,1,1
688551,35,1,1
683280,21,3,5
683280,51,1,1
684082,37,1,1
688522,57,1,1
688095,67,1,1
683932,45,1,1
689188,69,1,1
687323,58,1,1
686312,50,1,1
688521,44,1,1
683943,56,1,1
687287,33,1,1
686971,1,1,1
685566,44,1,1
684341,7,1,1
687689,1,1,1
685833,1,1,1
688430,33,1,1
685650,7,1,1
683600,51,1,1
685731,69,3,5
684127,2,1,1
684127,11,1,1
689716,51,1,1
720797,14,3,5
720797,32,1,1
688189,10,1,1
688189,38,1,1
721865,50,3,5
721920,53,1,1
683186,26,1,1
728627,60,3,5
728688,33,1,1
728688,59,1,1
728706,18,3,5
728762,60,1,1
728799,33,1,1
687197,55,1,1
684493,24,1,1
684493,55,1,1
730825,18,1,1
730825,33,1,1
730859,56,3,5
730873,33,1,1
730873,60,1,1
730879,18,1,1
730879,33,1,1
730886,60,1,1
730923,44,3,5
730923,56,3,5
730923,60,3,5
730931,56,1,1
689036,23,1,1
689165,14,1,1
689165,32,1,1
730946,56,1,1
689688,34,1,1
684667,22,3,5
731082,22,1,1
731362,18,1,1
731424,33,1,1
731454,56,1,1
684337,60,1,1
684337,59,1,1
684337,44,1,1
684337,52,3,5
731800,60,1,1
731820,60,1,1
684450,53,1,1
683330,59,1,1
732554,33,3,5
687020,14,1,1
732730,48,1,1
684348,53,1,1
684495,52,1,1
689554,59,1,1
683146,44,1,1
686484,52,1,1
683856,38,1,1
683856,9,1,1
684643,38,1,1
684643,26,3,5
755371,25,3,5
755371,38,1,1
757450,52,1,1
758079,52,1,1
687554,22,3,5
758172,52,1,1
758208,52,1,1
758221,6,1,1
758371,8,1,1
686629,25,1,1
686629,45,1,1
768245,32,1,1
768954,52,1,1
769077,6,3,5
769077,52,1,1
758124,6,1,1
758124,7,3,5
769159,40,1,1
685062,8,1,1
769215,52,1,1
769221,52,1,1
758360,39,3,5
769230,52,1,1
683691,59,1,1
770490,59,1,1
770507,8,1,1
770507,59,3,5
689535,9,1,1
785168,8,1,1
785239,59,1,1
684422,7,1,1
1283110,8,1,1
769105,52,1,1
785411,8,1,1
686096,40,3,5
683585,59,1,1
683585,18,1,1
787722,51,1,1
787973,56,3,2
684297,8,1,1
933897,37,1,1
789810,7,1,1
789815,7,1,1
789829,7,1,1
686915,7,1,1
789926,7,1,1
789926,39,1,1
789926,52,1,1
789937,7,1,1
789942,7,1,1
789948,7,1,1
789957,7,1,1
790063,7,1,1
790069,7,1,1
790075,7,1,1
790144,7,1,1
790150,7,1,1
790153,7,1,1
790243,7,1,1
768855,8,1,1
791578,58,1,1
791624,24,1,1
791624,38,1,1
791945,44,1,1
791945,56,1,1
791954,6,1,1
793474,52,1,1
685791,52,1,1
684530,38,1,1
794980,52,1,1
794983,6,3,5
688599,2,1,1
688599,14,1,1
688599,48,1,1
688299,22,1,1
799308,7,1,1
799326,7,1,1
799342,7,1,1
684156,50,1,1
688063,51,1,1
801776,51,1,1
689384,53,1,1
790988,10,1,1
802115,38,1,1
802115,45,1,1
802115,55,1,1
806336,379,3,5
806351,6,1,1
806356,383,3,5
806404,6,1,1
806409,6,1,1
790536,7,1,1
807522,25,1,1
684085,25,1,1
815363,52,1,1
684375,53,1,1
684469,53,1,1
685099,2,3,5
685099,12,1,1
689733,58,1,1
689739,28,1,1
833108,48,1,1
833197,14,1,1
833197,51,1,1
833202,43,1,1
833205,82,1,1
833206,80,1,1
833206,51,1,1
833208,379,1,1
833208,383,1,1
833210,51,1,1
833223,51,3,5
833233,29,1,1
833237,6,3,5
833240,50,1,1
833241,14,1,1
833241,48,1,1
833243,12,1,1
1225711,18,1,1
833251,43,1,1
833268,38,1,1
833268,67,1,1
833273,4,1,1
833273,19,1,1
833273,47,1,1
833273,51,1,1
833275,63,1,1
833275,22,1,1
833275,38,1,1
833275,47,1,1
872683,50,1,1
833283,38,1,1
833283,50,1,1
833284,17,1,1
833284,19,1,1
835317,6,1,1
835780,44,1,1
1225588,52,1,1
1225588,379,1,1
835853,11,1,1
835853,26,1,1
835887,7,1,1
835924,7,1,1
835969,30,1,1
835969,43,1,1
836018,12,1,1
836018,14,1,1
684081,14,3,5
684081,50,1,1
686528,50,1,1
836605,381,3,5
836605,51,1,1
836637,33,1,1
836760,34,1,1
836772,66,3,5
836772,45,1,1
836772,50,1,1
836875,30,1,1
836882,48,1,1
836936,6,1,1
836936,8,1,1
836944,33,1,1
836994,23,1,1
837011,34,1,1
837087,57,1,1
837100,41,1,1
837100,68,1,1
837113,32,1,1
1159099,2,1,1
1159099,12,1,1
1159099,32,1,1
1159099,34,1,1
837138,2,1,1
837180,35,1,1
837180,42,1,1
837180,47,1,1
837180,49,1,1
837180,50,1,1
837251,51,1,1
1353056,25,1,1
1353056,36,1,1
1353056,38,1,1
1353056,45,1,1
1353056,50,1,1
837334,377,3,5
837581,18,1,1
837743,51,1,1
837757,80,1,1
837757,6,1,1
837757,39,1,1
837771,76,1,1
837771,80,1,1
839133,39,1,1
839432,17,1,1
839432,20,1,1
839432,26,1,1
839432,29,1,1
839432,66,1,1
839432,70,1,1
685618,39,1,1
684309,8,1,1
688604,16,1,1
840021,43,1,1
840541,7,1,1
840541,40,1,1
840599,6,1,1
840630,6,1,1
840648,6,1,1
840648,7,1,1
840648,40,1,1
683081,7,1,1
841993,11,1,1
841993,47,3,5
841994,9,1,1
842023,50,1,1
842025,30,1,1
842026,22,1,1
842026,87,1,1
848769,59,1,1
848817,61,1,1
848848,8,1,1
848848,44,1,1
848848,377,1,1
848861,381,1,1
849107,33,1,1
849120,52,1,1
849198,70,1,1
849207,35,1,1
849252,61,1,1
849252,6,1,1
849293,17,1,1
849358,18,3,5
856597,58,1,1
856641,60,1,1
856641,33,1,1
856688,59,1,1
856756,60,1,1
683942,44,1,1
683942,8,1,1
685581,52,1,1
856995,62,1,1
856995,67,1,1
857077,60,1,1
857091,70,1,1
857091,24,1,1
857091,57,1,1
857208,56,1,1
857292,60,1,1
857292,7,1,1
857292,40,1,1
857292,52,1,1
857323,39,1,1
857338,44,1,1
857345,7,1,1
857458,7,1,1
857458,8,1,1
857458,44,1,1
857571,39,1,1
857571,59,1,1
857621,9,1,1
857621,47,1,1
857688,9,1,1
857688,26,1,1
857688,68,1,1
857857,40,1,1
857878,40,1,1
857881,40,1,1
858379,47,1,1
686257,51,1,1
860460,38,1,1
860600,16,1,1
860669,61,1,1
861435,43,1,1
785435,52,1,1
866482,7,1,1
866482,40,1,1
866482,52,1,1
860839,62,1,1
860839,70,1,1
860878,1,1,1
860783,69,1,1
860783,227,1,1
867532,25,1,1
868466,16,1,1
868484,16,1,1
870256,22,1,1
870256,24,1,1
873192,53,1,1
684979,8,1,1
874085,56,1,1
877317,57,1,1
877318,41,1,1
877321,14,1,1
877393,11,1,1
877393,92,3,5
877394,2,1,1
877394,32,1,1
877423,48,1,1
877807,377,3,5
878731,26,3,5
878882,7,1,1
1159107,29,1,1
1159107,67,1,1
685403,10,1,1
685403,41,1,1
685403,53,1,1
683781,38,1,1
683781,45,1,1
754608,53,1,1
688308,37,1,1
688308,41,1,1
688308,47,1,1
688308,58,1,1
884822,66,1,1
884822,41,1,1
885236,42,1,1
942427,44,1,1
942429,44,1,1
979413,56,1,1
942440,56,1,1
942439,7,3,5
942439,56,1,1
979461,44,1,1
979545,44,1,1
1222853,56,1,1
982698,56,1,1
979407,44,1,1
689819,56,1,1
942421,44,1,1
979506,56,1,1
942451,44,1,1
979430,56,3,2
942454,56,1,1
942455,56,1,1
689671,61,1,1
689671,44,1,1
942459,7,3,5
942459,56,1,1
942770,44,1,1
685453,61,1,1
942775,56,1,1
887297,4,1,1
887297,14,1,1
887297,45,1,1
887421,2,1,1
887421,4,1,1
887421,11,1,1
887500,16,1,1
887503,16,1,1
889709,28,1,1
889709,29,1,1
889709,55,1,1
892922,29,1,1
894143,44,1,1
894143,56,1,1
894161,4,1,1
894161,9,1,1
894161,35,1,1
894270,69,1,1
898955,32,3,5
898964,50,1,1
898966,48,1,1
898966,50,1,1
898966,53,1,1
898986,48,1,1
898998,7,1,1
898999,6,1,1
899002,6,3,5
899040,26,1,1
899082,28,1,1
899082,58,1,1
899109,56,1,1
899147,36,1,1
899147,59,1,1
899173,6,1,1
899173,8,1,1
899173,40,1,1
899173,56,1,1
899179,11,1,1
899208,39,1,1
899208,52,1,1
899217,52,1,1
899239,51,1,1
899245,50,1,1
899252,32,1,1
899254,23,1,1
899254,51,1,1
899255,4,1,1
899255,43,1,1
899286,53,1,1
899289,39,1,1
899289,51,1,1
899289,80,3,5
899297,7,1,1
899297,60,1,1
899306,39,1,1
899314,51,1,1
899316,53,1,1
899325,7,1,1
899330,39,1,1
899330,381,1,1
899340,51,1,1
899341,51,1,1
899344,6,1,1
899350,57,1,1
899351,19,1,1
899351,22,1,1
899351,25,1,1
899351,26,1,1
899351,47,1,1
899352,4,1,1
899352,11,1,1
899352,24,1,1
899352,25,1,1
899352,32,1,1
899352,42,1,1
899352,58,1,1
899353,11,1,1
899353,26,1,1
899353,38,1,1
899353,41,1,1
899353,45,1,1
899354,9,1,1
899354,11,1,1
899354,26,1,1
899354,29,1,1
899354,68,1,1
899355,11,1,1
899355,50,1,1
899373,35,1,1
899384,51,1,1
899390,8,1,1
899390,40,1,1
899394,14,1,1
1233786,30,1,1
899397,50,1,1
899398,48,1,1
899400,32,1,1
899400,51,1,1
899401,40,1,1
899402,39,3,5
899406,377,3,5
899417,50,3,5
899418,2,1,1
899418,48,1,1
899418,53,1,1
899420,67,1,1
899425,41,1,1
899425,67,1,1
899426,47,1,1
899428,14,1,1
899428,48,1,1
899446,23,1,1
899446,50,1,1
899448,19,1,1
899453,7,1,1
899482,2,1,1
899483,43,1,1
899484,37,1,1
899484,69,3,5
899514,42,1,1
899518,14,1,1
899527,7,1,1
899527,44,1,1
899536,14,1,1
899536,43,1,1
899553,25,1,1
899553,50,1,1
899637,25,1,1
899661,61,1,1
899662,1,1,1
899662,56,1,1
899662,61,1,1
899665,44,1,1
899667,44,1,1
899684,10,1,1
899684,45,3,5
899685,51,1,1
899697,69,3,5
899708,25,1,1
899749,58,1,1
899763,50,1,1
899767,37,1,1
899767,57,1,1
899775,44,1,1
899778,7,3,5
899782,39,1,1
899794,59,1,1
899798,56,1,1
899799,61,1,1
899848,52,1,1
899851,44,1,1
899855,40,1,1
899855,51,1,1
899855,52,1,1
899855,381,1,1
899883,44,1,1
899884,56,1,1
899890,62,1,1
899896,28,1,1
899959,28,1,1
899969,44,1,1
899970,7,1,1
899984,9,1,1
899984,26,1,1
899986,17,1,1
899986,30,1,1
899986,35,1,1
899986,70,1,1
900000,52,1,1
900000,59,1,1
900002,59,1,1
900004,40,1,1
900021,60,1,1
900022,39,1,1
900026,8,1,1
900033,21,1,1
900033,36,1,1
900037,44,1,1
900037,56,1,1
900037,70,1,1
900039,52,1,1
900040,44,1,1
900053,43,1,1
900054,69,1,1
900057,28,1,1
900058,57,1,1
900069,62,1,1
900070,17,1,1
900075,6,1,1
900077,7,1,1
900077,377,3,5
900097,30,1,1
900101,6,1,1
900107,28,1,1
900107,30,1,1
902174,2,3,5
903078,29,1,1
903096,17,1,1
903096,38,1,1
903096,41,1,1
903096,45,1,1
907223,22,1,1
907223,43,1,1
907223,50,1,1
907357,7,1,1
931848,67,1,1
932963,7,1,1
933357,14,1,1
933357,32,1,1
933357,34,1,1
933706,38,1,1
933706,58,1,1
933729,28,1,1
933729,57,1,1
933791,41,1,1
933791,55,1,1
933859,41,1,1
933878,69,1,1
933911,38,1,1
934719,62,1,1
934719,67,1,1
934804,25,1,1
941848,59,1,1
942436,56,1,1
942467,44,1,1
942469,44,1,1
942472,56,1,1
943176,7,1,1
946825,2,1,1
947923,18,1,1
947923,33,1,1
947935,18,1,1
947953,33,1,1
947971,18,1,1
947974,18,1,1
948008,18,1,1
948589,29,1,1
955170,26,1,1
777940,61,1,1
686550,18,1,1
689595,7,1,1
688282,56,1,1
683743,44,1,1
685941,44,1,1
685229,56,1,1
688724,56,1,1
683703,61,3,5
687253,8,1,1
683545,7,1,1
683545,40,1,1
687613,18,3,5
683616,44,1,1
686031,56,1,1
686160,52,1,1
687909,52,1,1
684936,8,1,1
687653,52,1,1
686571,52,1,1
686980,18,3,5
687134,59,1,1
684901,51,1,1
688853,8,1,1
688853,39,1,1
687865,59,1,1
687865,8,1,1
689673,39,1,1
686575,39,1,1
687673,18,1,1
683388,59,1,1
684120,33,1,1
689245,33,1,1
687851,379,3,5
684220,39,3,5
688559,52,1,1
688559,80,3,5
685892,51,1,1
685322,36,1,1
687988,52,1,1
687083,59,1,1
686654,7,1,1
685158,52,1,1
686448,33,1,1
686850,18,1,1
689645,39,1,1
687589,18,1,1
687589,40,1,1
685283,52,1,1
687628,33,1,1
687628,7,1,1
687628,44,1,1
685573,59,1,1
684997,44,1,1
685716,59,1,1
687560,56,1,1
687847,18,1,1
687847,39,1,1
683439,44,1,1
689329,59,1,1
689663,18,1,1
687472,44,1,1
688786,61,1,1
687873,6,1,1
689570,18,1,1
686260,44,1,1
686400,18,1,1
686400,59,1,1
689177,18,1,1
689177,44,1,1
683551,44,1,1
683551,40,1,1
685344,44,1,1
685344,7,3,5
686692,33,1,1
687768,59,1,1
685547,7,1,1
686541,18,1,1
686693,59,1,1
686693,8,1,1
689531,18,1,1
689531,7,1,1
683429,18,1,1
683429,52,1,1
688546,18,1,1
688546,33,1,1
687555,7,3,5
683236,56,1,1
689303,44,1,1
685311,39,3,5
685567,33,1,1
684321,59,3,2
687021,59,1,1
688647,33,1,1
688549,7,3,5
688550,18,1,1
688219,18,1,1
689873,40,1,1
689574,8,1,1
684414,56,1,1
684414,18,1,1
689470,44,1,1
690053,60,1,1
690053,33,1,1
684622,49,1,1
1315503,40,1,1
689596,40,1,1
689596,52,1,1
685323,18,1,1
687416,18,1,1
686587,33,1,1
685324,18,3,5
683645,8,1,1
686833,18,1,1
684710,56,1,1
689987,40,1,1
690054,18,1,1
688397,18,1,1
686511,44,1,1
686020,44,1,1
687113,18,1,1
687484,7,1,1
687484,56,1,1
687335,7,1,1
684524,40,1,1
685614,7,1,1
685614,40,1,1
685680,8,1,1
683738,36,1,1
683739,60,1,1
688824,70,1,1
689201,49,1,1
684132,18,1,1
684132,61,1,1
686166,51,3,5
687035,51,1,1
684824,18,1,1
687954,7,3,5
687954,56,1,1
683814,8,1,1
686111,59,1,1
687765,60,1,1
683263,59,1,1
683590,44,1,1
683590,56,1,1
686159,18,3,5
685114,39,1,1
688126,39,1,1
687158,8,1,1
685387,8,1,1
688701,6,1,1
687353,59,3,5
689730,44,1,1
683559,59,3,5
683381,44,1,1
683381,56,1,1
683381,59,1,1
686456,44,1,1
687607,52,1,1
687724,62,1,1
687724,35,1,1
683649,35,1,1
685209,59,1,1
683090,40,1,1
683090,56,1,1
688367,6,1,1
688367,8,1,1
688367,18,1,1
688367,52,1,1
685415,39,1,1
689403,18,1,1
688191,7,1,1
687766,18,1,1
685464,18,1,1
686750,51,3,5
687671,381,1,1
687671,39,1,1
687671,51,3,5
684227,379,3,5
687605,39,1,1
685668,6,1,1
689505,51,3,5
685306,39,1,1
683721,43,1,1
683375,56,1,1
683464,39,1,1
689755,6,1,1
689755,39,1,1
685543,39,1,1
683415,56,1,1
683480,8,1,1
686129,44,1,1
690099,33,1,1
683481,7,1,1
688116,56,1,1
689222,56,1,1
684744,18,1,1
683940,18,1,1
683940,56,1,1
689423,56,1,1
686893,44,1,1
689965,56,1,1
684205,44,1,1
683733,18,1,1
683565,7,1,1
688694,6,1,1
684150,56,1,1
688838,18,1,1
688040,33,1,1
688622,33,1,1
685897,33,1,1
689310,52,3,5
685898,8,1,1
688676,33,1,1
685917,39,1,1
690085,60,1,1
688296,18,1,1
688296,59,1,1
688677,59,1,1
685069,59,1,1
684714,33,1,1
684714,59,3,5
685449,33,1,1
689003,8,1,1
685865,8,1,1
684688,8,1,1
689465,33,1,1
688737,44,1,1
683769,18,1,1
684090,7,1,1
684090,18,1,1
689825,8,1,1
688252,18,1,1
688252,52,1,1
686313,39,1,1
686442,59,1,1
686365,59,1,1
688016,18,3,5
689289,44,1,1
683931,8,1,1
683307,44,1,1
688246,70,1,1
683991,18,1,1
685919,33,1,1
685919,35,1,1
684715,8,1,1
686729,20,1,1
686729,17,1,1
686363,20,1,1
686363,28,1,1
686363,29,1,1
686363,43,1,1
686363,57,1,1
683631,42,1,1
683631,58,1,1
684689,62,1,1
685521,49,1,1
688989,49,1,1
688989,21,1,1
689464,35,1,1
689162,21,1,1
688739,59,1,1
688739,21,1,1
686424,30,1,1
683538,35,1,1
683538,49,1,1
738631,8,1,1
685117,35,1,1
757446,6,1,1
684535,58,1,1
683094,49,1,1
689287,43,1,1
686641,43,1,1
689285,20,1,1
686638,4,1,1
689773,20,3,5
687569,59,1,1
689942,42,1,1
686352,62,1,1
686352,49,1,1
686190,20,1,1
686190,28,1,1
688796,69,3,5
686868,29,1,1
684153,62,1,1
687224,20,1,1
684937,62,1,1
684937,33,1,1
684937,36,1,1
688803,29,1,1
688803,30,1,1
686239,82,1,1
689818,20,1,1
689818,35,1,1
689818,17,1,1
685105,51,1,1
689140,43,3,5
687567,43,1,1
689359,30,1,1
689359,21,1,1
684021,43,1,1
684739,33,1,1
683206,62,1,1
687312,21,1,1
687546,29,1,1
687546,35,1,1
687546,49,1,1
688770,35,1,1
688770,70,1,1
686049,62,1,1
688577,14,1,1
688577,51,1,1
684027,21,1,1
688132,42,1,1
1094002,67,1,1
1094002,24,1,1
1094002,35,1,1
683879,20,3,5
683879,29,1,1
685623,69,3,5
685623,10,1,1
686226,2,1,1
686226,9,1,1
686226,14,1,1
686226,20,1,1
687044,36,1,1
687044,49,1,1
688186,19,1,1
687225,19,3,5
683252,19,1,1
683252,23,1,1
683873,22,1,1
688934,22,1,1
688934,23,1,1
684378,2,1,1
769281,52,1,1
688432,29,1,1
685894,28,1,1
683539,66,1,1
683539,28,1,1
683539,29,1,1
688833,65,3,5
683662,62,1,1
683662,67,3,5
683662,93,1,1
683662,227,1,1
684664,69,1,1
684664,227,1,1
684664,1,1,1
688181,65,3,5
685989,69,1,1
685989,1,1,1
687408,28,1,1
687860,62,1,1
686178,18,1,1
686178,33,1,1
687832,7,3,5
688229,61,3,5
688229,18,1,1
688230,61,3,5
686566,52,3,5
684097,8,1,1
685589,40,1,1
687845,21,3,5
689806,39,1,1
685055,39,1,1
684106,59,1,1
689105,6,1,1
689105,40,3,5
686014,33,1,1
685807,8,1,1
688055,44,1,1
683885,52,1,1
686244,18,1,1
689720,36,1,1
687971,39,1,1
687093,52,1,1
683849,39,1,1
741420,33,3,5
741420,18,1,1
689275,6,1,1
741458,39,1,1
683999,40,1,1
685871,33,1,1
689841,40,1,1
687712,8,1,1
788749,7,1,1
788755,7,1,1
788573,7,1,1
786024,8,1,1
689706,8,1,1
689192,8,1,1
687284,8,1,1
686538,56,1,1
684390,8,1,1
689719,18,1,1
689719,40,3,5
688201,56,1,1
685349,33,1,1
685349,52,1,1
683692,6,1,1
686108,7,1,1
686878,8,1,1
684826,7,1,1
688232,1,1,1
687067,56,1,1
687329,61,3,5
687329,56,1,1
684471,61,3,5
688484,56,3,5
683876,18,1,1
686663,44,1,1
686663,18,3,5
688485,18,1,1
689472,44,1,1
685600,44,1,1
689821,56,1,1
686720,61,3,5
688337,61,3,5
685289,61,1,1
690041,44,1,1
684922,56,3,5
686410,44,1,1
685074,56,1,1
688377,61,1,1
683178,7,1,1
683178,44,1,1
689473,7,1,1
684231,56,3,5
689848,56,1,1
690063,56,1,1
683757,56,1,1
688913,56,1,1
688851,56,1,1
689886,7,1,1
684135,56,1,1
688967,56,3,5
689746,44,3,5
685479,7,1,1
689069,6,1,1
684105,48,1,1
684980,51,3,5
683826,34,1,1
689441,48,1,1
685639,12,1,1
686554,22,1,1
790693,8,1,1
790693,40,1,1
685825,12,1,1
683223,14,1,1
683223,23,1,1
683223,32,1,1
687186,23,3,5
683488,2,1,1
684492,14,1,1
684175,2,1,1
684175,32,1,1
684175,50,1,1
689445,2,1,1
689445,50,1,1
683889,34,3,5
686198,43,1,1
686198,50,1,1
687668,58,1,1
688321,48,3,5
684157,53,1,1
685427,2,1,1
685427,12,1,1
685427,14,1,1
685427,48,1,1
686210,47,1,1
687750,32,1,1
684423,48,3,5
686230,2,3,5
685251,12,1,1
687935,51,1,1
794372,6,1,1
683832,51,1,1
798667,7,1,1
685424,12,1,1
685425,2,1,1
685999,51,1,1
839087,34,1,1
839087,48,3,5
858830,34,1,1
687367,34,1,1
686359,2,1,1
688894,58,1,1
731002,14,1,1
686008,14,3,5
686008,32,1,1
685076,22,1,1
688637,51,1,1
688370,2,1,1
741448,34,3,5
740220,2,1,1
687793,2,1,1
687793,23,1,1
687936,76,1,1
684708,82,1,1
685225,2,1,1
687654,34,1,1
688051,34,1,1
683926,2,1,1
689234,48,1,1
684768,32,1,1
684768,34,1,1
685380,17,1,1
685380,28,1,1
685380,41,1,1
685380,45,1,1
683354,2,1,1
683354,32,1,1
688474,53,3,5
687320,22,1,1
688034,69,3,5
688034,68,3,5
688034,10,3,5
688034,14,1,1
685083,12,1,1
685083,32,1,1
689364,45,1,1
809423,50,3,5
686184,12,1,1
820676,14,3,5
687696,23,1,1
685986,14,1,1
685986,32,3,5
688037,2,3,5
688037,32,1,1
820778,12,3,5
820778,48,1,1
683292,48,1,1
685056,11,1,1
685056,4,1,1
685056,45,1,1
686652,2,3,5
689215,32,1,1
684786,53,1,1
684786,9,1,1
684786,41,1,1
683656,12,3,5
687160,12,1,1
687160,14,3,5
687160,25,1,1
687160,32,3,5
685166,34,1,1
686460,34,1,1
683685,12,1,1
688122,38,1,1
686532,66,3,5
686532,69,3,5
686532,37,1,1
688003,14,1,1
688003,25,1,1
686994,2,1,1
686994,4,1,1
686994,48,1,1
684171,51,1,1
684877,51,1,1
686236,51,1,1
686997,48,1,1
686872,51,1,1
685692,23,3,5
683103,48,1,1
683595,53,1,1
683768,34,1,1
686863,34,1,1
685039,53,1,1
686431,2,1,1
687317,2,3,5
683670,14,1,1
689696,12,1,1
684751,32,1,1
686995,14,3,5
689346,4,3,5
688158,12,1,1
688158,14,1,1
686996,12,1,1
687722,17,1,1
687722,21,1,1
685256,23,3,5
688713,38,1,1
688454,23,1,1
687564,12,3,5
683664,34,1,1
689853,22,1,1
689854,14,1,1
687896,2,1,1
683434,2,1,1
685697,14,1,1
688652,58,3,5
686630,12,1,1
687202,2,3,5
687202,23,3,5
687203,32,1,1
687275,2,1,1
689167,51,1,1
683553,2,3,5
683553,12,1,1
684151,14,1,1
822041,34,1,1
688108,51,1,1
858815,10,3,5
689763,4,1,1
684480,51,1,1
687057,51,1,1
683575,51,1,1
683962,12,1,1
687823,12,3,5
688640,32,1,1
684116,14,1,1
684116,58,1,1
684116,87,1,1
687237,69,3,2
687237,67,1,1
687237,57,1,1
684668,41,1,1
685207,11,1,1
685207,45,1,1
684360,57,1,1
688169,29,1,1
685201,41,1,1
686810,42,1,1
687621,38,1,1
687621,41,1,1
685176,19,1,1
688205,67,1,1
687705,53,1,1
685205,69,1,1
861653,61,1,1
861653,56,1,1
686852,29,1,1
683112,41,3,5
683741,19,1,1
686204,57,1,1
686006,62,1,1
689209,60,1,1
684068,52,1,1
684776,8,1,1
686559,18,1,1
686356,49,1,1
687409,52,1,1
683779,36,1,1
688865,67,1,1
688865,28,1,1
689513,28,1,1
839370,52,1,1
839382,70,1,1
799477,7,1,1
799480,7,1,1
799480,377,1,1
799314,7,1,1
803015,6,1,1
806260,381,1,1
806430,51,3,5
806343,39,3,5
806366,6,1,1
806385,6,1,1
806385,39,1,1
806394,6,1,1
821422,39,1,1
841821,6,1,1
934888,56,1,1
950167,8,1,1
735299,8,1,1
731044,33,3,5
732589,60,1,1
728846,18,1,1
730682,33,1,1
730746,33,1,1
728694,18,1,1
728743,33,1,1
728757,33,1,1
737465,39,1,1
737568,39,1,1
737592,39,1,1
737969,39,1,1
737969,52,3,5
737519,39,1,1
737524,39,1,1
737978,39,1,1
738014,39,1,1
738782,39,1,1
738786,39,1,1
683201,24,1,1
683201,67,1,1
689496,37,1,1
688511,37,1,1
683419,69,3,2
686466,11,1,1
686466,9,1,1
683963,45,1,1
689615,69,1,1
689615,11,1,1
689615,17,1,1
689615,21,1,1
689615,30,1,1
689615,55,1,1
687618,25,1,1
683281,9,1,1
683281,24,1,1
685066,24,1,1
685066,67,1,1
689237,41,1,1
687539,55,1,1
687539,69,1,1
721909,9,1,1
683540,55,1,1
687799,55,1,1
731174,41,3,5
686567,55,1,1
685636,55,1,1
684410,55,1,1
732406,41,1,1
731316,41,1,1
686617,38,1,1
684386,41,1,1
688411,9,1,1
685511,11,1,1
685511,25,1,1
685511,26,1,1
687092,38,1,1
687000,63,1,1
687000,26,1,1
687000,55,1,1
688013,41,1,1
685570,41,1,1
684554,24,1,1
684554,26,1,1
685246,24,1,1
685246,69,1,1
685735,25,1,1
685735,42,3,5
687571,55,1,1
688455,37,1,1
688455,38,3,5
758635,25,1,1
758662,10,1,1
732427,10,1,1
732427,53,1,1
685098,37,1,1
687748,11,1,1
687748,24,1,1
684722,47,3,5
685006,41,3,5
758658,53,1,1
687006,9,3,5
683450,11,1,1
683450,58,1,1
683438,69,3,2
689764,42,1,1
689764,53,1,1
768704,45,1,1
689133,24,1,1
689133,41,1,1
683227,48,1,1
687945,11,1,1
791002,9,1,1
689878,26,1,1
687973,38,1,1
687578,63,3,5
686760,9,1,1
684198,9,1,1
684198,24,1,1
687881,24,1,1
685525,11,1,1
685525,9,1,1
685525,24,1,1
687008,26,1,1
687008,41,1,1
684200,38,1,1
685272,24,1,1
683317,38,1,1
690011,24,1,1
690011,45,1,1
688799,37,1,1
689437,37,3,5
787695,41,1,1
787699,25,1,1
858384,24,1,1
791581,38,1,1
791626,38,1,1
791626,41,1,1
791626,58,1,1
858375,24,1,1
793418,58,1,1
802169,10,1,1
802033,25,1,1
802075,25,1,1
802017,53,1,1
802017,58,1,1
684839,24,1,1
685752,41,1,1
685752,55,1,1
685616,45,1,1
686717,22,1,1
686717,38,1,1
685339,45,1,1
689672,26,1,1
689672,45,1,1
689672,55,3,5
689744,38,1,1
689744,45,1,1
731010,9,3,5
802175,53,1,1
689240,25,1,1
686195,41,1,1
790975,67,1,1
902943,24,1,1
683165,24,1,1
683165,25,1,1
801957,38,1,1
801957,37,1,1
683563,11,1,1
685866,38,1,1
866803,14,1,1
689320,14,1,1
867410,34,1,1
867410,48,1,1
868660,45,1,1
868660,58,1,1
885454,22,1,1
688789,2,1,1
873824,4,1,1
683834,50,1,1
689515,4,3,5
685507,34,1,1
685507,50,1,1
684467,48,3,5
685343,22,1,1
685343,50,1,1
684307,20,1,1
686071,2,1,1
686071,32,1,1
684615,2,1,1
684615,34,3,5
683975,48,3,5
683821,12,1,1
684868,2,1,1
684868,34,1,1
687396,14,1,1
687359,2,1,1
687359,34,1,1
687359,50,1,1
685094,53,1,1
685094,14,3,5
685094,25,1,1
685094,34,1,1
689018,4,1,1
688465,12,1,1
686827,14,1,1
687810,22,1,1
685452,4,1,1
689588,23,1,1
689061,2,1,1
687951,22,1,1
685725,53,1,1
685726,32,1,1
685726,50,1,1
687508,23,1,1
687062,12,1,1
685827,2,3,5
687855,48,1,1
685447,12,1,1
688371,2,1,1
688342,53,1,1
684404,51,1,1
687147,51,1,1
686214,23,3,5
683442,51,1,1
683125,32,1,1
689461,51,1,1
686687,48,1,1
689460,43,1,1
683872,4,1,1
683679,14,3,5
685828,23,1,1
683782,14,1,1
683782,48,1,1
683527,23,1,1
686711,4,1,1
686711,51,3,5
684054,23,3,5
684054,50,1,1
687886,4,1,1
687496,51,1,1
688434,4,1,1
685208,43,1,1
685208,4,1,1
687887,4,1,1
687887,43,3,5
687430,23,3,5
687922,53,1,1
689612,45,1,1
689007,4,1,1
687619,32,3,5
684218,32,1,1
685400,14,1,1
683363,50,1,1
689392,14,3,5
684529,32,1,1
687228,50,1,1
689839,4,3,5
689839,51,1,1
684415,58,1,1
686672,2,1,1
686672,32,3,5
687282,23,3,5
684340,7,1,1
947906,18,1,1
947959,33,1,1
947983,18,1,1
948014,18,1,1
948035,59,1,1
948172,18,1,1
948185,39,1,1
948185,44,1,1
948185,52,1,1
952549,14,3,5
685312,48,1,1
685538,14,1,1
685538,48,1,1
685125,42,1,1
685125,67,1,1
688524,14,1,1
689118,23,1,1
685044,25,1,1
685896,11,1,1
685896,9,1,1
685896,25,1,1
685896,37,1,1
685896,50,1,1
687941,58,1,1
689726,34,1,1
684094,10,3,5
899648,33,1,1
899648,59,1,1
899649,59,1,1
899666,56,3,5
899674,6,3,5
899682,33,1,1
899686,4,3,5
899698,52,3,5
899700,52,3,5
899701,39,1,1
899711,11,1,1
899711,25,1,1
899712,20,1,1
898976,18,1,1
898990,60,3,5
898991,18,1,1
898991,52,1,1
871069,9,1,1
871069,41,1,1
899008,6,1,1
899015,53,1,1
899017,12,1,1
899022,2,1,1
899029,52,1,1
899032,52,1,1
899032,59,1,1
899032,379,1,1
899036,40,1,1
899036,379,1,1
899037,52,1,1
899044,377,1,1
899055,59,1,1
899059,9,1,1
943954,39,1,1
943954,377,3,5
866470,8,1,1
866470,51,3,5
899073,52,3,5
899076,18,1,1
899076,33,1,1
899076,52,1,1
899097,39,3,5
899097,52,1,1
899097,59,1,1
899106,52,1,1
899112,18,1,1
899112,59,1,1
899114,56,1,1
899122,38,1,1
899122,50,1,1
899123,11,1,1
899123,24,1,1
899123,29,1,1
899123,47,1,1
899124,12,1,1
899124,23,3,5
899124,25,1,1
899124,50,1,1
899125,55,1,1
899130,59,1,1
899132,47,1,1
899134,68,3,5
899134,70,1,1
899134,10,3,5
899134,25,1,1
871240,12,3,5
871240,23,1,1
871240,28,1,1
871240,43,1,1
871240,47,1,1
871240,51,1,1
871240,67,1,1
899137,2,1,1
899144,19,1,1
899146,62,1,1
899153,18,1,1
899154,56,1,1
881483,25,1,1
899162,11,1,1
899162,26,1,1
899162,38,1,1
899162,58,1,1
899164,8,1,1
899164,44,1,1
899164,52,1,1
899164,56,1,1
899168,24,1,1
899168,34,1,1
899168,38,1,1
899168,41,1,1
899168,58,3,5
899170,6,1,1
899170,56,1,1
899170,59,1,1
899171,2,1,1
899172,56,1,1
899184,19,1,1
899184,30,1,1
899188,53,3,5
899190,6,1,1
889970,12,1,1
899193,6,1,1
943938,7,1,1
899197,7,1,1
899216,18,3,5
907407,377,1,1
899229,29,1,1
899230,11,1,1
899263,76,3,5
899269,6,1,1
899273,6,1,1
899277,51,3,5
899277,381,1,1
899279,6,1,1
899287,6,1,1
899295,6,1,1
899301,40,1,1
899305,8,1,1
899319,18,1,1
899319,59,1,1
899320,6,1,1
899320,39,1,1
899320,52,1,1
899328,51,1,1
899329,6,1,1
899378,52,1,1
899378,56,1,1
899430,23,1,1
899445,20,1,1
899445,53,1,1
899460,61,1,1
899470,377,1,1
899471,7,1,1
899486,44,1,1
899487,7,1,1
899498,10,1,1
899498,38,1,1
899498,69,3,5
899505,53,1,1
899521,9,1,1
899521,24,1,1
899521,47,1,1
899525,2,1,1
899533,48,1,1
899535,34,1,1
899535,43,1,1
899535,51,1,1
899537,32,1,1
899537,51,1,1
899560,33,1,1
899560,40,3,5
899560,44,1,1
899578,44,1,1
899584,377,1,1
899607,33,1,1
899618,60,1,1
899618,62,3,5
899721,17,1,1
899721,19,1,1
899721,25,1,1
899721,28,3,5
899722,47,1,1
899738,47,1,1
899751,34,1,1
899751,38,1,1
899751,53,1,1
899752,20,1,1
899752,22,1,1
899753,22,1,1
899753,50,1,1
899753,55,1,1
899757,11,1,1
899757,25,1,1
899760,19,1,1
899760,28,1,1
899760,30,1,1
899761,43,3,5
899761,51,1,1
899771,28,1,1
899771,57,1,1
899812,40,1,1
899812,44,1,1
899821,8,1,1
899821,39,1,1
899821,44,1,1
899821,60,1,1
899822,52,1,1
899824,33,1,1
899826,40,1,1
899826,56,1,1
899826,59,1,1
899833,44,3,5
899840,56,1,1
899846,4,1,1
899853,379,3,5
899854,8,1,1
899888,67,1,1
899917,377,1,1
899918,377,3,5
899921,377,1,1
899928,51,1,1
899944,18,1,1
899944,61,3,5
899953,44,1,1
899956,70,1,1
899971,7,3,5
899972,8,1,1
899972,44,1,1
899972,61,3,5
899976,7,1,1
899976,33,1,1
899976,44,1,1
899976,56,1,1
899977,18,1,1
899977,44,1,1
899977,56,1,1
899978,35,3,5
899978,52,1,1
899979,7,3,5
899980,56,1,1
899981,18,1,1
899981,33,1,1
899998,1,1,1
900019,44,3,5
900019,61,3,5
900059,29,1,1
900059,41,1,1
900073,40,1,1
900090,8,1,1
900093,8,1,1
900114,2,1,1
900114,24,1,1
900114,28,1,1
900114,37,1,1
900114,47,1,1
900114,48,1,1
900114,50,1,1
900115,53,1,1
900116,34,1,1
900116,38,1,1
900116,57,1,1
900117,4,1,1
900117,33,1,1
900117,36,1,1
900118,11,1,1
900118,48,3,5
900118,58,1,1
900118,67,1,1
907404,377,1,1
926624,32,1,1
926862,29,1,1
931877,51,1,1
932445,34,1,1
932968,6,1,1
932968,7,1,1
934751,33,1,1
934811,63,3,5
934811,66,3,5
934811,67,3,5
934875,59,1,1
934901,9,1,1
934901,22,1,1
934901,30,1,1
934901,48,1,1
935193,18,1,1
935193,52,1,1
941888,7,1,1
941891,40,1,1
943181,33,1,1
943181,52,1,1
943191,7,1,1
943208,7,1,1
943220,7,1,1
943929,52,1,1
943943,40,1,1
948194,6,1,1
950182,38,1,1
686265,2,1,1
685673,48,3,5
685239,33,1,1
683138,25,1,1
959235,18,1,1
959249,6,1,1
959249,43,3,5
959276,39,1,1
959327,52,1,1
959346,52,1,1
959470,43,1,1
959597,35,1,1
959597,37,1,1
959597,53,1,1
959770,55,1,1
959770,57,3,5
959807,41,1,1
959807,55,1,1
959807,57,1,1
684064,53,1,1
860732,16,1,1
860804,16,1,1
860757,16,1,1
860825,16,1,1
687864,7,1,1
738000,52,1,1
964199,7,1,1
964202,7,1,1
964208,7,1,1
964245,7,1,1
964254,7,1,1
964264,52,1,1
964282,52,1,1
964285,52,1,1
964304,52,1,1
859873,6,3,5
964334,6,1,1
964334,52,1,1
964338,6,1,1
971570,6,1,1
971570,7,1,1
971576,7,1,1
971583,40,1,1
971687,6,1,1
971721,6,1,1
971721,40,1,1
971724,7,1,1
971728,7,1,1
971732,7,1,1
971743,7,1,1
971747,40,1,1
971770,40,1,1
971773,40,1,1
971958,40,1,1
971965,7,1,1
972004,7,1,1
972017,6,1,1
972029,7,1,1
972048,40,1,1
972084,6,3,5
972098,7,1,1
972188,7,1,1
972198,40,1,1
972202,7,1,1
972267,80,3,5
972802,40,1,1
972817,6,1,1
972878,7,1,1
972878,40,1,1
689866,6,1,1
687235,40,1,1
687994,7,1,1
687994,40,1,1
686974,6,3,5
899931,377,1,1
840615,40,1,1
973855,40,1,1
687392,40,1,1
979481,61,1,1
899048,7,1,1
878657,2,3,5
878657,4,1,1
899923,7,1,1
689006,4,1,1
688460,2,1,1
684981,12,1,1
688182,91,1,1
684174,26,1,1
689976,18,1,1
689882,28,1,1
689882,29,1,1
689882,57,1,1
899410,26,1,1
685296,56,1,1
686775,61,3,5
683955,7,1,1
732561,18,1,1
732561,56,1,1
728657,61,3,5
688777,7,1,1
1006272,41,1,1
1006272,57,1,1
689647,8,1,1
687741,8,1,1
687741,52,1,1
689048,40,1,1
689048,56,1,1
689048,60,1,1
684568,44,1,1
684809,44,1,1
688581,24,1,1
687593,8,1,1
972010,6,1,1
686679,7,3,5
688415,7,1,1
942434,44,1,1
886897,44,1,1
899985,42,1,1
899985,45,1,1
885459,14,1,1
899899,6,1,1
899899,8,1,1
899899,39,1,1
899899,44,1,1
899899,60,1,1
684365,56,1,1
899241,80,1,1
899241,379,1,1
833204,44,1,1
899776,1,1,1
899779,56,1,1
683129,44,1,1
788005,56,3,5
866624,14,3,5
721881,4,1,1
688744,23,1,1
688744,32,1,1
687411,48,1,1
688053,12,1,1
689862,32,1,1
686572,14,1,1
833285,34,1,1
833285,51,1,1
899023,14,1,1
689454,22,3,5
688441,48,1,1
688845,48,1,1
684030,48,1,1
688018,48,1,1
687022,25,1,1
689966,76,3,5
837265,381,3,5
687882,61,1,1
687882,56,1,1
687882,8,1,1
689905,61,3,5
689905,56,1,1
802992,59,1,1
1010058,67,1,1
899716,11,1,1
899716,26,1,1
899716,45,1,1
683828,44,1,1
683475,19,1,1
683475,30,1,1
687407,62,1,1
683701,35,1,1
686421,67,3,5
689421,25,1,1
848835,80,1,1
877425,2,1,1
900013,48,1,1
684024,14,1,1
686281,44,1,1
686851,61,3,5
686851,44,1,1
686790,61,3,5
687451,7,3,5
686149,69,3,5
686149,24,1,1
686149,37,1,1
684953,2,1,1
687246,4,1,1
687246,14,1,1
687246,25,1,1
687246,48,1,1
687867,52,1,1
687898,39,1,1
860787,16,1,1
943205,7,1,1
935251,34,3,5
935251,43,1,1
868491,16,1,1
686220,26,1,1
686879,7,1,1
685733,37,1,1
686482,12,1,1
684588,23,3,5
684588,51,1,1
688166,67,1,1
900051,8,1,1
900051,21,1,1
686786,51,1,1
684895,36,1,1
685041,39,1,1
849336,21,1,1
849336,36,1,1
817806,43,3,5
821455,14,3,5
686212,4,1,1
689571,22,3,5
685190,14,1,1
689973,23,1,1
899461,7,1,1
899461,56,1,1
683273,44,1,1
684367,44,1,1
833214,44,1,1
683601,22,3,5
687979,23,1,1
689757,82,1,1
689757,51,1,1
833267,50,1,1
877314,37,1,1
877314,47,1,1
870290,2,1,1
870290,53,1,1
879104,45,1,1
879104,53,1,1
899436,58,1,1
836330,58,1,1
836330,34,1,1
836338,53,1,1
859797,14,1,1
684730,58,1,1
683617,38,1,1
683617,25,1,1
687189,55,1,1
686512,34,1,1
687537,9,1,1
687537,26,1,1
688806,41,1,1
802079,25,1,1
688719,14,1,1
683502,53,1,1
685442,32,1,1
683183,50,1,1
685177,48,1,1
688748,48,1,1
684621,2,3,5
684621,50,1,1
686973,53,1,1
684700,25,1,1
686143,25,1,1
687809,58,1,1
686116,58,1,1
686117,58,1,1
687753,14,1,1
687753,48,3,5
932248,14,1,1
684921,12,1,1
833196,48,1,1
689070,26,1,1
686904,34,1,1
686904,50,1,1
684853,51,3,5
683399,51,1,1
972037,40,1,1
900043,19,1,1
900043,37,1,1
1041619,1,1,1
1041620,91,1,1
1041621,65,1,1
1041632,1,1,1
1041632,227,1,1
1041654,93,1,1
1041742,62,1,1
1041777,93,1,1
899876,1,1,1
899876,93,1,1
1041849,61,3,5
1041855,61,1,1
1041855,93,1,1
1041861,61,3,5
1041873,93,3,5
1041879,61,3,5
860574,69,3,5
860574,93,1,1
1041901,93,1,1
1041901,227,1,1
1042101,65,1,1
1042195,61,1,1
1042214,60,1,1
1042214,66,1,1
686148,44,1,1
686148,7,1,1
686452,7,1,1
687436,44,1,1
688428,44,1,1
688506,7,3,5
688829,7,1,1
689467,7,3,5
899729,44,1,1
685014,7,3,5
683409,44,1,1
833254,7,1,1
833254,40,1,1
833254,44,1,1
685687,7,3,5
689794,7,3,5
1013684,49,1,1
1013712,62,1,1
1013712,93,1,1
1013732,16,1,1
1013745,7,1,1
1013745,39,1,1
684170,51,1,1
686076,33,1,1
685446,87,1,1
887161,44,1,1
1044259,69,1,1
1044262,91,1,1
1044268,93,1,1
1044280,1,1,1
1044283,65,1,1
1044286,1,1,1
1044286,44,1,1
833261,61,1,1
833261,44,1,1
833261,56,1,1
833258,61,1,1
833258,44,1,1
1150945,26,1,1
1150945,69,1,1
1150947,28,1,1
1150951,28,1,1
1150951,67,1,1
1150951,69,1,1
1150953,37,1,1
1150955,26,1,1
1150955,63,1,1
1150955,66,1,1
1150957,26,1,1
1150957,55,1,1
687779,4,1,1
687779,51,1,1
899421,38,3,5
1150933,37,1,1
1150933,41,1,1
1150933,55,1,1
877688,34,1,1
877688,48,1,1
877688,53,1,1
899532,9,1,1
931856,58,1,1
1171247,26,1,1
1171247,38,1,1
1171247,41,1,1
688756,35,3,5
899046,4,1,1
899046,34,1,1
899049,23,1,1
899049,43,1,1
899704,19,1,1
1159087,67,1,1
1159095,25,1,1
1159097,14,3,5
1159097,37,1,1
1159109,10,1,1
1159111,24,1,1
1159111,26,1,1
1159111,63,1,1
1159117,24,1,1
1159121,19,1,1
1159121,43,1,1
1159127,20,1,1
1159141,25,1,1
1159141,47,1,1
1159143,38,1,1
1159147,25,1,1
1159147,37,1,1
1159147,58,1,1
1159155,58,1,1
1159159,37,1,1
1159159,47,1,1
1159167,25,1,1
1159167,37,1,1
1159169,41,1,1
1159177,9,1,1
1159177,53,1,1
1159183,26,1,1
1159189,25,3,5
1159191,22,1,1
1159191,42,1,1
1159197,41,1,1
1159201,26,1,1
860447,16,1,1
730866,56,1,1
689427,52,3,5
688198,56,1,1
728669,18,3,5
684797,18,3,5
684797,56,1,1
689728,7,1,1
730893,59,3,5
684073,33,1,1
979558,44,1,1
728637,33,1,1
1132400,43,1,1
1132409,21,1,1
1089379,9,1,1
1089379,24,1,1
1089379,45,1,1
900098,21,1,1
900098,29,1,1
1093954,26,1,1
1093954,41,1,1
1093954,58,1,1
1094025,19,1,1
1094025,28,1,1
858623,14,1,1
858623,20,1,1
858623,42,1,1
858623,50,1,1
899598,22,1,1
899598,43,3,5
1094163,42,3,5
1094185,42,1,1
1094208,48,1,1
1110111,44,1,1
1110192,44,1,1
1110198,44,1,1
1110201,44,1,1
1110233,44,1,1
1110299,44,1,1
686101,17,1,1
933779,63,1,1
688864,14,1,1
1151293,48,1,1
1151267,25,1,1
1151271,2,1,1
1151271,14,1,1
1151271,32,1,1
1151271,34,1,1
1151277,50,1,1
1151279,34,1,1
1151281,34,1,1
1151281,48,1,1
1151283,24,1,1
1151283,37,1,1
1151283,38,1,1
1151283,41,1,1
683283,29,1,1
687037,28,1,1
835830,19,1,1
835830,20,1,1
835830,42,1,1
899756,30,1,1
899756,62,1,1
893479,29,1,1
689617,38,1,1
689617,41,1,1
685846,41,1,1
689508,55,1,1
685760,52,1,1
685760,59,1,1
686912,52,1,1
687981,51,1,1
688264,53,1,1
684591,34,1,1
686545,50,1,1
684540,14,1,1
688138,22,1,1
683173,34,1,1
814098,50,1,1
689256,25,1,1
689256,24,1,1
683735,23,1,1
687422,22,1,1
684371,19,1,1
686507,22,1,1
689929,35,1,1
689809,18,1,1
899997,61,3,5
899462,44,3,5
1117391,36,1,1
1127122,60,1,1
1127122,70,1,1
1041041,1,1,1
1041044,1,1,1
1041088,93,1,1
1041477,93,1,1
1041594,1,1,1
1041490,7,1,1
1041490,61,1,1
1041615,69,1,1
1132346,25,1,1
1132346,38,1,1
1132348,45,1,1
899620,8,1,1
858280,7,1,1
858280,18,1,1
899628,8,1,1
899628,18,1,1
899628,59,1,1
972885,40,1,1
687746,29,1,1
687746,57,1,1
899765,43,1,1
690040,28,1,1
1146912,20,1,1
1146912,67,1,1
1146914,20,1,1
1146918,57,1,1
1146924,29,1,1
1146924,42,1,1
1146924,45,1,1
1225171,56,1,1
1225183,56,1,1
1225191,33,1,1
1225191,61,3,5
1225199,40,1,1
1225201,7,1,1
1225203,7,1,1
1225207,33,1,1
1225221,44,1,1
689526,8,1,1
683195,59,3,5
683195,8,1,1
686622,56,1,1
688047,18,1,1
688047,8,3,5
685295,56,1,1
684344,33,1,1
684344,56,1,1
731908,60,3,5
683951,44,1,1
685290,61,3,5
684210,40,1,1
683614,7,1,1
688758,33,1,1
687905,8,1,1
1225582,6,1,1
1225582,52,1,1
942422,56,1,1
836566,44,1,1
835765,39,1,1
835793,33,1,1
835811,40,1,1
1233792,20,1,1
1233802,51,1,1
1233810,48,1,1
1233814,43,1,1
1233816,4,1,1
1233822,4,1,1
1233822,30,1,1
1233824,2,1,1
1233824,50,1,1
899360,32,1,1
683102,12,1,1
685137,4,1,1
686441,19,1,1
1238777,7,1,1
1238777,44,1,1
1238781,33,3,5
1238781,61,3,5
1238785,44,1,1
1238797,18,1,1
1238801,44,1,1
1238805,18,1,1
685169,25,1,1
685169,14,1,1
685852,53,1,1
899707,48,1,1
688412,34,1,1
1171245,14,1,1
1146928,29,1,1
684612,19,1,1
684612,57,1,1
688058,69,3,2
688058,28,1,1
689666,69,3,2
689666,19,1,1
686925,29,1,1
686925,57,1,1
686898,67,1,1
900122,28,1,1
1202417,26,1,1
1202417,62,1,1
1202419,41,3,5
687513,28,1,1
893408,25,1,1
893408,37,1,1
1150949,63,1,1
689771,45,1,1
1222761,56,1,1
1222781,56,1,1
1222783,56,1,1
1222785,61,3,5
1222787,44,3,5
1222793,61,3,5
1222795,44,3,5
1222801,56,1,1
1222809,61,3,5
1222811,44,3,5
1222811,56,1,1
1222813,44,1,1
1222815,61,3,5
1222817,18,3,5
1222821,44,3,5
1222829,44,3,5
1222829,56,1,1
1222845,56,1,1
1222849,56,1,1
1222859,56,1,1
1222861,56,1,1
1222863,56,1,1
1222863,61,3,5
1222865,44,3,5
1222869,56,1,1
1222871,61,3,5
1268473,23,1,1
1268489,49,1,1
1268533,16,1,1
1268559,16,1,1
1268705,61,1,1
1269120,26,1,1
1269120,63,1,1
1269124,33,1,1
1269124,70,1,1
1269130,6,1,1
1269132,39,1,1
899086,33,1,1
1275206,62,1,1
1275206,35,1,1
1275208,62,1,1
1275208,29,1,1
1275208,35,1,1
1275212,33,1,1
1275214,70,1,1
1275218,35,1,1
1275220,35,1,1
1275224,60,1,1
1275227,33,1,1
1275227,59,1,1
1275229,49,1,1
1275231,62,1,1
899586,33,1,1
685837,35,1,1
685837,59,1,1
686887,18,1,1
686887,59,1,1
898956,2,1,1
898956,12,1,1
1278509,61,1,1
1278511,33,1,1
686924,36,1,1
1279140,7,1,1
898981,2,3,5
683695,34,1,1
899742,23,1,1
686635,62,1,1
684969,22,1,1
684969,36,1,1
899748,4,1,1
683893,44,1,1
899910,7,1,1
687118,61,3,5
687118,56,1,1
874094,61,1,1
899211,56,1,1
1277487,7,1,1
1277489,7,1,1
1277505,44,3,5
1277525,7,1,1
1277537,7,1,1
1277543,7,1,1
1277555,7,1,1
1277571,7,1,1
1277610,7,1,1
1277612,7,1,1
1277614,7,1,1
1277620,7,1,1
1277632,7,1,1
1277640,7,1,1
1277686,7,1,1
1277713,7,1,1
1277715,7,1,1
1232155,66,1,1
1232155,26,1,1
1232161,69,1,1
1232163,62,1,1
1232163,67,1,1
899427,25,1,1
899427,45,1,1
690049,57,1,1
899574,45,1,1
899574,47,1,1
899574,69,3,5
1146910,57,1,1
1146910,63,1,1
687038,42,1,1
689581,9,1,1
689581,24,1,1
689581,55,1,1
684806,28,1,1
1159125,4,1,1
1242957,4,1,1
1242961,19,1,1
1242961,57,1,1
1242963,30,1,1
1242967,30,1,1
1242977,19,1,1
1251777,37,1,1
1251777,47,1,1
1225596,33,1,1
899519,52,1,1
899501,7,1,1
899510,61,1,1
688390,33,1,1
900014,60,1,1
899791,56,1,1
683661,56,1,1
899946,6,1,1
899946,7,1,1
685711,44,1,1
899069,25,1,1
684427,37,1,1
1252492,34,1,1
1252839,32,1,1
969525,61,3,5
1252908,56,1,1
1252918,56,1,1
1252920,44,3,5
1252922,56,1,1
1252924,56,1,1
689432,51,1,1
899543,6,1,1
899543,43,1,1
899547,44,1,1
899547,60,3,5
899813,39,1,1
899813,40,1,1
899849,39,1,1
900023,379,1,1
1238807,52,1,1
685801,6,1,1
899292,80,3,5
688199,6,1,1
1270934,80,1,1
1270934,381,1,1
1270954,52,1,1
1270986,39,1,1
1270986,52,1,1
1270998,39,1,1
1271008,39,1,1
1271010,39,1,1
1271022,39,1,1
1271036,39,1,1
898962,7,1,1
907401,377,1,1
899937,377,1,1
874101,7,1,1
899903,7,3,5
899379,59,1,1
899381,6,1,1
1271335,7,1,1
1271345,7,1,1
1271339,40,1,1
1271528,61,3,5
899156,57,1,1
899308,33,1,1
1239383,7,1,1
1239387,40,1,1
1239393,377,3,5
1239407,40,1,1
1267581,82,1,1
1267571,61,1,1
685101,51,1,1
1344240,93,1,1
1344241,1,1,1
1344244,91,3,5
1344244,93,1,1
1344248,65,1,1
1344248,93,1,1
1344252,227,1,1
1150931,41,1,1
1150931,66,3,5
899191,4,3,5
899191,8,3,5
899191,43,1,1
1302491,22,1,1
860829,1,1,1
860829,61,1,1
860829,65,3,5
860808,70,1,1
1041825,1,1,1
1041825,61,1,1
837149,14,1,1
837149,23,1,1
1281864,2,1,1
1349437,36,1,1
1349437,70,1,1
1349444,14,1,1
1349447,58,1,1
1349449,22,1,1
1349452,22,1,1
1349454,58,1,1
1233782,14,1,1
1233782,30,1,1
833213,7,1,1
833213,44,1,1
683851,62,3,5
900080,70,1,1
900080,35,1,1
900082,70,3,5
1275198,62,1,1
1275204,60,1,1
1275204,33,1,1
934599,51,1,1
1352333,62,1,1
1352333,21,1,1
1352333,35,1,1
1352334,70,1,1
1352334,49,1,1
1352338,21,1,1
1352340,8,1,1
1352340,21,1,1
1352341,59,1,1
1352344,36,1,1
1352347,60,1,1
1352347,62,1,1
1352347,70,1,1
1268557,7,3,5
1268557,44,1,1
899113,6,1,1
899113,8,1,1
899113,40,1,1
1353055,36,1,1
683770,57,1,1
1362521,18,1,1
899593,25,3,5
1233818,23,1,1
1233818,43,1,1
898965,50,1,1
686580,4,1,1
1279634,50,1,1
899741,2,1,1
689954,51,1,1
899021,4,1,1
899021,30,1,1
899508,53,1,1
899121,32,1,1
899121,53,1,1
684249,23,1,1
1281874,23,1,1
1281876,12,1,1
1281880,2,1,1
1281882,23,1,1
1281882,53,1,1
1281884,51,1,1
1281914,23,1,1
1281922,51,1,1
899359,14,1,1
932050,2,1,1
933350,48,1,1
838405,14,1,1
838405,34,1,1
838405,48,1,1
899357,2,1,1
899357,12,1,1
899357,14,1,1
899259,379,1,1
899258,39,1,1
899258,381,1,1
899257,379,1,1
899257,381,1,1
838440,381,1,1
833203,377,1,1
931837,9,1,1
931837,32,1,1
931837,38,1,1
931837,53,1,1
877316,50,1,1
877316,55,1,1
1151265,24,1,1
1151265,25,1,1
931836,57,1,1
838459,19,1,1
838459,49,1,1
1285521,20,1,1
1285521,49,1,1
1207720,62,1,1
1207718,26,1,1
1207718,37,1,1
1207718,41,1,1
1285416,19,1,1
1285416,22,1,1
838498,62,3,5
838498,68,1,1
838498,9,1,1
838498,25,1,1
838498,28,1,1
838498,35,1,1
838498,36,1,1
838498,43,1,1
1284769,76,3,5
1284771,67,1,1
1132392,21,1,1
1132392,36,1,1
1132392,59,1,1
1132392,60,1,1
835948,61,1,1
877289,60,1,1
877291,60,1,1
836655,59,1,1
836647,56,1,1
932906,56,1,1
835947,7,1,1
835947,44,1,1
838600,6,1,1
838600,7,1,1
838600,40,1,1
838600,44,1,1
838600,49,1,1
838600,56,1,1
835750,39,1,1
1225592,7,1,1
872650,57,3,5
872650,66,1,1
860496,61,1,1
860664,65,1,1
835951,7,1,1
860411,7,1,1
877355,45,1,1
1285408,20,1,1
1285408,42,1,1
835984,21,1,1
1279614,58,1,1
1302634,9,1,1
1302634,32,1,1
1302634,50,1,1
877354,24,1,1
877354,37,1,1
877358,62,1,1
860489,18,3,5
860489,40,1,1
1285582,40,1,1
1285582,44,1,1
1285584,8,1,1
1285584,40,1,1
836955,8,1,1
900017,40,1,1
860595,1,1,1
860743,1,1,1
866455,7,1,1
866455,59,1,1
874156,44,1,1
874156,56,1,1
860688,42,1,1
860688,51,1,1
860688,67,1,1
838450,8,1,1
856954,39,1,1
860480,35,1,1
860480,49,1,1
860480,59,1,1
1127110,33,1,1
1127110,36,1,1
1127110,49,1,1
872643,70,1,1
881407,60,1,1
1270115,69,1,1
1256088,53,1,1
1256086,37,1,1
1256086,55,1,1
1256086,58,1,1
858134,25,1,1
858134,57,1,1
932947,49,1,1
932947,61,1,1
849149,44,1,1
837419,7,1,1
837419,18,1,1
895818,56,1,1
860590,6,1,1
837832,6,1,1
837832,40,1,1
837832,59,1,1
835909,33,1,1
835909,56,1,1
860463,44,1,1
860463,56,1,1
860463,59,1,1
860416,39,1,1
857406,7,1,1
857406,52,1,1
873846,33,1,1
873846,52,1,1
860755,6,1,1
860504,40,1,1
837711,381,1,1
837711,383,1,1
837711,39,1,1
837231,379,1,1
837231,381,1,1
837750,51,1,1
899367,39,1,1
899367,85,3,5
899367,391,1,1
837734,379,1,1
837734,381,1,1
833228,385,3,5
860641,6,1,1
860641,40,1,1
860641,381,1,1
879239,6,1,1
879239,51,1,1
879239,381,1,1
860456,80,1,1
879242,6,1,1
879242,39,1,1
881398,6,1,1
881398,7,1,1
860559,1,1,1
860559,62,1,1
860559,69,1,1
860559,93,1,1
860690,41,1,1
860690,55,1,1
860541,8,1,1
860541,33,1,1
860541,40,1,1
860541,56,1,1
860541,61,1,1
849164,8,1,1
849164,18,1,1
860870,16,1,1
838855,25,1,1
838855,32,1,1
838784,24,1,1
838784,32,1,1
838755,2,1,1
838755,4,1,1
838755,48,1,1
838850,21,1,1
838650,10,1,1
838650,29,1,1
838650,36,1,1
838650,48,1,1
838650,58,1,1
860591,72,1,1
860591,76,1,1
860591,82,1,1
902938,2,1,1
902938,14,1,1
902938,23,1,1
860693,2,1,1
860693,11,1,1
860693,66,3,5
860627,26,1,1
860627,37,1,1
860627,49,1,1
860627,57,1,1
894450,19,1,1
894450,49,1,1
860526,9,1,1
860526,17,1,1
860526,24,1,1
860526,41,1,1
938463,26,1,1
860542,49,1,1
860542,51,1,1
860542,70,1,1
860473,2,1,1
860473,17,1,1
860473,20,1,1
860473,25,1,1
860473,33,1,1
860473,38,1,1
860473,41,1,1
860473,43,1,1
860473,48,1,1
860473,57,1,1
860473,63,1,1
860430,7,1,1
860430,80,1,1
860430,381,1,1
932976,40,1,1
857252,7,1,1
860697,1,1,1
848805,56,1,1
848795,44,1,1
1041701,6,1,1
1041701,8,1,1
1041701,36,1,1
857235,6,1,1
857235,52,1,1
860623,6,1,1
860623,51,1,1
860623,59,1,1
860623,76,1,1
1041690,227,1,1
1041730,60,1,1
1041730,62,1,1
1344237,227,1,1
893248,65,1,1
893248,67,1,1
860569,49,1,1
900121,33,1,1
894453,41,1,1
1299043,18,1,1
1299043,61,1,1
907535,20,1,1
907535,29,1,1
907535,37,1,1
907535,40,1,1
907535,42,1,1
907535,44,1,1
907535,59,1,1
907535,67,1,1
907535,91,1,1
860841,61,1,1
860841,70,1,1
1176969,24,1,1
1176969,41,1,1
860683,32,1,1
860683,53,1,1
1361913,35,1,1
1361913,49,1,1
1361913,55,1,1
1361912,92,1,1
1361912,33,1,1
1361912,40,1,1
1361912,45,1,1
1361912,55,1,1
856702,61,3,5
856702,18,1,1
860604,2,1,1
860604,26,1,1
860604,35,1,1
860604,59,3,5
860604,63,1,1
1159179,26,1,1
860576,70,3,5
860576,49,1,1
894266,93,1,1
894266,227,1,1
860442,12,1,1
860442,23,1,1
860442,24,1,1
860442,30,1,1
860442,41,1,1
860442,58,1,1
859820,12,1,1
859820,14,1,1
859820,24,1,1
859820,36,1,1
859820,55,1,1
838396,378,1,1
860714,34,1,1
860578,67,1,1
860578,69,1,1
860656,1,1,1
683910,2,1,1
687074,14,1,1
685372,2,1,1
688136,2,1,1
688136,34,1,1
686694,12,1,1
899372,59,1,1
899655,8,1,1
685161,36,1,1
1225209,18,1,1
1225209,33,1,1
946354,43,1,1
899393,34,1,1
899393,50,1,1
1151269,45,1,1
1315494,44,1,1
1315495,8,1,1
1315497,62,1,1
1344264,62,3,5
1344272,93,1,1
1344273,8,1,1
1344546,65,1,1
1344546,91,1,1
798288,45,1,1
686123,62,1,1
686123,67,3,5
688461,37,1,1
689442,26,1,1
948485,62,1,1
948499,9,1,1
948499,42,1,1
948499,58,1,1
1361914,57,1,1
833287,47,1,1
877335,28,1,1
1132407,49,1,1
801747,51,1,1
1132405,21,1,1
1270978,8,1,1
1270984,52,1,1
1270982,52,1,1
1270974,39,1,1
1270968,39,1,1
1270972,40,1,1
1281890,51,1,1
1279648,32,1,1
1345194,14,1,1
1345194,48,1,1
1345194,58,1,1
1302654,25,1,1
1302654,29,1,1
931842,62,1,1
931842,67,1,1
931842,69,1,1
1284779,8,1,1
1127118,60,1,1
860626,33,1,1
860626,49,1,1
860626,60,1,1
959859,51,1,1
900003,51,1,1
1302640,21,1,1
1302640,59,1,1
1302652,35,1,1
1344239,93,1,1
878628,14,1,1
878628,58,1,1
684075,53,1,1
683486,14,1,1
683486,53,3,5
685347,14,1,1
685347,22,1,1
685347,48,1,1
685347,50,1,1
688984,25,1,1
900045,53,1,1
899966,12,1,1
899966,48,1,1
686453,48,1,1
796838,53,1,1
959812,38,1,1
684345,37,1,1
688837,42,1,1
959108,21,1,1
959108,49,1,1
685146,36,1,1
685146,19,1,1
685146,20,1,1
685146,42,1,1
684593,17,1,1
684593,29,1,1
684593,50,1,1
685775,21,1,1
685775,19,1,1
686634,42,1,1
686454,19,1,1
686454,30,1,1
686454,57,1,1
683901,4,1,1
686455,62,1,1
686455,49,1,1
959042,37,1,1
959042,55,1,1
686955,67,1,1
683257,28,1,1
683811,69,3,5
687150,67,1,1
687913,57,1,1
688771,28,1,1
688094,26,1,1
687154,67,1,1
685970,69,3,2
685970,28,1,1
685970,57,1,1
687412,26,1,1
860694,8,3,5
860694,51,1,1
860694,60,1,1
860694,70,1,1
857191,33,3,5
857191,36,1,1
689795,35,1,1
687950,49,1,1
689335,59,1,1
689120,21,1,1
687645,35,1,1
899835,7,1,1
899836,7,1,1
788799,7,1,1
685723,8,1,1
685163,8,1,1
857940,18,3,5
728737,33,1,1
728744,33,1,1
934867,44,1,1
1041991,69,1,1
900055,26,1,1
907563,1,1,1
877402,9,1,1
877402,66,1,1
860514,40,1,1
1281886,51,1,1
1093866,24,1,1
1093866,37,1,1
1093866,38,1,1
1093866,41,1,1
1093866,55,1,1
1093866,58,1,1
1093904,19,1,1
1093904,20,1,1
1093904,47,1,1
1093904,66,3,5
907585,22,1,1
907585,35,1,1
907585,37,1,1
907585,41,1,1
907585,43,1,1
687087,30,1,1
684274,20,1,1
684638,9,1,1
684638,69,3,2
688863,53,1,1
688863,45,1,1
688863,14,1,1
688863,34,1,1
685634,41,1,1
685634,42,1,1
684119,22,3,5
684119,50,3,5
907588,25,1,1
907588,58,1,1
860018,4,1,1
860018,43,1,1
802098,53,1,1
1292372,38,1,1
899898,33,1,1
899135,28,1,1
899135,30,1,1
860710,40,1,1
860710,44,1,1
860710,52,1,1
1315492,56,1,1
899559,8,1,1
1315493,60,1,1
1315493,61,3,5
1315493,56,1,1
1302630,26,1,1
858054,20,3,5
858054,41,1,1
1302628,41,1,1
1281870,47,1,1
1281870,63,1,1
1281870,68,1,1
686255,12,1,1
899735,32,1,1
894262,70,1,1
1322173,44,1,1
1322173,60,1,1
1167512,35,1,1
683972,21,3,5
688939,12,1,1
1302666,14,1,1
1302666,23,1,1
1302666,38,1,1
1302666,47,1,1
1302666,50,1,1
1302664,21,1,1
1302656,53,1,1
1349443,19,1,1
1349443,37,1,1
790680,39,1,1
687268,51,1,1
684859,25,1,1
684859,45,1,1
684964,22,1,1
686933,2,1,1
689315,4,1,1
689315,32,1,1
685580,33,1,1
899644,70,1,1
1302493,58,1,1
1302501,4,1,1
1302507,50,1,1
1302509,22,1,1
1302537,4,3,5
899356,10,3,5
833272,12,1,1
833272,32,1,1
833272,50,1,1
683306,12,3,5
1302632,25,1,1
1302632,26,1,1
1302632,38,1,1
1302632,47,1,1
1302632,66,3,5
1302632,68,3,5
1302632,82,1,1
1302636,9,1,1
1302636,32,1,1
1302636,37,1,1
1302636,82,1,1
1302642,9,1,1
1302646,20,1,1
1302648,17,1,1
1302648,43,3,5
1302660,9,1,1
1302660,22,1,1
1302660,41,1,1
1302660,47,1,1
1302662,8,1,1
1302662,35,1,1
1302662,36,1,1
1302662,43,1,1
1302670,20,1,1
685728,42,1,1
1309261,60,1,1
1352335,49,1,1
1309281,33,3,5
1309281,49,1,1
1309281,59,1,1
685270,59,1,1
687036,56,1,1
979445,61,1,1
1225598,61,3,5
899585,33,1,1
899585,59,1,1
902782,18,1,1
902782,33,1,1
899672,44,1,1
899672,56,1,1
902500,6,1,1
857460,8,1,1
857460,40,1,1
857460,44,1,1
685307,59,1,1
899332,7,1,1
899332,59,1,1
1278499,8,1,1
1278495,52,1,1
1278497,6,1,1
1278497,7,3,5
1278497,39,1,1
1278501,18,1,1
1278501,60,1,1
1278503,18,1,1
899809,44,1,1
899809,60,1,1
1225205,40,1,1
1225205,61,1,1
899825,33,1,1
899825,44,1,1
688946,33,1,1
684764,40,1,1
1283078,8,1,1
1283078,33,1,1
1283080,21,1,1
1283080,51,1,1
1283086,52,1,1
1283088,8,1,1
1283114,21,1,1
1283116,33,1,1
1171241,51,1,1
688553,43,1,1
899225,80,3,5
1284781,51,1,1
1284783,82,1,1
1284783,381,1,1
1284795,8,3,5
1284795,51,1,1
1284807,43,1,1
1284811,32,1,1
1284843,51,1,1
769162,8,1,1
683155,8,1,1
769165,39,3,5
785372,18,1,1
785372,52,1,1
899343,7,1,1
899347,52,1,1
899346,18,1,1
1042115,91,1,1
1042080,91,3,5
1042030,227,3,5
1042060,62,1,1
1042060,65,3,5
1042060,93,3,5
1042060,227,3,5
1042143,227,3,5
1042167,1,1,1
1041954,65,1,1
1041954,227,1,1
898979,18,1,1
898979,33,1,1
1176971,57,1,1
686405,6,1,1
866456,8,1,1
1279626,24,1,1
1279626,48,1,1
1279626,69,3,5
1279626,70,1,1
887296,12,3,5
887296,24,1,1
1279628,14,1,1
1279628,41,1,1
1279628,51,1,1
1279628,69,3,5
1284857,51,1,1
1284863,51,1,1
1284867,51,1,1
899965,22,1,1
899965,50,1,1
899965,53,1,1
899650,4,1,1
899650,19,1,1
899650,32,1,1
688446,4,1,1
1233788,30,1,1
899596,14,1,1
899596,19,1,1
899596,21,1,1
899596,34,1,1
899596,43,1,1
1285414,14,1,1
1285418,58,1,1
1285424,50,1,1
1285523,19,1,1
1225594,18,1,1
1285614,7,1,1
687428,16,1,1
838079,16,1,1
686537,16,1,1
1285876,16,1,1
1259888,37,1,1
866515,34,1,1
685604,50,1,1
685202,34,1,1
688424,34,1,1
689832,34,1,1
899182,50,1,1
688722,23,1,1
688722,45,1,1
684761,2,1,1
1287810,14,3,5
1287810,53,1,1
939245,32,1,1
980036,6,1,1
939243,58,1,1
980037,40,1,1
902982,61,1,1
884093,40,1,1
899705,25,1,1
899705,45,1,1
899705,50,1,1
899878,28,1,1
899879,37,1,1
899879,67,1,1
683265,48,1,1
689365,69,1,1
689365,53,1,1
689365,9,1,1
1176973,66,3,5
1176975,23,1,1
1176981,19,1,1
1176981,20,1,1
1176981,28,1,1
1176981,29,1,1
1176981,43,1,1
1176987,55,1,1
1176993,37,1,1
1176999,37,1,1
860510,23,1,1
860510,50,1,1
860510,51,1,1
877319,9,1,1
877319,14,1,1
877320,34,1,1
860485,60,1,1
860588,22,1,1
860588,32,1,1
860588,38,1,1
860466,56,1,1
848739,34,1,1
848739,38,3,5
848739,48,1,1
857627,17,1,1
857627,38,1,1
857627,50,1,1
857627,67,1,1
948696,67,1,1
948696,69,1,1
836963,12,1,1
836963,25,1,1
836963,48,1,1
836963,53,1,1
1090947,9,1,1
1090947,38,1,1
1090947,45,1,1
1090947,47,1,1
1159105,11,1,1
1159105,47,1,1
836789,62,1,1
836789,26,1,1
836789,37,1,1
836789,47,1,1
836789,57,1,1
849242,18,1,1
849242,56,1,1
860882,93,1,1
1279636,12,1,1
1279636,32,1,1
899464,12,1,1
899464,34,1,1
899693,53,1,1
898971,53,1,1
898988,12,1,1
899695,38,1,1
899683,2,1,1
899683,14,1,1
899653,11,1,1
899653,48,1,1
899009,14,3,5
899467,4,1,1
899467,14,1,1
899467,23,1,1
899467,25,1,1
899467,34,1,1
899467,53,1,1
899469,14,1,1
899469,23,1,1
1159173,24,1,1
1159173,25,1,1
899540,41,1,1
1159137,38,1,1
1159129,45,1,1
1159129,58,1,1
899932,28,1,1
1159161,9,1,1
1159161,69,3,5
899542,9,1,1
899542,26,1,1
899827,33,1,1
899828,33,1,1
899880,62,3,5
1041531,44,1,1
899818,56,1,1
685341,14,1,1
684834,12,1,1
683096,12,1,1
684401,12,1,1
688892,51,1,1
688884,14,1,1
687469,14,1,1
688674,9,1,1
685410,24,1,1
688211,24,1,1
687976,11,1,1
687976,53,1,1
687145,11,1,1
687145,41,1,1
685450,25,1,1
688234,14,1,1
688311,2,3,5
688121,2,1,1
686501,34,1,1
684147,48,1,1
689775,50,1,1
683869,50,1,1
684509,48,1,1
684509,12,1,1
684509,50,1,1
683253,14,1,1
683253,48,1,1
684595,34,1,1
688242,20,1,1
685115,4,3,5
688268,41,1,1
688403,9,1,1
688675,24,1,1
688675,47,1,1
685847,19,1,1
892939,57,1,1
689044,29,1,1
683127,28,1,1
683995,29,1,1
689355,55,1,1
684916,41,1,1
683857,68,3,5
686709,41,1,1
688456,55,1,1
683188,26,1,1
686037,28,1,1
689486,57,1,1
688437,69,3,5
688437,66,3,5
688437,41,1,1
688437,55,1,1
686961,44,1,1
685443,44,1,1
685443,18,3,5
684581,18,1,1
684581,44,1,1
684015,56,1,1
683818,18,3,5
731892,33,1,1
731892,44,1,1
731892,8,1,1
685058,33,1,1
685058,60,1,1
685678,44,1,1
685678,40,3,5
684759,33,1,1
690042,57,1,1
688874,61,3,5
688874,7,1,1
683705,44,1,1
683705,56,1,1
686922,56,1,1
787992,61,1,1
689055,44,1,1
684062,1,1,1
688345,61,3,5
685219,61,3,5
688775,1,1,1
687690,1,1,1
687102,14,1,1
838402,12,1,1
1345193,12,1,1
1345193,23,1,1
1345193,30,1,1
1345193,34,1,1
1345193,37,1,1
1345193,48,1,1
907532,21,1,1
838433,82,1,1
838433,381,1,1
860501,14,1,1
860501,20,1,1
860501,32,1,1
860501,48,1,1
857662,40,1,1
857662,80,1,1
857662,377,1,1
857662,381,1,1
1159157,57,1,1
683077,57,1,1
926768,67,1,1
1375132,67,1,1
1375142,68,1,1
1375142,29,1,1
1375143,47,1,1
1375152,11,1,1
1375152,38,1,1
1375152,41,1,1
939247,41,1,1
939247,67,1,1
902981,4,1,1
902981,10,3,5
902981,12,1,1
902981,14,1,1
902981,19,1,1
902981,22,1,1
902981,28,1,1
902981,69,1,1
884095,44,1,1
939240,16,1,1
942816,12,1,1
939242,9,1,1
939242,25,1,1
939242,55,1,1
684544,37,1,1
685488,69,3,2
1352331,60,1,1
687410,49,1,1
687410,59,3,5
860636,18,1,1
900103,40,1,1
687262,6,1,1
900104,18,1,1
900104,39,3,5
688952,52,1,1
684370,69,3,5
683877,65,1,1
902980,28,1,1
902980,32,1,1
902980,53,1,1
902980,55,1,1
902980,67,1,1
690014,37,1,1
688720,26,1,1
688720,41,1,1
1366368,40,3,5
1366368,52,3,5
685376,57,1,1
684601,45,1,1
685773,62,1,1
685773,67,1,1
689759,69,3,5
689759,62,1,1
688380,67,1,1
686802,67,1,1
688172,67,3,5
685750,67,1,1
685750,28,1,1
689551,62,1,1
689551,65,1,1
689551,227,1,1
685608,227,1,1
800094,11,1,1
800094,24,1,1
687617,67,1,1
688655,67,1,1
688655,93,1,1
684071,69,1,1
684253,34,1,1
686548,44,1,1
687581,44,1,1
686103,56,1,1
687552,18,1,1
688931,44,1,1
684271,18,1,1
683744,44,1,1
683320,56,1,1
686223,8,1,1
683312,8,1,1
683891,59,1,1
688378,61,3,5
690095,44,1,1
688352,7,1,1
687615,51,1,1
684578,44,1,1
685248,52,1,1
684711,6,1,1
688307,6,1,1
687958,16,1,1
685220,44,1,1
686398,7,1,1
683350,44,1,1
687675,44,1,1
686021,4,1,1
686021,53,1,1
686021,58,1,1
685903,66,3,5
688533,28,1,1
688533,57,1,1
933803,63,1,1
685320,25,1,1
689385,19,1,1
689385,20,3,5
684266,28,1,1
687966,42,3,5
685243,22,3,5
684447,7,1,1
689723,9,1,1
683098,44,1,1
686137,6,1,1
688394,52,1,1
684295,8,1,1
684671,36,1,1
683927,28,1,1
687838,67,1,1
687838,57,1,1
685010,39,1,1
688141,44,1,1
685957,40,1,1
684828,40,1,1
685305,49,1,1
685305,36,1,1
688060,8,1,1
689231,51,1,1
683556,6,1,1
1127136,36,1,1
687013,39,1,1
690008,39,1,1
683377,33,1,1
687292,40,1,1
686477,8,1,1
683729,7,3,5
683729,44,1,1
688888,40,1,1
683199,8,1,1
686665,52,3,5
684990,18,1,1
688330,44,1,1
689792,52,1,1
684652,18,1,1
683071,52,1,1
683379,59,1,1
688131,18,1,1
688131,59,1,1
684803,44,1,1
683756,18,1,1
688900,33,1,1
686628,33,1,1
687032,8,1,1
687033,52,3,5
684011,44,1,1
688556,33,1,1
688556,61,3,5
683771,8,1,1
684798,44,1,1
686527,63,3,5
686956,8,1,1
686956,52,1,1
684552,52,1,1
690032,6,1,1
685647,51,1,1
685647,52,1,1
689979,59,1,1
683136,7,1,1
683136,40,1,1
685646,8,1,1
689409,6,1,1
683608,40,1,1
684682,8,1,1
683700,18,1,1
685861,8,1,1
685576,59,1,1
686023,59,1,1
684999,59,3,5
684058,59,3,5
687371,18,1,1
687371,33,1,1
686200,23,1,1
687105,23,1,1
687105,32,1,1
689334,7,1,1
685747,53,1,1
689218,58,1,1
685291,62,1,1
686013,67,1,1
689778,35,1,1
687870,60,3,5
687870,70,1,1
686054,7,3,5
687795,7,1,1
684183,18,1,1
684183,56,1,1
688142,7,1,1
688142,40,1,1
684006,56,3,5
685408,51,1,1
688445,44,1,1
688798,6,1,1
688798,7,1,1
688868,7,1,1
685063,7,1,1
688001,7,1,1
688001,40,1,1
687332,52,1,1
687339,12,1,1
684115,19,1,1
688763,2,3,5
688763,32,1,1
686730,14,1,1
685886,51,1,1
684549,16,1,1
684125,26,1,1
684125,55,1,1
688960,40,1,1
686104,7,3,5
684775,6,1,1
687726,40,1,1
684830,7,1,1
689814,56,1,1
684412,2,1,1
684412,22,1,1
688077,53,1,1
683549,23,1,1
683549,32,3,5
688681,23,1,1
689277,41,1,1
685489,32,1,1
684687,39,1,1
684042,39,1,1
687214,51,1,1
687731,6,3,5
689502,53,1,1
688113,62,1,1
685304,7,3,5
685904,14,3,5
685904,34,1,1
687998,16,1,1
686778,40,1,1
689880,43,1,1
685264,4,1,1
683471,381,1,1
683471,39,1,1
684361,80,1,1
683548,67,1,1
688361,6,1,1
689752,67,1,1
687276,33,1,1
687276,35,1,1
687850,39,1,1
683968,39,1,1
689875,8,1,1
683248,18,1,1
683248,40,3,5
688904,8,1,1
686259,59,1,1
688820,8,1,1
689211,8,1,1
689211,40,1,1
685089,17,1,1
686269,48,1,1
686832,50,1,1
687051,381,1,1
687878,6,1,1
684282,7,1,1
683774,39,1,1
683311,6,1,1
690013,379,3,5
690013,51,1,1
684336,39,1,1
687754,8,1,1
687311,48,1,1
687311,50,1,1
684349,48,1,1
683191,50,1,1
690075,12,3,5
683531,16,1,1
683578,16,1,1
688302,16,1,1
685486,26,1,1
685486,37,1,1
689695,11,1,1
689691,23,1,1
684462,51,1,1
685267,59,3,5
685676,4,1,1
688015,8,1,1
758060,18,1,1
684569,8,3,5
731879,40,1,1
688427,59,3,5
688427,33,1,1
687572,33,1,1
687471,40,1,1
687471,52,1,1
687835,33,1,1
689835,28,1,1
687548,69,3,2
687548,26,1,1
689731,63,3,5
688759,67,1,1
684858,8,1,1
684903,8,1,1
685674,8,1,1
689577,55,1,1
687398,26,1,1
686595,63,1,1
686595,26,1,1
686595,41,1,1
686595,45,1,1
684849,1,1,1
687647,1,1,1
688238,56,1,1
687334,33,1,1
687334,59,1,1
687455,28,1,1
686707,67,1,1
684173,51,1,1
688440,381,3,5
689187,12,1,1
688836,12,1,1
686240,12,1,1
687489,33,1,1
688195,18,1,1
687466,18,1,1
689207,56,1,1
687132,60,1,1
688387,52,3,5
687713,56,1,1
688948,7,1,1
687486,7,1,1
687065,379,3,5
684134,14,1,1
686840,14,1,1
686840,22,1,1
687661,34,1,1
689963,4,1,1
690047,52,1,1
683801,39,1,1
689227,8,1,1
689227,39,1,1
684526,52,1,1
683509,6,1,1
684649,60,1,1
686574,33,1,1
684525,18,1,1
684525,33,1,1
687449,18,1,1
687449,60,1,1
685015,44,1,1
683404,52,1,1
685042,59,1,1
685619,7,3,5
684940,44,1,1
685396,44,1,1
683069,379,3,5
684442,40,1,1
688645,40,1,1
687771,52,1,1
683163,7,1,1
683163,52,3,5
688332,40,1,1
687844,40,1,1
685087,7,1,1
687302,48,1,1
688443,2,1,1
684626,51,1,1
689843,48,1,1
689074,48,1,1
689119,51,1,1
689648,48,1,1
684185,48,1,1
685300,34,1,1
685300,48,1,1
683890,48,1,1
686767,32,1,1
684289,23,1,1
684207,44,1,1
684505,18,1,1
683235,52,1,1
684242,56,1,1
688092,6,1,1
690033,49,1,1
683460,8,1,1
683460,39,1,1
686298,52,1,1
689172,8,1,1
689172,52,1,1
686202,33,1,1
686202,59,1,1
685332,59,1,1
685334,33,1,1
685034,52,1,1
687497,59,1,1
685651,44,1,1
686633,52,1,1
685909,33,3,5
684186,39,1,1
684187,6,1,1
684187,39,1,1
684187,51,1,1
687015,8,1,1
687274,6,1,1
687274,8,1,1
687274,39,1,1
687274,52,1,1
683477,52,1,1
685914,51,1,1
689354,26,1,1
689354,55,1,1
687760,11,1,1
683533,41,1,1
684099,24,1,1
688376,67,1,1
686787,57,1,1
688375,69,1,1
688827,9,1,1
688827,38,1,1
683898,29,1,1
689294,47,1,1
684257,14,1,1
684257,48,1,1
684257,50,1,1
688089,23,1,1
687796,14,1,1
688976,14,1,1
688976,34,1,1
684629,50,1,1
688834,39,1,1
689947,52,1,1
687758,52,1,1
686353,59,1,1
684703,52,1,1
690022,57,1,1
684604,8,1,1
684604,52,1,1
689609,59,1,1
683610,59,3,5
684974,70,1,1
685933,49,1,1
685181,59,1,1
687046,59,1,1
689066,18,1,1
684029,18,1,1
684029,33,1,1
686317,8,1,1
684087,52,1,1
686639,18,1,1
686639,52,1,1
688537,6,1,1
685611,8,1,1
684356,59,1,1
689199,33,1,1
686599,52,1,1
686163,52,1,1
688041,52,1,1
685612,59,1,1
685612,60,1,1
686603,8,1,1
683284,18,1,1
683284,52,1,1
688969,52,1,1
688969,59,1,1
689613,52,1,1
683750,59,1,1
683751,8,1,1
689484,8,1,1
689484,18,1,1
687296,16,1,1
683203,51,1,1
683256,51,1,1
686519,6,1,1
686519,379,3,5
686864,51,1,1
687596,51,1,1
685043,82,1,1
687119,56,1,1
685338,56,1,1
688567,18,1,1
685819,60,1,1
686024,7,1,1
683716,8,1,1
683716,52,1,1
684394,33,1,1
684394,52,3,5
689035,33,1,1
688877,33,1,1
688414,52,1,1
688414,44,1,1
683717,61,1,1
686371,51,1,1
684460,6,1,1
684460,39,1,1
688935,7,1,1
686581,52,1,1
686254,377,3,5
683332,34,1,1
683332,43,1,1
685501,59,3,5
684146,19,1,1
684146,17,1,1
685445,43,1,1
686623,57,1,1
685401,43,1,1
689836,48,1,1
684284,381,1,1
684698,39,1,1
688174,7,1,1
686472,7,1,1
687767,7,1,1
686591,80,1,1
687874,6,1,1
684419,39,1,1
683251,39,1,1
689852,50,1,1
683319,38,1,1
683835,23,3,5
684192,51,1,1
689005,39,1,1
689150,39,1,1
689012,56,1,1
683680,14,1,1
683681,2,3,5
683469,80,3,5
683469,381,3,5
683469,39,1,1
687558,51,1,1
686842,7,1,1
684331,67,1,1
688319,49,1,1
683064,17,1,1
684876,43,3,5
687938,59,1,1
686106,50,1,1
685340,42,1,1
689655,23,3,5
687167,22,1,1
688573,4,1,1
685887,32,1,1
685467,20,1,1
686831,4,1,1
933831,41,1,1
685683,38,1,1
685683,47,1,1
683742,29,1,1
686716,41,1,1
683871,58,1,1
689416,14,1,1
683390,43,3,5
686865,51,1,1
683906,19,1,1
689549,19,1,1
683084,51,1,1
689917,43,1,1
685601,14,1,1
683341,47,1,1
685126,48,1,1
685126,53,1,1
685842,23,1,1
688600,39,1,1
685072,12,1,1
684640,12,1,1
686509,8,1,1
684159,10,3,5
684159,22,1,1
684159,45,1,1
684159,55,1,1
684159,58,1,1
689424,2,3,5
689424,51,1,1
686873,56,1,1
688190,60,3,5
688190,61,3,5
684567,51,1,1
688165,49,1,1
686388,19,1,1
686388,57,1,1
688914,35,1,1
688914,17,1,1
686291,19,1,1
686291,30,1,1
685221,51,1,1
684155,29,1,1
689921,51,1,1
685966,57,1,1
689788,12,1,1
685193,12,1,1
689420,51,1,1
683655,56,1,1
685313,12,1,1
685313,14,1,1
684245,28,1,1
688684,57,1,1
687178,69,3,5
686355,41,1,1
683916,33,1,1
685134,61,3,5
683297,18,1,1
683382,381,1,1
685508,43,3,5
688522,28,1,1
683359,2,3,5
683359,14,1,1
683359,50,1,1
688095,28,1,1
687168,57,1,1
683932,38,1,1
689188,28,1,1
686312,48,1,1
684046,34,1,1
683935,33,1,1
683943,18,1,1
683557,7,3,5
689087,44,1,1
684338,7,1,1
688619,7,1,1
685936,44,1,1
689268,44,1,1
689769,1,1,1
686263,7,1,1
685731,24,1,1
685731,37,1,1
684923,37,1,1
687450,69,3,5
687706,51,1,1
684466,16,1,1
684127,50,3,5
687774,82,3,5
687774,51,1,1
689724,32,1,1
685688,52,1,1
683945,39,1,1
720797,2,1,1
720833,23,3,5
684489,50,1,1
721871,4,1,1
683186,63,3,5
728642,18,1,1
683491,33,1,1
683491,40,1,1
685234,33,1,1
728730,56,1,1
687197,38,1,1
687197,24,1,1
687197,26,1,1
684493,41,1,1
730778,18,1,1
730800,33,1,1
730817,18,1,1
730833,44,3,5
730833,60,1,1
730842,18,1,1
730886,18,1,1
730907,60,1,1
730931,18,1,1
689075,2,3,5
689165,2,1,1
689165,12,3,5
730946,33,1,1
688457,4,3,5
731362,60,1,1
731481,60,1,1
689815,70,3,5
688006,52,1,1
731791,33,1,1
732459,18,1,1
683330,61,1,1
683330,44,1,1
686486,44,1,1
732636,14,3,5
687904,34,1,1
732797,48,1,1
732869,48,1,1
685108,55,1,1
735316,8,1,1
735323,8,1,1
684348,41,1,1
686742,61,1,1
683687,6,3,5
683146,18,3,5
683146,56,1,1
684138,33,1,1
683856,37,1,1
683856,47,1,1
684643,11,1,1
757438,52,1,1
758208,6,1,1
758356,52,1,1
758371,39,1,1
686886,34,1,1
769035,6,1,1
769035,52,1,1
769224,8,1,1
769470,52,1,1
770490,52,1,1
770490,33,1,1
689068,8,1,1
770507,7,1,1
770570,52,1,1
770580,52,1,1
770588,8,1,1
684422,52,1,1
785308,8,1,1
1283110,52,1,1
686096,8,1,1
686096,56,1,1
683723,39,1,1
683723,52,1,1
787600,61,1,1
787680,45,1,1
787691,25,1,1
787973,61,1,1
787997,61,1,1
788017,51,1,1
684297,52,1,1
686755,7,1,1
686755,52,1,1
788724,7,1,1
789532,24,1,1
789532,25,3,5
789532,42,1,1
933897,69,1,1
789789,7,1,1
789852,7,1,1
789900,7,1,1
789926,6,1,1
789963,7,1,1
790138,7,1,1
790154,7,1,1
790227,7,1,1
790230,7,1,1
769209,39,3,5
786252,52,1,1
768855,52,1,1
791624,41,1,1
791624,11,1,1
791945,61,1,1
793663,38,1,1
794107,52,1,1
769467,52,1,1
683622,50,1,1
793483,18,1,1
793483,44,1,1
794996,52,1,1
689304,38,1,1
689304,25,1,1
688299,34,1,1
799320,7,1,1
790988,38,1,1
802115,24,1,1
802985,59,1,1
803006,59,1,1
806356,379,3,5
806409,80,3,5
801770,51,1,1
814863,39,1,1
815326,40,1,1
685315,52,1,1
815381,6,1,1
684988,8,1,1
685022,40,3,5
684301,377,3,5
684301,7,1,1
689658,7,1,1
820824,51,1,1
820840,39,1,1
685099,48,1,1
769150,6,3,5
684890,8,1,1
685297,6,1,1
688449,6,1,1
828509,57,1,1
828510,57,1,1
690048,22,1,1
690048,53,1,1
833201,14,1,1
833202,4,1,1
833202,51,1,1
833207,76,1,1
833207,77,1,1
833207,383,1,1
833221,41,1,1
833221,57,1,1
833224,2,1,1
833224,50,1,1
833231,383,3,5
833231,39,1,1
833234,7,1,1
833237,377,1,1
833239,377,1,1
833240,4,1,1
833240,25,1,1
833240,30,1,1
833240,48,1,1
833241,22,1,1
833241,23,1,1
833241,30,1,1
833241,51,1,1
833244,22,1,1
833244,34,1,1
1225711,39,1,1
1225711,40,1,1
833248,8,1,1
833248,44,1,1
833256,44,1,1
833268,2,3,5
833268,50,1,1
833268,69,1,1
1179990,51,1,1
833273,2,1,1
833273,41,1,1
833273,53,1,1
833273,57,1,1
833275,24,1,1
833275,26,1,1
833275,42,1,1
833275,48,3,5
833283,34,1,1
833283,41,1,1
833283,53,1,1
833284,29,1,1
833284,36,1,1
833284,42,1,1
833286,28,1,1
833286,57,1,1
835323,6,1,1
835742,33,1,1
835742,59,3,5
1225588,39,1,1
835853,47,1,1
835853,55,1,1
835853,57,1,1
835853,63,3,5
835900,33,1,1
835900,52,1,1
835924,52,1,1
835969,50,1,1
836005,48,3,5
836018,48,3,5
688029,22,1,1
688029,50,1,1
683736,14,3,5
836597,51,1,1
836637,35,1,1
836637,59,1,1
836663,33,1,1
836760,53,1,1
836772,68,1,1
836772,26,1,1
836875,4,1,1
836875,14,1,1
836875,19,1,1
836875,22,1,1
836875,50,1,1
836926,51,1,1
836926,59,1,1
836944,49,1,1
837087,55,1,1
837100,24,1,1
837113,12,1,1
1159099,51,1,1
837138,53,1,1
837180,11,1,1
837180,25,1,1
837180,28,1,1
837180,29,1,1
837180,37,1,1
837180,41,1,1
837180,51,1,1
837238,379,1,1
1353056,23,1,1
1353056,42,1,1
1353056,57,1,1
837334,52,1,1
837581,6,1,1
837581,8,1,1
837581,59,1,1
838354,39,1,1
839432,24,1,1
839432,30,1,1
839432,36,1,1
839432,50,1,1
839432,69,1,1
840538,6,1,1
685629,52,1,1
840587,6,1,1
840605,6,1,1
840636,40,1,1
840645,7,1,1
841144,7,1,1
841144,52,1,1
841495,6,1,1
841783,7,1,1
841830,40,1,1
841993,25,1,1
842026,34,1,1
842026,50,1,1
842026,58,1,1
848769,52,1,1
848817,7,1,1
848817,39,1,1
848848,6,1,1
848848,18,1,1
848848,33,1,1
848848,80,1,1
848861,61,3,5
849107,60,1,1
849107,39,1,1
849107,52,1,1
849120,6,1,1
849293,67,1,1
849329,2,1,1
849347,43,1,1
849347,53,1,1
849358,7,3,5
849358,39,1,1
849358,52,1,1
840577,40,1,1
856597,53,1,1
856641,49,1,1
856688,7,3,5
856688,40,1,1
856737,52,1,1
856756,8,1,1
856756,33,1,1
856756,35,1,1
856869,14,1,1
688734,44,3,2
683942,33,1,1
688591,76,3,5
688591,51,1,1
856995,35,1,1
857421,4,1,1
857421,30,1,1
857421,51,1,1
857077,8,1,1
857091,11,1,1
857091,20,1,1
857091,34,1,1
857182,35,1,1
857274,18,1,1
857274,52,1,1
857274,59,1,1
857292,18,1,1
857308,60,1,1
857308,7,1,1
857308,8,1,1
857308,40,1,1
857308,56,1,1
857323,40,1,1
857323,377,1,1
857323,379,1,1
857338,61,3,5
857338,56,1,1
857017,19,1,1
857475,52,1,1
857540,40,1,1
857556,40,1,1
857556,56,1,1
857602,2,1,1
857602,53,1,1
857621,66,1,1
857621,24,1,1
857688,66,1,1
857688,69,1,1
857845,40,1,1
857860,40,1,1
858288,40,1,1
683663,7,1,1
683451,12,1,1
685235,12,1,1
686257,39,1,1
687529,51,1,1
860446,16,1,1
860460,24,1,1
860469,16,1,1
860479,16,1,1
860492,1,1,1
860492,7,1,1
860492,56,1,1
860558,16,1,1
860634,16,1,1
860675,16,1,1
860809,93,1,1
860878,93,1,1
860745,65,1,1
868472,16,1,1
868489,16,1,1
868509,16,1,1
868514,16,1,1
833212,61,1,1
870256,41,1,1
871088,51,1,1
877206,6,1,1
877317,19,1,1
877317,22,1,1
877317,45,1,1
877318,66,1,1
877318,67,1,1
877321,22,1,1
877321,48,1,1
877321,53,1,1
877394,14,1,1
877394,25,1,1
685156,37,1,1
878731,47,1,1
884494,42,1,1
884494,55,1,1
884494,87,1,1
688932,22,1,1
688932,50,1,1
685403,45,1,1
685403,58,1,1
683781,25,1,1
683781,58,1,1
754608,41,1,1
754608,45,1,1
688308,14,1,1
688308,26,1,1
688308,34,1,1
942428,44,1,1
942424,56,1,1
942430,61,1,1
942431,44,1,1
942432,61,1,1
942432,56,1,1
979410,56,1,1
979420,56,1,1
979423,44,1,1
942440,1,1,1
942442,44,1,1
688210,1,1,1
686625,1,1,1
979536,44,1,1
689819,61,1,1
942423,44,1,1
684757,44,1,1
979430,44,1,1
979439,56,1,1
942460,56,1,1
887297,11,1,1
887297,25,1,1
887297,42,1,1
887479,16,1,1
888622,16,1,1
889709,20,1,1
889709,42,1,1
889709,45,1,1
889709,57,1,1
889962,12,1,1
890136,29,1,1
890136,69,3,5
892922,67,1,1
892936,67,1,1
892978,67,1,1
892978,57,1,1
893421,29,1,1
893421,57,1,1
894143,7,1,1
894161,2,1,1
894161,23,1,1
894161,24,1,1
894270,70,1,1
898986,2,3,5
898989,4,1,1
898989,23,1,1
898989,51,1,1
899006,33,1,1
899006,56,1,1
899040,11,1,1
899040,24,1,1
899040,38,1,1
899043,50,1,1
899067,12,1,1
899082,11,1,1
899082,19,1,1
899082,41,1,1
899082,53,1,1
899082,55,1,1
899109,7,1,1
899109,44,1,1
899147,62,1,1
899173,18,1,1
899173,33,1,1
899200,40,1,1
899206,33,1,1
899218,6,1,1
899223,7,1,1
899236,22,1,1
899236,42,1,1
899237,41,1,1
899238,379,1,1
899245,14,1,1
899250,51,1,1
899280,8,1,1
899290,51,3,5
899291,39,1,1
899291,51,3,5
899293,82,1,1
899293,51,1,1
899297,33,1,1
899303,33,1,1
899303,61,3,5
899306,8,1,1
899316,14,1,1
899316,23,1,1
899316,32,1,1
899325,40,1,1
899327,52,1,1
899335,62,1,1
899341,4,1,1
899344,7,1,1
899351,4,1,1
899351,10,1,1
899351,34,1,1
899352,55,1,1
899352,69,1,1
899353,58,1,1
899354,37,1,1
899354,41,1,1
899354,42,1,1
899354,53,1,1
899354,62,3,5
899355,2,1,1
899355,23,1,1
899369,39,1,1
899369,379,1,1
899386,6,1,1
899389,2,1,1
899389,34,1,1
899390,18,3,5
1233786,4,1,1
899398,34,1,1
899400,43,3,5
899403,80,3,5
1233794,22,1,1
899417,25,1,1
899420,41,1,1
899425,25,1,1
899426,38,1,1
899426,67,3,5
899428,45,1,1
899428,53,1,1
899435,25,1,1
899446,53,1,1
899448,35,1,1
899492,33,1,1
899495,59,1,1
899502,44,1,1
899514,4,1,1
899518,12,1,1
899518,23,3,5
899528,48,1,1
899528,51,1,1
899536,50,1,1
899637,11,1,1
899662,44,1,1
899665,61,1,1
899668,56,1,1
899668,61,1,1
899679,40,1,1
899685,4,1,1
899697,26,1,1
899697,63,3,5
899708,37,1,1
899708,38,1,1
899725,44,1,1
899749,10,1,1
899749,25,1,1
899763,19,1,1
899766,26,1,1
899767,26,1,1
899767,55,1,1
899767,68,1,1
899768,56,1,1
899778,56,1,1
899793,33,1,1
899848,39,1,1
899851,6,1,1
899851,56,1,1
899852,7,1,1
899852,60,1,1
899855,379,1,1
899883,56,1,1
899884,60,1,1
899890,67,1,1
899891,69,1,1
899896,62,1,1
899896,67,1,1
899904,4,1,1
899924,377,1,1
899959,67,1,1
899967,7,1,1
899986,29,1,1
899986,36,1,1
899986,53,1,1
899986,62,1,1
899987,59,1,1
899999,61,1,1
900001,40,1,1
900001,59,1,1
900004,51,1,1
900021,59,1,1
900026,59,1,1
900039,8,1,1
900039,33,1,1
900052,6,1,1
900052,8,1,1
900052,39,1,1
900053,8,1,1
900054,26,1,1
900057,57,1,1
900058,26,1,1
900058,28,1,1
900058,55,1,1
900067,25,1,1
900067,34,1,1
900068,25,1,1
900068,47,1,1
900069,67,1,1
900070,49,1,1
900107,17,1,1
900107,19,1,1
900107,20,1,1
900107,21,1,1
900107,57,1,1
902167,53,1,1
902168,12,3,5
903093,29,1,1
903096,20,1,1
903096,22,1,1
903096,24,1,1
903096,30,1,1
903096,37,1,1
903096,62,1,1
907223,32,1,1
907223,58,1,1
931848,62,1,1
932249,12,1,1
932917,44,1,1
933357,12,1,1
933357,48,1,1
933357,53,1,1
933729,67,1,1
933817,38,1,1
933845,41,1,1
933859,24,1,1
933878,41,1,1
933911,47,1,1
933911,58,1,1
934804,24,1,1
934804,26,1,1
934804,37,1,1
934804,38,1,1
941848,6,1,1
942461,56,1,1
942466,56,3,2
942471,44,1,1
942473,61,1,1
942473,56,1,1
942475,44,1,1
947968,18,1,1
947980,18,1,1
948589,28,1,1
948589,57,1,1
952808,45,1,1
955170,62,1,1
686550,60,1,1
685766,59,1,1
688281,56,1,1
688282,61,3,5
687553,44,1,1
683703,56,1,1
687699,8,1,1
687253,52,1,1
687613,52,1,1
689088,56,1,1
686378,56,1,1
685642,18,1,1
687909,8,1,1
689191,60,1,1
687653,6,1,1
685399,39,1,1
686526,44,1,1
685184,44,3,1
685184,56,1,1
688717,56,1,1
684059,18,1,1
684059,56,3,1
688853,51,1,1
686763,51,1,1
687865,33,1,1
687865,40,1,1
684368,39,1,1
683388,56,1,1
685892,379,3,5
685892,6,1,1
685892,39,1,1
683535,52,3,5
685994,59,1,1
687083,33,1,1
687083,18,1,1
686448,44,1,1
686448,52,1,1
685759,56,1,1
688589,6,1,1
687589,59,1,1
685283,18,1,1
688318,44,1,1
688318,18,1,1
687628,40,1,1
685716,52,1,1
687560,52,3,5
687847,44,1,1
689329,18,1,1
686776,52,1,1
689663,61,3,5
689663,56,1,1
683215,7,1,1
685777,18,1,1
689570,7,1,1
689570,49,1,1
689570,56,1,1
689544,18,1,1
689544,7,1,1
686744,18,1,1
685418,18,1,1
685160,39,1,1
685160,40,1,1
686400,52,1,1
686400,56,1,1
688471,18,1,1
688471,44,1,1
686231,59,1,1
685265,52,3,5
683328,18,1,1
685547,39,1,1
685547,52,1,1
686693,40,1,1
689382,8,1,1
689382,59,3,5
685548,33,1,1
686433,18,1,1
683236,18,1,1
689303,18,1,1
685319,8,1,1
689451,18,1,1
689451,8,1,1
684019,59,1,1
684020,59,1,1
685718,8,1,1
685955,39,1,1
689063,8,1,1
689063,39,1,1
684720,33,1,1
684720,56,1,1
686256,18,1,1
687021,8,1,1
684799,39,1,1
688648,61,3,5
689873,18,1,1
683310,59,1,1
688381,18,1,1
686124,21,1,1
688997,59,1,1
688043,51,1,1
1125859,36,1,1
683115,44,1,1
684622,59,1,1
1315503,59,1,1
684484,33,1,1
686585,44,1,1
687416,52,1,1
684486,33,1,1
684486,60,1,1
684486,70,1,1
685324,44,3,5
687417,33,1,1
687417,35,1,1
683645,39,1,1
1315502,18,3,5
687665,56,1,1
687821,39,1,1
689474,44,1,1
689323,18,1,1
689987,18,1,1
683130,8,1,1
683130,56,1,1
690054,44,1,1
690054,33,1,1
684078,18,1,1
688397,56,1,1
687113,33,1,1
687113,8,1,1
689597,33,1,1
687484,61,1,1
687484,18,1,1
683762,18,1,1
686913,44,1,1
685614,18,1,1
683738,33,1,1
683738,59,1,1
683738,49,1,1
688824,60,1,1
686945,18,1,1
686380,39,1,1
684132,8,1,1
684132,39,1,1
684132,40,1,1
686166,6,1,1
686166,39,3,5
684654,44,1,1
685985,33,3,5
686880,59,1,1
686451,56,1,1
686449,44,1,1
686449,56,1,1
683984,33,1,1
684616,33,1,1
684616,56,1,1
686159,44,1,1
689675,39,1,1
687158,6,1,1
687158,52,1,1
689223,52,1,1
688539,52,1,1
687369,40,1,1
689184,40,1,1
689184,52,1,1
686562,18,1,1
689936,33,1,1
687353,33,1,1
688711,8,1,1
683381,33,1,1
683381,8,1,1
683381,40,1,1
687607,40,1,1
688908,61,3,5
684773,39,1,1
683089,39,1,1
683089,51,1,1
686470,39,1,1
687052,33,1,1
683436,39,1,1
688659,44,1,1
688659,18,1,1
683862,56,1,1
683862,18,1,1
684935,379,3,5
686295,379,3,5
686295,51,1,1
684350,43,1,1
684350,51,1,1
683721,51,1,1
689219,379,3,5
686434,39,1,1
686576,7,1,1
687822,44,1,1
687163,18,1,1
685626,44,1,1
686153,33,1,1
688646,56,1,1
686154,59,1,1
683240,8,1,1
688117,61,1,1
688117,18,1,1
688117,8,1,1
689222,18,1,1
689222,59,1,1
684744,56,1,1
683940,8,1,1
683940,44,1,1
683185,8,1,1
688769,18,1,1
688769,40,1,1
684205,61,1,1
684205,8,1,1
684205,56,1,1
684205,59,1,1
686323,33,1,1
683733,7,1,1
683733,8,1,1
688694,8,1,1
684721,8,1,1
688919,8,1,1
687877,8,1,1
688622,18,1,1
689310,8,1,1
684705,8,1,1
688839,40,1,1
686745,8,1,1
683190,59,1,1
684861,8,1,1
684861,18,1,1
685917,8,1,1
685804,8,1,1
685804,59,1,1
690085,33,1,1
685918,18,1,1
685802,33,1,1
688552,33,1,1
688808,44,1,1
684246,39,1,1
688784,8,1,1
684521,59,1,1
686423,59,1,1
684090,44,1,1
684090,40,1,1
689122,59,1,1
687745,59,1,1
686365,52,1,1
687403,8,1,1
684534,56,1,1
689289,7,1,1
686640,40,1,1
689143,56,1,1
683307,60,1,1
683991,56,1,1
685070,36,1,1
685919,49,1,1
687439,44,1,1
685096,8,1,1
688809,30,1,1
688263,36,1,1
688263,49,1,1
683631,17,1,1
683631,4,1,1
686547,8,1,1
686547,36,1,1
686424,36,1,1
687703,39,1,1
738048,18,1,1
738048,33,1,1
757446,8,1,1
684535,17,1,1
685111,43,1,1
686084,43,1,1
686087,32,1,1
687569,60,1,1
688650,35,1,1
686739,51,1,1
1315498,29,1,1
688796,35,1,1
684153,29,1,1
687190,51,1,1
684888,30,1,1
683843,17,1,1
688803,20,1,1
688802,23,1,1
689818,29,1,1
689818,21,1,1
688947,49,1,1
758104,39,1,1
686706,43,1,1
686706,21,1,1
687567,39,3,5
684021,51,1,1
687693,28,1,1
684587,4,1,1
686049,70,1,1
686049,49,1,1
684027,51,1,1
688132,35,1,1
688132,57,1,1
768812,6,1,1
769173,8,1,1
685457,29,1,1
685457,41,1,1
685623,20,1,1
685623,24,1,1
685623,25,3,5
685623,29,1,1
685623,38,3,5
685623,42,1,1
685623,45,1,1
685623,57,1,1
686226,22,1,1
686226,24,1,1
686226,29,3,5
686226,43,1,1
686226,45,1,1
684128,30,1,1
683812,30,1,1
683252,30,1,1
683252,50,1,1
688934,19,1,1
688934,30,1,1
688934,32,1,1
687255,32,1,1
684378,32,1,1
683747,20,1,1
683747,42,1,1
689348,62,3,5
769275,39,3,5
769278,52,1,1
769281,6,3,5
685894,42,1,1
685894,17,1,1
769588,8,1,1
686584,65,3,5
686584,91,3,5
769597,33,1,1
683662,65,1,1
684664,67,1,1
684664,93,1,1
685989,62,1,1
687408,69,1,1
687408,67,1,1
770528,8,1,1
683586,59,1,1
683586,44,1,1
686444,18,1,1
686178,7,1,1
686178,8,1,1
687832,18,1,1
685279,39,1,1
689353,39,3,5
689057,52,1,1
687195,8,1,1
687350,44,1,1
684957,8,1,1
687846,52,3,5
689806,8,1,1
683413,18,1,1
683413,59,1,1
689273,52,1,1
684107,59,1,1
684107,7,3,5
684107,56,1,1
689105,8,1,1
689503,59,3,5
686014,44,1,1
687933,56,1,1
686244,44,1,1
689720,59,1,1
690073,39,1,1
741455,381,1,1
741458,8,1,1
741468,39,1,1
683823,52,1,1
683132,40,1,1
685871,56,1,1
770573,8,1,1
788645,7,1,1
788758,7,1,1
786024,39,1,1
786024,60,1,1
687283,40,1,1
689706,59,1,1
688197,44,1,1
686403,8,1,1
689171,8,1,1
688821,8,1,1
688601,8,1,1
689363,8,3,5
689363,59,1,1
689363,18,1,1
686081,18,1,1
688201,377,3,5
685349,59,1,1
687264,7,1,1
684875,377,3,5
686642,40,1,1
684142,7,1,1
685019,7,1,1
683651,7,1,1
685231,7,1,1
688625,1,1,1
685200,1,1,1
684335,1,1,1
687637,1,1,1
689471,44,1,1
686663,61,3,5
685599,56,1,1
685600,18,3,5
685600,33,3,5
686335,44,1,1
689600,33,1,1
683110,56,1,1
686176,7,1,1
687523,44,1,1
689643,44,1,1
683242,56,1,1
683905,61,1,1
683091,56,1,1
684080,44,1,1
684080,56,1,1
688912,56,1,1
683561,44,1,1
684487,56,1,1
690062,56,3,5
685992,44,1,1
688876,44,1,1
684452,44,1,1
683956,44,1,1
687156,56,1,1
687157,61,3,5
687157,56,1,1
687797,44,1,1
689213,44,1,1
687606,44,1,1
686272,56,3,5
688535,56,1,1
684105,12,1,1
688336,23,1,1
684980,23,1,1
683826,14,1,1
685930,53,1,1
687749,14,3,5
790693,18,1,1
793063,35,3,5
688582,14,3,5
687186,12,1,1
687186,32,1,1
685159,12,1,1
683488,14,1,1
686846,23,3,5
686846,51,1,1
684175,23,1,1
689445,4,1,1
689445,12,3,5
689445,34,3,5
730941,2,1,1
687814,14,1,1
687815,12,1,1
689295,32,3,5
686198,4,1,1
690006,14,1,1
687668,25,1,1
689828,4,1,1
687669,25,1,1
688323,34,1,1
688323,48,1,1
688323,50,1,1
688321,14,1,1
683813,4,1,1
686719,53,1,1
689331,50,1,1
683831,14,1,1
683831,34,1,1
687750,23,3,5
687503,12,1,1
687660,12,1,1
685484,12,1,1
689058,12,1,1
794372,18,1,1
684725,53,1,1
685424,2,1,1
685424,51,1,1
685425,32,1,1
839087,53,3,5
857230,50,1,1
688894,30,1,1
685395,34,1,1
685076,2,1,1
683914,50,1,1
686121,11,1,1
740220,50,1,1
687793,34,1,1
689060,12,1,1
689060,14,1,1
687936,379,1,1
687936,51,1,1
684948,2,3,5
768253,32,1,1
684708,379,1,1
684708,7,1,1
685225,14,3,5
686699,50,1,1
686555,34,1,1
685261,2,1,1
685261,51,1,1
685380,60,1,1
685380,67,1,1
685380,9,1,1
685380,14,1,1
685380,42,1,1
685380,47,1,1
688014,8,1,1
683354,4,1,1
683354,14,1,1
683354,22,1,1
688474,14,1,1
688474,22,1,1
686384,2,1,1
688096,12,1,1
688096,23,1,1
688096,34,1,1
688034,47,1,1
683291,9,1,1
685388,34,1,1
801753,51,1,1
689364,24,1,1
801762,43,3,5
856866,48,3,5
683389,53,1,1
687213,51,1,1
817156,14,1,1
689797,48,3,5
683366,23,1,1
690020,23,1,1
690020,51,1,1
687696,51,1,1
820682,14,1,1
820682,48,1,1
685986,48,1,1
688037,50,1,1
689563,14,1,1
820778,2,3,5
683292,14,1,1
683292,20,1,1
683292,28,1,1
683292,43,1,1
683775,2,1,1
685056,23,3,5
685056,38,1,1
688462,14,1,1
687355,14,1,1
688244,14,1,1
688244,34,1,1
688244,48,1,1
684786,25,1,1
683656,14,1,1
684074,82,1,1
684074,23,1,1
687160,48,1,1
684003,10,1,1
684003,34,1,1
686835,22,1,1
685167,12,1,1
688122,11,1,1
688122,41,1,1
688122,45,1,1
686532,68,1,1
686532,91,3,5
686532,41,1,1
687415,14,1,1
687303,48,1,1
687304,53,1,1
687304,22,1,1
686664,43,1,1
687380,4,3,5
686994,43,1,1
685615,43,1,1
683706,21,1,1
683839,51,1,1
687999,51,1,1
688572,39,3,5
684459,381,3,5
686997,23,3,5
684181,51,1,1
684889,82,3,5
685692,43,1,1
686510,2,1,1
683103,12,3,5
685945,25,1,1
688542,11,1,1
684586,53,1,1
686863,53,1,1
687317,14,1,1
687317,32,1,1
688304,51,1,1
685133,50,1,1
688158,48,1,1
687722,14,1,1
687722,19,1,1
687722,28,1,1
687722,58,3,5
685256,12,3,5
685256,14,1,1
688713,26,1,1
683099,2,1,1
686216,48,1,1
688288,22,3,5
688288,50,1,1
683434,23,1,1
687202,32,1,1
687275,32,1,1
689763,51,1,1
685976,51,1,1
686420,43,1,1
687929,51,1,1
689851,32,3,5
689851,51,1,1
688502,2,3,5
688502,23,3,5
686480,379,1,1
686480,39,3,5
683575,39,3,5
685814,14,1,1
687445,51,1,1
688641,34,1,1
687678,32,1,1
684116,34,1,1
684668,45,1,1
685036,67,1,1
685036,28,1,1
685207,67,1,1
685207,9,1,1
684364,28,1,1
685176,67,1,1
689103,41,1,1
688452,67,3,5
686553,41,1,1
683418,57,1,1
685059,28,1,1
687705,19,1,1
688057,52,1,1
685205,41,1,1
689342,19,1,1
684140,19,1,1
684813,19,1,1
885978,18,1,1
686852,67,1,1
688171,41,1,1
686006,69,3,2
686006,29,1,1
689209,62,1,1
684068,21,1,1
684776,59,1,1
686559,49,1,1
686356,59,1,1
685628,28,1,1
839370,8,1,1
839370,18,1,1
839373,35,1,1
839373,49,1,1
839374,61,1,1
839382,65,1,1
839396,70,1,1
806430,80,3,5
806376,379,1,1
806385,51,1,1
815323,52,1,1
821479,39,1,1
834652,8,1,1
859151,40,3,5
934888,33,1,1
934888,59,1,1
731044,60,1,1
728610,18,1,1
729669,33,1,1
729675,59,1,1
730731,33,1,1
730760,8,1,1
728694,33,1,1
728752,33,1,1
730784,60,1,1
735330,33,1,1
735330,59,1,1
735338,8,1,1
737475,39,1,1
737475,6,3,5
737994,51,3,5
738011,39,1,1
737483,6,3,5
737589,39,1,1
737527,39,1,1
689496,41,1,1
688511,45,1,1
688511,47,1,1
688511,69,3,2
686704,38,1,1
686704,9,1,1
686704,24,1,1
686466,24,1,1
686466,37,1,1
689615,35,1,1
689615,36,1,1
687618,41,1,1
683281,41,1,1
685066,11,1,1
721939,9,1,1
689238,24,1,1
688107,92,3,5
686569,41,1,1
687799,47,1,1
686292,68,3,5
686292,26,1,1
686567,53,1,1
686567,66,3,5
686567,69,3,5
684410,41,1,1
686617,41,1,1
686617,47,1,1
684386,24,1,1
688411,38,1,1
688411,41,1,1
685511,37,1,1
685511,38,1,1
685511,55,1,1
687092,66,3,5
687910,53,1,1
687000,38,3,5
685367,25,1,1
686338,38,1,1
688013,24,1,1
688013,47,1,1
758564,45,1,1
684554,38,1,1
685246,9,1,1
685246,55,1,1
685735,47,1,1
687571,37,1,1
687571,38,1,1
684294,24,1,1
687351,25,1,1
758635,10,1,1
758662,25,1,1
732427,25,1,1
687748,53,1,1
687748,9,1,1
687748,25,1,1
687748,37,1,1
684722,25,1,1
684722,53,1,1
758652,53,1,1
689144,41,1,1
738589,53,1,1
684369,55,1,1
687006,47,3,5
685381,41,1,1
685381,69,3,2
683450,26,1,1
683450,69,1,1
683438,41,1,1
689764,25,1,1
683904,41,1,1
683904,69,3,2
684398,24,1,1
689877,37,1,1
689877,41,1,1
689878,41,1,1
688128,53,1,1
688128,11,1,1
683324,24,1,1
683324,41,1,1
685057,24,1,1
685057,41,1,1
687973,24,1,1
687973,41,1,1
687973,58,1,1
687578,34,1,1
686760,38,1,1
685525,37,1,1
685525,38,1,1
686109,41,1,1
686109,38,1,1
684840,38,1,1
685772,41,1,1
683317,11,1,1
683317,24,1,1
689868,24,1,1
689868,26,1,1
789560,37,1,1
690011,41,1,1
684603,11,1,1
689437,55,1,1
787695,45,1,1
791579,24,3,5
791580,41,1,1
791581,45,1,1
791626,25,1,1
791626,63,1,1
858389,47,1,1
793415,53,1,1
793415,11,1,1
793421,58,1,1
795520,25,1,1
797768,25,1,1
802169,25,1,1
795053,53,1,1
795053,10,1,1
798401,25,1,1
798401,53,1,1
802087,10,1,1
802094,25,1,1
802094,53,1,1
684576,69,3,2
684576,37,1,1
684839,45,1,1
685540,24,1,1
685616,9,1,1
686717,58,1,1
689672,37,1,1
689672,47,1,1
731010,25,3,5
802182,53,1,1
873603,55,1,1
802175,26,1,1
802175,38,3,5
801805,58,1,1
800164,58,1,1
686841,11,3,5
686841,45,1,1
689632,53,1,1
686195,38,1,1
689804,24,1,1
816015,47,1,1
835678,58,1,1
878264,37,1,1
902940,38,1,1
902943,25,1,1
902958,41,1,1
683165,10,3,5
721925,53,1,1
801957,53,1,1
742058,38,1,1
742150,41,3,5
686282,38,1,1
685121,12,1,1
859986,34,1,1
866824,34,1,1
687915,12,1,1
885454,14,1,1
867409,4,1,1
946361,51,1,1
874264,43,3,5
685507,22,1,1
684467,34,1,1
907662,51,1,1
687715,34,1,1
685343,23,1,1
689937,14,1,1
689938,38,3,5
684307,45,1,1
683975,4,1,1
683821,14,1,1
687396,2,1,1
687396,32,1,1
689433,51,1,1
685739,43,1,1
683495,4,1,1
685988,22,1,1
689018,32,1,1
688465,2,1,1
688465,14,1,1
686827,2,1,1
686827,23,1,1
686827,48,1,1
689198,48,1,1
683613,34,1,1
683613,53,1,1
689588,32,1,1
685179,4,1,1
683881,51,1,1
683407,14,1,1
683407,32,1,1
689061,48,1,1
684618,51,3,5
687783,51,1,1
684674,25,1,1
684674,48,3,5
685726,14,1,1
685727,14,1,1
685727,34,1,1
683408,23,1,1
687603,48,1,1
687763,14,1,1
689189,53,1,1
689300,53,1,1
689488,10,1,1
686723,51,1,1
687147,82,3,5
686214,51,3,5
684285,4,1,1
686826,51,1,1
686687,14,1,1
683272,4,1,1
683679,12,3,5
688846,53,1,1
689861,23,1,1
689447,51,1,1
688951,23,1,1
686712,23,1,1
687023,23,1,1
687464,50,1,1
685550,4,1,1
685550,50,1,1
687496,23,1,1
686457,51,1,1
686770,4,1,1
687887,23,3,5
687430,43,1,1
687424,4,1,1
685471,4,1,1
683369,2,1,1
683066,48,1,1
683440,12,1,1
683363,2,1,1
683363,48,1,1
689392,2,3,5
689392,51,1,1
686012,51,1,1
684529,23,1,1
684133,45,1,1
684415,53,1,1
685980,32,3,5
685077,4,1,1
685762,2,1,1
685762,14,1,1
686469,12,1,1
687209,7,1,1
683847,7,1,1
947903,44,1,1
947959,18,1,1
947959,44,1,1
948002,33,1,1
948035,18,1,1
685312,2,1,1
685312,23,1,1
685312,32,1,1
685312,34,1,1
687196,4,1,1
685538,53,1,1
683513,53,1,1
754874,55,1,1
685609,4,1,1
685609,51,1,1
685125,10,3,5
688133,32,1,1
688133,34,1,1
688133,48,1,1
689118,12,1,1
685044,42,1,1
685044,53,1,1
687941,4,1,1
687941,25,1,1
687941,48,1,1
687941,51,1,1
689726,32,1,1
899648,70,1,1
899649,70,1,1
899673,8,1,1
899686,2,1,1
899686,12,1,1
899698,60,1,1
899699,39,1,1
899699,59,1,1
899701,40,1,1
899701,52,1,1
899701,61,1,1
899702,33,1,1
899711,53,1,1
899712,28,1,1
899712,36,1,1
899712,57,1,1
898976,61,3,5
898985,7,1,1
898990,33,1,1
898995,6,1,1
898996,7,1,1
871069,10,3,5
871069,45,1,1
871069,58,1,1
943948,6,3,5
899015,48,3,5
899019,51,3,5
944004,6,1,1
944004,40,1,1
899022,14,1,1
899026,36,1,1
899027,14,1,1
899031,7,1,1
899032,6,1,1
899032,8,1,1
899032,56,1,1
899054,7,1,1
899055,52,3,5
899059,37,1,1
899059,58,1,1
943954,51,1,1
866470,7,1,1
866470,18,1,1
866470,33,1,1
866470,44,1,1
899075,39,1,1
899076,59,1,1
899084,12,1,1
899085,23,1,1
899100,59,1,1
899104,6,1,1
899104,59,1,1
899112,7,1,1
899112,56,1,1
899114,18,1,1
899122,23,1,1
899122,32,1,1
899123,68,1,1
899123,50,1,1
899123,59,1,1
899124,38,1,1
899125,37,1,1
899130,18,1,1
899131,53,1,1
899134,60,1,1
899134,91,3,5
899134,20,1,1
899134,24,1,1
899134,32,1,1
899134,57,1,1
871240,48,1,1
871240,55,1,1
899136,67,1,1
899136,17,1,1
899137,22,1,1
899144,17,1,1
899144,42,1,1
899145,67,1,1
899153,56,1,1
899158,44,3,5
881483,14,1,1
881483,58,1,1
899162,37,1,1
899162,45,1,1
899164,7,1,1
899164,18,1,1
899164,39,1,1
899168,2,1,1
899168,17,1,1
899168,35,1,1
899170,36,1,1
899170,51,1,1
899171,14,1,1
899171,41,1,1
899172,59,3,5
899175,2,1,1
899184,4,1,1
899184,20,1,1
899184,43,3,5
899188,34,1,1
899188,42,1,1
899190,39,1,1
899192,53,1,1
899194,40,1,1
899195,7,1,1
899220,52,1,1
899243,38,1,1
899263,381,3,5
899272,7,1,1
899273,52,1,1
899275,7,1,1
899278,51,1,1
899279,60,1,1
899287,80,1,1
899287,379,3,5
899296,59,1,1
899301,60,1,1
899310,51,1,1
899311,51,1,1
899311,80,3,5
899311,379,1,1
899319,8,1,1
899319,33,1,1
899320,18,1,1
899320,56,1,1
899326,33,1,1
899328,381,1,1
899329,80,3,5
899329,381,1,1
899378,59,1,1
899380,19,1,1
899380,30,1,1
899383,51,1,1
899455,44,1,1
899486,18,1,1
899486,60,1,1
899498,41,1,1
899499,23,1,1
899505,22,1,1
899506,22,1,1
899515,14,1,1
899515,50,1,1
899525,23,1,1
899525,34,1,1
899533,51,1,1
899534,14,1,1
899534,48,1,1
899535,21,3,5
899537,23,1,1
899537,34,1,1
899560,7,3,5
899565,32,3,5
899582,7,1,1
899625,14,1,1
899625,48,1,1
899721,2,3,5
899721,42,1,1
899721,57,1,1
899721,58,1,1
899722,9,1,1
899722,25,1,1
899752,21,1,1
899752,43,1,1
899753,26,1,1
899754,48,1,1
899757,53,1,1
899759,48,1,1
899760,42,1,1
899771,55,1,1
899771,67,1,1
899811,59,1,1
899812,39,1,1
899814,44,1,1
899821,7,1,1
899822,39,1,1
899824,59,1,1
899824,61,3,5
899826,18,1,1
899826,33,1,1
899832,56,1,1
899843,39,1,1
899853,80,3,5
899888,47,1,1
899888,62,1,1
899888,92,3,5
899900,59,1,1
899907,377,3,5
899912,377,1,1
899920,7,1,1
899928,7,1,1
899928,40,1,1
899929,39,3,5
899944,40,3,5
899957,53,1,1
899964,45,1,1
899971,8,1,1
899974,44,1,1
899975,18,1,1
899977,61,1,1
899981,56,1,1
899981,61,3,5
900009,82,1,1
900019,8,1,1
900024,18,1,1
900025,7,3,5
900059,28,1,1
900072,8,1,1
900072,18,1,1
900072,33,1,1
900072,40,1,1
900073,33,1,1
900073,60,1,1
900090,39,1,1
900114,12,1,1
900114,14,1,1
900114,43,1,1
900114,57,1,1
900116,53,1,1
900116,55,1,1
900117,35,1,1
900117,59,3,5
900118,2,3,5
900118,9,1,1
900118,17,1,1
900118,32,3,5
900118,37,1,1
900118,53,1,1
900119,59,1,1
900119,70,1,1
905003,7,1,1
932445,23,1,1
934751,59,1,1
934859,56,1,1
934875,18,1,1
934901,26,1,1
934901,28,1,1
934901,51,1,1
941843,7,1,1
941922,40,1,1
941929,7,1,1
943181,40,1,1
943243,7,1,1
943964,7,1,1
943974,52,1,1
948194,33,1,1
948194,44,1,1
948194,52,1,1
685673,23,1,1
685239,7,1,1
758364,52,1,1
686051,4,1,1
687830,53,1,1
683596,4,3,5
686297,58,1,1
685667,14,1,1
959215,8,1,1
959226,52,1,1
959241,39,1,1
959249,8,1,1
959267,8,1,1
959267,39,1,1
959276,8,1,1
959321,33,1,1
959321,60,1,1
959346,33,1,1
959470,32,1,1
959470,58,1,1
959597,9,1,1
860862,16,1,1
963084,16,1,1
794078,52,1,1
738000,6,1,1
964103,7,1,1
964211,7,1,1
964217,7,1,1
964229,39,3,5
964235,7,1,1
964248,7,1,1
964279,52,1,1
840581,52,1,1
859873,52,1,1
964322,52,1,1
791994,6,1,1
791994,52,1,1
971579,7,1,1
971579,40,1,1
971676,7,1,1
971698,40,1,1
971702,7,1,1
971706,7,1,1
971710,7,1,1
971714,6,1,1
971714,40,1,1
971739,6,1,1
971763,7,1,1
971773,6,1,1
971786,7,1,1
971973,7,1,1
971992,7,1,1
972017,7,1,1
972084,7,1,1
972087,40,1,1
972095,7,1,1
972101,7,1,1
972110,377,1,1
972127,40,1,1
972144,40,1,1
972198,6,1,1
972209,40,1,1
972802,377,1,1
972811,40,1,1
972824,40,1,1
973398,7,1,1
686128,40,1,1
972864,7,1,1
857758,40,1,1
972873,7,1,1
972878,6,1,1
684298,40,1,1
840624,40,1,1
878912,40,1,1
689383,6,1,1
686974,7,1,1
943971,7,1,1
899931,52,1,1
840615,6,1,1
840615,7,1,1
973855,56,1,1
979442,44,1,1
899268,6,1,1
899268,40,1,1
899048,40,1,1
687432,1,1,1
878657,50,1,1
900048,22,1,1
900049,29,1,1
689006,23,1,1
685553,16,1,1
688788,2,1,1
684981,48,1,1
688182,67,1,1
688182,69,1,1
688433,29,1,1
688859,1,1,1
685951,26,1,1
899411,55,1,1
683258,44,1,1
732561,33,1,1
728657,56,1,1
731786,33,1,1
731786,60,3,5
731884,59,3,5
1006272,24,1,1
1006272,42,1,1
1006272,55,1,1
683720,44,1,1
683720,52,1,1
683765,52,1,1
687906,59,1,1
688792,44,1,1
689048,6,1,1
689048,7,1,1
689048,39,1,1
688459,59,1,1
683990,59,1,1
839389,70,3,5
683988,33,1,1
683988,18,1,1
899271,40,3,5
689945,44,1,1
899985,29,1,1
899985,67,1,1
885459,2,1,1
899899,379,1,1
684365,7,1,1
684365,59,1,1
899478,7,1,1
686781,6,1,1
688981,7,1,1
689174,7,1,1
833204,377,1,1
899779,61,1,1
788005,1,1,1
688751,56,1,1
688119,67,1,1
684789,45,1,1
686132,24,1,1
686132,26,1,1
687837,30,1,1
721881,22,1,1
721881,32,1,1
683233,48,1,1
687942,12,1,1
688053,2,1,1
685613,23,1,1
685613,51,1,1
689862,14,1,1
687507,14,1,1
833285,22,1,1
833285,23,1,1
833285,32,1,1
833285,43,1,1
833285,50,1,1
899023,32,3,5
688968,2,3,5
685963,48,1,1
689740,48,1,1
687882,7,1,1
687882,52,1,1
685348,8,1,1
737997,51,3,5
899716,9,1,1
899716,55,1,1
686366,21,1,1
683475,62,1,1
686421,19,1,1
689421,53,1,1
683192,11,1,1
688285,8,1,1
688285,18,1,1
685233,30,1,1
689478,20,1,1
899167,7,1,1
688167,2,1,1
687246,32,1,1
687246,53,1,1
687898,6,1,1
687511,6,1,1
689604,39,1,1
868471,16,1,1
868486,16,1,1
688832,7,1,1
686064,7,1,1
687620,33,1,1
689086,44,3,5
689086,52,1,1
686157,14,1,1
684031,2,3,5
684031,14,3,5
684588,4,3,5
683461,56,1,1
690021,34,1,1
688618,22,1,1
903090,29,1,1
683907,14,1,1
868467,16,1,1
900051,51,1,1
684895,70,1,1
687521,20,1,1
687521,50,1,1
685991,14,1,1
685991,48,1,1
689571,14,1,1
686516,20,1,1
686516,50,1,1
687377,7,1,1
686303,44,1,1
684435,44,1,1
932832,7,1,1
684663,44,1,1
686948,44,1,1
685853,22,3,5
833267,2,1,1
900011,14,1,1
900011,50,1,1
688475,14,1,1
836338,25,1,1
836338,58,1,1
859797,48,3,5
683617,45,1,1
686982,9,1,1
686512,22,1,1
689528,26,1,1
728821,10,1,1
802079,11,1,1
802079,53,1,1
685271,25,1,1
684865,50,1,1
685442,2,1,1
687787,2,1,1
687787,34,1,1
685180,50,3,5
687856,53,1,1
689504,34,1,1
688054,53,1,1
684700,22,1,1
683786,53,1,1
683786,45,1,1
689368,14,3,5
932248,12,1,1
687382,51,1,1
833196,14,1,1
833196,32,1,1
686890,55,1,1
950061,38,1,1
900043,29,1,1
1041618,65,1,1
1041619,62,1,1
1041619,93,1,1
1041620,62,1,1
1041621,1,1,1
899571,70,1,1
1041632,60,1,1
1041632,62,1,1
1041632,70,1,1
1041643,1,1,1
1041643,62,1,1
1041654,60,1,1
1041654,62,1,1
1041665,60,1,1
1041665,227,1,1
1041676,65,1,1
1041719,62,1,1
899877,61,1,1
899877,62,1,1
1041742,1,1,1
1041742,70,1,1
899875,93,1,1
1041761,61,1,1
1041761,65,1,1
1041777,70,1,1
899876,60,1,1
899876,227,1,1
1041792,65,1,1
959740,93,3,5
1041837,61,3,5
1041843,93,3,5
1041849,93,3,5
885532,61,1,1
1041861,1,1,1
1041867,1,1,1
1041891,61,3,5
1041901,69,3,5
1042018,1,1,1
1042018,62,1,1
1042018,65,3,5
1042018,69,1,1
1042018,93,3,5
1042195,60,1,1
1042195,63,1,1
858291,93,1,1
860740,61,1,1
860740,93,1,1
688150,44,1,1
688506,44,1,1
683210,7,1,1
683624,40,1,1
685106,44,1,1
688911,44,1,1
898969,44,1,1
686147,7,3,5
686726,7,1,1
686043,44,1,1
683217,44,1,1
979392,44,1,1
979564,44,1,1
1013684,8,1,1
1013684,33,1,1
1013712,60,1,1
1013712,227,1,1
1013736,16,1,1
1013743,67,1,1
688451,59,1,1
689662,61,3,5
688097,61,3,5
899988,1,1,1
1044244,1,1,1
1044259,227,1,1
1044274,93,3,5
1044277,65,3,5
1044277,69,3,5
1044277,227,3,5
1044283,227,1,1
1044302,1,1,1
685594,28,1,1
833258,56,1,1
1150943,67,1,1
1150945,37,1,1
1150945,55,1,1
1150959,37,1,1
1150959,41,1,1
687779,2,1,1
687779,32,1,1
687779,53,1,1
736399,38,1,1
688334,38,1,1
688334,24,1,1
688334,41,1,1
1150933,26,1,1
877688,22,1,1
877688,26,1,1
877688,38,1,1
899532,25,1,1
899532,53,1,1
931856,41,1,1
899046,14,1,1
899049,19,3,5
899049,34,1,1
899049,38,1,1
899049,53,1,1
899049,55,1,1
899049,67,3,5
899704,35,1,1
899704,67,1,1
1159087,57,1,1
1159087,69,1,1
1159089,24,1,1
1159091,63,1,1
1159095,14,1,1
1159097,25,1,1
1159097,68,3,5
1159109,12,1,1
1159111,41,1,1
1159111,66,1,1
1159111,69,1,1
1159115,9,1,1
1159115,41,1,1
1159117,25,1,1
1159117,28,1,1
1159117,55,1,1
1159117,69,3,5
1159121,29,1,1
1159121,58,1,1
1159123,45,1,1
1159123,67,1,1
1159139,25,1,1
1159145,24,1,1
1159145,37,1,1
1159147,38,1,1
1159147,45,1,1
1159147,53,1,1
1159149,25,1,1
1159149,45,1,1
1159165,9,1,1
1159165,38,1,1
1159167,63,3,5
1159169,11,1,1
1159177,26,1,1
1159183,41,1,1
1159191,57,1,1
689276,56,1,1
689997,60,1,1
731813,33,1,1
689953,8,1,1
689646,8,1,1
737487,6,3,5
684797,60,3,5
689728,61,1,1
730768,60,3,5
683715,39,1,1
730893,18,1,1
684073,44,1,1
737595,39,1,1
979549,56,1,1
982694,33,1,1
1132409,36,1,1
685079,21,1,1
1179665,53,1,1
1179665,55,1,1
1179665,92,1,1
1089379,38,1,1
684945,53,1,1
900098,30,1,1
900108,20,1,1
899737,11,1,1
899737,26,1,1
899737,37,1,1
899737,41,1,1
899737,42,1,1
899737,55,1,1
1093954,28,1,1
1093954,55,1,1
1094025,20,1,1
899598,2,1,1
899598,20,1,1
686869,20,1,1
1094163,20,1,1
1094163,30,1,1
1094163,50,1,1
1094174,50,1,1
1110245,44,1,1
686101,19,1,1
789543,55,1,1
789543,67,1,1
1151267,58,1,1
1151277,2,1,1
1151277,32,1,1
1151285,58,1,1
1151287,45,1,1
835830,17,1,1
835830,29,1,1
835830,57,1,1
899756,20,1,1
899756,38,1,1
899756,49,1,1
860767,1,1,1
860767,93,1,1
687808,9,1,1
687808,55,1,1
689623,45,1,1
685552,33,1,1
686912,59,1,1
728788,33,1,1
688520,23,3,5
686708,2,1,1
686708,48,1,1
802084,53,1,1
684591,12,3,5
684591,14,1,1
687226,50,1,1
684540,2,1,1
687166,51,1,1
683735,48,1,1
683214,2,3,5
687784,2,3,5
690031,43,1,1
690031,4,1,1
684371,22,1,1
686507,14,1,1
683411,70,1,1
683411,33,1,1
899005,43,1,1
899997,1,1,1
1127122,33,1,1
1127124,21,1,1
1127128,6,1,1
1127128,8,1,1
1127134,6,1,1
1041083,1,1,1
1041088,1,1,1
1041093,1,1,1
1041093,93,1,1
688279,34,1,1
1041338,93,1,1
1041343,1,1,1
1041369,1,1,1
1041369,93,1,1
1041374,1,1,1
1041386,70,1,1
1041506,56,1,1
1041543,1,1,1
1041589,93,1,1
860789,65,1,1
860789,227,1,1
1041615,227,1,1
1041616,65,1,1
1041616,93,1,1
1041617,65,1,1
1132348,24,1,1
1132350,53,1,1
1132350,58,1,1
1132352,45,1,1
1132352,58,1,1
899631,39,1,1
899630,39,1,1
899630,52,1,1
899620,39,1,1
899620,52,1,1
899621,44,1,1
866494,18,1,1
899632,8,1,1
899632,39,1,1
899635,8,1,1
899635,51,1,1
687631,25,1,1
687631,53,1,1
1085089,8,1,1
1085089,39,1,1
969499,7,1,1
969510,7,1,1
969546,7,1,1
969552,7,1,1
969588,7,1,1
1127120,36,1,1
1127120,49,1,1
899004,49,1,1
690040,20,1,1
1146924,62,1,1
1146926,91,1,1
1146926,92,1,1
1225019,58,1,1
1225171,61,3,5
1225173,61,1,1
1225177,56,1,1
1225181,1,3,5
1225191,18,1,1
1225191,44,1,1
1225197,61,1,1
1225199,39,1,1
1225199,44,1,1
1225199,60,1,1
1225203,44,1,1
1225207,7,1,1
1225207,18,1,1
1225207,40,1,1
1225207,59,1,1
1225207,60,1,1
1225221,56,1,1
1225223,59,1,1
689526,59,1,1
685295,44,1,1
684344,61,1,1
839362,44,1,1
687111,44,1,1
687111,40,1,1
686447,18,1,1
687905,18,1,1
687905,56,1,1
687905,59,1,1
1225582,40,1,1
1225582,80,1,1
1225582,377,3,5
1225584,39,1,1
1225584,377,3,5
1225590,6,1,1
1225590,39,1,1
1225590,40,1,1
835765,52,1,1
835765,59,1,1
835793,18,1,1
835811,60,1,1
835811,59,1,1
1233790,4,1,1
1233792,50,1,1
1233800,4,1,1
1233810,22,1,1
1233810,34,1,1
1233810,50,1,1
1233810,53,1,1
1233812,30,1,1
1233814,4,1,1
1233816,32,1,1
683102,48,1,1
688187,4,1,1
683810,4,3,5
900046,21,1,1
689799,43,1,1
1151291,50,1,1
686741,2,1,1
1238777,56,1,1
1238783,18,1,1
1238785,56,1,1
1238787,56,1,1
1238791,61,3,5
1238793,7,1,1
1238805,44,1,1
1170324,28,3,5
688765,53,1,1
688765,50,1,1
899566,14,1,1
1159133,42,1,1
684821,34,1,1
686125,69,1,1
684612,17,1,1
686351,28,1,1
689666,67,1,1
686898,41,1,1
900122,43,1,1
1146922,29,1,1
687513,55,1,1
683445,41,1,1
893408,24,1,1
893408,26,1,1
893408,47,1,1
1159085,38,1,1
1159131,55,1,1
1222763,56,1,1
1222787,56,1,1
1222789,44,3,5
1222793,44,3,5
1222805,61,3,5
1222807,56,1,1
1222811,61,3,5
1222813,61,3,5
1222815,56,1,1
1222817,56,1,1
1222827,44,3,5
1222827,56,1,1
1222831,56,1,1
1222851,44,3,5
1222867,44,3,5
1222873,44,3,5
1268473,32,1,1
1268483,14,1,1
1268483,48,1,1
1268489,39,1,1
1268501,12,1,1
1268563,16,1,1
1268571,16,1,1
1268579,16,1,1
1268583,16,1,1
1268703,33,1,1
1268705,70,1,1
1269120,37,1,1
1269128,40,1,1
1269132,6,1,1
1269132,51,1,1
1268485,1,1,1
900094,62,1,1
899086,49,1,1
899086,62,1,1
1275206,70,1,1
1275208,70,1,1
1275208,21,1,1
1275208,36,1,1
1275208,59,1,1
1275222,70,1,1
1275227,62,1,1
1275227,49,1,1
1275229,35,1,1
1275229,59,1,1
730773,59,1,1
900038,52,1,1
686887,7,1,1
899149,44,1,1
1278505,59,1,1
1278511,56,1,1
1278511,61,1,1
1278511,93,1,1
686924,43,1,1
1279136,7,1,1
1268555,11,1,1
899742,14,1,1
899742,34,1,1
686635,28,1,1
686372,62,1,1
684969,17,1,1
684969,50,1,1
684439,50,1,1
899748,62,1,1
899739,12,1,1
1279624,19,1,1
1279624,20,1,1
1279624,23,1,1
1279640,23,1,1
1279644,51,1,1
1151289,48,1,1
1151289,53,1,1
684212,7,1,1
684236,7,1,1
874149,61,1,1
1277469,7,1,1
1277479,7,1,1
1277499,7,1,1
1277501,377,3,5
1277545,7,1,1
1277549,7,1,1
1277557,7,1,1
1277569,7,1,1
1277580,7,1,1
1277604,7,1,1
1277636,7,1,1
1277658,7,1,1
1277688,7,1,1
1277703,7,1,1
1277722,7,1,1
1277754,7,1,1
1277764,7,1,1
1232163,93,1,1
1232165,65,1,1
1232165,93,1,1
1232183,67,1,1
899427,37,1,1
688259,26,1,1
685368,37,1,1
1146920,45,1,1
1146910,91,1,1
689581,25,3,5
689581,26,1,1
1242955,42,1,1
1242955,50,1,1
1242959,19,1,1
1242961,28,1,1
1242961,29,1,1
1242963,17,1,1
1242963,19,1,1
1242963,42,1,1
1242969,19,1,1
1225596,56,1,1
899516,52,1,1
899641,44,1,1
899641,56,1,1
899800,56,1,1
684008,56,1,1
900015,44,1,1
899942,6,1,1
899942,33,1,1
899942,39,1,1
899942,52,1,1
899942,56,1,1
899946,44,1,1
899947,40,1,1
899947,44,1,1
899947,59,1,1
685711,56,1,1
689590,56,1,1
1252839,48,1,1
1252910,44,3,5
1252914,56,1,1
899670,33,1,1
720736,4,1,1
860815,16,1,1
687785,6,3,5
687785,39,1,1
899240,76,1,1
899543,8,1,1
899550,60,3,5
899813,33,1,1
899849,8,1,1
899849,59,1,1
900023,39,1,1
900023,51,1,1
899292,85,3,5
687585,51,1,1
1270934,6,1,1
1270934,379,1,1
1270950,44,1,1
1270950,52,1,1
1270952,59,1,1
1270954,59,1,1
1270958,8,1,1
1270964,39,1,1
1270964,379,1,1
1270986,6,1,1
1270990,51,1,1
1270992,39,1,1
1270994,39,1,1
1271000,39,1,1
1271012,39,1,1
1271016,39,1,1
1271034,39,1,1
874101,56,3,5
899902,7,1,1
903281,6,1,1
903281,7,1,1
899379,52,1,1
899381,52,1,1
1271335,56,1,1
1271337,7,1,1
1271337,377,3,5
1271343,7,1,1
899308,52,1,1
899308,56,1,1
1239389,7,1,1
1239399,59,1,1
1239405,18,1,1
1239407,52,1,1
1267581,84,1,1
860552,76,1,1
1344241,91,1,1
1150931,37,1,1
1150931,63,1,1
1150931,67,1,1
877352,48,3,5
1302489,50,1,1
1302487,2,1,1
1302491,30,1,1
1281864,14,1,1
1281864,48,1,1
1349438,53,3,5
1349439,67,1,1
1349440,36,1,1
1349441,49,1,1
1349450,22,1,1
1233782,43,3,5
1233782,51,1,1
900080,33,1,1
1302459,35,1,1
1275198,59,1,1
687652,60,1,1
1352332,8,1,1
1352332,51,1,1
1352333,36,1,1
1352334,8,3,5
1352336,33,1,1
1352336,36,1,1
1352337,36,1,1
1352338,36,1,1
1352340,43,1,1
1352341,49,1,1
1352344,49,1,1
1352345,8,1,1
1352345,43,1,1
899728,7,1,1
899728,44,1,1
899842,80,3,5
899113,59,1,1
1353055,70,1,1
1362521,56,1,1
684463,51,1,1
899592,34,1,1
899710,34,1,1
684954,34,1,1
689750,11,1,1
683268,9,1,1
683268,37,1,1
683268,41,1,1
684694,21,1,1
684694,30,1,1
899157,53,1,1
899021,32,1,1
899021,48,1,1
899508,14,1,1
952647,23,1,1
686823,51,3,5
1281876,34,1,1
1281880,32,1,1
1281882,14,1,1
1281882,51,1,1
1281884,12,1,1
1281884,48,1,1
1281896,53,1,1
1281900,32,3,5
1281902,23,1,1
838416,34,1,1
932050,51,1,1
933350,12,1,1
1279618,32,1,1
860449,43,1,1
860449,53,1,1
899258,43,1,1
899256,381,3,5
838440,385,1,1
838440,39,1,1
838440,51,1,1
877316,41,1,1
877316,48,1,1
1151265,26,1,1
838459,21,1,1
838459,35,1,1
838459,42,1,1
1285521,21,1,1
1285521,28,1,1
1285521,35,1,1
1285521,67,1,1
1207720,67,1,1
838549,62,1,1
1207718,68,3,5
1150941,66,3,5
1150941,69,1,1
1279620,43,1,1
1279620,50,1,1
1285410,4,1,1
838498,17,1,1
838498,19,1,1
838498,21,1,1
838498,26,1,1
838498,48,1,1
838498,49,1,1
1284769,43,1,1
1284771,33,1,1
1284771,60,1,1
899374,70,3,5
1132392,33,1,1
1085042,18,1,1
1085042,56,1,1
899629,39,1,1
838618,6,1,1
838618,379,1,1
877289,56,1,1
836672,33,1,1
836562,56,1,1
877291,52,1,1
836647,52,1,1
835750,8,1,1
835750,59,1,1
1225592,52,1,1
1225592,59,1,1
872650,29,3,5
860664,62,1,1
860664,70,1,1
835951,377,1,1
860411,381,1,1
836040,52,1,1
877355,48,1,1
877355,53,1,1
877355,58,1,1
877347,50,1,1
1285408,22,1,1
1285408,23,1,1
1285408,34,1,1
1285408,43,1,1
1285408,51,1,1
835984,2,1,1
835984,30,1,1
835984,42,1,1
1279614,4,1,1
1279614,51,1,1
1302634,12,1,1
1302634,14,1,1
1302634,26,1,1
1302634,28,1,1
1302634,34,1,1
1302634,37,1,1
1302634,58,1,1
1302634,62,1,1
877358,57,1,1
837856,7,1,1
837856,56,1,1
1285584,33,1,1
1285584,39,1,1
1285584,49,1,1
836955,59,1,1
836914,8,1,1
836914,33,1,1
900017,59,1,1
899111,33,1,1
837646,33,1,1
860595,61,1,1
866455,8,1,1
866455,49,1,1
866455,56,1,1
860688,36,1,1
860481,60,1,1
860481,62,1,1
856954,49,1,1
856954,51,1,1
856963,60,1,1
860480,21,1,1
1127110,59,1,1
856717,59,1,1
872643,8,1,1
872643,21,1,1
872643,59,1,1
881407,8,1,1
881407,35,1,1
1270115,61,1,1
1270115,67,1,1
1270115,1,1,1
959134,14,1,1
1256088,2,1,1
1256088,22,1,1
1256088,25,1,1
1256088,50,1,1
1256086,25,1,1
1256086,38,1,1
1256086,41,1,1
858134,26,1,1
932947,60,1,1
860452,33,1,1
860452,40,1,1
860452,52,1,1
895818,8,1,1
895818,33,1,1
860590,39,1,1
837794,59,1,1
835909,44,1,1
860463,7,1,1
860463,379,1,1
860416,18,1,1
860416,44,1,1
873846,8,1,1
873846,40,1,1
860755,39,1,1
860504,80,1,1
860504,383,1,1
860499,51,1,1
860499,381,1,1
860499,390,1,1
837750,381,1,1
860585,40,1,1
860585,85,3,5
860585,381,1,1
833228,391,1,1
860641,7,1,1
860641,72,1,1
860641,76,1,1
860641,377,1,1
860456,7,1,1
881398,39,3,5
881398,379,1,1
953927,51,1,1
860559,65,1,1
860690,26,1,1
860541,44,1,1
849164,44,3,5
849179,61,1,1
860477,93,1,1
838797,12,1,1
838797,23,1,1
838797,25,1,1
838797,43,1,1
838784,11,1,1
838784,14,1,1
838784,43,1,1
838784,47,1,1
838784,55,1,1
838784,58,1,1
838755,11,1,1
838755,22,1,1
838755,34,1,1
838755,50,1,1
838850,51,1,1
889361,2,1,1
838650,26,1,1
860591,51,1,1
860512,1,1,1
860512,55,1,1
860512,60,1,1
860512,69,1,1
860512,91,1,1
860750,1,1,1
860564,61,1,1
860521,32,1,1
860521,41,1,1
860521,69,3,5
860521,82,3,5
902938,82,3,5
860693,25,1,1
860693,38,1,1
860693,41,1,1
860627,23,1,1
860627,28,1,1
860627,47,1,1
860627,51,1,1
860627,53,1,1
860627,58,1,1
894450,28,1,1
894450,36,1,1
894450,43,1,1
894450,57,1,1
894450,62,1,1
860526,48,1,1
860526,55,1,1
938463,45,1,1
899529,43,1,1
860542,29,1,1
860542,59,1,1
860542,60,1,1
860473,34,1,1
860473,53,1,1
860473,70,1,1
860473,82,3,5
860430,51,1,1
860430,52,1,1
860430,379,1,1
932976,18,1,1
860697,7,1,1
848805,7,1,1
848805,61,1,1
1041701,52,1,1
1041701,59,1,1
857235,61,3,5
857258,33,1,1
857258,56,1,1
860623,80,1,1
860623,381,1,1
1041690,67,1,1
860744,61,1,1
860744,62,1,1
1344237,62,1,1
860569,21,1,1
860569,35,1,1
860569,43,1,1
860569,60,1,1
860569,62,1,1
1283074,8,1,1
1283074,39,1,1
1283074,51,1,1
1283074,60,1,1
900121,60,1,1
900121,70,1,1
900121,29,1,1
900121,49,1,1
894453,19,1,1
1299043,44,1,1
907535,1,1,1
907535,9,1,1
907535,18,1,1
860841,60,1,1
1176969,38,1,1
1176969,53,1,1
860683,2,1,1
860683,48,1,1
1361913,8,1,1
1361913,36,1,1
1361913,38,1,1
1361913,57,1,1
1361912,65,1,1
1361912,69,1,1
1361912,26,1,1
1361912,37,1,1
1361912,39,1,1
1361912,56,1,1
856702,59,1,1
860604,9,1,1
860604,12,1,1
860604,28,1,1
860604,32,1,1
1281878,12,1,1
1159179,38,1,1
1159179,41,1,1
860576,33,1,1
860576,51,1,1
894266,67,1,1
894266,92,1,1
860442,35,1,1
860442,37,1,1
860442,43,1,1
860442,44,1,1
860442,48,1,1
860442,50,1,1
860442,67,1,1
860442,69,1,1
859820,2,1,1
859820,4,1,1
859820,30,1,1
859820,32,1,1
859820,34,1,1
859820,43,1,1
838396,51,1,1
838396,393,1,1
860714,25,1,1
860714,38,1,1
860714,63,1,1
860696,44,1,1
860696,61,1,1
860578,65,1,1
860578,91,1,1
885015,12,1,1
742073,38,1,1
683910,23,1,1
684152,48,3,5
686764,2,1,1
688136,22,3,5
1313658,8,1,1
1313658,35,1,1
1313658,36,1,1
1313658,49,1,1
1313658,60,1,1
686942,62,1,1
687974,39,1,1
689338,381,1,1
689338,8,1,1
899116,36,1,1
1225209,61,3,5
899393,2,1,1
899393,53,1,1
1151269,2,1,1
1151269,48,1,1
1151269,58,1,1
1315494,56,1,1
1315495,49,1,1
1315497,29,1,1
1315501,7,1,1
1315501,33,1,1
1315501,44,1,1
1315501,52,1,1
1315501,56,1,1
1315501,59,1,1
1315507,62,1,1
1344272,91,1,1
1344278,91,1,1
1344278,93,1,1
1344546,69,1,1
1344546,93,1,1
798288,38,1,1
798288,55,1,1
685409,69,3,2
688461,69,3,2
685148,26,1,1
948485,26,1,1
948485,38,1,1
948485,41,1,1
1361915,36,1,1
833287,38,1,1
1132407,43,1,1
1270960,40,1,1
1270960,52,1,1
1270970,39,1,1
1270968,40,1,1
1270968,52,1,1
1270972,52,1,1
892730,40,1,1
931844,41,1,1
905014,2,1,1
1281872,51,1,1
1279652,4,1,1
1279652,23,1,1
1302654,11,1,1
1302654,58,1,1
931842,9,1,1
931842,29,1,1
931842,55,1,1
1127118,33,1,1
1302640,36,1,1
1302652,21,1,1
1302652,51,1,1
900047,23,1,1
685592,12,1,1
821510,48,3,5
878628,50,1,1
878639,25,1,1
878639,58,1,1
688984,22,1,1
688984,48,1,1
686789,50,1,1
684788,2,1,1
900045,2,1,1
688861,50,1,1
689684,14,3,5
899966,2,1,1
899966,50,1,1
686685,12,3,5
688038,32,1,1
688038,50,1,1
686958,34,1,1
688372,53,3,5
686453,34,1,1
900042,37,1,1
900042,38,1,1
687085,24,1,1
796838,25,1,1
684783,53,1,1
684783,58,1,1
959812,24,1,1
689786,38,1,1
689786,41,1,1
689786,55,1,1
688837,57,1,1
959108,20,1,1
959108,36,1,1
685146,21,1,1
685146,30,1,1
683886,4,1,1
685775,30,1,1
686454,29,1,1
688631,17,1,1
683160,43,3,5
959042,26,1,1
959042,62,1,1
683811,28,1,1
683811,57,1,1
687388,26,1,1
687388,41,1,1
688431,29,1,1
686857,28,1,1
857191,21,1,1
684091,36,1,1
849126,60,1,1
849126,18,1,1
785183,8,1,1
728744,60,1,1
685684,49,1,1
684445,59,1,1
849141,61,1,1
1041991,70,1,1
907563,61,1,1
877402,25,1,1
877402,38,1,1
860514,59,1,1
887169,11,1,1
887169,38,1,1
1093904,9,1,1
1093904,28,1,1
1093904,63,3,5
907585,48,1,1
907585,50,1,1
907585,70,1,1
687087,20,1,1
684274,69,3,2
684638,37,1,1
684956,14,1,1
685634,53,1,1
907588,14,1,1
907588,22,1,1
907588,34,1,1
907588,38,1,1
907588,50,1,1
907588,53,1,1
802098,45,1,1
1277495,7,1,1
899898,8,1,1
899898,39,1,1
899898,40,1,1
899898,44,1,1
899898,56,1,1
860710,8,1,1
856676,56,1,1
1315492,61,3,5
1315492,44,1,1
1315493,59,1,1
1302630,28,1,1
1302630,62,1,1
1302630,67,1,1
1302628,20,1,1
1302628,29,1,1
1281870,38,1,1
899735,12,1,1
899735,14,1,1
899735,34,1,1
857654,1,1,1
894262,63,1,1
894262,66,1,1
894262,91,1,1
894262,227,1,1
1159195,58,1,1
1322173,8,1,1
1377512,30,1,1
1268521,12,1,1
1302666,19,1,1
1302666,22,1,1
1302656,50,1,1
1349443,17,1,1
1349443,29,1,1
1349443,35,1,1
1349443,63,1,1
684964,58,1,1
684964,23,1,1
684964,51,1,1
797095,25,1,1
1277724,7,1,1
689315,12,1,1
868488,16,1,1
1269126,70,1,1
1127114,49,1,1
899644,36,1,1
899117,60,1,1
899117,59,1,1
1302501,50,1,1
1302503,43,1,1
1302507,22,1,1
1302511,30,3,5
1302519,50,1,1
1302525,2,1,1
833274,10,1,1
833274,25,1,1
833274,34,1,1
899356,23,1,1
899356,53,1,1
833272,4,1,1
833272,22,1,1
683306,48,3,5
1302632,2,1,1
1302632,11,1,1
1302632,12,1,1
1302632,24,1,1
1302632,34,1,1
1302632,41,1,1
1302636,23,1,1
1302636,53,1,1
1302636,68,1,1
1302642,38,1,1
1302642,41,1,1
1302644,41,1,1
1302648,30,1,1
1302660,14,1,1
1302670,28,1,1
1309281,62,1,1
1309285,70,1,1
1309291,35,1,1
686597,7,3,5
683356,59,3,5
685270,56,1,1
688338,44,1,1
688338,56,1,1
1277802,7,1,1
1277832,7,1,1
899587,8,1,1
899587,33,1,1
899588,36,1,1
902782,52,1,1
899672,8,1,1
683536,44,1,1
683536,7,3,5
899318,39,1,1
899318,52,1,1
899307,56,1,1
899307,59,1,1
899332,52,1,1
1278493,8,1,1
1278493,40,1,1
1278497,60,1,1
899809,56,1,1
899809,59,1,1
1275202,33,1,1
948182,18,1,1
1225205,7,1,1
1225205,18,1,1
688050,7,1,1
688557,6,1,1
1283082,8,1,1
1283082,43,1,1
1283084,33,1,1
1283094,39,1,1
1283114,43,1,1
1283116,35,1,1
1283116,59,1,1
1283116,60,1,1
1283116,62,1,1
898987,23,1,1
684319,43,1,1
899336,51,1,1
685878,51,1,1
899894,51,1,1
688553,51,1,1
1284777,51,1,1
1284789,51,1,1
1284797,51,1,1
1284805,43,1,1
1284809,2,1,1
1284811,12,1,1
1284819,51,1,1
1284821,43,1,1
1284825,51,1,1
1284831,51,1,1
1284841,51,1,1
1284849,43,1,1
1284849,51,1,1
1284851,51,1,1
1085061,6,1,1
1085061,40,1,1
769165,52,1,1
785427,52,1,1
769170,52,1,1
899343,52,3,5
1042115,69,1,1
1042125,62,1,1
1042120,1,1,1
1042120,69,1,1
1042050,93,3,5
1042080,1,1,1
1042080,69,3,5
1042030,91,3,5
1042070,1,1,1
1042040,227,3,5
1042167,69,1,1
1176971,62,1,1
686405,39,1,1
887296,23,1,1
887296,50,1,1
1279628,2,1,1
1279628,22,1,1
1279628,47,3,5
1284865,51,1,1
1284871,51,1,1
1282234,53,1,1
687040,50,1,1
899011,51,1,1
1233796,22,1,1
899650,23,1,1
683728,22,1,1
899596,4,1,1
899596,20,1,1
1285414,2,1,1
1285414,42,1,1
1285418,14,1,1
1285418,53,1,1
1285422,58,3,5
1285523,17,1,1
1285523,20,1,1
1285523,57,1,1
1225594,40,1,1
1225594,52,1,1
1285622,7,1,1
1285630,7,1,1
899438,55,1,1
683605,16,1,1
868499,16,1,1
868502,16,1,1
689107,16,1,1
1285862,16,1,1
1285872,16,1,1
684209,48,1,1
688424,50,1,1
900012,14,1,1
689832,48,1,1
688722,22,3,5
688722,38,1,1
688722,48,1,1
687308,32,1,1
683368,2,3,5
685564,4,1,1
685564,20,1,1
685564,57,1,1
1287816,14,3,5
939244,67,1,1
899705,2,1,1
899705,34,1,1
899705,48,1,1
899705,58,1,1
899878,45,1,1
899878,57,1,1
899879,38,1,1
689365,38,1,1
689365,25,1,1
689365,37,1,1
1176975,48,1,1
1176975,82,3,5
1176977,24,1,1
1176977,69,1,1
1176981,17,1,1
1176989,17,1,1
1176989,19,1,1
884750,12,1,1
860510,12,1,1
860510,25,1,1
860510,48,1,1
860510,53,1,1
877319,4,1,1
877319,17,1,1
877319,29,1,1
877319,42,1,1
877319,50,1,1
877319,67,1,1
877320,24,1,1
877320,35,1,1
877320,53,1,1
877320,55,1,1
860485,35,1,1
860485,36,1,1
860485,51,1,1
860588,17,1,1
860588,48,1,1
860588,50,1,1
860466,61,1,1
860509,26,1,1
860509,28,1,1
860509,29,1,1
860509,67,1,1
848739,53,1,1
857627,4,1,1
857627,10,1,1
857627,69,3,5
948696,28,1,1
1041519,61,1,1
836963,4,1,1
836963,43,1,1
1090947,53,1,1
1159105,9,1,1
1159105,38,1,1
1159105,45,1,1
836789,63,1,1
836789,67,1,1
849242,8,1,1
849242,52,1,1
860882,1,1,1
1268463,12,1,1
905730,12,1,1
899464,25,1,1
898980,2,1,1
898980,23,1,1
898980,32,1,1
899694,2,1,1
898971,34,1,1
1171239,23,1,1
899474,48,1,1
899524,41,1,1
899687,23,1,1
899687,48,1,1
899687,53,1,1
899653,23,1,1
1159173,42,1,1
1159173,53,1,1
1159173,58,1,1
899540,38,1,1
1159137,25,1,1
1159137,42,1,1
1159137,45,1,1
1159129,9,1,1
1159129,38,1,1
842028,28,1,1
899932,42,1,1
1159153,62,1,1
1159153,69,3,5
899827,40,1,1
899827,44,1,1
899827,56,1,1
899827,61,1,1
1225217,40,3,5
1225217,59,3,5
899881,62,1,1
899880,29,1,1
899880,67,1,1
899880,69,1,1
898957,14,1,1
686144,12,1,1
689980,12,1,1
689552,12,1,1
688901,12,1,1
684982,2,1,1
684982,12,1,1
684982,32,1,1
683580,34,1,1
688856,12,1,1
688856,23,3,5
688030,2,1,1
688030,12,1,1
755395,48,1,1
688725,34,1,1
685287,2,1,1
684693,2,1,1
684693,12,1,1
689347,12,1,1
689896,53,1,1
683247,2,1,1
687297,51,1,1
687297,23,1,1
689553,14,1,1
689553,48,3,5
688884,23,3,5
686944,11,1,1
688674,38,1,1
689957,9,1,1
683516,11,1,1
688211,38,1,1
687145,10,1,1
731157,53,1,1
686346,14,1,1
686346,23,1,1
686346,48,1,1
684380,23,1,1
689775,32,3,5
683869,2,1,1
689340,51,1,1
683253,22,1,1
687957,4,1,1
689017,14,1,1
688242,2,1,1
688242,30,1,1
688242,43,3,5
688103,38,1,1
688103,45,1,1
688403,26,1,1
688628,58,1,1
688675,38,1,1
688675,45,1,1
688675,41,1,1
687899,38,1,1
689089,20,1,1
689089,42,3,5
683995,35,1,1
689355,9,1,1
684916,55,1,1
683857,45,1,1
683857,9,1,1
683857,24,1,1
683857,26,1,1
686709,66,3,5
688456,66,1,1
688456,26,3,5
683188,37,1,1
683296,67,1,1
686037,57,1,1
689486,67,1,1
685116,26,1,1
685116,37,1,1
688437,24,1,1
688437,37,1,1
685562,25,1,1
685562,58,1,1
800184,58,1,1
685443,56,1,1
684581,60,1,1
687106,60,3,5
689272,56,1,1
689272,59,1,1
685058,44,1,1
684759,56,1,1
683293,44,1,1
732586,33,1,1
689094,37,1,1
689094,55,1,1
690042,67,1,1
892950,26,3,5
684932,61,3,5
688874,44,1,1
690056,56,1,1
683648,56,1,1
979484,56,1,1
1228073,61,1,1
689054,44,1,1
683128,44,1,1
684062,61,1,1
1345193,14,1,1
1345193,26,1,1
1345193,38,1,1
1345193,42,1,1
838433,43,1,1
860501,17,1,1
860501,22,1,1
860501,25,1,1
860501,26,1,1
860501,36,1,1
860501,50,1,1
860501,51,1,1
860501,55,1,1
860501,69,1,1
1159157,28,1,1
926768,9,1,1
926768,28,1,1
926768,57,1,1
1375132,66,1,1
1375142,66,1,1
1375143,11,1,1
1375143,58,1,1
939249,69,3,5
939247,55,1,1
939241,16,1,1
902981,50,1,1
902981,58,1,1
939250,4,1,1
939250,12,1,1
939242,24,1,1
939242,29,1,1
939242,48,1,1
939242,53,1,1
969621,40,1,1
685488,55,1,1
687410,8,3,5
687410,35,1,1
860636,52,1,1
860636,56,1,1
687262,8,1,1
686984,40,1,1
684370,91,3,5
684370,227,1,1
684370,1,1,1
683877,227,1,1
683877,1,1,1
688404,69,3,5
902980,9,1,1
902980,23,1,1
902980,24,1,1
902980,30,1,1
902980,37,1,1
902980,41,1,1
686112,28,1,1
690014,45,1,1
690014,24,1,1
688720,55,1,1
683957,67,1,1
683957,41,1,1
683712,36,1,1
683712,33,1,1
683712,35,1,1
685376,42,1,1
689759,67,1,1
688380,62,1,1
688380,55,1,1
689883,28,1,1
690029,28,1,1
686802,29,1,1
800094,26,1,1
800094,37,1,1
800985,24,1,1
800985,41,1,1
800985,66,3,5
684574,26,1,1
687789,69,1,1
687789,67,1,1
688655,227,1,1
684071,62,1,1
686548,56,3,5
687552,44,1,1
684651,56,1,1
689112,56,1,1
683320,44,1,1
688202,44,1,1
684995,44,1,1
686621,33,1,1
688448,18,1,1
688448,56,1,1
683312,6,1,1
683312,39,1,1
687824,56,1,1
686950,52,1,1
684139,44,1,1
684069,56,1,1
683441,52,1,1
683226,39,1,1
683473,52,1,1
686097,56,1,1
686097,44,1,1
689915,6,1,1
685132,18,1,1
686522,33,1,1
685430,7,1,1
688351,40,1,1
685248,40,1,1
688228,8,1,1
688228,39,1,1
684711,39,1,1
688307,39,1,1
686461,52,1,1
689529,40,1,1
683162,39,1,1
687200,6,1,1
687200,8,1,1
689267,381,1,1
686998,379,1,1
689859,82,1,1
684572,44,1,1
686021,2,1,1
686021,23,1,1
686021,29,1,1
686021,38,1,1
686021,41,1,1
686021,43,1,1
686021,48,1,1
685903,9,1,1
685903,55,1,1
688533,69,3,2
933803,9,1,1
933803,41,1,1
685320,45,1,1
689385,22,1,1
685243,50,1,1
684684,37,1,1
689784,43,1,1
685836,9,1,1
686765,69,1,1
686765,24,1,1
684599,29,1,1
687556,69,1,1
686333,43,1,1
685164,22,1,1
685164,50,1,1
685352,69,3,5
688394,8,1,1
683202,36,1,1
683202,49,1,1
683927,29,1,1
683927,21,1,1
687723,30,1,1
687723,17,1,1
687723,36,1,1
684965,7,3,5
684965,44,1,1
685500,40,1,1
689659,44,3,5
688994,16,1,1
684446,39,1,1
684446,59,1,1
685696,52,1,1
686249,39,1,1
686696,39,1,1
686697,52,1,1
683199,7,1,1
687131,33,1,1
687131,59,1,1
689130,40,1,1
689130,59,1,1
683339,18,1,1
684652,56,1,1
684272,44,3,5
683071,6,1,1
683071,7,1,1
683718,40,1,1
686179,18,1,1
686099,59,1,1
684359,7,1,1
684803,40,1,1
683836,18,1,1
683836,33,1,1
683836,52,1,1
687032,40,1,1
684011,18,1,1
689361,18,1,1
684010,44,1,1
689247,18,1,1
689247,59,1,1
686527,41,1,1
684178,39,1,1
688022,8,1,1
684552,8,1,1
689979,6,1,1
689979,8,1,1
685646,52,1,1
685947,40,1,1
684682,7,3,5
683700,52,1,1
686023,33,1,1
689255,8,1,1
687299,40,1,1
683753,51,1,1
689197,7,1,1
685428,7,1,1
684746,7,1,1
683095,69,1,1
683078,51,1,1
687757,12,1,1
686016,7,1,1
684183,44,1,1
684183,59,1,1
687419,7,1,1
687419,18,3,5
687419,52,1,1
686655,33,1,1
686360,18,1,1
685408,59,1,1
685584,44,1,1
689308,7,1,1
689308,44,1,1
687332,40,1,1
686499,40,1,1
686930,12,1,1
684475,7,1,1
684499,49,1,1
685757,16,1,1
689033,16,1,1
684765,59,1,1
686968,7,3,5
687541,52,1,1
687514,6,1,1
687514,52,1,1
684318,6,1,1
687726,6,1,1
687726,52,1,1
687726,56,1,1
688416,59,1,1
685064,44,3,5
683506,7,1,1
684830,40,1,1
689814,44,1,1
685916,18,1,1
684412,20,1,1
684412,58,3,5
685222,20,1,1
689321,11,1,1
689753,23,1,1
688163,51,1,1
689482,12,1,1
689277,47,3,5
685489,22,1,1
689399,34,1,1
683465,41,1,1
686490,6,1,1
684202,51,1,1
687059,51,3,5
685304,44,1,1
685904,22,3,5
685904,32,1,1
687989,56,1,1
687989,44,1,1
686777,40,1,1
684735,40,1,1
688408,6,1,1
688140,16,1,1
687069,51,1,1
689512,24,1,1
686917,53,1,1
685413,39,1,1
687078,379,1,1
685875,80,3,5
689752,28,1,1
690100,49,1,1
689694,43,1,1
689400,39,1,1
687360,6,3,5
683969,39,1,1
686383,18,1,1
686383,40,1,1
685440,52,1,1
684645,33,1,1
684645,52,1,1
688363,8,1,1
684938,18,1,1
684939,8,1,1
684939,59,1,1
684706,55,1,1
687434,67,1,1
687434,41,3,5
685089,42,1,1
686269,14,1,1
689787,34,1,1
685714,52,3,5
685714,59,1,1
685572,52,1,1
687591,18,1,1
687591,44,1,1
688941,39,1,1
684049,379,1,1
689395,381,1,1
689164,6,1,1
685394,50,1,1
683062,381,1,1
688248,32,1,1
688248,48,1,1
689974,50,1,1
687311,4,1,1
687311,23,1,1
687311,25,1,1
683191,14,1,1
690075,34,3,5
684949,45,1,1
686779,34,1,1
687759,16,1,1
686713,16,1,1
685503,16,1,1
686327,16,1,1
684543,16,1,1
687495,16,1,1
688621,7,1,1
685486,9,1,1
685486,47,1,1
685486,63,1,1
686058,6,1,1
683144,12,1,1
689691,51,1,1
689879,53,1,1
685676,14,1,1
685676,32,3,5
684316,44,1,1
758060,59,1,1
687471,6,3,5
687835,39,1,1
688915,62,1,1
688915,28,3,5
689835,29,1,1
688962,49,1,1
687548,41,1,1
683437,68,3,5
688759,69,1,1
684208,39,1,1
686921,6,1,1
690077,39,1,1
686737,52,1,1
685035,34,1,1
689577,69,1,1
684832,69,3,2
683584,69,3,5
686595,69,3,2
683245,1,1,1
942437,1,1,1
942437,44,1,1
687828,1,1,1
687644,44,1,1
685975,23,1,1
687234,33,1,1
688328,44,1,1
689212,7,1,1
685555,29,1,1
686798,67,1,1
686561,69,1,1
689532,37,1,1
687791,67,1,1
687791,57,1,1
684182,51,1,1
683912,12,1,1
687489,59,1,1
686896,52,1,1
685969,44,1,1
685969,60,1,1
690046,52,3,5
688387,59,1,1
688213,59,1,1
684633,7,3,5
688257,44,1,1
688258,377,3,5
685038,379,3,5
688747,51,1,1
684130,43,1,1
687661,48,1,1
684270,14,1,1
687717,4,1,1
686619,8,1,1
689227,6,1,1
684526,8,1,1
687060,12,1,1
686829,12,1,1
689680,80,1,1
689680,6,1,1
684649,33,1,1
685016,18,1,1
685042,60,3,5
687848,7,1,1
686604,7,1,1
688982,52,1,1
686177,6,1,1
686177,52,1,1
687771,7,1,1
688256,52,1,1
683300,40,1,1
688002,7,1,1
683713,34,1,1
683713,53,1,1
683815,23,3,5
686094,48,1,1
683143,48,1,1
688120,2,1,1
687194,14,1,1
688272,34,1,1
687165,12,1,1
688578,34,1,1
688221,14,1,1
685091,23,1,1
685441,23,1,1
689254,2,1,1
686815,34,1,1
685136,7,1,1
687563,7,1,1
689097,44,1,1
684242,44,1,1
689762,56,1,1
686298,6,1,1
686298,8,1,1
685034,39,1,1
687498,33,1,1
687497,49,1,1
683635,33,1,1
684286,44,1,1
684186,51,1,1
684187,52,1,1
689011,381,1,1
689011,39,1,1
689011,51,1,1
686686,39,1,1
686847,6,1,1
685481,18,1,1
689988,24,3,5
688963,9,1,1
688963,24,1,1
688963,38,1,1
684099,41,1,1
688376,69,1,1
688376,28,1,1
688376,29,1,1
688827,26,1,1
683898,28,1,1
688204,48,1,1
689294,24,1,1
688976,43,1,1
688976,11,1,1
687982,14,1,1
689830,11,1,1
687024,16,1,1
684420,29,3,5
688207,42,1,1
683658,40,1,1
688543,8,1,1
688543,52,1,1
686952,52,1,1
689946,18,1,1
683327,18,1,1
683327,59,1,1
688177,52,1,1
687144,62,1,1
687698,8,1,1
687698,59,1,1
686197,59,1,1
683840,40,1,1
689493,18,1,1
689493,40,1,1
688104,59,1,1
683417,49,1,1
684240,62,1,1
684172,8,1,1
689780,49,1,1
686599,49,1,1
686599,44,1,1
685612,52,1,1
684241,40,1,1
686354,40,1,1
689004,40,1,1
689004,59,1,1
683750,7,3,5
684695,51,1,1
686795,39,1,1
683866,51,1,1
684037,39,1,1
683221,39,1,1
686310,28,1,1
685359,33,1,1
688346,7,1,1
686311,61,1,1
685338,44,1,1
942452,44,1,1
942452,61,3,5
690034,56,1,1
683088,44,1,1
688568,33,1,1
685268,6,1,1
685268,39,1,1
683759,33,1,1
683787,56,1,1
689038,59,1,1
684842,18,1,1
686078,18,1,1
686078,56,1,1
686319,39,1,1
684837,44,1,1
685597,379,1,1
687474,18,1,1
687474,59,1,1
685778,56,1,1
686581,39,1,1
688366,39,1,1
686254,6,3,5
683332,23,1,1
683332,32,1,1
687885,18,1,1
685501,56,1,1
688144,18,1,1
688129,38,1,1
688110,32,3,5
685401,4,1,1
689579,30,1,1
687633,23,3,5
685460,30,1,1
683530,51,3,5
685549,7,1,1
688944,38,1,1
688944,47,1,1
683694,57,1,1
686591,379,1,1
686591,39,1,1
686276,6,1,1
687874,39,1,1
683319,10,1,1
683447,381,3,5
684767,8,1,1
688350,12,1,1
683681,12,1,1
683469,51,3,5
686677,6,1,1
687515,12,1,1
685138,48,1,1
688157,23,1,1
686897,2,1,1
686656,59,1,1
687266,62,3,5
687938,36,1,1
687167,2,1,1
689734,53,1,1
688790,12,1,1
684985,14,1,1
687342,12,1,1
686107,14,1,1
685887,14,1,1
685467,28,1,1
683458,4,1,1
686831,23,1,1
685756,9,1,1
689251,2,1,1
685683,24,1,1
683742,67,1,1
685314,34,1,1
686716,45,1,1
683871,53,1,1
689678,34,1,1
684592,23,1,1
685712,34,1,1
689602,50,1,1
689549,22,1,1
689425,4,1,1
686270,23,1,1
686187,22,1,1
686187,30,1,1
689138,22,1,1
689138,50,1,1
683555,52,1,1
689607,7,1,1
687192,7,1,1
687210,20,1,1
687210,57,1,1
687965,29,1,1
683341,24,1,1
689777,32,1,1
688019,48,1,1
684528,7,1,1
690051,12,1,1
686877,34,1,1
689790,25,1,1
684159,4,1,1
684159,34,1,1
685241,53,1,1
686458,16,1,1
689042,14,1,1
689042,48,1,1
685882,59,3,5
685851,12,1,1
687565,21,1,1
684874,19,1,1
684874,29,1,1
684874,17,1,1
685173,19,1,1
684166,4,1,1
684155,57,1,1
685966,19,1,1
684613,30,1,1
687794,51,1,1
685891,16,1,1
686350,24,1,1
686350,41,1,1
684443,36,1,1
687178,57,1,1
683517,69,3,5
687307,18,1,1
683916,18,3,5
683916,56,1,1
683382,392,1,1
684082,69,3,5
688095,57,1,1
683932,41,1,1
687323,20,1,1
685244,48,1,1
684211,18,1,1
687116,44,1,1
686734,1,1,1
685657,1,1,1
685374,44,1,1
686308,56,3,5
687480,44,1,1
689350,7,1,1
683520,44,1,1
689268,18,1,1
684923,69,3,5
688483,33,1,1
689724,2,1,1
683945,6,1,1
720774,48,3,5
720833,2,1,1
684489,25,1,1
688189,45,1,1
684610,25,1,1
721865,4,1,1
721871,32,3,5
721920,11,3,5
728642,33,1,1
728642,44,1,1
728649,18,1,1
728649,44,1,1
728681,44,1,1
683491,18,1,1
683491,44,1,1
728706,56,3,5
728713,33,1,1
728767,60,1,1
728799,59,1,1
728799,60,3,5
687197,45,1,1
684493,9,1,1
730817,44,3,5
730817,56,1,1
730833,56,3,5
730842,56,1,1
730907,44,1,1
730923,33,1,1
730931,60,1,1
731424,44,3,5
731424,56,3,5
731481,44,1,1
731791,44,3,5
731800,33,1,1
731807,18,1,1
732459,33,1,1
686486,59,1,1
732554,60,1,1
735313,8,1,1
735986,56,1,1
684348,32,1,1
683687,8,1,1
683687,56,1,1
683146,33,1,1
683146,59,1,1
689686,52,1,1
688910,18,1,1
686484,18,1,1
740265,6,1,1
741480,39,1,1
757450,8,1,1
758133,8,1,1
758260,8,1,1
687075,8,1,1
685470,51,1,1
686886,58,1,1
769074,52,1,1
758124,40,1,1
769193,39,3,5
769193,52,1,1
769203,52,1,1
683691,18,1,1
688395,52,1,1
770570,6,1,1
770570,8,1,1
770576,8,1,1
784066,8,1,1
689535,47,1,1
785173,52,1,1
785173,33,1,1
785239,8,1,1
785242,59,1,1
684422,8,1,1
785308,52,3,5
785411,52,1,1
689890,8,1,1
686096,6,1,1
686096,39,3,5
689099,59,1,1
787600,44,1,1
787722,43,1,1
787986,44,1,1
787997,56,1,1
788011,51,1,1
688289,6,1,1
788032,51,1,1
769483,52,1,1
788698,7,1,1
789867,7,1,1
789934,7,1,1
789956,7,1,1
790054,7,1,1
790076,7,1,1
790132,7,1,1
790135,7,1,1
790216,7,1,1
769209,52,1,1
791578,41,1,1
684724,59,1,1
791624,9,1,1
791646,9,1,1
684530,58,3,5
793663,53,1,1
686894,45,1,1
686859,50,1,1
686267,58,1,1
683622,42,1,1
794996,6,1,1
688797,41,1,1
730900,18,1,1
730900,59,1,1
688599,34,1,1
689304,11,1,1
688299,14,1,1
790988,25,1,1
802115,9,1,1
802115,41,1,1
683492,7,1,1
806331,6,1,1
806336,6,1,1
806336,39,3,5
806356,80,3,5
806356,85,3,5
806420,6,1,1
790527,7,1,1
790527,377,3,5
688478,7,1,1
686406,7,1,1
687220,8,1,1
814866,39,1,1
689159,40,1,1
685022,7,1,1
820824,39,1,1
689616,34,1,1
685099,34,1,1
685335,25,1,1
803021,59,1,1
803040,50,3,5
821379,39,1,1
821383,39,1,1
821390,39,1,1
769150,39,1,1
821785,14,3,5
827851,39,1,1
684393,39,1,1
684381,48,1,1
816681,28,1,1
686483,25,1,1
689739,67,1,1
833194,12,1,1
833197,12,1,1
833201,51,1,1
833205,76,1,1
833205,383,1,1
833206,76,1,1
833206,381,1,1
833207,85,1,1
833207,381,1,1
833207,39,1,1
833208,80,1,1
833208,381,1,1
833221,42,1,1
833222,379,1,1
833223,7,1,1
833224,34,1,1
833231,379,1,1
833233,69,1,1
833237,7,1,1
833240,14,1,1
833240,22,1,1
833240,23,1,1
833240,34,1,1
833241,2,1,1
833241,50,1,1
833243,25,1,1
833244,19,3,5
1085055,52,1,1
833248,40,1,1
833252,6,1,1
833252,8,1,1
833252,51,1,1
833264,7,1,1
833268,9,1,1
833268,24,1,1
1179990,43,1,1
833273,10,1,1
833273,14,1,1
833273,30,1,1
833273,38,1,1
833273,42,1,1
833275,34,1,1
833275,35,1,1
833275,36,1,1
833275,49,1,1
833283,19,1,1
833283,32,1,1
833283,45,1,1
833284,49,1,1
834051,45,1,1
689065,34,3,5
689065,53,1,1
834643,39,1,1
835326,6,1,1
835742,61,1,1
835780,60,1,1
835780,18,1,1
1225588,6,1,1
1225588,8,1,1
1225588,43,1,1
835853,38,1,1
835853,66,3,5
835887,6,1,1
835969,2,1,1
835969,14,1,1
835969,22,1,1
836005,14,1,1
836005,34,1,1
801950,39,1,1
801950,52,1,1
801954,8,1,1
685512,6,1,1
684081,34,1,1
687229,53,1,1
687229,58,1,1
836663,59,1,1
836760,24,1,1
836760,26,1,1
836760,41,1,1
836760,47,1,1
836760,55,1,1
836772,55,1,1
836875,42,1,1
836882,34,1,1
836926,52,1,1
836944,40,1,1
836976,23,1,1
836976,53,1,1
836994,53,1,1
837011,12,1,1
1159099,23,1,1
1159099,38,1,1
837138,43,1,1
837180,62,1,1
837180,63,1,1
837180,67,1,1
837180,68,1,1
837180,4,1,1
837180,32,1,1
837180,34,1,1
837180,38,1,1
837180,53,1,1
837180,57,1,1
837180,58,1,1
1353056,12,1,1
1353056,17,1,1
1353056,35,1,1
1353056,47,1,1
1353056,53,1,1
1353056,62,1,1
837581,33,1,1
837581,52,1,1
837727,6,1,1
837727,51,1,1
837757,381,1,1
837771,383,1,1
837824,7,3,5
838094,16,1,1
839432,21,1,1
839432,34,1,1
839432,49,1,1
839432,55,1,1
839432,58,1,1
839432,67,1,1
840021,30,1,1
840538,7,1,1
840587,7,1,1
840599,40,1,1
840636,6,1,1
683075,6,1,1
841786,6,1,1
683081,6,1,1
841935,34,1,1
841935,42,1,1
841935,48,1,1
842023,2,1,1
842023,30,1,1
842023,58,3,5
842025,19,1,1
842025,36,1,1
842026,14,1,1
842026,53,1,1
1132398,21,1,1
848769,56,1,1
848817,40,1,1
848848,7,1,1
848848,381,1,1
848861,6,1,1
848861,7,1,1
848861,56,1,1
849107,70,3,5
849107,8,1,1
849107,35,1,1
849192,70,1,1
849207,49,1,1
849207,62,1,1
849252,49,1,1
849293,29,1,1
849329,14,1,1
849329,34,1,1
849347,4,1,1
849347,32,1,1
856737,377,1,1
856737,8,1,1
856756,62,1,1
856881,12,3,5
856881,48,3,5
686343,12,1,1
683719,6,1,1
684843,379,3,5
684843,6,3,5
685157,379,3,5
684501,39,1,1
857077,49,1,1
857077,51,1,1
857077,59,1,1
857091,69,1,1
857091,9,1,1
857091,17,1,1
857091,19,1,1
857091,26,1,1
857091,28,1,1
857091,29,1,1
857091,42,1,1
857091,49,1,1
857091,59,1,1
857182,49,1,1
857182,60,1,1
857274,61,1,1
857274,49,1,1
857292,61,1,1
857292,39,1,1
857308,18,1,1
857308,379,1,1
857323,76,1,1
857017,57,1,1
857556,8,1,1
857556,39,1,1
857571,60,1,1
857571,33,1,1
857571,40,1,1
857571,56,1,1
857688,11,1,1
857688,24,1,1
857688,47,1,1
857872,40,1,1
858288,7,1,1
793432,58,1,1
860434,16,1,1
860460,37,1,1
860475,16,1,1
860507,16,1,1
860663,1,1,1
861435,22,3,5
785435,40,1,1
860839,1,1,1
860839,60,1,1
860745,62,1,1
860745,91,1,1
866829,34,1,1
868508,16,1,1
868512,16,1,1
849282,61,1,1
870256,67,1,1
870256,42,1,1
871156,11,1,1
873192,32,1,1
877317,30,1,1
877317,49,1,1
877318,29,1,1
877318,57,1,1
877318,63,1,1
877318,69,1,1
877321,32,1,1
877393,63,3,5
877393,66,3,5
877423,34,1,1
877423,53,1,1
878731,25,1,1
878731,37,1,1
878731,38,1,1
878731,53,1,1
878915,58,1,1
1159107,57,1,1
884494,22,1,1
884494,45,1,1
884494,47,1,1
688932,14,1,1
688932,38,1,1
685403,11,1,1
685403,24,1,1
683781,34,1,1
754608,24,1,1
688308,42,3,5
942424,61,3,5
942433,56,1,1
942435,7,3,5
979454,44,1,1
979461,56,1,1
683174,1,1,1
683174,61,1,1
684904,56,1,1
688194,56,1,1
685510,56,1,1
1222853,61,3,5
979500,56,1,1
979407,56,1,1
942453,7,3,5
942420,61,1,1
942456,44,1,1
942456,56,1,1
689671,56,1,1
684079,1,1,1
887297,2,1,1
887297,10,1,1
887297,34,1,1
887421,10,1,1
887421,23,1,1
887485,16,1,1
887518,16,1,1
892928,28,1,1
892936,57,1,1
894143,40,1,1
894143,49,1,1
894143,51,1,1
894161,14,1,1
894161,21,1,1
894161,26,1,1
894161,29,1,1
894161,45,1,1
894161,48,1,1
894161,58,1,1
898955,12,1,1
898994,381,3,5
899018,6,1,1
899030,7,1,1
899030,52,1,1
899040,41,1,1
899063,18,1,1
899063,44,1,1
899067,14,1,1
899078,37,1,1
899081,44,1,1
899082,24,1,1
899082,25,1,1
899082,45,1,1
899096,7,3,5
899096,61,3,5
899147,35,1,1
899148,12,1,1
899179,2,1,1
899179,25,1,1
899179,34,1,1
899222,7,1,1
899233,28,1,1
899233,41,1,1
899238,6,1,1
899245,22,3,5
899246,2,1,1
899246,12,1,1
899248,51,1,1
899249,51,1,1
899253,32,1,1
899254,4,1,1
899280,39,1,1
899280,56,1,1
899285,32,1,1
899286,14,3,5
899289,379,1,1
899289,381,1,1
899290,381,1,1
899294,381,3,5
899317,51,1,1
899330,6,1,1
899330,51,1,1
899335,36,1,1
899337,51,1,1
899340,21,1,1
899341,43,1,1
899344,40,1,1
899344,52,1,1
899350,20,1,1
899350,28,1,1
899351,38,1,1
899351,58,1,1
899352,34,1,1
899352,38,1,1
899353,9,1,1
899353,24,1,1
899354,14,1,1
899354,17,1,1
899354,30,1,1
899354,45,1,1
899354,50,1,1
899354,66,1,1
899355,22,3,5
899355,43,1,1
899355,48,1,1
899355,51,1,1
899355,53,1,1
899368,51,3,5
899368,379,1,1
899389,22,1,1
899391,57,1,1
899400,2,1,1
899401,6,1,1
899401,7,1,1
899406,7,1,1
1233794,19,1,1
899417,2,1,1
899417,10,1,1
899417,14,1,1
899420,28,1,1
899426,58,1,1
899446,12,3,5
899446,34,1,1
899448,17,1,1
899448,49,1,1
899451,7,1,1
899473,7,1,1
899482,22,1,1
899483,4,1,1
899483,30,1,1
899484,41,1,1
899492,44,1,1
899502,56,1,1
899503,56,1,1
899509,61,1,1
899513,19,1,1
899513,22,1,1
899513,30,1,1
899528,34,1,1
899536,23,1,1
899536,25,1,1
899536,53,1,1
899553,2,1,1
899553,34,1,1
899591,25,1,1
899591,53,1,1
899637,47,1,1
899637,63,3,5
899660,1,1,1
899660,61,1,1
899675,44,1,1
899678,44,1,1
899685,23,1,1
899689,23,1,1
899697,9,1,1
899697,25,1,1
899697,37,1,1
899697,92,3,5
899731,23,1,1
899750,43,3,5
899764,17,1,1
899764,45,1,1
899767,28,1,1
899767,38,1,1
899767,66,1,1
899768,61,1,1
899775,61,1,1
899778,44,1,1
899781,44,1,1
899805,56,1,1
899829,7,1,1
899848,40,3,5
899851,33,1,1
899851,60,1,1
899883,33,1,1
899884,7,3,5
899884,59,1,1
899890,69,1,1
899891,67,1,1
899897,29,1,1
899984,41,1,1
899984,69,1,1
899986,20,1,1
899986,21,1,1
899986,25,1,1
899986,47,1,1
899987,44,1,1
899990,1,1,1
899991,61,1,1
899999,44,1,1
900001,18,1,1
900002,8,1,1
900005,59,1,1
900020,56,1,1
900022,51,1,1
900022,379,3,5
900022,381,3,5
900032,33,3,5
900032,35,1,1
900033,60,1,1
900054,67,3,5
900057,67,1,1
900068,10,1,1
900068,26,1,1
900068,41,1,1
900107,29,1,1
900107,36,1,1
902167,34,1,1
902168,32,3,5
902168,48,1,1
902174,32,1,1
903081,29,1,1
903096,19,1,1
903096,36,1,1
903096,55,1,1
903096,58,1,1
903096,66,1,1
905858,45,1,1
907223,4,1,1
907223,10,1,1
907223,48,1,1
907223,53,1,1
907223,69,3,5
932236,34,1,1
932237,48,3,5
932252,48,1,1
933706,9,1,1
933706,55,1,1
933791,45,1,1
933845,9,1,1
933845,24,1,1
933859,67,1,1
933859,9,1,1
933859,45,1,1
933911,45,1,1
934804,9,1,1
934804,41,1,1
934804,47,1,1
942464,44,1,1
942469,56,1,1
942471,7,3,5
942477,44,1,1
943176,52,1,1
946825,51,1,1
947909,18,1,1
947929,40,1,1
947929,44,1,1
947929,61,3,5
947932,18,1,1
947944,18,1,1
947953,18,1,1
947968,33,1,1
947968,59,1,1
948011,33,1,1
948011,56,3,5
948023,18,1,1
948029,18,1,1
950081,38,1,1
950094,38,1,1
955170,29,1,1
955170,41,1,1
777940,56,1,1
686550,56,1,1
958429,7,1,1
958434,6,1,1
958434,7,1,1
690091,44,1,1
688282,18,1,1
688402,8,1,1
688402,52,1,1
686920,52,1,1
689415,18,3,5
687699,7,3,5
689371,18,1,1
683545,8,1,1
686031,44,1,1
690057,44,1,1
683572,18,1,1
686160,59,1,1
689020,39,1,1
684763,6,1,1
683532,39,1,1
686526,18,1,1
684059,44,1,1
684901,8,1,1
688854,39,1,1
687865,18,1,1
686940,18,1,1
686940,33,1,1
688028,44,1,1
688028,7,3,2
686289,44,1,1
689250,56,1,1
687240,39,3,5
688130,39,1,1
686181,52,1,1
687851,80,3,5
687851,39,1,1
684223,8,1,1
684946,39,1,1
684946,52,1,1
688559,51,3,5
685322,59,3,5
686648,7,1,1
685994,33,1,1
685994,40,1,1
684844,59,1,1
686448,56,1,1
689115,18,1,1
685901,44,1,1
685901,56,1,1
687588,59,1,1
687589,52,1,1
683654,44,1,1
686732,56,1,1
684997,7,3,5
688284,39,1,1
683439,61,3,5
689329,7,1,1
689329,8,1,1
686776,59,1,1
687472,56,1,1
684559,56,1,1
687872,6,1,1
686260,33,1,1
685160,49,1,1
689177,8,1,1
689177,59,1,1
688471,33,1,1
688471,8,1,1
683551,18,1,1
683551,33,1,1
683474,8,1,1
683474,40,1,1
683328,33,1,1
684537,18,1,1
684537,56,1,1
686692,8,1,1
686692,60,1,1
685547,60,1,1
683764,39,1,1
686693,44,3,5
689531,8,1,1
687769,44,1,1
683429,59,1,1
685548,40,1,1
688546,40,1,1
683236,40,1,1
686088,33,1,1
688313,33,1,1
688313,8,1,1
689451,52,1,1
687185,52,1,1
686888,33,1,1
684720,18,1,1
684720,44,1,1
684720,7,1,1
684720,52,1,1
688793,8,1,1
686256,44,1,1
686256,40,1,1
687021,52,1,1
684434,7,1,1
684434,39,1,1
685558,52,1,1
684602,18,3,5
685223,40,1,1
689024,18,1,1
688549,59,1,1
688549,52,3,5
688549,56,1,1
688219,44,1,1
687562,40,1,1
689574,52,1,1
688314,44,3,5
686124,36,1,1
683208,8,1,1
686809,59,1,1
686809,35,1,1
683115,52,1,1
683115,56,1,1
1315503,52,1,1
689596,18,1,1
686585,56,1,1
689802,52,1,1
684486,49,1,1
684486,36,1,1
685324,56,1,1
686959,40,1,1
684710,44,1,1
685654,56,1,1
685838,61,1,1
689987,59,1,1
683130,44,1,1
688396,33,1,1
683884,39,1,1
687484,33,1,1
687484,8,1,1
687484,52,1,1
684959,56,1,1
685614,44,1,1
683738,60,1,1
683739,36,1,1
689201,35,1,1
686380,40,1,1
683180,51,1,1
684132,59,1,1
684824,56,1,1
687954,44,1,1
683542,44,1,1
688384,44,1,1
684827,8,1,1
687955,51,1,1
689049,52,3,5
685051,56,1,1
686451,44,1,1
685640,33,1,1
688658,18,1,1
683263,60,3,5
686800,18,1,1
683984,35,1,1
684961,51,1,1
685114,51,3,5
687390,8,1,1
688539,18,1,1
688701,39,3,5
688701,52,1,1
689936,35,1,1
685402,59,1,1
688477,59,1,1
685050,18,1,1
689082,18,1,1
687724,49,1,1
687724,59,1,1
686844,6,1,1
688562,51,3,5
687385,8,1,1
687053,39,1,1
688086,39,1,1
685209,6,1,1
688087,33,1,1
685416,39,1,1
689204,44,1,1
689402,44,1,1
688191,44,1,1
687243,39,1,1
689614,18,1,1
684114,33,1,1
689262,6,1,1
683114,39,1,1
685086,51,3,5
689375,39,1,1
685693,39,1,1
686390,7,1,1
683374,44,1,1
683374,39,1,1
683374,56,1,1
683068,18,3,5
684179,40,3,5
688510,6,1,1
685543,18,1,1
686576,44,1,1
684508,18,1,1
686153,52,1,1
688646,18,1,1
688646,8,1,1
688646,52,1,1
685627,44,1,1
689729,18,1,1
689729,8,1,1
689729,44,1,1
688116,33,1,1
688117,7,3,5
688117,52,1,1
688117,56,1,1
689222,8,1,1
689222,44,1,1
684744,44,1,1
683940,59,3,5
683185,40,1,1
683185,44,1,1
683185,52,1,1
686523,1,1,1
689423,44,1,1
684205,60,1,1
684205,7,3,5
684205,39,1,1
683733,44,1,1
683733,56,1,1
684150,7,1,1
688838,40,1,1
688040,18,1,1
689155,56,1,1
685274,18,1,1
684861,59,1,1
690085,59,1,1
684712,59,3,5
688296,33,1,1
690088,39,1,1
684247,40,1,1
685129,59,1,1
688149,59,1,1
688265,59,1,1
683630,8,1,1
685524,8,1,1
689351,8,1,1
689465,59,1,1
684992,8,1,1
684992,39,1,1
685934,8,1,1
683953,8,1,1
685854,44,1,1
686365,8,1,1
685952,8,1,1
688016,8,1,1
685110,59,1,1
683097,44,1,1
689288,7,1,1
689289,8,1,1
686640,6,1,1
683991,59,3,5
685070,33,1,1
686729,36,1,1
686729,28,1,1
685096,49,1,1
688809,21,1,1
684248,17,3,1
684248,29,1,1
686363,17,1,1
683631,35,1,1
688782,8,1,1
685839,36,1,1
689464,36,1,1
689464,49,1,1
688739,70,1,1
683538,62,1,1
688254,51,1,1
738048,52,1,1
685117,29,1,1
684535,20,1,1
684535,42,1,1
683094,62,1,1
683303,30,1,1
689285,28,1,1
686638,19,1,1
685124,51,1,1
684195,39,1,1
684195,51,1,1
686352,35,1,1
689322,62,1,1
686190,29,1,1
686190,42,1,1
686868,49,1,1
683843,62,1,1
683843,33,1,1
683843,35,1,1
683843,8,1,1
686036,43,1,1
686036,51,1,1
687224,28,1,1
687224,57,1,1
688803,17,1,1
688803,22,1,1
688803,36,1,1
686570,82,3,5
686239,51,1,1
689818,19,1,1
689818,49,1,1
688947,59,1,1
758104,8,1,1
685105,43,1,1
685105,21,1,1
684739,70,1,1
689127,59,1,1
687693,29,1,1
687312,43,1,1
688663,62,3,6
684587,42,1,1
686049,60,1,1
690074,51,1,1
688577,34,1,1
768812,39,3,5
768815,39,3,5
1094002,69,1,1
685457,67,1,1
685457,20,1,1
683879,49,1,1
686226,28,1,1
686226,34,1,1
686226,41,1,1
686226,42,1,1
686226,47,1,1
687047,60,1,1
687047,33,1,1
687047,36,1,1
687047,49,1,1
685182,19,1,1
685182,30,1,1
687248,30,1,1
687225,30,1,1
683252,43,1,1
683252,2,1,1
683252,32,1,1
687255,50,1,1
683747,19,1,1
688432,62,1,1
688432,28,1,1
688432,57,1,1
685894,19,1,1
683539,69,3,5
683539,26,1,1
688833,69,3,5
687639,1,1,1
687076,65,1,1
687076,93,1,1
769597,18,1,1
683662,69,1,1
685989,65,1,1
687408,62,1,1
687860,69,3,2
770515,59,1,1
770521,52,1,1
686389,42,1,1
686389,50,1,1
687171,44,1,1
687832,40,1,1
684366,56,1,1
686566,61,1,1
686566,18,1,1
686566,56,1,1
683360,40,3,5
686681,8,1,1
686681,39,1,1
689056,44,1,1
689057,8,1,1
687195,40,3,5
686612,52,1,1
689806,59,3,5
685426,8,1,1
684106,52,3,5
684107,6,1,1
684107,39,1,1
684107,80,3,5
689105,33,1,1
689105,59,3,5
686014,59,1,1
686907,56,1,1
741266,18,1,1
741461,39,1,1
683999,7,1,1
686344,80,3,5
685871,60,1,1
685871,44,1,1
770540,52,1,1
770566,52,3,5
685571,40,1,1
686936,18,1,1
686936,40,1,1
687010,40,1,1
688780,7,1,1
690010,6,1,1
785141,8,1,1
787976,61,1,1
788563,7,1,1
788657,7,1,1
788734,7,1,1
788764,7,1,1
786024,61,1,1
689705,8,1,1
788774,7,1,1
686538,44,1,1
686538,8,1,1
686538,18,1,1
684390,52,1,1
688601,49,1,1
686225,7,1,1
689719,44,1,1
686754,7,1,1
689948,59,1,1
686642,7,1,1
686642,51,1,1
686108,377,3,5
683122,7,1,1
686762,7,1,1
688928,7,1,1
684002,7,1,1
687067,44,1,1
683140,44,1,1
688484,44,1,1
683142,6,1,1
688485,61,3,5
688485,44,1,1
688485,56,1,1
686616,39,1,1
686720,44,1,1
686720,56,1,1
686176,56,1,1
683242,61,1,1
683200,44,1,1
688943,44,1,1
688620,56,1,1
684922,61,3,5
683383,44,1,1
689210,56,1,1
683092,56,1,1
685074,44,1,1
687261,61,1,1
683561,1,1,1
683178,56,1,1
688690,44,1,1
687337,56,1,1
688692,61,1,1
688692,44,1,1
688692,8,1,1
683752,61,1,1
685906,44,1,1
685649,56,1,1
684135,1,3,5
686908,7,1,1
687736,44,1,1
684033,56,3,5
688535,61,3,5
685790,7,1,1
687153,7,1,1
689069,39,1,1
684105,34,1,1
685587,14,3,5
687406,34,1,1
687404,34,1,1
687110,48,1,1
687749,34,1,1
687749,48,1,1
684162,34,1,1
790693,33,1,1
791997,6,1,1
793063,33,1,1
793063,60,3,5
685825,23,1,1
685825,51,1,1
683223,12,1,1
683223,48,1,1
685109,53,1,1
685109,12,1,1
685109,14,1,1
685109,25,1,1
685112,11,1,1
683488,12,1,1
684492,50,1,1
684175,22,3,5
689445,32,3,5
687814,2,1,1
687814,48,1,1
721861,2,1,1
686105,53,1,1
684314,12,1,1
689828,43,1,1
687669,11,1,1
684312,25,1,1
684312,48,1,1
688321,34,1,1
683813,23,1,1
683813,30,1,1
689331,34,1,1
689331,48,1,1
685427,23,1,1
686210,24,1,1
686210,25,1,1
687750,12,1,1
687750,34,1,1
686230,12,1,1
686230,23,3,5
686230,51,1,1
685199,12,1,1
687935,82,1,1
794343,52,1,1
794355,52,1,1
794372,8,1,1
794372,52,1,1
684725,34,1,1
684725,50,1,1
685424,32,1,1
685424,48,1,1
839087,50,1,1
687366,14,3,5
858824,14,3,5
858824,48,3,5
684424,11,1,1
684424,25,1,1
688894,4,1,1
688894,20,1,1
688894,48,1,1
686008,12,3,5
732800,14,3,5
732831,48,1,1
686121,24,1,1
689060,48,1,1
687936,82,1,1
684948,12,1,1
687792,12,1,1
684708,51,1,1
688217,25,1,1
687457,41,1,1
788077,32,1,1
793218,43,1,1
793218,21,3,5
688051,2,3,5
683926,34,1,1
684768,48,1,1
685380,70,1,1
685380,2,1,1
685380,8,1,1
685380,20,1,1
685380,23,1,1
685380,25,1,1
802038,2,1,1
683354,23,1,1
683067,2,1,1
688474,50,1,1
687320,42,1,1
685694,34,1,1
683587,23,1,1
688096,14,1,1
688034,66,3,5
688034,24,1,1
688034,48,1,1
688034,51,1,1
685389,32,1,1
686839,24,1,1
687600,53,1,1
689514,39,1,1
685607,53,1,1
689797,12,1,1
817780,14,1,1
685986,34,1,1
820688,12,3,5
820688,34,1,1
684857,12,1,1
683292,53,1,1
683292,4,1,1
683292,19,3,5
683292,22,1,1
683292,23,1,1
683292,50,1,1
683775,32,3,5
685056,14,1,1
685056,25,1,1
689093,14,1,1
688244,38,1,1
684786,24,1,1
684786,26,1,1
684786,38,1,1
683656,34,1,1
687160,2,1,1
687160,11,1,1
688151,32,1,1
684003,14,1,1
688283,48,1,1
685104,34,1,1
686969,48,1,1
684717,34,1,1
688122,10,1,1
686532,26,1,1
686532,47,1,1
686095,51,1,1
687304,58,1,1
689989,14,3,5
689820,379,1,1
689820,51,1,1
687380,43,1,1
686994,14,1,1
686994,23,1,1
687582,43,1,1
685939,23,1,1
685939,51,1,1
686997,12,3,5
689941,23,1,1
689941,51,1,1
685692,4,1,1
686510,23,3,5
685321,32,3,5
685945,34,1,1
687420,34,3,5
688972,34,3,5
686431,32,1,1
686431,50,1,1
687843,51,1,1
685806,2,3,5
688159,2,1,1
686995,34,1,1
686995,48,1,1
686995,50,1,1
688158,32,1,1
686996,51,1,1
687722,22,1,1
687722,29,1,1
687722,41,1,1
687722,51,1,1
687722,53,1,1
687722,57,1,1
685256,53,1,1
685256,51,1,1
688713,11,1,1
685954,12,1,1
683099,20,1,1
686216,50,1,1
689572,48,1,1
683121,2,1,1
687896,14,1,1
689412,34,1,1
858815,14,3,5
858815,48,3,5
686420,4,3,5
686420,51,1,1
689851,48,1,1
685664,43,1,1
688502,14,3,5
684481,51,1,1
686480,51,1,1
684098,12,1,1
685814,2,1,1
684807,2,1,1
683628,23,1,1
688878,2,1,1
689271,23,1,1
689083,22,1,1
689083,50,1,1
687173,42,1,1
685207,24,1,1
685207,25,1,1
688169,20,1,1
684364,69,3,2
689103,42,1,1
689103,45,1,1
689103,55,1,1
689103,57,1,1
688452,28,1,1
688452,41,3,5
683554,28,1,1
683554,29,1,1
687705,14,1,1
687705,20,1,1
683176,57,1,1
685205,42,1,1
685205,45,1,1
885978,44,1,1
885981,18,1,1
683112,69,3,2
683741,49,1,1
686204,29,1,1
688171,42,1,1
689209,49,1,1
684068,56,1,1
686559,8,1,1
686559,40,1,1
686559,59,1,1
686356,60,1,1
687409,6,1,1
685628,29,1,1
688865,29,1,1
839370,39,1,1
839382,61,1,1
839396,49,1,1
799477,8,1,1
799301,7,1,1
799305,7,1,1
803018,80,3,5
806343,6,1,1
816385,52,1,1
821386,39,1,1
857842,40,1,1
866509,18,1,1
857851,40,1,1
857854,40,1,1
857552,40,1,1
903084,29,1,1
859151,8,3,5
934888,52,1,1
728588,61,3,5
728853,18,3,5
730682,60,3,5
730698,60,3,5
730731,60,3,5
730760,59,1,1
730760,60,1,1
730738,60,1,1
730789,18,3,5
730795,60,1,1
730805,33,1,1
730808,33,1,1
732453,33,1,1
737510,39,1,1
737504,39,1,1
737468,6,3,5
737471,39,1,1
737491,6,3,5
737479,39,1,1
737479,6,3,5
737530,39,1,1
737581,39,1,1
737581,6,3,5
737972,39,1,1
737596,39,1,1
737965,39,1,1
737586,39,1,1
737599,52,3,5
737514,39,1,1
737519,6,3,5
738779,6,3,5
688511,42,1,1
688511,38,1,1
688078,41,1,1
686704,11,1,1
683419,24,1,1
689615,43,1,1
689615,45,1,1
689615,58,1,1
687618,45,1,1
683281,38,1,1
683281,47,1,1
683124,47,1,1
685066,26,1,1
685066,47,1,1
689238,11,1,1
689238,26,1,1
689522,38,1,1
689522,41,1,1
689522,69,3,2
721909,47,1,1
721963,53,1,1
686292,66,3,5
686292,92,3,5
686567,38,1,1
686567,9,1,1
686567,45,1,1
686567,47,1,1
689865,24,1,1
689865,41,1,1
685636,37,1,1
684410,26,1,1
684410,37,1,1
686266,24,1,1
731316,55,1,1
684386,9,1,1
684386,37,1,1
684386,38,1,1
686127,38,1,1
688411,47,1,1
685511,10,3,5
685511,58,3,5
687000,9,1,1
687000,24,1,1
685367,53,1,1
686338,53,1,1
758564,25,1,1
758564,58,3,5
685735,45,1,1
685735,55,1,1
684294,45,1,1
758635,38,1,1
688464,41,1,1
684722,11,1,1
684722,38,1,1
738585,53,1,1
689144,45,1,1
684369,26,1,1
684369,41,1,1
687006,24,1,1
685381,24,1,1
685381,37,1,1
685830,25,1,1
685830,10,1,1
683438,24,1,1
683438,45,1,1
683438,55,1,1
768704,38,1,1
768704,58,1,1
683904,55,1,1
684398,38,1,1
687973,37,1,1
686760,41,3,5
684198,38,3,5
684198,41,1,1
684198,69,3,2
687881,9,1,1
688056,37,1,1
688056,38,1,1
685772,24,1,1
685772,26,1,1
683317,9,1,1
690011,58,1,1
686082,25,1,1
689437,67,1,1
795056,58,1,1
795520,10,1,1
802169,58,1,1
683677,66,1,1
683677,26,1,1
684045,37,1,1
684045,55,1,1
688278,55,1,1
684576,41,1,1
685030,69,3,2
685030,37,1,1
685030,41,1,1
685030,55,1,1
684839,38,1,1
685541,41,1,1
685752,26,1,1
685616,41,1,1
684747,37,1,1
684747,45,1,1
689672,41,1,1
689744,58,1,1
731010,38,1,1
802185,38,3,5
802175,47,1,1
800161,53,1,1
800161,45,1,1
689632,10,1,1
689240,38,1,1
816015,25,1,1
816015,38,1,1
814856,24,1,1
878264,24,1,1
790975,41,1,1
902951,24,1,1
801957,41,1,1
801957,47,1,1
801957,66,1,1
917083,38,3,5
742058,25,3,5
683563,53,1,1
859986,53,1,1
859991,34,3,5
866803,34,1,1
861497,14,1,1
685884,12,1,1
867537,14,1,1
868705,25,1,1
868660,53,1,1
885454,2,1,1
867409,30,1,1
867409,50,1,1
873824,43,3,5
683834,58,1,1
689515,23,1,1
689515,43,1,1
683841,2,1,1
907665,23,1,1
689938,2,1,1
689938,32,1,1
684307,30,1,1
686071,14,1,1
684919,50,1,1
683975,12,1,1
683821,32,1,1
683821,48,1,1
684868,48,1,1
686134,2,1,1
686134,32,1,1
686134,50,1,1
686407,4,1,1
686407,23,3,5
683494,12,1,1
685093,14,1,1
685093,48,3,5
689019,34,1,1
689019,48,1,1
685988,50,1,1
685672,12,1,1
688465,4,1,1
683299,51,1,1
685713,4,1,1
685596,34,1,1
685596,48,1,1
689725,53,1,1
685179,30,1,1
687114,2,1,1
687114,48,1,1
683881,4,3,5
683407,2,1,1
685725,14,1,1
685727,48,1,1
686615,34,1,1
688371,32,1,1
688371,34,3,5
684908,14,3,5
684908,58,1,1
686214,4,1,1
687281,22,1,1
683125,12,1,1
683125,23,3,5
686687,2,1,1
686687,34,1,1
683679,48,1,1
688274,82,3,5
688274,23,3,5
688274,51,1,1
689712,4,1,1
688846,58,1,1
685302,53,1,1
683977,45,1,1
683978,34,1,1
684324,51,1,1
685565,50,1,1
686089,23,1,1
688847,23,1,1
688615,23,1,1
688515,23,1,1
688434,43,3,5
685874,12,1,1
689612,58,1,1
689490,22,1,1
684217,53,1,1
685351,14,1,1
687730,50,1,1
683369,23,1,1
685400,34,1,1
687379,38,1,1
687379,14,1,1
687379,53,3,5
683363,53,1,1
683363,4,1,1
689839,23,3,5
686672,14,3,5
689370,32,3,5
685546,12,1,1
686393,7,1,1
689349,7,1,1
947903,40,1,1
947986,18,1,1
948032,18,1,1
948185,18,1,1
948185,56,1,1
952549,12,3,5
687638,12,1,1
685312,12,1,1
685312,51,1,1
687196,23,1,1
683513,58,1,1
754874,38,1,1
685125,26,1,1
685125,38,1,1
688524,12,1,1
688133,2,1,1
688133,43,1,1
688133,51,1,1
689118,48,1,1
689118,51,1,1
685044,11,1,1
685044,26,1,1
685044,41,1,1
685896,48,1,1
687941,12,1,1
687941,32,1,1
686946,32,1,1
899673,18,1,1
899673,52,1,1
899674,59,3,5
899674,60,1,1
899682,61,1,1
899686,23,1,1
899698,18,3,5
899701,56,1,1
899701,59,1,1
899701,60,1,1
899702,39,1,1
899702,59,3,5
899703,8,1,1
899703,18,1,1
899709,11,1,1
899709,38,1,1
899709,47,1,1
899711,38,1,1
899712,62,1,1
899712,19,1,1
899712,29,1,1
899712,49,1,1
899717,51,1,1
898976,33,1,1
871069,25,1,1
899014,7,1,1
899014,44,3,5
899019,39,1,1
944004,7,1,1
899025,38,1,1
899026,8,1,1
899036,51,1,1
899037,8,1,1
899037,18,1,1
902362,6,1,1
899047,39,1,1
899050,39,1,1
899054,18,1,1
899055,8,1,1
899059,45,1,1
943954,40,1,1
866470,6,1,1
899084,14,1,1
899084,48,1,1
899114,33,1,1
899114,39,1,1
899114,40,1,1
899114,381,1,1
899122,12,1,1
899122,25,1,1
899123,21,1,1
899123,35,1,1
899123,36,1,1
899123,37,1,1
899123,38,1,1
899123,43,1,1
899124,14,1,1
899125,9,1,1
899130,44,1,1
899131,11,1,1
899131,25,1,1
899132,26,1,1
899134,9,1,1
899134,12,1,1
899134,29,1,1
899134,41,1,1
871240,25,1,1
871240,26,1,1
871240,32,1,1
871240,37,1,1
871240,38,1,1
871240,41,1,1
871240,53,1,1
871240,57,1,1
871240,66,1,1
899136,20,1,1
899136,29,1,1
899137,14,1,1
899154,18,1,1
899579,377,1,1
905001,7,1,1
881483,53,1,1
899162,9,1,1
899162,55,1,1
899164,33,1,1
899168,12,1,1
899168,30,1,1
899168,42,1,1
899168,53,1,1
899170,52,1,1
899170,61,3,5
899171,11,1,1
899171,23,3,5
899171,37,1,1
899171,43,1,1
899171,45,1,1
899188,14,1,1
899188,50,1,1
878797,22,1,1
899193,52,1,1
899220,7,1,1
899229,41,1,1
899243,11,1,1
899269,7,1,1
899273,7,1,1
899275,6,1,1
899275,40,1,1
899279,18,1,1
899279,40,1,1
899279,52,1,1
899279,59,1,1
899288,6,1,1
899295,7,1,1
899295,80,1,1
899296,40,1,1
899296,44,1,1
899296,56,1,1
899298,6,1,1
899298,377,1,1
899302,59,3,5
899310,379,3,5
899320,7,1,1
899329,379,1,1
899378,8,1,1
899378,18,1,1
899378,35,1,1
899380,28,1,1
899380,57,1,1
899383,6,1,1
899445,2,1,1
899445,19,1,1
899455,18,1,1
899456,56,1,1
899458,1,1,1
899498,20,1,1
899498,24,1,1
899498,28,1,1
899498,55,1,1
899506,50,1,1
899525,12,1,1
899525,51,1,1
899533,2,1,1
899533,4,1,1
899533,50,1,1
899534,34,1,1
899560,60,1,1
899578,56,1,1
899583,7,1,1
899721,69,1,1
899721,9,1,1
899721,26,1,1
899721,37,1,1
899721,53,1,1
899722,55,1,1
899722,69,3,5
899733,51,1,1
899738,66,1,1
899751,2,1,1
899751,25,1,1
899751,48,1,1
899752,2,1,1
899752,23,1,1
899752,32,1,1
899753,11,1,1
899753,24,1,1
899754,14,1,1
899754,22,1,1
899754,50,1,1
899757,34,1,1
899759,2,1,1
899759,32,3,5
899760,21,1,1
899760,36,1,1
899811,6,1,1
899812,18,1,1
899822,18,1,1
899824,7,1,1
899824,8,1,1
899824,52,1,1
899832,44,3,5
899843,51,1,1
899846,50,1,1
899854,6,1,1
899888,26,1,1
899888,69,1,1
899892,29,1,1
899900,6,1,1
899929,51,3,5
899930,377,1,1
899938,7,1,1
899944,56,1,1
899944,59,1,1
899953,7,1,1
899956,33,1,1
899956,35,1,1
899956,51,1,1
899956,59,1,1
899971,33,1,1
899971,59,1,1
899972,56,1,1
899973,56,1,1
899978,56,1,1
899979,56,1,1
899981,44,1,1
900009,12,1,1
900019,60,1,1
900059,55,1,1
900059,57,1,1
900062,33,1,1
900072,60,1,1
900085,59,1,1
900093,36,1,1
900093,49,1,1
900114,4,1,1
900114,25,1,1
900114,45,1,1
900116,49,1,1
900116,58,1,1
900117,60,1,1
900118,22,1,1
900118,47,1,1
900118,55,1,1
900119,36,1,1
905184,60,1,1
926624,12,1,1
931877,39,1,1
932491,381,3,5
934751,62,1,1
934811,69,3,5
934859,44,1,1
934859,61,3,5
934875,33,1,1
934875,61,1,1
934901,4,1,1
934901,12,1,1
934901,17,1,1
934901,32,1,1
934901,67,1,1
935193,6,1,1
941918,40,1,1
943929,7,1,1
943974,6,1,1
686265,14,1,1
686297,22,1,1
959184,30,1,1
959241,8,1,1
959258,39,1,1
959310,8,1,1
959340,7,1,1
959346,44,1,1
959346,40,1,1
959597,19,1,1
959597,36,1,1
959597,41,1,1
959597,57,1,1
959597,69,1,1
963078,16,1,1
793511,52,1,1
964073,48,1,1
964220,7,1,1
964229,7,1,1
964229,51,3,5
964235,377,1,1
964239,7,1,1
964242,7,1,1
964251,7,1,1
964276,52,1,1
964301,52,1,1
964317,6,3,5
964330,6,1,1
878873,6,1,1
971676,40,1,1
971692,7,1,1
971695,40,1,1
971698,6,1,1
971706,40,1,1
971736,40,1,1
971739,40,1,1
971750,7,1,1
971760,7,1,1
971962,40,1,1
971967,7,1,1
971982,7,1,1
971985,40,1,1
971989,7,1,1
971999,6,1,1
972007,40,1,1
972080,7,1,1
972080,40,1,1
972084,80,3,5
972087,6,1,1
972134,7,1,1
972267,40,1,1
972824,7,1,1
972828,7,1,1
683987,6,1,1
683987,40,1,1
878891,40,1,1
684043,7,1,1
973398,40,1,1
972873,40,1,1
878906,6,1,1
683696,7,1,1
684298,52,1,1
688529,7,1,1
688529,40,1,1
684036,7,1,1
899931,6,1,1
899931,40,1,1
979481,56,1,1
899048,6,1,1
899048,39,1,1
899048,51,1,1
959781,43,1,1
959781,57,1,1
893476,29,1,1
878657,22,1,1
878657,43,3,5
900049,22,1,1
688182,65,1,1
688182,93,1,1
689882,69,3,2
685123,56,1,1
685123,61,3,5
689913,41,1,1
899411,41,1,1
683258,33,1,1
683258,56,1,1
731884,33,1,1
1006272,63,1,1
689647,52,1,1
687906,8,1,1
687906,52,1,1
688792,7,3,5
684511,8,1,1
687250,61,3,5
687250,56,1,1
688581,38,1,1
687593,39,1,1
951318,51,1,1
951318,379,1,1
899283,51,1,1
684233,379,1,1
684233,51,1,1
683874,44,1,1
683874,7,3,5
685590,44,1,1
685590,7,1,1
899985,11,1,1
899985,26,1,1
899985,34,1,1
899985,47,1,1
899899,18,1,1
899899,82,1,1
899241,6,1,1
686632,7,1,1
899663,61,1,1
899779,44,1,1
777931,56,3,5
687191,1,1,1
686132,25,1,1
686132,47,1,1
687837,4,1,1
687837,43,1,1
685533,32,1,1
683233,14,3,5
685944,34,1,1
685613,4,3,5
689862,2,1,1
833285,14,1,1
899023,50,1,1
899023,53,1,1
688968,14,1,1
688968,50,1,1
685963,34,1,1
688845,34,1,1
685522,34,1,1
685522,53,1,1
685578,14,1,1
688018,14,1,1
1010032,67,1,1
1010034,67,1,1
1010036,67,1,1
689966,381,3,5
687882,33,1,1
687882,18,1,1
687882,6,1,1
689905,7,1,1
972805,7,1,1
1010052,67,1,1
1010060,67,1,1
899716,62,1,1
899716,63,1,1
899716,37,1,1
683828,18,1,1
683828,8,1,1
683475,29,1,1
683475,57,1,1
687407,35,1,1
686421,41,1,1
787711,11,1,1
787711,24,1,1
683192,53,1,1
683345,14,3,5
877425,48,1,1
688285,59,1,1
900013,2,1,1
686965,4,1,1
684984,53,1,1
899264,6,1,1
685705,6,1,1
840565,6,1,1
837244,377,1,1
688612,7,1,1
686281,7,1,1
686851,56,1,1
686790,7,1,1
686149,92,1,1
686149,41,1,1
687744,43,1,1
684847,16,1,1
935251,51,1,1
801795,51,1,1
689910,2,1,1
689910,12,1,1
686220,63,3,5
686220,55,1,1
687493,23,1,1
686987,23,1,1
688090,12,1,1
687620,49,1,1
685542,12,1,1
686482,14,3,5
686328,4,1,1
688618,50,1,1
688166,20,1,1
689064,2,1,1
688315,7,1,1
900051,39,1,1
900051,43,1,1
686786,43,1,1
684895,49,1,1
687521,22,1,1
720826,2,1,1
720826,12,1,1
720826,32,1,1
685190,22,3,5
684485,43,1,1
684421,14,1,1
899461,44,1,1
687377,44,1,1
686362,56,1,1
836893,44,1,1
899481,7,1,1
686821,44,1,1
684032,7,1,1
687174,32,3,5
687979,51,3,5
979552,61,1,1
688391,18,1,1
877314,55,1,1
870290,48,1,1
900011,2,3,5
720842,50,1,1
798678,34,1,1
688482,50,1,1
684730,45,1,1
688277,34,1,1
688719,34,1,1
683502,48,1,1
685442,50,1,1
687787,14,1,1
685177,34,1,1
687856,34,1,1
684808,48,1,1
689504,48,1,1
688054,45,1,1
686934,53,1,1
899251,2,1,1
899251,12,1,1
685429,48,1,1
687526,51,1,1
833196,12,1,1
833196,23,1,1
689070,67,1,1
683593,379,3,5
900043,28,1,1
1041618,62,1,1
1041621,61,1,1
1041632,65,1,1
1041665,62,1,1
1041676,70,1,1
1041687,1,1,1
1041742,227,3,5
1041761,60,1,1
899876,65,1,1
1041792,62,1,1
959740,1,1,1
1041837,93,3,5
1041843,61,3,5
1041873,1,1,1
1041885,93,1,1
860574,91,3,5
1042195,67,1,1
1042214,61,1,1
1042214,93,1,1
858291,62,1,1
858291,67,1,1
858291,227,1,1
1010064,41,1,1
689443,7,1,1
689467,44,1,1
683641,7,1,1
685253,7,1,1
686330,7,3,5
683409,7,3,5
685140,7,3,5
685141,7,3,5
1013677,62,1,1
1013677,93,1,1
1013684,70,1,1
683633,44,1,1
887161,61,1,1
899816,1,1,1
1044241,1,1,1
1044247,1,1,1
1044256,1,1,1
1044259,91,1,1
1044262,69,1,1
1044262,227,1,1
1044265,91,1,1
1044277,1,1,1
1044280,65,3,5
1044280,93,3,5
1044283,93,1,1
1044286,61,1,1
1044299,93,1,1
833262,61,1,1
833262,1,1,1
833262,44,1,1
685342,12,1,1
1150945,9,1,1
687779,50,1,1
687779,30,1,1
687779,34,1,1
899421,26,1,1
899421,37,1,1
877688,20,1,1
877688,30,1,1
877688,42,1,1
877688,55,1,1
899532,24,1,1
899532,41,1,1
931854,9,1,1
931854,26,1,1
931854,41,1,1
931856,9,1,1
1171247,45,1,1
1171247,67,1,1
688756,62,1,1
688756,26,1,1
688756,28,1,1
688756,57,1,1
899046,42,1,1
899046,50,1,1
899049,2,1,1
899049,26,1,1
899049,42,1,1
899704,4,1,1
899704,50,1,1
899704,51,1,1
1159089,41,1,1
1159089,68,3,5
1159091,26,1,1
1159091,69,1,1
1159095,32,1,1
1159095,34,1,1
1159097,34,1,1
1159109,9,1,1
1159109,45,1,1
1159113,29,1,1
1159115,37,1,1
1159115,66,1,1
1159115,69,1,1
1159117,9,1,1
1159117,38,1,1
1159117,53,1,1
1159117,57,1,1
1159121,57,1,1
1159139,11,1,1
1159141,53,1,1
1159145,47,1,1
1159147,11,1,1
1159149,58,1,1
1159159,41,1,1
1159165,37,1,1
1159165,53,1,1
1159167,26,1,1
1159167,41,1,1
1159167,66,3,5
1159167,69,1,1
1159177,38,1,1
1159177,63,1,1
1159189,45,1,1
1159191,58,1,1
1159191,20,1,1
1159191,29,1,1
1159191,30,1,1
730852,56,3,5
730852,60,1,1
689427,39,1,1
730893,60,1,1
728637,60,1,1
1179665,19,1,1
1179665,26,1,1
1179665,29,1,1
1179665,69,1,1
1089379,26,1,1
1090280,22,1,1
900108,29,1,1
900108,36,1,1
899737,25,1,1
1093938,26,1,1
1093954,35,1,1
1093954,37,1,1
1093954,57,1,1
1093954,63,3,5
1094025,57,1,1
858623,2,1,1
858623,21,1,1
858623,58,1,1
1094185,20,1,1
1110167,44,1,1
1110228,44,1,1
688664,9,1,1
933779,24,1,1
686817,53,1,1
1151293,14,1,1
1151267,41,1,1
1151267,47,1,1
1151267,53,1,1
1151271,23,1,1
1151275,24,1,1
1151277,48,1,1
1151283,26,1,1
1151283,55,1,1
1151285,25,1,1
687037,67,1,1
687037,19,1,1
835830,30,1,1
835830,49,1,1
899756,35,1,1
899756,36,1,1
689617,9,1,1
687547,26,1,1
689410,38,1,1
689623,41,3,5
899053,8,1,1
899053,40,1,1
899053,52,1,1
685552,18,1,1
686912,56,1,1
899300,40,1,1
688520,4,1,1
686708,50,1,1
686708,53,1,1
685499,48,1,1
689256,11,1,1
689256,53,1,1
689256,9,1,1
687784,14,3,5
686293,2,1,1
686077,59,1,1
689398,18,1,1
899234,28,1,1
1125704,33,1,1
688444,14,1,1
688444,2,1,1
1127124,36,1,1
1127126,59,1,1
1127134,56,3,5
1127134,8,1,1
1041057,93,3,5
1041062,93,3,5
1041098,93,1,1
1041364,93,1,1
1041386,93,1,1
860754,1,1,1
1041506,44,1,1
1041555,1,1,1
860789,1,1,1
1041615,1,1,1
1041615,91,1,1
1041616,62,1,1
1041617,91,1,1
1132350,2,1,1
1132350,50,1,1
1132352,22,3,5
1132354,48,1,1
1132354,50,1,1
690000,12,1,1
899622,7,1,1
899622,18,1,1
899622,40,3,5
899622,44,1,1
866494,40,1,1
899635,43,1,1
683149,38,1,1
683149,67,1,1
1085089,7,3,5
1085089,40,1,1
1085089,52,1,1
969549,7,1,1
969576,7,1,1
1132396,51,1,1
687746,19,1,1
1146914,28,1,1
1146916,19,1,1
1146924,55,1,1
1146924,57,1,1
1146924,66,1,1
1146926,24,1,1
1146926,26,1,1
1146926,28,1,1
1146926,41,1,1
1146926,45,1,1
1225173,56,1,1
1225175,56,1,1
1225181,56,1,1
1225183,44,3,5
1225197,56,1,1
1225199,7,1,1
1225203,8,1,1
1225211,56,1,1
683195,52,1,1
686622,44,1,1
686622,60,1,1
685295,18,1,1
685295,8,1,1
684737,33,1,1
688761,8,1,1
688761,39,1,1
684210,52,1,1
1225584,379,1,1
1225586,39,1,1
1225590,8,1,1
1225590,52,1,1
942422,44,1,1
835765,33,1,1
835793,52,1,1
835811,44,1,1
835811,56,1,1
1233804,23,1,1
1233806,4,1,1
1233808,2,3,5
1233810,2,1,1
1233814,30,1,1
683810,30,1,1
1238781,8,1,1
1238781,18,3,5
1238793,44,1,1
1238799,51,1,1
1238805,52,1,1
1170324,67,1,1
685169,58,1,1
685169,53,1,1
686307,34,1,1
1159133,9,1,1
899707,11,1,1
899707,34,1,1
1171243,2,1,1
1171243,32,1,1
1171243,34,1,1
1171245,48,3,5
1171251,53,1,1
1146928,42,1,1
686125,67,1,1
686125,29,1,1
688617,67,1,1
900122,29,1,1
1146922,67,1,1
1146922,69,1,1
1202417,69,1,1
687513,67,3,5
893408,67,1,1
1159085,26,1,1
1159085,41,1,1
1159085,62,1,1
1159085,67,1,1
1150939,69,3,5
1150937,26,1,1
1150937,41,1,1
1159181,23,1,1
1222775,56,1,1
1222779,56,1,1
1222799,56,1,1
1222805,56,1,1
1222809,56,1,1
1222815,44,3,5
1222821,56,1,1
1222829,33,3,5
1222831,44,3,5
1222835,56,1,1
1222841,56,1,1
1222857,61,3,5
1222863,44,3,5
1222865,56,1,1
1222879,56,1,1
1268465,2,1,1
1268469,2,1,1
1268469,12,1,1
1268469,32,1,1
1268477,4,1,1
1268489,36,1,1
1268517,51,1,1
1268519,21,1,1
1268519,36,1,1
1268519,43,1,1
1268523,16,1,1
1268529,16,1,1
1268537,16,1,1
1268561,16,1,1
1268705,65,1,1
1269124,60,1,1
1269134,6,1,1
1269134,39,1,1
900094,60,1,1
1275206,67,1,1
1275208,49,1,1
1275218,70,1,1
1275222,67,1,1
1275222,33,3,5
1275224,33,1,1
899586,18,1,1
899586,59,1,1
899586,60,1,1
730773,60,1,1
900038,61,3,5
683570,35,1,1
685837,49,1,1
686887,40,1,1
899149,33,1,1
899149,56,1,1
1278505,52,1,1
1278509,52,1,1
1278509,59,1,1
686924,8,1,1
898981,14,1,1
898981,53,1,1
1268555,24,1,1
683948,2,1,1
683948,12,1,1
683695,14,3,5
899742,53,1,1
686372,69,3,5
686372,29,1,1
684969,29,3,5
684969,51,1,1
684969,57,3,5
684439,4,1,1
684439,23,1,1
899748,17,1,1
899739,2,1,1
1279624,32,1,1
1279644,23,1,1
1279646,4,1,1
1279646,43,1,1
1279658,23,1,1
898960,7,1,1
899911,377,3,5
685326,7,1,1
688819,7,1,1
874094,44,1,1
874149,377,3,5
1277497,7,1,1
1277507,7,1,1
1277515,7,1,1
1277551,7,1,1
1277571,44,3,5
1277573,7,1,1
1277573,44,3,5
1277578,44,3,5
1277588,7,1,1
1277604,44,3,5
1277626,7,1,1
1277630,7,1,1
1277638,7,1,1
1277642,7,1,1
1277684,7,1,1
1277692,7,1,1
1277752,7,1,1
1277770,7,1,1
1277772,7,1,1
1277776,7,1,1
1277782,7,1,1
1277784,7,1,1
1232161,227,1,1
1232165,62,1,1
1232165,67,1,1
1232165,227,1,1
1232165,1,1,1
1232167,65,1,1
1232167,67,1,1
1232167,1,1,1
899427,9,1,1
899427,24,1,1
688259,37,1,1
688259,55,1,1
1146920,37,1,1
1146910,28,1,1
1146910,37,1,1
1146910,41,1,1
1146910,92,1,1
1159125,17,1,1
1159125,30,1,1
1159125,43,3,5
1159125,58,1,1
1242955,19,1,1
1242957,21,1,1
1242963,36,1,1
1251777,24,1,1
1251779,41,1,1
1225596,44,1,1
899501,61,1,1
899510,7,3,5
688390,56,1,1
900014,18,1,1
900015,33,1,1
900036,18,1,1
900036,33,1,1
900036,52,1,1
899791,7,1,1
899942,18,1,1
899942,40,3,5
899946,8,1,1
899946,39,1,1
899069,53,1,1
684427,47,1,1
1252492,48,1,1
1252494,11,1,1
1252839,14,1,1
1110176,18,1,1
899671,18,1,1
1256094,24,1,1
720736,2,1,1
688730,10,1,1
868476,16,1,1
868477,16,1,1
689547,39,1,1
899240,381,1,1
899543,39,1,1
899543,52,1,1
899550,18,1,1
899550,33,1,1
899549,59,1,1
899547,33,1,1
899813,52,1,1
899813,59,1,1
899849,18,1,1
899849,44,1,1
899052,39,1,1
900023,381,1,1
1238807,6,1,1
1238807,18,1,1
1238807,39,1,1
1238807,59,1,1
1238807,60,1,1
687585,39,1,1
1270944,51,1,1
1270944,379,1,1
1270946,7,1,1
1270948,44,1,1
1270950,18,1,1
1270950,33,1,1
1270952,8,1,1
1270954,51,1,1
1270958,6,1,1
1270958,59,1,1
1270962,379,1,1
1270962,381,1,1
1270988,39,1,1
1270990,39,1,1
1270990,381,1,1
1270996,39,1,1
1271002,39,1,1
1271028,39,1,1
688555,44,1,1
958426,7,1,1
874101,61,3,5
899902,44,1,1
943237,56,3,5
1225187,7,1,1
1225187,44,1,1
899901,40,1,1
899901,56,3,5
935020,6,1,1
935020,33,1,1
935020,59,1,1
1271343,40,1,1
1271530,44,1,1
1271530,56,1,1
899627,18,1,1
899627,52,1,1
899627,56,1,1
899035,7,1,1
899035,377,1,1
899324,40,3,5
1239379,7,1,1
1239387,44,1,1
1239389,44,1,1
1239391,7,1,1
1239395,80,3,5
1239399,8,1,1
1239399,40,1,1
1239399,61,3,5
1239401,6,1,1
1239401,59,1,1
1267581,51,1,1
1267581,393,1,1
899893,82,1,1
683219,82,1,1
683219,381,3,5
1344243,61,3,5
1344244,62,3,5
1344244,65,1,1
1344246,1,1,1
1344248,1,1,1
1344248,91,3,5
1344249,61,1,1
1344252,1,1,1
899191,51,1,1
877352,22,1,1
877352,34,1,1
1302489,22,1,1
1302491,50,1,1
1127112,51,1,1
860829,93,1,1
899459,61,1,1
899457,1,1,1
1041825,65,3,5
1041514,1,1,1
1281864,23,1,1
1281864,34,1,1
1281864,51,1,1
1349437,49,1,1
1349439,69,1,1
1349440,49,1,1
1349442,8,1,1
1349444,48,3,5
1349447,25,3,5
1349447,53,3,5
1349451,22,1,1
900080,62,1,1
900082,62,1,1
1275198,60,1,1
1275198,36,1,1
1275198,49,1,1
687652,33,1,1
1309263,60,1,1
1309263,62,1,1
934599,36,1,1
1352332,36,1,1
1352334,36,1,1
1352336,59,3,5
1352338,8,1,1
1352340,30,1,1
899842,39,1,1
899842,52,1,1
899802,377,3,5
1353055,21,1,1
1353055,49,1,1
1362521,44,1,1
878775,14,1,1
878775,50,1,1
899710,11,1,1
899710,25,1,1
899710,53,1,1
689750,38,1,1
683268,38,1,1
1233784,4,1,1
1233784,23,1,1
1233818,51,1,1
899021,14,1,1
899021,19,1,1
899121,23,1,1
684249,51,1,1
1281866,82,1,1
1281868,43,1,1
1281868,51,1,1
1281874,48,1,1
1281876,2,1,1
1281876,14,1,1
1281882,2,1,1
1281882,32,1,1
1281882,34,1,1
1281884,23,1,1
1281896,34,1,1
1281902,32,1,1
1281904,4,1,1
1281908,4,1,1
867660,16,1,1
838416,14,1,1
838416,22,1,1
838416,30,1,1
932050,53,1,1
933350,2,1,1
838405,51,1,1
1279618,25,1,1
1279618,53,1,1
860449,14,1,1
860449,22,1,1
860449,25,1,1
899258,6,1,1
838440,383,1,1
838440,6,1,1
881401,377,1,1
931837,37,1,1
931837,50,1,1
931837,58,1,1
877316,2,1,1
877316,10,1,1
1151265,10,1,1
1151265,38,1,1
931836,20,1,1
931836,35,1,1
838459,20,1,1
838459,43,1,1
838459,45,1,1
838459,57,1,1
1285521,17,1,1
1285521,29,1,1
1285521,36,1,1
1285521,43,3,5
838549,37,1,1
1207718,67,1,1
1207718,9,1,1
1207718,53,1,1
1150941,26,1,1
1150941,55,1,1
1256090,66,3,5
838498,11,1,1
838498,24,1,1
1284769,21,1,1
833209,51,1,1
1085042,6,1,1
1085069,6,1,1
838618,8,1,1
838618,381,1,1
836528,51,1,1
836554,18,1,1
836562,44,1,1
877291,33,1,1
877291,35,1,1
877291,61,1,1
836655,60,1,1
836647,33,1,1
932906,7,1,1
835947,377,1,1
860518,44,1,1
860518,61,1,1
835949,61,1,1
835949,56,1,1
838600,39,1,1
835750,6,1,1
835750,18,1,1
835750,40,1,1
835750,56,1,1
872650,28,3,5
872650,91,1,1
899895,28,3,5
899895,67,1,1
860496,1,1,1
836040,377,3,5
860467,32,1,1
835984,4,1,1
1279614,53,1,1
1302634,19,1,1
1302634,23,1,1
1302634,49,1,1
1302634,57,1,1
1302634,67,1,1
877354,9,1,1
877354,26,1,1
877358,41,1,1
860489,36,1,1
1285582,56,1,1
837856,8,1,1
1285584,7,1,1
1285584,18,1,1
836914,18,1,1
836914,35,1,1
836914,44,1,1
900017,33,1,1
900016,60,1,1
837646,18,1,1
837646,52,1,1
860511,7,1,1
874156,61,3,5
860688,4,1,1
860688,29,1,1
860688,35,1,1
860688,43,1,1
860688,57,1,1
857357,51,1,1
860481,35,1,1
860481,70,1,1
856963,70,1,1
856963,35,1,1
856981,35,1,1
856981,36,1,1
860480,36,1,1
1127110,70,1,1
860672,59,1,1
872643,60,1,1
1270111,1,1,1
959134,4,1,1
1256088,48,1,1
858134,41,1,1
858134,42,1,1
932947,18,1,1
932947,33,1,1
932947,40,1,1
932947,377,1,1
860452,18,1,1
860452,59,1,1
837419,39,1,1
837419,40,1,1
837419,44,1,1
837419,59,1,1
895818,52,1,1
860590,7,1,1
860590,18,1,1
837832,39,1,1
837794,61,1,1
837794,52,1,1
835909,8,1,1
860463,39,1,1
860416,6,1,1
860416,8,1,1
857406,40,1,1
857406,44,1,1
857406,56,1,1
857406,59,1,1
860755,8,1,1
860755,40,1,1
860504,52,1,1
860504,76,1,1
837711,76,1,1
837711,6,1,1
837231,82,1,1
860499,379,1,1
899366,379,3,5
899367,392,1,1
837734,6,1,1
860585,6,1,1
860585,39,1,1
860585,51,1,1
860585,385,1,1
833228,80,1,1
833228,377,3,5
860641,379,1,1
860456,8,1,1
860456,379,1,1
879242,8,1,1
953927,39,1,1
953927,381,1,1
860541,18,1,1
860541,59,1,1
849164,6,1,1
860619,18,1,1
838855,2,1,1
838797,4,1,1
838797,34,1,1
838784,2,1,1
838784,9,1,1
838784,10,1,1
838784,34,1,1
838784,41,1,1
838784,45,1,1
838784,53,1,1
838755,10,1,1
838755,12,1,1
838755,58,1,1
838850,23,1,1
889361,23,1,1
838650,4,1,1
838650,11,1,1
838650,17,1,1
838650,19,1,1
838650,28,1,1
838650,30,1,1
838650,34,1,1
838650,35,1,1
838650,37,1,1
838650,38,1,1
860591,80,1,1
860512,26,1,1
860512,28,1,1
860512,65,1,1
860512,93,1,1
860750,93,1,1
860521,11,1,1
860521,22,1,1
860521,26,1,1
860521,28,1,1
860521,51,1,1
902938,34,1,1
860693,10,1,1
860693,68,3,5
860627,2,1,1
860627,4,1,1
860627,19,1,1
860627,34,1,1
860627,35,1,1
860627,42,1,1
860627,43,1,1
860627,66,1,1
860627,67,1,1
894450,21,1,1
894450,29,1,1
894450,30,1,1
860526,11,1,1
860526,14,1,1
860526,20,1,1
860526,22,1,1
860526,34,1,1
860526,42,1,1
860526,58,1,1
938463,10,1,1
938463,24,1,1
938463,41,1,1
899529,32,1,1
899529,48,1,1
899529,50,1,1
860542,30,1,1
860473,12,1,1
860473,19,1,1
860473,23,1,1
860473,26,1,1
860473,28,1,1
860473,36,1,1
860473,49,1,1
860473,60,1,1
860473,69,1,1
860430,39,1,1
860430,82,1,1
932976,7,1,1
932976,39,1,1
932976,56,1,1
932976,59,1,1
860581,7,1,1
860697,56,1,1
848805,44,1,1
1041701,7,1,1
1041701,18,1,1
857235,60,1,1
857235,39,1,1
860623,39,1,1
860623,61,1,1
1041690,60,1,1
1041690,70,1,1
1041730,70,1,1
1344237,93,1,1
893248,62,1,1
893248,93,1,1
860569,30,1,1
860569,36,1,1
860569,39,1,1
860569,53,1,1
1283074,43,1,1
1283074,62,1,1
1299043,56,1,1
849275,56,1,1
907535,11,1,1
907535,17,1,1
907535,61,1,1
907535,69,1,1
1176969,9,1,1
860683,50,1,1
1299044,61,1,1
1361913,70,1,1
1361913,19,1,1
1361913,45,1,1
1361912,63,1,1
1361912,66,1,1
1361912,7,1,1
1361912,9,1,1
1361912,42,1,1
1361912,49,1,1
856702,49,1,1
856702,52,1,1
860604,17,1,1
860604,21,1,1
860604,30,1,1
860604,37,1,1
860604,43,1,1
860604,57,1,1
860604,60,1,1
1159179,25,1,1
860576,61,1,1
860576,8,1,1
894266,63,1,1
894266,65,1,1
894266,66,1,1
894266,1,1,1
860442,9,1,1
860442,26,1,1
860442,55,1,1
859820,21,1,1
859820,50,1,1
859820,53,1,1
838396,83,1,1
860714,9,1,1
860714,11,1,1
860714,12,1,1
860714,68,1,1
860714,69,1,1
860714,91,1,1
860714,82,1,1
837022,12,1,1
860656,93,1,1
686618,44,1,1
689337,12,1,1
683910,32,1,1
686764,12,1,1
687074,12,1,1
687074,34,1,1
687074,48,1,1
683763,23,1,1
685372,12,1,1
688136,14,1,1
1313658,59,1,1
1313658,70,1,1
899372,35,1,1
899372,62,1,1
899092,379,3,5
684224,43,1,1
689338,39,1,1
689338,51,1,1
688735,43,3,5
1277485,7,1,1
1225209,60,1,1
689576,56,1,1
946354,4,1,1
898978,56,1,1
1315491,35,1,1
1315495,33,1,1
1315500,44,1,1
1315501,40,1,1
1315506,44,1,1
1315775,4,1,1
1344264,65,1,1
1344264,93,1,1
1344272,69,1,1
1344273,6,1,1
798288,24,1,1
685409,41,1,1
899606,91,3,5
689442,69,1,1
689442,91,3,5
689376,41,1,1
948485,55,1,1
1361915,43,1,1
833287,9,1,1
1132407,21,1,1
1270978,6,1,1
1270978,39,1,1
1270982,6,1,1
1270980,40,1,1
1270974,8,1,1
1270976,52,1,1
1270976,59,1,1
1270968,80,1,1
1270972,59,1,1
1270966,6,1,1
1041496,1,1,1
1041496,61,1,1
1344238,1,1,1
892730,377,1,1
931844,9,1,1
1279622,34,1,1
905014,12,1,1
1345194,30,1,1
1302654,4,1,1
1302654,20,1,1
1302654,34,1,1
1302654,47,1,1
1127118,49,1,1
959859,36,1,1
1302640,8,1,1
1302640,43,1,1
1302640,51,1,1
1302652,36,1,1
1302652,62,1,1
900047,32,1,1
821510,34,1,1
684075,2,1,1
684075,50,1,1
683486,34,1,1
683486,48,1,1
687956,34,1,1
688984,2,1,1
686789,22,1,1
900045,50,1,1
688861,14,3,5
795484,58,3,5
689407,50,1,1
683903,50,3,5
686958,50,1,1
686453,2,3,5
900042,55,1,1
684346,25,1,1
684346,42,1,1
687085,9,1,1
687085,55,1,1
686487,38,3,5
959812,37,1,1
959812,55,1,1
689786,45,1,1
688837,25,1,1
684760,67,1,1
959108,4,1,1
959108,19,1,1
959108,30,1,1
959108,42,1,1
959108,43,1,1
685146,57,1,1
684593,22,1,1
684593,57,1,1
685775,42,1,1
686634,50,1,1
688631,29,1,1
688631,57,1,1
683161,4,1,1
1349448,22,1,1
685238,30,1,1
959042,41,1,1
687913,67,1,1
688771,69,3,2
688431,57,1,1
893449,29,1,1
893439,28,1,1
860694,33,3,5
857191,49,1,1
684091,8,3,5
849126,33,1,1
685709,8,1,1
683065,8,1,1
849141,1,1,1
958946,70,1,1
900055,37,1,1
900055,69,3,5
877402,45,1,1
860514,80,1,1
887169,41,1,1
887169,69,3,5
1093866,11,1,1
1093866,25,1,1
1093866,47,1,1
1093904,41,1,1
1093904,42,1,1
907585,11,1,1
907585,29,1,1
907585,57,1,1
907585,58,1,1
907585,67,1,1
687087,19,1,1
687087,28,1,1
684274,29,1,1
684274,57,1,1
684638,41,1,1
688863,22,1,1
684956,2,1,1
685634,4,1,1
685634,38,1,1
685634,48,3,5
685497,41,1,1
684119,2,1,1
907588,29,1,1
907588,30,1,1
1344228,61,1,1
899898,7,1,1
899898,61,1,1
899135,41,1,1
899135,53,1,1
860710,6,1,1
856676,61,1,1
856676,7,1,1
1315492,18,1,1
1302630,19,1,1
1302630,57,1,1
858054,70,1,1
931850,42,1,1
931850,55,1,1
931850,57,1,1
1281870,9,1,1
1281870,66,1,1
1362520,18,1,1
894262,67,1,1
894262,69,1,1
894262,92,1,1
1322173,1,1,1
1302666,2,1,1
1302666,55,1,1
1302664,29,1,1
1302664,36,1,1
1302656,4,1,1
1302656,34,1,1
1349443,21,1,1
1349443,62,3,5
1349443,66,1,1
1349443,67,1,1
1349443,68,1,1
790680,8,1,1
688271,52,1,1
689315,58,1,1
689315,2,1,1
689315,14,1,1
685580,59,1,1
685580,7,1,1
1127114,36,1,1
899117,8,1,1
1302493,53,1,1
1302511,4,1,1
1302523,2,1,1
1302523,50,1,1
1302531,43,3,5
833274,4,1,1
833274,22,1,1
833274,23,1,1
833274,43,1,1
833274,50,1,1
833272,14,1,1
683306,23,1,1
1302636,14,1,1
1302636,26,1,1
1302636,47,1,1
1302642,11,1,1
1302644,47,3,5
1302646,28,1,1
1302648,58,1,1
1302660,23,1,1
1302660,29,1,1
1302660,38,1,1
1302670,19,1,1
1302670,57,1,1
899151,36,1,1
686492,56,1,1
686597,56,1,1
685270,44,1,1
685270,8,1,1
685270,52,1,1
687036,44,1,1
683308,61,3,5
685603,44,1,1
683392,44,1,1
683392,18,3,5
689506,56,1,1
1277792,7,1,1
1277796,7,1,1
1277800,7,1,1
1277804,7,1,1
1277808,7,1,1
1277810,44,1,1
1277822,7,1,1
1225598,52,1,1
902782,59,1,1
857460,18,1,1
857460,33,1,1
685307,39,1,1
1278493,33,1,1
1278499,18,1,1
1278501,33,1,1
1278501,44,1,1
1278501,49,1,1
1278501,52,1,1
1278503,52,1,1
899809,8,1,1
899825,7,1,1
1225169,33,1,1
689356,49,1,1
688946,60,1,1
688946,70,1,1
685360,8,1,1
684764,7,1,1
684764,18,1,1
688049,7,1,1
688879,8,1,1
1283076,18,1,1
1283082,21,1,1
1283082,51,1,1
1283084,59,1,1
1283086,33,1,1
1283086,59,1,1
1283088,52,1,1
1283090,52,1,1
1283098,59,1,1
1283100,18,1,1
1283100,44,1,1
1283100,56,1,1
1283114,36,1,1
1283114,51,3,5
1283118,8,1,1
685878,30,1,1
899432,43,1,1
932556,51,1,1
899225,6,1,1
899225,377,3,5
1284777,82,1,1
1284783,51,1,1
1284809,23,1,1
1284815,43,1,1
1284823,43,3,5
1270938,51,1,1
785427,8,1,1
687527,8,1,1
684811,39,1,1
899343,59,1,1
899345,18,1,1
899345,33,1,1
899345,40,1,1
932970,18,1,1
899347,6,1,1
899346,33,1,1
1042115,1,1,1
1042115,227,1,1
1042125,65,1,1
1042120,91,1,1
1042120,93,1,1
1042120,227,1,1
1042080,93,3,5
1042090,227,3,5
1042040,91,3,5
1042040,93,3,5
1042153,65,1,1
1042153,91,3,5
1042167,65,1,1
1042167,91,3,5
1041954,93,1,1
1041965,69,3,5
1041965,91,3,5
1041965,227,1,1
898979,56,1,1
898979,60,1,1
866456,36,1,1
1279626,25,1,1
1279626,30,1,1
1279626,37,1,1
1279626,55,1,1
887296,2,1,1
887296,14,1,1
887296,28,1,1
887296,32,1,1
887296,37,1,1
887296,45,1,1
887296,67,1,1
1279628,42,1,1
1279628,50,1,1
687040,14,1,1
899965,25,1,1
1233796,42,1,1
899650,22,1,1
899650,30,1,1
683728,50,1,1
899596,2,1,1
899596,50,1,1
899596,53,1,1
1285412,4,1,1
1285412,43,1,1
1285414,19,1,1
1285414,22,1,1
1285418,25,1,1
1285420,34,1,1
1285620,7,1,1
1285620,377,1,1
899438,26,1,1
868501,16,1,1
687429,16,1,1
684362,34,1,1
684362,48,3,5
684517,34,1,1
685202,14,3,5
686977,34,1,1
899182,4,1,1
899182,19,1,1
899182,51,3,5
684761,12,3,5
684761,51,3,5
1287814,14,3,5
1287814,48,3,5
939245,4,1,1
902985,61,1,1
939239,16,1,1
884093,56,1,1
899705,14,1,1
899878,24,1,1
899878,26,1,1
683265,12,1,1
689365,92,1,1
689365,24,1,1
689365,47,1,1
1176973,69,3,5
1176977,38,1,1
1176977,47,1,1
1176981,62,1,1
1176981,70,1,1
1176989,29,1,1
1176991,67,1,1
860510,2,1,1
860510,14,1,1
860510,38,3,5
877319,10,1,1
877319,28,1,1
877319,34,1,1
877320,38,1,1
877320,41,1,1
877320,57,1,1
877320,62,1,1
860485,33,1,1
860485,39,1,1
860588,29,1,1
860466,6,1,1
860466,8,1,1
860466,18,1,1
860466,33,1,1
860466,49,1,1
860509,60,1,1
860509,91,1,1
860856,16,1,1
848739,4,1,1
848739,25,1,1
848739,50,1,1
848739,51,1,1
857627,2,1,1
857627,23,1,1
857627,41,1,1
1041519,56,1,1
1090947,14,1,1
1090947,24,1,1
1090947,26,1,1
1090947,34,1,1
1159105,37,1,1
1159105,41,1,1
836789,68,3,5
849242,60,1,1
1279636,23,1,1
899464,14,1,1
899694,34,1,1
899693,2,1,1
898971,25,1,1
898988,53,1,1
898958,2,1,1
898958,34,1,1
870954,9,1,1
899524,9,1,1
899695,11,1,1
899695,25,1,1
899695,45,1,1
899692,2,1,1
899692,23,1,1
899687,4,1,1
899687,14,1,1
899653,2,1,1
899653,32,1,1
899009,34,1,1
899009,53,1,1
899467,22,1,1
899467,48,1,1
1302658,23,1,1
1159173,26,1,1
1159173,38,1,1
899540,50,1,1
899540,53,1,1
1159137,37,1,1
1159137,53,1,1
1159137,55,1,1
842028,20,1,1
1159161,26,1,1
1159161,41,1,1
1159161,66,1,1
1159151,41,1,1
1159151,66,1,1
1159151,69,3,5
1159153,29,1,1
899542,68,1,1
899541,25,1,1
899541,45,1,1
899541,53,1,1
899810,59,1,1
899810,60,1,1
899828,44,1,1
898972,37,1,1
1041531,61,1,1
899818,44,1,1
899818,61,1,1
688101,12,1,1
683580,14,1,1
688856,34,1,1
688856,48,1,1
688505,32,1,1
687549,2,1,1
689611,12,1,1
688030,14,1,1
755395,14,3,5
755395,34,3,5
689079,12,1,1
731101,53,1,1
731101,48,3,5
683805,12,1,1
683805,32,1,1
683170,32,1,1
684693,14,1,1
684483,2,1,1
684834,32,1,1
684012,48,1,1
689553,12,1,1
687469,12,1,1
686345,12,1,1
684553,9,1,1
685410,37,1,1
684571,26,1,1
685450,10,1,1
685450,34,1,1
732843,48,1,1
686501,14,3,5
686501,48,1,1
683704,34,1,1
683704,48,3,5
686346,2,1,1
686346,32,1,1
689775,25,3,5
689775,48,1,1
683869,4,1,1
684509,23,3,5
683253,51,1,1
687957,30,1,1
684707,23,1,1
688749,50,1,1
688103,41,1,1
688268,38,1,1
688268,55,1,1
1302668,25,1,1
1302668,58,1,1
685788,45,1,1
685847,17,1,1
689089,29,1,1
686788,57,1,1
683995,69,3,5
683857,37,1,1
686709,69,3,5
689486,28,1,1
690084,28,1,1
800146,58,1,1
685562,53,1,1
685562,45,1,1
685562,50,1,1
688193,45,1,1
684581,56,1,1
687106,33,1,1
683818,59,1,1
731892,18,1,1
731892,59,1,1
689272,18,1,1
689272,52,1,1
686005,18,1,1
685058,8,1,1
689094,29,1,1
690042,69,3,2
687336,44,1,1
683648,44,1,1
688873,61,1,1
688873,44,1,1
979512,1,1,1
687102,32,1,1
1344253,61,3,5
1345193,9,1,1
1345193,24,1,1
1345193,29,1,1
1345193,57,1,1
836508,47,1,1
838433,85,1,1
860501,2,1,1
860501,23,1,1
860501,37,1,1
857662,51,1,1
926768,29,1,1
1375132,28,1,1
1375136,20,1,1
1375137,45,1,1
1375152,37,1,1
939252,14,1,1
939247,11,1,1
939247,58,1,1
902981,9,1,1
902981,11,1,1
902981,17,1,1
902981,20,1,1
902981,25,1,1
902981,37,1,1
902981,41,1,1
902981,55,1,1
939250,34,1,1
939250,51,1,1
902978,12,1,1
884095,6,1,1
884095,7,1,1
884095,39,1,1
884095,56,1,1
939242,20,1,1
939242,22,1,1
939242,38,1,1
939242,41,1,1
939242,42,1,1
939242,57,1,1
969621,6,1,1
685488,24,1,1
688291,49,1,1
688693,40,1,1
860636,44,1,1
860636,59,1,1
860636,61,1,1
837809,44,1,1
900103,8,1,1
687262,52,1,1
683426,6,1,1
684582,40,1,1
686984,52,1,1
684370,65,1,1
684370,93,1,1
683877,91,3,5
688404,55,1,1
902980,4,1,1
902980,45,1,1
902980,48,1,1
902980,58,1,1
690014,38,1,1
683957,57,1,1
683712,60,1,1
685376,67,1,1
685773,29,1,1
688172,29,1,1
686070,67,1,1
685608,62,1,1
685608,69,1,1
685608,65,1,1
685608,1,1,1
800094,38,1,1
800985,26,1,1
687617,62,1,1
687617,69,1,1
687617,227,1,1
687789,227,1,1
688655,62,1,1
684071,1,1,1
684035,44,1,1
683070,56,1,1
684651,18,1,1
683583,18,1,1
683996,56,1,1
689652,44,1,1
688774,18,1,1
686223,59,1,1
688021,8,1,1
688021,52,1,1
688360,18,1,1
686950,59,1,1
689555,56,1,1
684069,44,1,1
685996,6,1,1
683891,18,1,1
683473,18,1,1
683473,59,1,1
689915,8,1,1
685132,59,1,1
688936,34,1,1
686399,44,1,1
689202,44,1,1
683349,24,1,1
689309,8,1,1
689956,39,1,1
685060,39,1,1
687200,52,1,1
688835,80,3,5
687718,16,1,1
684572,61,3,5
686021,25,1,1
686021,50,1,1
686021,11,1,1
686021,69,3,5
687201,69,3,2
685903,41,1,1
688533,67,1,1
933803,69,3,2
933803,26,1,1
687966,25,1,1
684684,55,1,1
685836,37,1,1
686765,38,3,5
686156,7,1,1
689723,38,3,5
689723,41,1,1
689723,42,1,1
685352,37,1,1
683202,62,1,1
683202,35,1,1
683927,36,1,1
687723,49,1,1
687838,42,1,1
683080,56,1,1
685500,6,1,1
685500,39,1,1
685500,52,1,1
689185,18,1,1
685957,44,3,5
684828,59,1,1
688489,16,1,1
685305,33,1,1
684446,51,1,1
1127136,51,1,1
684891,18,1,1
686697,40,1,1
683729,8,1,1
688888,8,1,1
688888,52,1,1
683199,52,1,1
683911,59,1,1
686427,7,1,1
686665,40,1,1
689130,18,1,1
684500,35,1,1
686042,7,1,1
688036,40,1,1
683340,59,3,5
684272,8,1,1
684272,59,1,1
683718,59,1,1
686179,33,1,1
686179,59,1,1
684221,40,1,1
684221,59,1,1
687461,18,1,1
683820,18,3,5
686628,52,1,1
687033,8,1,1
687033,18,1,1
687033,44,1,1
689114,52,1,1
684010,56,1,1
686527,24,1,1
686527,26,1,1
686527,37,1,1
684178,40,1,1
684552,51,1,1
690032,52,1,1
689979,7,1,1
683136,6,1,1
685646,7,1,1
689085,7,1,1
689085,40,1,1
683608,8,1,1
688024,33,1,1
689959,6,1,1
689959,59,1,1
683135,52,1,1
685576,33,1,1
689255,52,3,5
684058,8,1,1
687299,6,1,1
689009,7,1,1
684352,82,1,1
688860,7,1,1
689924,57,1,1
685747,14,3,5
684635,36,1,1
687870,62,1,1
685266,16,1,1
688778,7,1,1
684183,8,1,1
684723,44,1,1
685408,8,1,1
688710,8,1,1
687987,8,1,1
687481,7,1,1
689692,16,1,1
688798,40,1,1
688798,80,1,1
685260,40,1,1
688590,51,1,1
687332,6,3,5
683863,17,1,1
683863,21,1,1
683863,36,1,1
686768,28,1,1
689977,4,3,5
684499,59,1,1
683867,39,1,1
685539,55,1,1
684548,16,1,1
684125,69,3,2
683270,7,1,1
684302,52,1,1
688417,49,1,1
688417,59,3,5
685444,6,1,1
687841,20,1,1
687841,42,1,1
685222,42,1,1
688077,10,1,1
685978,42,1,1
689399,14,1,1
686513,48,3,5
688399,39,1,1
689960,14,1,1
683740,17,1,1
685625,24,1,1
686778,18,1,1
686778,59,1,1
683123,40,1,1
688933,40,1,1
689512,63,1,1
686917,34,1,1
684040,14,1,1
684040,32,1,1
687829,4,1,1
685264,51,1,1
687078,381,1,1
684361,6,1,1
689078,39,1,1
685875,379,3,5
684900,39,1,1
689752,19,1,1
689752,20,3,5
687289,51,1,1
688362,39,1,1
687850,6,1,1
687850,52,3,5
689077,39,1,1
688168,39,1,1
685383,18,1,1
684927,44,1,1
683870,40,1,1
686259,40,1,1
688977,40,1,1
686383,39,1,1
685440,8,1,1
688358,33,1,1
689211,7,3,5
684645,18,3,5
685714,40,1,1
687591,40,1,1
689125,6,1,1
689125,7,1,1
688941,51,1,1
689642,7,1,1
689164,51,1,1
683311,39,1,1
688942,6,1,1
688942,39,1,1
685798,51,1,1
685394,14,3,5
688248,2,1,1
689974,32,1,1
687311,2,1,1
687311,11,1,1
684349,34,1,1
683191,53,1,1
683191,58,1,1
687926,58,1,1
687926,53,1,1
690075,48,1,1
690075,50,3,5
690075,53,1,1
689137,16,1,1
686771,16,1,1
688526,14,1,1
685107,66,3,5
683672,14,1,1
688807,40,1,1
685676,12,1,1
684316,56,1,1
758060,33,1,1
690012,8,1,1
684569,18,1,1
684569,59,1,1
685938,39,1,1
687572,59,1,1
685940,39,1,1
684967,67,1,1
684967,29,1,1
688915,67,1,1
689835,67,3,5
690045,28,1,1
687709,63,1,1
687548,63,1,1
689731,26,1,1
683437,66,3,5
684496,39,1,1
689430,50,1,1
689885,37,1,1
683985,34,1,1
683584,63,1,1
683584,24,1,1
683584,55,1,1
686595,24,3,5
686595,55,1,1
685090,7,1,1
688231,1,1,1
685975,43,1,1
685975,51,1,1
689949,7,1,1
684831,7,1,1
684123,39,1,1
685740,62,1,1
685555,28,1,1
685185,67,1,1
686999,381,3,5
686999,51,1,1
689939,51,1,1
689124,2,1,1
684650,44,1,1
684389,18,1,1
684389,33,1,1
686596,44,1,1
685294,44,3,5
685606,18,1,1
685969,33,1,1
690046,59,1,1
687466,52,3,5
687466,59,1,1
688595,7,1,1
685038,51,3,5
686840,34,1,1
686840,48,1,1
686840,50,1,1
683346,51,1,1
685183,30,1,1
689963,43,1,1
684270,34,1,1
687812,39,1,1
685361,12,1,1
685015,59,1,1
685016,8,1,1
686673,18,1,1
685619,44,1,1
685396,7,3,5
688344,379,1,1
688153,6,1,1
685448,18,1,1
685448,40,1,1
688645,18,1,1
686177,7,1,1
686177,40,1,1
689656,7,1,1
684441,6,1,1
684441,7,1,1
687844,7,1,1
688670,33,1,1
683815,51,1,1
687694,14,1,1
684382,12,1,1
684382,48,1,1
688223,34,1,1
689119,23,1,1
689900,23,1,1
689621,48,1,1
688575,48,1,1
684185,14,1,1
687535,34,1,1
685967,14,1,1
689367,34,1,1
684287,2,3,5
684287,32,1,1
684627,23,3,5
687545,48,1,1
683235,56,1,1
689097,7,3,5
686981,6,1,1
683120,44,1,1
689280,80,1,1
689280,6,1,1
690033,59,1,1
683660,18,3,5
684573,7,3,5
684573,44,1,1
686748,44,1,1
689727,52,1,1
683264,39,1,1
684736,61,3,5
685332,8,1,1
688173,59,1,1
688988,39,3,5
683981,44,1,1
686391,44,1,1
685909,18,1,1
685909,44,1,1
684186,6,1,1
686847,39,1,1
687499,44,1,1
685481,59,1,1
689265,49,1,1
689354,69,3,2
687798,58,1,1
686044,34,1,1
689988,38,1,1
687760,47,3,5
683533,47,1,1
684099,55,1,1
685002,12,1,1
688245,12,1,1
686787,17,1,1
685147,41,1,1
686533,37,1,1
688375,67,1,1
688827,55,1,1
683435,47,3,5
685818,24,1,1
685818,26,1,1
685818,41,1,1
689294,38,1,1
689294,55,1,1
683710,29,1,1
688089,43,3,5
688976,23,1,1
685054,4,1,1
685054,43,1,1
687982,34,1,1
687081,14,1,1
684420,26,1,1
688207,67,1,1
686952,8,1,1
687144,29,1,1
686740,33,3,5
684974,29,1,1
688643,8,1,1
685933,35,1,1
685181,33,1,1
683840,52,1,1
687046,52,1,1
687509,60,1,1
687509,18,1,1
687509,59,3,5
684854,7,1,1
686139,40,1,1
689568,33,1,1
689568,52,1,1
686317,59,1,1
685491,29,1,1
688042,18,1,1
686639,8,1,1
689780,8,1,1
686599,8,1,1
686599,59,1,1
688041,39,1,1
689782,18,1,1
686162,18,1,1
686162,49,1,1
684241,18,3,5
686164,8,1,1
689004,33,1,1
683750,39,1,1
689484,52,1,1
689484,59,1,1
683825,16,1,1
683928,51,1,1
684037,51,1,1
685834,82,1,1
685338,7,1,1
686627,56,1,1
688035,44,1,1
684590,18,1,1
685268,8,1,1
683716,6,3,5
687980,56,1,1
942445,44,1,1
686041,8,1,1
685913,33,1,1
687866,44,1,1
689426,39,1,1
689426,51,1,1
685379,8,1,1
688414,18,1,1
686319,59,1,1
689246,33,1,1
688547,39,1,1
688247,18,1,1
688247,59,1,1
688310,7,3,5
687474,33,1,1
686581,6,1,1
685165,40,1,1
683332,50,1,1
683332,51,1,1
685706,18,1,1
685445,36,1,1
688110,2,3,5
686440,34,1,1
689579,4,1,1
689579,43,1,1
689521,34,1,1
684284,51,3,5
683530,4,1,1
687341,7,1,1
688944,41,1,1
683348,29,1,1
685459,39,1,1
689520,6,3,5
689852,22,1,1
684697,8,1,1
685113,8,1,1
689150,6,1,1
689104,14,3,5
683470,6,1,1
684363,39,1,1
687182,14,1,1
683196,58,3,5
683175,12,1,1
688157,2,1,1
688157,14,1,1
688157,48,1,1
684331,29,1,1
684332,19,1,1
687938,35,1,1
687510,4,1,1
686106,2,3,5
689655,4,1,1
689586,21,1,1
687167,14,1,1
687167,50,1,1
689711,381,3,5
689711,39,1,1
685756,24,1,1
685756,26,1,1
933831,63,1,1
688995,4,1,1
689466,34,1,1
685712,14,3,5
685855,51,1,1
688922,43,1,1
683528,23,1,1
683246,30,1,1
685462,4,1,1
685462,30,1,1
684566,32,1,1
687247,4,3,1
685513,52,1,1
686849,52,3,5
686446,52,3,2
683568,67,1,1
687210,42,1,1
683341,41,1,1
689777,12,1,1
687576,51,1,1
686285,23,1,1
687755,53,1,1
689857,2,1,1
688341,7,1,1
688005,12,1,1
685926,51,1,1
686877,50,1,1
689790,58,1,1
684159,25,1,1
684159,41,1,1
689424,14,1,1
689424,22,1,1
689424,50,1,1
689424,53,1,1
685241,34,1,1
685241,50,1,1
684518,39,1,1
687421,51,1,1
684299,7,3,5
689881,51,1,1
685281,36,1,1
688914,29,1,1
688914,49,1,1
686291,28,1,1
686291,29,1,1
684155,19,1,1
687227,4,1,1
685868,51,1,1
683603,70,1,1
683603,59,1,1
684443,60,1,1
684443,33,1,1
685313,48,1,1
688684,69,3,5
687178,28,1,1
686355,63,1,1
686355,26,1,1
687179,67,1,1
683916,61,3,5
685170,44,1,1
688551,49,1,1
683382,51,1,1
688522,67,1,1
683932,58,1,1
685244,50,1,1
684211,33,1,1
688750,56,1,1
688429,56,1,1
687480,56,1,1
685566,56,1,1
685591,56,1,1
685782,1,1,1
687450,41,1,1
686521,51,1,1
684127,23,3,5
684127,51,1,1
684127,53,1,1
689724,50,1,1
685688,33,1,1
720774,2,3,5
720781,12,1,1
720833,12,3,5
720833,50,1,1
684489,22,3,5
688189,14,1,1
688189,50,1,1
721871,50,3,5
683186,24,1,1
728681,60,1,1
683491,59,1,1
683491,60,1,1
728706,60,1,1
728713,18,1,1
728727,18,1,1
728730,18,3,5
728762,33,1,1
728799,18,1,1
730812,60,3,5
730817,60,1,1
730886,56,3,5
730907,18,1,1
684667,14,1,1
684667,50,1,1
731362,44,3,5
731424,18,1,1
731473,56,1,1
731481,33,1,1
731481,59,1,1
688006,59,1,1
688006,18,1,1
731800,18,3,5
732459,60,3,5
732581,61,1,1
732636,48,1,1
735319,8,1,1
735986,61,1,1
686742,59,1,1
686742,44,1,1
686949,33,1,1
686949,18,1,1
684495,44,1,1
684495,56,3,5
688007,59,1,1
688007,44,1,1
688910,33,1,1
742092,61,1,1
742092,1,3,5
683856,41,1,1
684643,47,1,1
757438,8,1,1
758172,6,1,1
758208,8,1,1
948169,18,1,1
758371,52,1,1
758472,52,1,1
758477,8,1,1
686629,58,1,1
686629,53,1,1
768370,32,1,1
769197,52,1,1
757454,6,1,1
757454,52,1,1
769233,6,1,1
683691,8,1,1
688395,40,1,1
689068,6,1,1
770588,52,1,1
783931,2,1,1
684269,4,1,1
684269,51,3,5
785173,18,1,1
684422,6,1,1
684422,40,1,1
1283110,40,1,1
686096,33,1,1
787600,56,3,2
787691,45,1,1
787986,56,1,1
788692,7,1,1
788746,7,1,1
789532,45,1,1
933897,26,1,1
933897,41,1,1
789784,7,1,1
789792,7,1,1
789798,7,1,1
789823,7,1,1
789858,7,1,1
789879,7,1,1
789926,377,1,1
789951,7,1,1
790201,7,1,1
790220,7,1,1
790224,7,1,1
769209,6,3,5
791624,58,1,1
791646,24,1,1
791646,41,3,5
791954,52,1,1
792298,52,1,1
793506,52,1,1
684530,41,1,1
794977,6,1,1
686859,14,1,1
686859,22,1,1
795478,58,3,5
686267,50,1,1
683622,58,1,1
793483,52,1,1
688797,67,3,5
688921,53,1,1
688921,58,1,1
688599,53,1,1
686061,2,1,1
686061,32,1,1
799311,7,1,1
801789,51,1,1
689384,58,1,1
802194,51,1,1
801767,51,1,1
683492,6,1,1
683492,80,3,5
806331,377,3,5
806425,80,3,5
806705,14,1,1
684623,7,1,1
684085,58,1,1
687220,6,1,1
814710,39,1,1
684819,39,1,1
684819,40,1,1
689173,80,3,5
689173,7,1,1
688818,7,1,1
817159,14,1,1
820837,39,1,1
687063,2,1,1
685099,14,1,1
827827,39,1,1
828511,57,1,1
690048,34,1,1
690048,48,1,1
688949,25,1,1
688949,45,1,1
688949,58,1,1
686483,45,1,1
833205,39,1,1
833206,379,1,1
833207,388,1,1
833208,82,1,1
833210,43,1,1
833210,381,3,5
833222,80,3,5
833222,6,1,1
833223,379,3,5
833223,52,1,1
833224,32,1,1
833224,53,1,1
833231,80,3,5
833231,6,1,1
833231,40,1,1
833233,28,1,1
833240,2,1,1
833240,20,1,1
833241,10,1,1
833241,11,1,1
833241,12,1,1
833241,34,1,1
833241,38,1,1
833244,50,1,1
833244,53,1,1
1225711,7,1,1
1225711,8,1,1
833251,51,1,1
833256,7,1,1
833264,40,1,1
833268,22,1,1
833268,25,1,1
833273,17,1,1
833273,20,1,1
833275,67,1,1
833275,69,1,1
833275,10,1,1
833275,11,1,1
833275,53,1,1
833275,55,1,1
833275,57,1,1
833283,25,1,1
833284,20,1,1
833284,28,1,1
835780,8,1,1
835780,33,1,1
835780,59,1,1
835853,37,1,1
835853,41,1,1
835853,67,1,1
835900,44,3,5
835924,8,1,1
835969,42,1,1
836005,53,1,1
836005,58,1,1
797769,53,1,1
688029,14,1,1
685512,52,1,1
686528,34,1,1
686464,58,1,1
836605,43,1,1
836637,8,1,1
836637,52,1,1
836772,24,1,1
836772,34,1,1
836772,37,1,1
836875,20,1,1
836882,2,1,1
836901,44,1,1
836926,40,1,1
836944,56,1,1
836976,12,1,1
836976,14,1,1
836994,32,1,1
836994,43,1,1
837011,2,1,1
837011,14,1,1
837087,19,1,1
837087,28,1,1
837087,29,1,1
837087,41,1,1
837087,42,1,1
837100,11,1,1
837100,34,1,1
837100,69,3,5
837113,23,1,1
837113,34,1,1
837113,48,1,1
837113,53,1,1
837138,25,1,1
837138,48,1,1
837138,51,1,1
837180,66,1,1
837180,9,1,1
837180,10,3,5
837180,12,3,5
837180,20,1,1
837251,76,1,1
837251,381,1,1
837258,76,1,1
1353056,19,1,1
1353056,26,1,1
1353056,30,1,1
1353056,43,1,1
1353056,51,1,1
1353056,69,1,1
837334,6,1,1
837334,7,1,1
837581,44,1,1
837727,379,1,1
837727,39,1,1
837757,76,1,1
837757,379,1,1
836335,53,1,1
838082,16,1,1
838902,39,1,1
839432,28,1,1
839432,32,1,1
839432,41,1,1
839432,62,1,1
840021,4,1,1
840541,80,3,5
840568,6,1,1
840587,40,1,1
840590,40,1,1
840595,7,1,1
840645,52,1,1
840828,6,1,1
683075,52,1,1
841768,6,1,1
841768,7,1,1
841776,7,1,1
841783,6,1,1
841827,6,1,1
683081,40,1,1
688880,44,1,1
685188,6,1,1
685808,52,1,1
841935,53,1,1
841935,58,1,1
842025,35,1,1
842025,49,1,1
842025,57,1,1
848769,80,1,1
848769,379,1,1
848769,381,1,1
848769,7,1,1
848769,8,1,1
848782,7,1,1
848782,377,3,5
848810,61,3,5
848817,59,1,1
848848,59,1,1
848861,18,1,1
848861,52,1,1
849080,44,1,1
849107,40,1,1
849107,44,1,1
849107,49,1,1
849107,59,1,1
849192,29,1,1
849252,59,1,1
849293,62,1,1
849329,12,1,1
849347,2,1,1
849347,34,1,1
849347,48,1,1
849347,51,1,1
849358,8,1,1
856641,62,1,1
856658,7,1,1
856661,1,1,1
856688,8,1,1
856737,379,1,1
856737,7,1,1
856756,49,1,1
689888,12,1,1
685157,6,3,5
688649,44,1,1
688734,7,3,5
688734,8,1,1
683942,40,1,1
683942,56,3,5
684501,51,3,5
688591,82,3,5
856995,70,1,1
857077,33,1,1
857091,14,1,1
857091,38,1,1
857182,59,3,5
857274,60,1,1
857274,6,1,1
857292,56,1,1
857292,59,1,1
857323,6,1,1
857323,80,1,1
857323,381,1,1
857345,56,1,1
857017,20,1,1
857017,21,1,1
857017,28,1,1
857017,36,1,1
857017,49,1,1
857602,14,1,1
857602,23,1,1
857602,32,1,1
857602,34,1,1
857602,48,1,1
857688,38,1,1
857688,63,1,1
857688,67,3,5
857754,40,1,1
857768,40,1,1
857839,40,1,1
857887,40,1,1
683663,40,1,1
686415,12,1,1
689887,12,1,1
859615,14,1,1
860460,11,1,1
860460,51,1,1
860460,66,1,1
860460,69,1,1
860663,61,1,1
860668,16,1,1
860669,7,1,1
860867,12,1,1
861435,14,1,1
861491,14,1,1
860809,60,1,1
860809,61,1,1
860839,93,1,1
860745,227,1,1
868463,16,1,1
868470,16,1,1
868485,16,1,1
868487,16,1,1
868490,16,1,1
833212,44,1,1
849282,44,1,1
849282,56,1,1
870256,2,3,5
870256,14,1,1
870256,38,1,1
871088,23,1,1
871088,48,1,1
871156,41,1,1
685237,32,3,5
685237,50,1,1
873192,14,1,1
684558,8,1,1
874085,377,3,5
877317,17,1,1
877318,9,1,1
877318,28,1,1
877318,38,1,1
877393,9,1,1
877393,38,1,1
877393,69,3,5
877394,11,1,1
877423,14,1,1
685156,9,1,1
685156,45,1,1
878915,53,1,1
1159107,69,1,1
884494,24,1,1
884494,25,1,1
884494,26,1,1
688932,2,1,1
688932,10,1,1
688932,34,1,1
688932,48,1,1
688932,53,1,1
685403,9,1,1
685403,38,1,1
683781,41,3,5
754608,38,1,1
754608,42,1,1
688308,9,1,1
688308,24,1,1
688308,38,3,5
884822,24,1,1
885239,42,1,1
688227,44,1,1
942426,56,1,1
942429,56,1,1
942435,56,1,1
979465,44,1,1
683421,56,3,2
942444,44,1,1
683894,1,1,1
979529,56,3,2
979541,44,1,1
942446,61,1,1
942446,7,1,1
942446,56,1,1
979398,44,1,1
979398,56,1,1
942449,44,1,1
942449,56,1,1
942447,7,1,1
942447,56,1,1
942451,61,1,1
942765,7,1,1
979433,44,1,1
942470,56,1,1
979436,44,1,1
942458,56,1,1
979448,56,1,1
942770,7,1,1
942775,44,1,1
942460,44,1,1
887297,50,1,1
887297,53,1,1
887421,14,1,1
887421,25,1,1
887421,51,1,1
887509,16,1,1
887512,16,1,1
889709,19,1,1
890136,28,1,1
890146,67,3,5
892928,67,1,1
892928,69,1,1
892928,29,1,1
892953,67,3,5
892978,69,3,5
893452,28,1,1
893464,57,3,5
894143,43,1,1
894161,69,1,1
894161,22,1,1
894161,32,1,1
894161,36,1,1
894161,38,1,1
894161,55,1,1
894270,60,1,1
894270,93,1,1
898955,2,3,5
1239403,44,1,1
898992,61,3,5
898994,43,1,1
898994,51,1,1
899002,377,3,5
899003,7,1,1
899013,24,1,1
899013,37,1,1
899018,80,1,1
899063,56,1,1
899077,26,1,1
899077,55,1,1
899082,63,1,1
899082,66,3,5
899082,68,1,1
899082,22,1,1
899096,44,1,1
899108,26,1,1
899108,37,1,1
899147,49,1,1
899179,32,3,5
899206,8,1,1
899206,59,1,1
899233,42,1,1
899235,11,1,1
899235,26,1,1
899235,38,1,1
899236,25,1,1
899237,47,1,1
899237,67,1,1
899239,379,3,5
899245,53,1,1
899248,23,1,1
899253,23,1,1
899254,43,1,1
899261,6,1,1
899261,51,1,1
899261,52,1,1
899280,7,1,1
899286,34,1,1
899286,48,1,1
899289,6,1,1
899291,379,1,1
899291,381,1,1
899297,59,1,1
899315,381,1,1
899316,34,1,1
899325,6,1,1
899335,60,1,1
899342,43,1,1
899351,51,1,1
899352,2,1,1
899352,23,1,1
899352,43,1,1
899353,37,1,1
899353,50,1,1
899353,55,1,1
899353,63,1,1
899353,69,3,5
899354,4,1,1
899354,21,1,1
899354,34,1,1
899354,48,3,5
899354,49,1,1
899355,34,1,1
899361,17,1,1
899361,57,1,1
899362,29,1,1
899362,67,1,1
899371,51,1,1
899377,52,1,1
899389,32,1,1
899391,69,3,5
899394,32,1,1
899394,50,1,1
899397,22,1,1
899398,50,1,1
899400,4,1,1
899400,50,1,1
899403,6,1,1
899403,39,1,1
899407,80,3,5
899414,4,1,1
1233794,20,1,1
899417,48,1,1
899425,53,1,1
899426,25,1,1
899426,53,1,1
899426,55,1,1
899428,50,1,1
899444,38,1,1
899483,2,1,1
899483,50,1,1
899492,40,1,1
899492,59,1,1
899492,61,1,1
899495,52,1,1
899502,61,1,1
899503,7,1,1
899503,61,1,1
899513,4,1,1
899514,50,1,1
899528,23,1,1
899531,48,1,1
899536,2,1,1
899553,48,1,1
899637,48,3,5
899637,53,1,1
899659,1,1,1
899659,61,1,1
899664,44,1,1
899667,7,1,1
899669,1,1,1
899679,377,3,5
899684,14,1,1
899684,50,1,1
899684,53,1,1
899685,43,1,1
899697,24,1,1
899708,41,1,1
899731,43,1,1
899731,51,1,1
899732,43,1,1
899746,28,1,1
899746,55,1,1
899746,57,1,1
899750,4,1,1
899750,23,3,5
899764,20,1,1
899764,30,1,1
899767,24,1,1
899767,67,1,1
899783,8,1,1
1270956,52,1,1
899792,18,3,5
899794,49,1,1
899796,61,3,5
899804,7,1,1
899805,61,1,1
899848,6,1,1
899848,8,1,1
899851,7,1,1
899851,8,1,1
899851,18,1,1
899852,8,1,1
899855,8,3,5
899883,8,1,1
899883,61,3,5
899884,33,1,1
899889,29,1,1
899897,67,1,1
899897,69,3,5
899939,67,1,1
899959,29,1,1
899969,7,1,1
899984,24,1,1
899984,37,1,1
899986,22,1,1
899986,28,1,1
899986,34,1,1
899986,37,1,1
899986,45,1,1
899986,57,1,1
899986,69,1,1
899987,18,1,1
899987,49,1,1
899987,56,1,1
899993,1,1,1
900002,18,1,1
900004,8,1,1
900020,18,1,1
900026,56,1,1
900032,49,1,1
900037,18,1,1
900037,35,1,1
900037,60,1,1
900057,29,1,1
900057,55,1,1
900058,41,1,1
900067,53,1,1
900068,9,1,1
900069,29,1,1
900077,6,1,1
900096,4,1,1
900097,21,1,1
900101,7,1,1
900101,8,1,1
900101,39,1,1
900107,49,1,1
900111,82,1,1
902168,14,1,1
903075,29,1,1
903096,34,1,1
903096,57,1,1
903096,70,1,1
907149,377,3,5
907223,29,1,1
907223,38,1,1
907223,45,1,1
931848,57,3,5
932917,40,1,1
933706,53,1,1
933791,24,1,1
933845,47,1,1
933878,55,1,1
933911,53,1,1
933911,41,1,1
934719,69,1,1
934804,66,1,1
934804,68,1,1
934838,7,1,1
942462,44,1,1
942477,56,1,1
943995,7,1,1
946825,48,1,1
947912,18,1,1
947926,18,1,1
947941,18,1,1
947962,59,1,1
948011,44,1,1
948011,59,1,1
948179,18,1,1
948589,63,1,1
950084,41,1,1
952013,29,1,1
686550,59,1,1
687488,18,1,1
685766,49,1,1
690090,36,1,1
683171,44,1,1
689415,61,3,5
687699,33,1,1
687699,61,1,1
689371,59,1,1
683545,52,1,1
689293,18,1,1
685642,44,1,1
690057,61,3,5
683800,6,1,1
689020,59,1,1
689020,40,1,1
687909,18,1,1
687909,59,1,1
684936,59,1,1
683405,8,1,1
685753,33,1,1
685753,36,1,1
685753,49,1,1
687121,8,1,1
688062,56,1,1
687319,33,1,1
688717,18,1,1
688717,60,1,1
686980,44,1,1
687134,56,1,1
690092,8,1,1
690092,39,1,1
684901,39,1,1
684901,43,1,1
688854,8,1,1
686763,39,1,1
688439,44,1,1
687865,6,1,1
687865,52,1,1
686940,40,1,1
684970,39,1,1
689673,51,1,1
687328,39,1,1
683388,18,1,1
683388,33,1,1
685892,80,3,5
685892,52,1,1
683535,8,1,1
683535,18,3,5
686648,39,1,1
686648,40,1,1
686648,52,1,1
686648,377,1,1
685994,52,1,1
686098,56,3,5
687083,8,1,1
686654,40,1,1
686448,40,1,1
685901,18,1,1
687588,60,1,1
684561,33,1,1
683654,56,1,1
686732,59,1,1
687651,33,1,1
687651,60,1,1
683439,18,1,1
689329,40,1,1
687472,7,1,1
683215,33,1,1
688786,44,1,1
688786,56,1,1
689570,52,1,1
689570,59,1,1
686260,59,1,1
686370,8,1,1
685418,44,1,1
689345,59,1,1
685160,18,1,1
685160,33,1,1
685160,60,1,1
686400,8,1,1
686400,39,1,1
686400,61,3,5
689177,52,1,1
687862,8,1,1
687862,18,1,1
687208,18,1,1
687208,52,1,1
688471,59,1,1
683551,59,1,1
683551,7,1,1
683474,52,1,1
685344,40,3,5
683328,59,1,1
684537,44,1,1
683428,59,1,1
685547,18,1,1
683429,33,1,1
683429,44,1,1
689382,52,1,1
685548,59,1,1
685548,52,1,1
688546,59,1,1
687555,44,1,1
687743,40,3,5
683152,7,3,5
683152,8,1,1
683236,52,1,1
685319,52,1,1
686091,44,1,1
689548,8,1,1
688313,18,1,1
689451,59,1,1
687185,18,1,1
684019,18,1,1
684321,18,1,1
685718,52,3,5
688791,7,3,5
688791,56,1,1
686888,59,1,1
688793,52,3,5
686256,7,1,1
687021,39,1,1
684434,44,1,1
685558,44,1,1
685558,7,1,1
685558,40,1,1
684602,7,3,5
685223,6,1,1
685223,7,1,1
685223,51,1,1
685520,44,1,1
686436,44,1,1
688648,56,1,1
688549,8,1,1
688219,40,1,1
683310,18,1,1
688438,56,1,1
688381,56,1,1
687363,39,1,1
685215,33,1,1
688997,49,1,1
683208,43,3,5
1125859,62,1,1
1125859,70,1,1
690053,59,1,1
690053,49,1,1
683115,8,1,1
1315503,7,1,1
686165,80,3,5
687417,49,1,1
683644,44,3,1
683644,18,3,1
683645,381,1,1
687665,18,1,1
685032,18,1,1
689323,40,1,1
689987,7,1,1
689987,8,1,1
689987,56,1,1
688208,33,1,1
684078,33,1,1
686020,40,3,5
686395,44,1,1
689597,18,1,1
687484,44,1,1
686913,56,1,1
683355,44,1,1
684524,18,1,1
685680,51,1,1
683739,49,1,1
684905,49,1,1
688824,59,1,1
688824,33,1,1
689201,59,1,1
686945,44,1,1
686945,56,1,1
683180,8,1,1
684132,33,1,1
688382,18,3,5
686166,381,3,5
683543,18,1,1
689049,44,3,5
689047,33,1,1
685051,18,1,1
685640,60,3,5
688145,8,1,1
688145,39,1,1
686159,56,1,1
684961,379,3,5
686577,381,1,1
686577,39,1,1
687158,39,1,1
688701,8,1,1
687300,39,1,1
683772,8,1,1
684625,44,1,1
684625,33,1,1
689936,59,3,5
685585,33,1,1
685585,59,1,1
686456,18,1,1
687607,59,1,1
688562,39,1,1
688562,18,1,1
688562,52,1,1
687385,7,1,1
688909,33,1,1
684774,8,1,1
685209,18,1,1
685209,39,1,1
683090,18,1,1
689403,44,1,1
685464,44,1,1
689741,6,1,1
686750,379,3,5
686271,39,1,1
689614,44,1,1
689614,40,1,1
684290,56,1,1
684935,39,1,1
689505,8,1,1
689505,39,1,1
683721,39,1,1
689219,6,3,5
683374,40,1,1
683374,52,1,1
684179,44,1,1
684179,7,3,5
685543,7,1,1
685543,8,1,1
685543,40,1,1
687822,56,1,1
684508,44,1,1
686153,59,1,1
690098,40,1,1
683480,59,1,1
688646,44,1,1
686154,33,1,1
686154,44,1,1
686154,39,1,1
686154,40,1,1
686154,56,1,1
688644,61,3,5
688116,18,1,1
688116,7,1,1
689222,39,1,1
684744,33,1,1
683185,56,1,1
689965,33,1,1
684205,40,1,1
684205,52,1,1
683565,8,1,1
683565,56,1,1
688694,40,1,1
687877,52,1,1
685278,33,1,1
684555,8,1,1
685274,8,1,1
685274,59,1,1
688676,8,1,1
685067,60,1,1
684862,59,1,1
685069,33,1,1
687725,6,1,1
686549,8,1,1
686367,18,3,5
683769,52,1,1
685145,56,1,1
687089,56,1,1
688252,44,1,1
688252,8,1,1
688252,59,1,1
684334,59,1,1
687520,59,1,1
685854,56,1,1
687403,18,3,5
688016,56,1,1
684534,61,1,1
685110,60,1,1
686640,7,1,1
683307,61,1,1
688246,59,1,1
688246,49,1,1
688297,18,1,1
688297,59,3,5
688297,8,1,1
688297,33,1,1
688297,56,1,1
684864,49,1,1
685070,49,1,1
690089,8,1,1
685096,21,1,1
688809,36,1,1
688809,57,1,1
688263,35,3,5
683631,28,1,1
683631,29,1,1
683631,30,1,1
683631,36,1,1
684689,35,1,1
685521,21,1,1
686547,21,1,1
689162,8,1,1
686424,21,1,1
687703,59,1,1
738044,40,1,1
684535,43,1,1
689772,51,1,1
689141,51,3,5
683303,29,1,1
689285,42,1,1
686638,20,1,1
686638,22,3,5
689773,42,1,1
689773,43,1,1
687569,35,1,1
684195,43,1,1
1315498,49,3,5
689322,35,1,1
686190,17,1,1
686190,19,1,1
686190,57,1,1
688796,62,1,1
688796,57,1,1
684153,35,1,1
684153,49,1,1
683843,59,1,1
683843,49,1,1
684937,70,1,1
684937,59,1,1
688803,19,1,1
688803,42,1,1
686570,51,1,1
689818,28,1,1
689818,57,1,1
684514,21,1,1
689140,21,1,1
689127,33,1,1
683206,35,1,1
683206,49,1,1
687313,35,1,1
684587,20,1,1
684587,22,1,1
768815,6,1,1
768815,8,1,1
1094002,41,1,1
685623,67,1,1
686226,23,1,1
686226,25,1,1
686226,26,1,1
686226,32,1,1
686226,11,1,1
684128,4,1,1
686803,30,1,1
686803,50,1,1
683252,22,1,1
683873,51,1,1
687255,23,1,1
684378,20,1,1
686588,19,1,1
686588,20,1,1
686588,22,1,1
686588,43,3,5
769275,6,1,1
769275,52,1,1
685894,67,1,1
685894,29,1,1
769588,40,1,1
686584,1,1,1
688833,227,3,5
769591,59,1,1
769594,59,1,1
687639,65,1,1
687639,91,1,1
687639,93,1,1
687076,227,1,1
684664,65,1,1
688181,227,3,5
685989,93,1,1
683586,40,1,1
686444,44,1,1
686178,44,1,1
686178,59,1,1
684366,18,1,1
688230,18,1,1
688230,56,1,1
1225225,18,3,5
685279,6,1,1
689353,8,1,1
689353,52,1,1
689056,8,1,1
687350,39,1,1
685055,8,1,1
683413,8,1,1
688508,8,1,1
689503,8,1,1
686014,39,1,1
686907,61,3,5
687933,18,1,1
683885,18,1,1
686244,56,1,1
741420,44,1,1
689275,40,1,1
741455,51,1,1
741471,39,1,1
686344,379,1,1
686344,40,1,1
685871,61,1,1
685871,18,1,1
685958,6,3,5
685958,52,1,1
688253,40,1,1
686936,59,1,1
687010,44,1,1
687712,52,1,1
788761,7,1,1
788767,7,1,1
688816,8,1,1
689429,8,1,1
686538,61,1,1
685131,52,1,1
684262,59,1,1
686684,18,1,1
686993,6,1,1
685349,7,1,1
685349,8,1,1
683692,7,1,1
689948,18,1,1
689948,6,1,1
689948,56,1,1
683792,7,1,1
689902,52,1,1
686642,379,1,1
686642,18,1,1
686642,56,1,1
689194,1,1,1
687801,1,1,1
687801,61,3,5
685968,56,1,1
683140,61,1,1
684471,44,1,1
684471,56,1,1
687676,7,3,5
687676,18,1,1
685600,1,3,5
686616,44,1,1
689600,44,1,1
683110,44,1,1
689822,7,3,5
688337,7,3,5
688943,61,1,1
684080,61,3,5
688912,44,1,1
683562,61,1,1
688566,377,3,5
683956,56,1,1
688692,1,1,1
688692,59,1,1
683752,56,1,1
685906,7,1,1
684699,61,3,5
685649,61,3,5
689886,56,1,1
687797,40,1,1
687797,59,1,1
687797,56,1,1
685660,61,3,5
688613,56,1,1
684033,44,1,1
687142,44,1,1
687142,18,1,1
685005,44,1,1
690050,7,1,1
689069,8,1,1
684105,14,1,1
687094,14,1,1
687110,14,1,1
687110,34,1,1
685143,58,1,1
683223,2,1,1
683223,34,1,1
683223,50,1,1
689445,23,3,5
730941,14,1,1
683889,22,1,1
686105,34,1,1
686198,14,1,1
690006,48,1,1
687668,38,1,1
687668,41,1,1
689828,30,1,1
684312,34,1,1
686992,34,1,1
685427,32,1,1
686210,53,1,1
686210,11,1,1
687364,12,1,1
686563,12,1,1
686230,82,3,5
686578,12,1,1
688635,12,1,1
794110,52,1,1
689390,12,1,1
688369,12,1,1
685484,2,1,1
794372,40,1,1
798667,56,1,1
686209,23,1,1
686209,51,3,5
857230,2,1,1
688894,34,1,1
687659,34,1,1
685395,48,1,1
685076,50,1,1
758641,58,1,1
732800,48,1,1
740220,22,3,5
687793,51,1,1
689060,34,1,1
684948,34,1,1
684948,48,1,1
685610,12,1,1
688857,51,1,1
793218,30,1,1
688051,12,3,5
688051,14,1,1
793225,23,3,5
683926,12,1,1
683926,14,1,1
683926,48,1,1
686555,14,1,1
688374,48,1,1
684768,14,1,1
684768,23,1,1
684768,50,1,1
685380,33,1,1
798674,51,1,1
683354,51,1,1
685879,12,1,1
686384,14,1,1
688096,32,1,1
688034,38,1,1
688034,32,1,1
683291,38,1,1
685389,2,1,1
685389,12,1,1
801753,43,3,5
817780,12,1,1
688037,53,1,1
686957,50,1,1
689563,50,1,1
820772,34,1,1
820778,14,3,5
820778,32,1,1
820778,34,1,1
686258,12,1,1
683292,2,1,1
683292,17,1,1
685056,34,1,1
685056,48,1,1
685056,69,3,5
686652,14,3,5
686652,48,3,5
686652,58,1,1
688462,50,1,1
684748,48,1,1
684748,53,1,1
688244,12,1,1
684786,34,1,1
688283,14,1,1
686969,34,1,1
683211,12,1,1
685593,12,1,1
686532,63,3,5
687415,12,1,1
687304,25,1,1
684347,51,1,1
686994,22,1,1
686994,51,1,1
685615,51,1,1
683706,51,1,1
685316,23,1,1
684280,53,1,1
687999,23,1,1
686916,23,3,5
686520,51,1,1
684880,51,1,1
686997,32,3,5
688740,51,1,1
684167,51,1,1
687420,48,1,1
686863,11,1,1
686863,25,1,1
687843,23,1,1
687317,23,1,1
685641,32,1,1
684565,22,1,1
688304,12,1,1
688159,32,1,1
686996,14,1,1
686996,43,1,1
687722,11,1,1
687722,12,1,1
687722,23,1,1
687722,24,1,1
687722,34,1,1
687722,36,1,1
687722,50,1,1
687722,67,1,1
685256,2,1,1
688713,10,1,1
688713,25,1,1
686216,2,1,1
686216,34,1,1
686216,58,1,1
685535,51,1,1
686425,48,1,1
688400,53,1,1
689854,48,1,1
688288,2,1,1
687896,48,3,5
688652,53,1,1
687203,2,3,5
687275,14,1,1
683553,14,1,1
684151,12,1,1
822041,48,3,5
856884,14,1,1
858815,34,1,1
685976,76,1,1
685976,381,1,1
688502,12,3,5
683386,381,3,5
686019,51,1,1
686480,381,1,1
687823,2,1,1
688641,12,1,1
687781,51,1,1
683628,51,1,1
688878,32,1,1
686309,50,1,1
683485,32,1,1
685174,53,1,1
689083,58,1,1
687777,19,1,1
684668,25,1,1
684668,42,1,1
685036,41,1,1
684360,28,1,1
688169,19,1,1
685201,28,1,1
687621,69,1,1
687621,11,1,1
686553,28,1,1
683418,28,1,1
683418,29,1,1
687705,22,1,1
686899,69,3,2
686899,67,1,1
684140,20,1,1
684813,57,1,1
683412,41,3,5
683741,17,1,1
683741,28,3,5
688171,57,1,1
689209,35,1,1
684068,49,1,1
684068,35,1,1
684776,33,1,1
686559,70,1,1
686559,52,1,1
687409,56,1,1
685628,67,1,1
685628,57,1,1
689513,67,1,1
686954,69,3,2
839374,70,1,1
839375,60,1,1
839375,70,3,5
839382,93,1,1
806296,39,3,5
806296,80,3,5
806325,80,3,5
806347,39,3,5
806371,6,1,1
806376,381,1,1
806394,80,3,5
815323,40,1,1
816382,52,1,1
821428,39,1,1
841797,6,1,1
834649,8,1,1
903278,6,1,1
689826,40,1,1
728793,60,1,1
732589,59,3,5
728588,60,1,1
728857,59,1,1
730719,18,1,1
730765,33,1,1
728743,60,3,5
728743,61,3,5
728752,56,1,1
730789,60,3,5
735330,8,1,1
737491,39,1,1
737499,39,1,1
737514,52,1,1
737987,39,1,1
738017,39,1,1
683201,11,3,5
687664,37,1,1
689496,38,1,1
688511,24,1,1
683294,38,3,5
683294,47,1,1
686704,25,1,1
686704,41,1,1
686466,38,1,1
683963,53,1,1
689615,67,1,1
689615,68,1,1
689615,26,1,1
689615,29,1,1
689615,33,1,1
1159205,38,1,1
685066,25,1,1
685066,45,1,1
685066,55,1,1
689238,38,1,1
689238,47,1,1
688107,91,3,5
687799,63,1,1
686567,11,1,1
686567,25,1,1
685636,9,1,1
685636,25,1,1
684410,9,1,1
684410,25,1,1
684410,38,1,1
732406,24,1,1
731252,47,1,1
685511,45,1,1
685511,53,1,1
687092,26,3,5
686338,11,1,1
686338,25,1,1
684554,41,1,1
685246,41,1,1
685246,67,1,1
685735,11,1,1
685735,24,1,1
684294,11,1,1
684294,25,1,1
684294,38,1,1
684294,47,1,1
684294,55,1,1
688455,66,3,5
688455,24,1,1
688455,47,1,1
758635,53,1,1
684722,24,3,5
689144,42,1,1
687006,11,1,1
683450,9,1,1
683450,24,1,1
688945,25,1,1
683438,26,1,1
683438,37,1,1
768704,41,1,1
685928,25,1,1
790558,11,1,1
689133,9,1,1
683227,23,1,1
683227,30,1,1
683227,50,1,1
791002,42,1,1
791002,50,1,1
684398,26,1,1
684398,69,3,2
684398,68,3,5
689661,25,1,1
689661,38,1,1
688128,41,1,1
685057,9,1,1
687973,10,3,5
687973,25,1,1
687973,53,3,5
687972,53,1,1
687881,37,1,1
687881,38,1,1
685525,41,1,1
688056,24,1,1
688056,41,1,1
689833,38,1,1
685272,26,1,1
683317,41,3,5
789560,63,3,5
789560,26,1,1
690011,38,1,1
690011,37,1,1
791579,9,1,1
791580,58,1,1
791581,41,1,1
791626,9,1,1
791626,26,1,1
791626,55,1,1
793415,25,1,1
793415,42,1,1
797099,38,1,1
802169,53,1,1
795053,58,1,1
802090,34,1,1
683677,63,1,1
683677,24,1,1
685030,26,1,1
684747,24,1,1
689672,10,1,1
689744,26,3,5
685029,53,3,1
802185,53,1,1
802175,9,1,1
802175,11,1,1
802175,37,1,1
802175,41,1,1
689632,38,1,1
686195,24,1,1
689804,53,1,1
816015,11,1,1
816015,9,1,1
878264,26,1,1
878264,41,1,1
878264,55,1,1
902943,41,1,1
683165,11,1,1
801957,11,1,1
801957,25,1,1
917083,25,1,1
685461,38,1,1
866824,48,1,1
683834,53,1,1
685507,14,1,1
907656,51,1,1
688156,2,3,5
689938,50,1,1
684920,50,1,1
683975,32,1,1
683821,34,1,1
684868,12,1,1
686910,50,1,1
685739,51,1,1
687359,14,1,1
689019,32,1,1
689019,53,1,1
685094,48,1,1
688465,34,1,1
683299,2,1,1
683299,14,1,1
685713,48,1,1
686827,34,1,1
689198,53,1,1
689198,14,1,1
689198,34,1,1
687810,34,1,1
687810,50,1,1
689588,2,1,1
689588,12,1,1
686586,32,3,5
683682,23,1,1
683407,23,3,5
683407,48,1,1
689336,53,1,1
689336,14,1,1
689061,51,1,1
689061,53,3,5
687951,2,1,1
687951,14,1,1
687951,50,1,1
684674,38,1,1
684674,45,1,1
685203,34,1,1
685203,50,1,1
685725,2,3,5
688660,50,1,1
685726,2,1,1
685727,53,1,1
685727,25,1,1
690058,14,1,1
687855,23,3,5
687763,34,3,5
687763,48,1,1
683508,34,3,5
689488,53,1,1
687374,51,1,1
688971,23,3,5
688971,43,3,5
689808,48,1,1
689909,23,1,1
689909,51,1,1
686517,22,1,1
686517,50,1,1
686687,12,3,5
689460,30,1,1
685257,43,1,1
688608,4,1,1
683497,51,1,1
683872,43,1,1
688731,82,1,1
689899,53,1,1
688930,51,1,1
683782,34,1,1
686090,23,1,1
686711,23,1,1
687464,23,1,1
687886,43,3,5
687911,51,1,1
683278,43,1,1
685745,53,1,1
687922,45,1,1
689612,25,1,1
689007,23,3,5
683369,32,3,5
687533,50,1,1
687379,34,1,1
687039,50,1,1
684529,12,3,5
685669,58,1,1
688917,25,3,5
686672,12,3,5
688871,12,1,1
685554,7,1,1
683164,7,1,1
685000,7,1,1
684330,7,1,1
947977,18,1,1
948020,33,1,1
948188,18,1,1
952549,23,1,1
685312,14,1,1
685538,42,1,1
860935,58,1,1
685609,23,1,1
685125,34,1,1
685125,58,1,1
689118,32,1,1
685044,67,1,1
685896,45,1,1
685896,53,1,1
685896,55,1,1
687941,11,1,1
687941,14,1,1
687941,23,1,1
687941,34,1,1
689726,4,1,1
689726,23,1,1
687368,14,1,1
683544,2,1,1
899648,60,1,1
899649,33,1,1
899649,36,1,1
899649,60,1,1
899666,7,3,5
899686,32,1,1
899699,52,1,1
899700,59,1,1
899703,33,3,5
899709,41,1,1
899711,69,3,5
899712,22,3,5
899712,30,1,1
899712,42,1,1
898991,33,3,5
898995,7,1,1
871069,37,1,1
899001,12,1,1
943948,377,3,5
899015,14,1,1
899017,14,1,1
944004,52,1,1
899026,21,1,1
899026,43,1,1
899027,32,1,1
899032,381,1,1
899037,39,1,1
899037,40,1,1
899037,59,1,1
899044,6,1,1
899044,52,1,1
899054,56,1,1
899059,28,1,1
899059,41,1,1
899059,55,1,1
899064,6,1,1
899064,39,1,1
899064,52,1,1
943954,7,1,1
866470,40,1,1
866470,59,1,1
899075,52,1,1
899080,59,1,1
899083,8,1,1
899083,51,1,1
899087,7,1,1
899097,7,1,1
899100,6,1,1
899100,18,1,1
899100,40,1,1
899104,52,1,1
899114,8,1,1
899118,51,3,5
899122,11,1,1
899122,51,1,1
899123,66,1,1
899123,17,1,1
899123,25,1,1
899123,33,1,1
899123,57,1,1
899125,38,1,1
899130,56,1,1
899134,66,3,5
899134,69,3,5
899134,4,1,1
899134,14,1,1
899134,34,1,1
899134,38,1,1
899134,45,1,1
899134,49,1,1
899134,53,1,1
871240,4,1,1
871240,21,1,1
871240,24,1,1
871240,35,1,1
871240,62,1,1
899145,42,1,1
899146,29,1,1
899153,7,3,5
899153,44,1,1
905001,44,3,5
899168,23,1,1
899168,28,1,1
899168,36,1,1
899170,35,1,1
899170,44,1,1
899171,9,1,1
899171,24,1,1
899171,53,1,1
899171,69,3,5
899172,8,1,1
899172,18,1,1
899172,61,1,1
899175,14,1,1
899184,22,1,1
899190,51,3,5
899190,379,3,5
878797,50,1,1
878975,25,1,1
878975,45,1,1
943938,40,1,1
899216,61,3,5
899260,39,1,1
899262,39,1,1
899263,82,1,1
899272,6,1,1
899287,40,3,5
899299,7,1,1
899302,33,1,1
899302,60,1,1
899310,6,1,1
899310,80,3,5
899311,39,1,1
899326,8,1,1
899326,18,1,1
899326,40,1,1
899328,6,1,1
899329,51,1,1
899378,21,1,1
899378,36,1,1
899378,49,1,1
899380,67,1,1
899383,7,1,1
899383,39,1,1
899445,23,1,1
899445,25,1,1
899445,43,1,1
899445,58,1,1
899485,28,1,1
899486,59,1,1
899491,56,1,1
899498,25,3,5
899498,42,1,1
899498,58,3,5
899499,4,1,1
899499,43,1,1
899506,34,1,1
899506,48,1,1
899517,23,1,1
899525,14,1,1
899534,2,3,5
899534,32,3,5
899535,50,1,1
899537,48,1,1
899560,8,1,1
899560,56,1,1
899565,2,1,1
899583,377,1,1
899597,2,1,1
899607,70,1,1
899617,36,1,1
899625,2,1,1
899721,67,1,1
899721,4,1,1
899721,32,1,1
899721,38,1,1
899721,49,1,1
899722,10,1,1
899722,24,1,1
899722,26,1,1
899740,12,1,1
899751,4,1,1
899751,11,1,1
899751,41,1,1
899757,48,3,5
899760,20,1,1
899771,29,1,1
899811,52,1,1
899812,56,1,1
899814,56,1,1
899821,33,1,1
899821,52,1,1
899822,33,1,1
899824,44,1,1
899824,56,1,1
899824,60,1,1
899838,44,3,5
899843,80,3,5
899846,43,1,1
899854,39,1,1
899888,28,1,1
899888,45,1,1
899888,63,1,1
899888,66,3,5
899909,7,1,1
899912,44,3,5
899917,7,1,1
899918,7,1,1
899925,7,1,1
899925,52,1,1
899926,7,1,1
899929,6,1,1
899929,7,1,1
899930,51,1,1
899935,377,3,5
899944,33,1,1
899956,60,1,1
899964,26,1,1
899971,61,1,1
899973,18,1,1
899976,59,1,1
899977,33,1,1
899978,33,1,1
899979,61,3,5
900019,7,1,1
900019,18,1,1
900025,44,1,1
900059,67,1,1
900059,42,1,1
900062,52,1,1
900072,56,1,1
900073,6,1,1
900085,62,1,1
900085,35,1,1
900091,51,1,1
900093,43,1,1
900102,52,1,1
900114,9,1,1
900114,20,1,1
900115,50,1,1
900116,20,1,1
900116,35,1,1
900117,17,1,1
900119,60,1,1
907404,7,1,1
926624,14,1,1
926624,23,1,1
926862,28,1,1
926862,49,1,1
926862,57,1,1
926862,62,1,1
926708,58,1,1
931882,8,1,1
932968,40,1,1
934751,35,1,1
934811,26,1,1
934811,37,1,1
934811,41,1,1
934811,91,3,5
934875,56,1,1
934875,60,1,1
934901,11,1,1
934901,35,1,1
934901,37,1,1
934901,47,1,1
934901,49,1,1
934901,69,1,1
941891,6,1,1
941891,7,1,1
943240,7,1,1
943287,7,1,1
943964,377,3,5
943974,7,1,1
948194,59,1,1
950065,38,1,1
950065,41,1,1
950065,53,1,1
686265,32,1,1
685673,12,3,5
685673,22,1,1
685239,18,1,1
685239,8,1,1
685239,56,1,1
685755,12,1,1
683138,11,1,1
683138,41,1,1
686051,23,1,1
683596,23,3,5
683596,51,1,1
686297,53,1,1
685667,50,1,1
959215,52,1,1
959258,59,1,1
959283,6,1,1
959340,6,1,1
959346,8,1,1
959346,39,1,1
959346,56,1,1
959512,7,1,1
959597,26,1,1
959597,30,1,1
959802,30,1,1
959802,43,1,1
684064,25,1,1
867659,16,1,1
860816,16,1,1
963081,16,1,1
769206,8,1,1
964073,14,3,5
964103,377,1,1
964288,52,1,1
964294,52,1,1
964317,52,1,1
878873,52,1,1
971564,7,1,1
971570,40,1,1
971573,7,1,1
971592,6,3,5
971598,7,1,1
971684,40,1,1
971728,40,1,1
971739,7,1,1
971766,6,1,1
971913,7,1,1
971948,7,1,1
971952,6,1,1
971976,40,1,1
972033,40,1,1
972058,7,1,1
972058,40,1,1
972072,7,1,1
972076,7,1,1
972087,7,1,1
972091,7,1,1
972091,40,1,1
972130,7,1,1
972150,40,1,1
972194,7,1,1
972267,7,1,1
972280,7,1,1
972811,7,1,1
683987,7,1,1
841504,7,1,1
972890,40,1,1
689866,39,1,1
688678,61,1,1
688678,18,1,1
688678,7,3,5
688678,44,1,1
878912,6,1,1
687491,40,1,1
899931,39,1,1
899048,76,1,1
899048,82,1,1
687857,1,1,1
685537,1,1,1
900048,4,1,1
900048,42,1,1
900049,21,1,1
684981,14,1,1
684981,34,1,1
684174,37,1,1
684174,41,1,1
689882,62,1,1
688433,67,1,1
685951,41,3,5
899411,69,3,5
899079,7,3,5
685296,33,1,1
685296,52,1,1
728663,18,1,1
731466,33,1,1
731466,60,1,1
1006272,53,1,1
899747,28,1,1
899747,57,1,1
687741,18,1,1
687741,59,1,1
685575,44,3,5
689102,19,1,1
839389,1,1,1
684522,38,1,1
683988,8,1,1
899283,379,1,1
899936,377,3,5
684300,40,3,5
971780,7,1,1
685227,44,1,1
685227,7,1,1
687183,44,1,1
689501,44,1,1
689501,7,3,5
886897,7,1,1
899985,41,1,1
899985,58,1,1
899899,33,1,1
899899,40,1,1
899899,51,1,1
899899,52,1,1
684365,39,1,1
899476,7,1,1
689174,44,1,1
899663,56,3,5
899779,7,1,1
684924,1,1,1
687967,61,1,1
686132,45,1,1
687942,14,3,5
687025,53,1,1
685944,48,1,1
688985,4,3,5
687411,14,1,1
688053,32,1,1
686572,50,1,1
833285,48,1,1
685578,48,1,1
689740,14,3,5
802992,40,1,1
1010050,67,1,1
899716,68,1,1
899716,57,1,1
686366,36,1,1
683475,20,1,1
683701,33,1,1
689870,61,3,5
686421,30,1,1
683192,25,3,5
848835,56,1,1
686965,30,1,1
686150,34,1,1
686150,48,1,1
684636,4,1,1
685705,39,1,1
840562,6,1,1
837244,7,1,1
899167,44,1,1
788789,7,1,1
688895,7,1,1
686149,91,1,1
686149,38,1,1
686149,9,1,1
687790,12,1,1
935251,2,1,1
686508,50,1,1
686508,51,1,1
686220,37,1,1
686064,40,1,1
687620,59,1,1
687620,36,1,1
687620,35,1,1
684031,12,1,1
686328,23,3,5
686328,51,1,1
688618,2,3,5
688618,19,1,1
686394,67,1,1
900051,59,1,1
849336,381,1,1
720826,14,1,1
821455,34,1,1
821455,48,1,1
689571,34,1,1
689582,2,1,1
689582,14,1,1
689838,48,1,1
684485,4,1,1
684421,53,1,1
684421,10,1,1
684421,25,1,1
932832,44,3,5
689805,7,1,1
688695,44,1,1
686821,7,1,1
683273,7,1,1
684367,7,3,5
688496,7,1,1
685853,50,1,1
685018,4,1,1
683177,41,1,1
758559,25,1,1
833267,58,1,1
877314,9,1,1
877314,22,1,1
877314,24,1,1
877314,67,1,1
870290,22,1,1
870290,34,1,1
879104,2,1,1
879104,22,1,1
879104,25,1,1
688220,14,1,1
688220,48,1,1
683611,48,1,1
685025,53,1,1
836330,53,1,1
859797,34,1,1
687624,25,1,1
686982,26,1,1
687462,34,1,1
687462,48,1,1
687537,53,1,1
687537,45,1,1
802102,53,1,1
683683,10,1,1
684865,22,1,1
684865,48,1,1
688719,48,1,1
687787,50,1,1
685177,14,1,1
689639,34,1,1
688748,34,1,1
684621,14,1,1
684808,22,1,1
689504,2,1,1
686143,58,1,1
687753,12,3,5
687526,43,3,5
686890,26,1,1
684733,69,3,5
689070,37,1,1
689070,55,1,1
972037,7,1,1
685823,7,1,1
900043,24,1,1
1041618,227,1,1
1041620,69,1,1
1041643,60,1,1
1041654,227,1,1
1041665,1,1,1
1041665,61,1,1
1041676,1,1,1
1041676,60,1,1
1041676,62,1,1
1041676,227,1,1
1041719,1,1,1
1041719,227,3,5
899877,65,1,1
899877,93,1,1
1041742,61,1,1
899875,65,1,1
1041761,93,1,1
899876,61,1,1
839419,60,1,1
839419,62,1,1
839419,227,3,5
1041885,61,1,1
1041891,1,1,1
1041901,1,1,1
1042101,91,1,1
1042101,227,1,1
1042195,93,1,1
1042214,91,1,1
858291,91,1,1
860740,1,1,1
686702,44,1,1
686702,7,3,5
687217,44,1,1
687218,7,3,5
687435,44,1,1
688993,7,1,1
689619,44,1,1
685014,44,1,1
684228,44,1,1
685141,44,1,1
688225,44,1,1
686498,44,1,1
686075,7,1,1
1013677,1,1,1
1013677,60,1,1
1013684,59,1,1
1013684,62,1,1
1013712,61,1,1
1013712,65,1,1
1013745,40,1,1
1013745,52,1,1
688486,44,1,1
685446,53,1,1
887161,7,1,1
899777,1,1,1
1044262,65,1,1
1044268,1,1,1
1044274,1,1,1
1044277,93,3,5
1044280,227,3,5
1044283,91,3,5
1044295,1,1,1
1044295,60,1,1
1044295,93,1,1
1044299,1,1,1
688064,61,3,5
1150943,57,1,1
1150945,63,1,1
1150947,67,1,1
1150947,69,1,1
1150951,57,1,1
1150953,26,1,1
1150953,63,1,1
1150955,37,1,1
1150955,69,1,1
1150959,55,1,1
687779,43,1,1
687779,14,1,1
687779,48,1,1
736402,25,3,5
688334,55,1,1
1150933,24,1,1
877688,2,1,1
877688,9,1,1
877688,24,1,1
877688,32,1,1
877688,47,1,1
931854,37,1,1
931854,55,1,1
1171247,25,1,1
1171247,69,1,1
688756,49,1,1
688756,29,1,1
899046,23,1,1
899046,25,1,1
899049,4,1,1
899049,14,1,1
899049,37,1,1
899049,45,1,1
899049,50,1,1
899049,58,1,1
899704,17,1,1
899530,11,3,5
1159089,45,1,1
1159089,63,1,1
1159089,66,3,5
1159095,53,1,1
1159097,11,1,1
1159097,48,1,1
1159097,53,1,1
1159097,63,3,5
1159109,23,1,1
1159109,26,1,1
1159109,47,1,1
1159109,51,1,1
1159113,67,1,1
1159113,69,1,1
1159117,26,1,1
1159117,66,3,5
1159121,17,1,1
1159121,49,1,1
1159123,24,1,1
1159127,28,1,1
1159127,42,1,1
1159139,47,1,1
1159141,34,1,1
1159141,38,1,1
1159141,66,1,1
1159143,47,1,1
1159147,41,1,1
1159147,55,1,1
1159149,24,1,1
1159159,53,1,1
1159165,41,1,1
1159167,38,1,1
1159169,37,3,5
1159177,69,3,5
1159183,9,1,1
1159183,38,1,1
1159183,48,1,1
1159183,53,1,1
1159193,9,1,1
1159197,9,1,1
689997,59,1,1
689997,56,1,1
687884,7,1,1
737487,39,1,1
684797,33,1,1
979533,44,1,1
684073,18,1,1
887494,16,1,1
1132409,39,1,1
1179665,17,1,1
1179665,38,1,1
1179665,45,1,1
1179665,66,1,1
1089379,25,1,1
689765,53,1,1
900098,19,1,1
900098,42,1,1
900098,67,1,1
900108,28,1,1
899737,24,1,1
899737,58,1,1
1093938,53,1,1
1093954,24,1,1
1093954,69,1,1
858623,4,1,1
858623,32,1,1
858623,34,1,1
686869,17,3,5
686869,30,1,1
1094174,48,1,1
1094185,43,1,1
1094208,23,1,1
1110195,44,1,1
1110213,44,1,1
1110294,44,1,1
686101,20,1,1
933779,26,1,1
688864,2,3,5
688864,48,1,1
1151293,2,1,1
1151267,45,1,1
1151271,50,1,1
1151275,25,1,1
1151275,38,1,1
1151275,41,1,1
1151277,34,1,1
1151279,10,1,1
1151281,32,1,1
1151281,50,1,1
1151283,9,1,1
1151283,25,1,1
1151287,10,1,1
1151287,53,1,1
683283,62,1,1
687037,57,1,1
835830,35,1,1
835830,38,1,1
899756,21,1,1
860767,227,1,1
689618,41,1,1
689410,41,1,1
689623,38,1,1
685899,33,1,1
685899,59,1,1
686912,33,1,1
686708,14,1,1
687321,50,1,1
686662,34,1,1
688264,25,1,1
684117,2,1,1
684591,48,1,1
688183,2,1,1
688844,2,3,5
683271,23,1,1
686525,29,1,1
683735,4,1,1
683735,32,1,1
683735,34,1,1
684371,20,1,1
686507,2,1,1
683353,43,1,1
683806,67,1,1
899234,67,1,1
899005,51,1,1
899462,56,1,1
1117391,8,1,1
1127122,35,1,1
1127132,6,1,1
1127132,52,1,1
686600,2,3,5
1041047,93,3,5
1041348,1,1,1
1041353,1,1,1
1041374,93,1,1
1041386,1,1,1
1041472,1,1,1
1041490,56,1,1
1041506,7,1,1
1041546,1,1,1
1041552,1,1,1
1041581,1,1,1
1041586,93,1,1
860789,62,1,1
1041615,62,1,1
1041615,93,1,1
1041616,69,1,1
1132346,10,1,1
1132350,22,1,1
899620,18,1,1
866494,6,1,1
866494,7,1,1
899634,6,1,1
899634,39,1,1
687631,11,1,1
687631,9,1,1
687631,38,1,1
683149,37,1,1
683149,41,1,1
1085027,24,1,1
1085027,47,1,1
1085078,7,1,1
1085078,39,1,1
1085089,59,1,1
969528,7,1,1
969585,7,1,1
969594,7,1,1
1132396,21,1,1
1132396,43,1,1
1127120,33,3,5
899765,29,1,1
899765,35,1,1
1146912,19,1,1
1146912,28,1,1
1146916,45,1,1
1146918,28,1,1
1146924,26,1,1
1146924,41,1,1
1146924,67,1,1
1146926,37,1,1
1146926,38,1,1
1146926,55,1,1
1225019,45,1,1
1225191,7,1,1
1225191,56,1,1
1225191,60,3,5
1225197,7,1,1
1225199,18,1,1
1225203,60,1,1
1225207,44,1,1
1225211,7,1,1
1225219,61,3,5
1225223,52,1,1
687029,56,1,1
683500,18,1,1
683195,33,3,5
683195,39,1,1
686622,33,1,1
686622,52,1,1
688047,33,1,1
685046,56,3,6
839362,56,1,1
839362,7,1,1
684210,56,1,1
686892,56,1,1
686447,33,1,1
1225582,72,1,1
1225586,6,1,1
1225586,51,1,1
1225586,52,1,1
932908,44,1,1
932908,59,1,1
684177,56,1,1
836566,18,1,1
835765,18,1,1
835765,44,1,1
835765,56,1,1
835793,40,1,1
835793,56,1,1
835811,61,1,1
835811,18,1,1
1233792,42,1,1
1233800,50,1,1
1233806,30,3,5
1233808,48,1,1
899360,34,1,1
687045,43,1,1
1238783,40,1,1
1238805,7,1,1
1170324,62,1,1
1170324,69,1,1
1170324,29,3,5
689545,34,1,1
688765,58,1,1
899566,53,1,1
1159133,24,1,1
684821,48,1,1
1171243,50,1,1
1171243,53,1,1
1171249,38,1,1
1171251,14,1,1
1146928,20,1,1
688617,26,1,1
688617,28,1,1
688617,29,1,1
689666,20,1,1
686925,28,1,1
900122,21,1,1
900122,30,1,1
1202417,29,1,1
683445,38,1,1
683445,24,1,1
893408,58,1,1
1159085,28,1,1
1159085,69,3,5
1150939,28,1,1
1150937,37,1,1
1150937,63,1,1
1150949,41,1,1
1222775,44,3,5
1222775,61,3,5
1222777,61,3,5
1222787,61,3,5
1222791,61,3,5
1222793,56,1,1
1222797,56,1,1
1222801,44,3,5
1222801,61,3,5
1222803,61,3,5
1222825,61,3,5
1222829,61,3,5
1222831,61,3,5
1222837,56,1,1
1222841,61,3,5
1222843,44,3,5
1222849,44,3,5
1222851,61,3,5
1222865,61,3,5
1222869,44,3,5
1268479,14,1,1
1268479,50,1,1
1268483,2,1,1
1268541,16,1,1
1268551,14,1,1
1268553,16,1,1
1268575,16,1,1
1268705,93,1,1
1269120,24,1,1
1269120,66,1,1
1269124,49,1,1
1269130,39,1,1
1269130,80,1,1
1269136,6,3,5
1269140,12,1,1
1269132,379,1,1
1268485,56,1,1
1275208,60,1,1
1275214,62,1,1
1275214,35,1,1
1275220,60,1,1
1275224,62,1,1
1275229,70,1,1
1275229,33,1,1
730773,33,1,1
730773,49,1,1
900038,40,1,1
683570,59,3,5
683570,33,1,1
685837,33,1,1
686887,52,1,1
899149,8,1,1
899149,18,1,1
898956,14,1,1
898956,48,1,1
1278509,33,1,1
1278509,56,1,1
1278509,93,1,1
1278511,52,1,1
1278511,60,1,1
685122,59,1,1
685122,33,3,5
685122,36,3,5
686924,39,1,1
898981,12,1,1
1268499,12,1,1
686780,4,1,1
686007,48,3,5
685695,2,3,5
686635,29,1,1
686372,67,1,1
689270,67,1,1
684969,35,1,1
684439,58,1,1
684439,12,1,1
899748,24,1,1
899748,67,1,1
684456,44,1,1
684971,7,1,1
874122,56,1,1
874122,61,1,1
899211,7,1,1
1277529,7,1,1
1277565,44,3,5
1277608,7,1,1
1277624,56,3,5
1277644,7,1,1
1277650,7,1,1
1277650,44,1,1
1277694,7,1,1
1277696,44,3,5
1277720,7,1,1
1277728,7,1,1
1277736,7,1,1
1277740,7,1,1
1277778,7,1,1
1277780,7,1,1
1277786,7,1,1
1232161,67,1,1
1232165,91,1,1
1232167,69,1,1
1232167,91,1,1
1232183,91,1,1
899427,58,1,1
685368,69,3,5
685368,24,1,1
899574,26,1,1
899574,55,1,1
689146,38,1,1
1146920,26,1,1
1146920,55,1,1
1146920,69,3,5
1146910,26,1,1
1146910,42,1,1
1146910,67,1,1
689581,37,1,1
686305,30,3,1
1159125,19,1,1
1242955,2,1,1
1242955,53,1,1
1242957,43,1,1
1242963,28,1,1
1242963,29,1,1
1242963,43,1,1
1251777,26,1,1
1251779,26,1,1
1251781,55,1,1
1225596,18,1,1
899519,33,1,1
899519,60,1,1
899516,61,1,1
899501,56,1,1
899511,56,1,1
899942,44,1,1
899942,80,3,5
899946,40,1,1
899946,51,1,1
899947,7,1,1
899947,52,1,1
899215,44,1,1
964573,56,1,1
899069,26,1,1
899069,37,1,1
899069,38,1,1
969517,7,1,1
1110176,44,1,1
1252910,61,3,5
1252916,18,1,1
1252916,56,1,1
1252928,56,1,1
683668,9,1,1
683668,47,1,1
1256094,53,1,1
688730,53,1,1
899549,33,1,1
899547,35,1,1
899547,59,1,1
899849,52,1,1
899052,6,1,1
1239397,377,1,1
1238807,44,1,1
687551,82,3,5
687551,51,1,1
686761,40,1,1
1270942,6,3,5
1270942,39,1,1
1270944,39,1,1
1270944,80,1,1
1270950,61,3,5
1270952,39,1,1
1270954,18,3,5
1270958,39,1,1
1270962,80,1,1
1270964,6,1,1
1271004,39,1,1
688555,7,1,1
874101,44,3,5
899903,61,1,1
899952,44,1,1
899952,56,1,1
1225187,56,1,1
899901,44,1,1
935020,40,1,1
899379,6,1,1
899379,8,1,1
899381,8,1,1
899381,40,1,1
1271528,7,1,1
1271530,61,1,1
1225600,7,1,1
899035,39,1,1
899035,40,1,1
899322,59,1,1
899308,8,1,1
899324,8,1,1
1239385,7,1,1
1239395,40,1,1
1239399,33,1,1
1239399,44,1,1
1239401,40,1,1
1239407,7,1,1
1344244,69,1,1
1344245,1,1,1
1344246,61,3,5
1344252,65,1,1
899191,36,1,1
1302483,30,3,5
1302491,4,1,1
1302491,32,3,5
1127112,36,1,1
1127112,43,1,1
860808,93,1,1
1041831,1,1,1
1041514,61,1,1
837149,2,1,1
1349438,58,1,1
1349445,53,3,5
1349454,53,3,5
1233782,32,1,1
1233782,50,1,1
833213,61,1,1
900082,36,1,1
1275204,59,1,1
899115,21,1,1
899115,29,1,1
1352332,39,1,1
1352333,8,1,1
1352333,49,1,1
1352336,35,1,1
1352340,51,1,1
1352341,35,1,1
1352344,33,1,1
1352344,59,1,1
1352345,21,1,1
1352347,35,1,1
1352347,49,1,1
899113,7,1,1
1353055,35,1,1
1353055,59,3,5
900028,44,1,1
899691,34,1,1
899691,53,1,1
899592,53,1,1
899593,14,1,1
878775,87,1,1
684954,38,1,1
1233784,51,1,1
1279634,12,1,1
899021,34,1,1
899121,12,1,1
684249,4,1,1
1281874,82,1,1
1281876,32,1,1
1281892,51,1,1
1281896,2,1,1
1281896,23,1,1
1281918,23,1,1
838416,4,1,1
838416,32,1,1
838416,53,1,1
899359,2,1,1
838405,2,1,1
1279618,10,1,1
1279618,14,1,1
1279618,30,1,1
860449,10,1,1
860449,34,1,1
899357,4,1,1
899357,48,3,5
899259,51,1,1
899257,80,1,1
899256,6,1,1
899256,51,1,1
899256,80,1,1
899256,379,1,1
838440,388,1,1
931837,19,1,1
931837,67,1,1
877316,11,1,1
877316,34,1,1
877316,37,1,1
877316,42,1,1
877316,53,1,1
931836,36,1,1
931836,42,1,1
838459,28,1,1
1285521,30,1,1
1285521,42,1,1
838549,26,1,1
838549,28,1,1
838549,29,1,1
838549,41,1,1
1207718,34,1,1
1207718,58,1,1
1150941,24,1,1
1150941,41,1,1
1150941,63,1,1
1279620,32,1,1
1285410,30,1,1
1285416,50,1,1
838498,69,1,1
838498,4,1,1
838498,23,1,1
838498,42,1,1
838498,57,1,1
833209,381,3,5
1284771,29,1,1
899374,62,1,1
899374,67,1,1
835948,56,1,1
1085042,44,1,1
1085042,59,1,1
899629,52,1,1
899629,59,1,1
1085069,51,1,1
838618,7,1,1
838618,80,1,1
836537,6,1,1
836537,52,1,1
836528,6,1,1
836554,44,1,1
836562,61,1,1
877291,56,1,1
836655,18,1,1
836647,59,1,1
835949,44,1,1
838600,33,1,1
1225592,8,1,1
872650,69,1,1
860776,16,1,1
860593,16,1,1
835950,7,1,1
860411,52,1,1
860411,80,3,5
836040,8,1,1
877355,9,1,1
877355,24,1,1
877355,25,1,1
877355,38,1,1
877355,41,1,1
877347,53,1,1
1285408,21,1,1
1285408,48,1,1
835984,14,1,1
835984,22,1,1
1279614,14,1,1
1279614,23,1,1
1302634,11,1,1
1302634,29,1,1
1302634,38,1,1
1302634,45,1,1
1302634,51,1,1
1302634,66,1,1
877354,55,1,1
877354,62,1,1
877354,63,3,5
877358,67,1,1
877358,70,1,1
860489,6,1,1
1285582,49,1,1
1285582,59,1,1
837856,60,1,1
837856,18,1,1
837856,44,3,5
1285584,44,1,1
1285584,60,1,1
836955,52,1,1
836914,60,1,1
836914,56,1,1
900017,18,1,1
900016,18,1,1
899111,59,1,1
866455,36,1,1
866455,40,1,1
860688,30,1,1
860481,8,1,1
860481,21,1,1
860481,33,1,1
860481,59,1,1
856954,43,1,1
856963,62,1,1
856963,36,1,1
856963,59,1,1
856981,60,1,1
860480,8,1,1
860480,33,1,1
860480,51,1,1
860672,21,1,1
856717,6,1,1
856717,36,1,1
872643,29,1,1
872643,35,1,1
872643,43,1,1
872643,51,1,1
872643,62,1,1
881410,21,1,1
881410,36,1,1
881410,39,1,1
1256088,32,1,1
1256086,9,1,1
1256086,42,1,1
858134,67,1,1
858134,69,3,5
858134,29,1,1
932947,1,1,1
932947,8,1,1
856728,377,1,1
895818,6,1,1
837832,33,1,1
837794,40,1,1
835909,61,1,1
835909,7,1,1
860463,6,1,1
860416,7,1,1
857406,8,1,1
857406,33,1,1
873846,59,1,1
860504,51,1,1
860504,381,1,1
837711,379,1,1
837231,51,1,1
860499,81,1,1
860499,387,1,1
837750,76,3,5
837750,85,3,5
837750,392,1,1
860585,72,1,1
860456,76,1,1
860456,82,1,1
860456,377,1,1
881398,51,1,1
953927,80,1,1
860690,91,1,1
849164,61,1,1
849164,40,1,1
838855,23,1,1
838855,48,1,1
838755,14,1,1
838755,53,1,1
838850,4,1,1
838650,69,1,1
838650,47,1,1
838650,50,1,1
860591,40,1,1
860564,7,1,1
860564,44,1,1
860521,4,1,1
860521,20,1,1
860521,24,1,1
860521,57,1,1
860521,67,1,1
860693,12,1,1
860693,26,1,1
860693,32,1,1
860627,9,1,1
860627,11,1,1
860627,20,1,1
860627,32,1,1
860627,55,1,1
860627,63,1,1
894450,42,1,1
860526,4,1,1
860526,10,1,1
860526,28,1,1
938463,58,1,1
899529,12,1,1
899529,51,1,1
860542,8,1,1
860542,33,1,1
860542,62,1,1
860473,8,1,1
860473,11,1,1
860473,22,1,1
860473,37,1,1
860473,62,1,1
860473,67,1,1
860473,91,3,5
860430,8,1,1
932976,80,1,1
857235,44,1,1
857258,61,1,1
857258,40,1,1
857258,44,1,1
857258,52,1,1
860623,40,1,1
860744,70,1,1
1041730,61,1,1
1041730,93,1,1
1344237,65,1,1
893248,91,1,1
1283074,29,1,1
1283074,70,1,1
900121,35,1,1
894453,67,3,5
1299043,7,1,1
849275,1,1,1
849275,44,1,1
907535,7,3,5
907535,24,1,1
907535,26,1,1
907535,35,1,1
907535,47,1,1
907535,92,1,1
1176969,37,1,1
860751,16,1,1
1361913,60,1,1
1361913,9,1,1
1361913,21,1,1
1361913,29,1,1
1361913,41,1,1
1361912,93,1,1
1361912,38,1,1
860604,14,1,1
860604,25,1,1
860604,34,1,1
860604,41,1,1
860604,48,1,1
860604,51,1,1
860604,55,1,1
860576,1,1,1
860576,7,1,1
860576,35,1,1
860576,44,1,1
894266,70,1,1
860442,14,1,1
860442,28,1,1
859820,23,1,1
859820,28,1,1
859820,67,1,1
859820,69,1,1
838396,84,1,1
860714,48,1,1
860696,56,1,1
860578,93,1,1
1277533,7,1,1
1366367,8,1,1
687333,44,1,1
689903,2,3,5
686074,14,1,1
686074,2,1,1
686074,12,1,1
686074,48,1,1
689827,12,1,1
690066,32,1,1
856875,14,1,1
685530,23,3,5
686764,48,3,5
688772,14,1,1
688136,32,1,1
686694,14,1,1
686694,48,1,1
686694,51,1,1
899372,33,3,5
899372,49,1,1
686942,35,1,1
686942,59,1,1
689418,61,3,5
689418,56,1,1
684224,51,1,1
687974,51,3,5
899655,21,1,1
899655,51,1,1
899655,59,1,1
685161,43,1,1
899116,21,1,1
899116,43,3,5
1225209,40,1,1
1225209,44,1,1
899452,56,1,1
899452,61,1,1
946354,23,1,1
899393,58,1,1
1151269,22,1,1
833282,53,1,1
1315491,62,1,1
1315494,18,1,1
1315495,60,1,1
1315495,59,1,1
1315496,44,1,1
1315500,18,1,1
1315501,6,1,1
1315505,44,1,1
1315506,56,1,1
1315775,43,1,1
1344264,91,1,1
1344269,1,1,1
1344270,93,1,1
1344272,65,1,1
1344272,227,1,1
1344273,39,1,1
1344275,1,1,1
899606,92,3,5
689442,63,3,5
689442,66,3,5
685148,63,3,5
685148,66,1,1
689376,57,1,1
948485,29,1,1
948485,57,1,1
948485,63,1,1
948499,24,1,1
948499,41,1,1
948499,55,1,1
1361914,41,1,1
1361915,51,1,1
833287,24,1,1
877335,69,3,5
1132407,8,3,5
1132407,33,1,1
1132407,51,1,1
1132407,59,1,1
801747,36,1,1
801747,43,3,5
887156,61,1,1
1270984,8,1,1
1270982,51,1,1
1270976,51,1,1
1270970,8,1,1
1270970,51,1,1
1270968,59,1,1
933219,44,1,1
934075,56,1,1
1281890,23,1,1
905022,4,1,1
1345194,25,1,1
1345194,34,1,1
1302654,23,1,1
1302654,26,1,1
1302654,32,1,1
1302654,37,1,1
1302654,48,1,1
1302654,51,1,1
860626,8,1,1
860626,36,1,1
959859,21,1,1
959859,76,1,1
959859,381,1,1
900003,39,3,5
1302652,43,1,1
1344239,1,1,1
900047,51,1,1
878628,25,1,1
878628,34,1,1
878628,48,1,1
684075,22,1,1
683486,50,1,1
685347,58,1,1
878639,48,1,1
686789,53,3,5
689684,34,1,1
795484,53,1,1
899966,14,1,1
899966,34,1,1
689906,14,1,1
686685,14,3,5
683903,2,1,1
686958,14,1,1
900042,41,1,1
900042,45,1,1
684346,58,1,1
687085,37,1,1
796831,58,1,1
684345,55,1,1
688837,55,1,1
684760,20,1,1
959108,22,1,1
685146,17,1,1
684593,42,1,1
687641,4,1,1
685775,22,1,1
686634,19,1,1
686454,17,1,1
686454,43,1,1
686752,2,3,5
686752,50,1,1
685238,21,1,1
687949,21,3,5
687949,30,1,1
683257,67,1,1
683257,57,1,1
687150,69,3,5
687388,69,3,2
687913,28,3,5
688771,57,3,5
687154,28,1,1
688099,28,1,1
893449,28,1,1
688235,37,1,1
687412,37,1,1
857191,60,1,1
689795,21,1,1
689419,51,1,1
1277563,7,1,1
1277748,7,1,1
857940,40,1,1
685370,7,1,1
849141,56,1,1
899831,61,3,5
1041991,62,1,1
1041991,67,1,1
1041991,93,1,1
877402,37,1,1
877402,47,1,1
860514,6,1,1
860514,39,1,1
887169,47,1,1
887169,53,1,1
1093866,14,1,1
1093866,26,1,1
1093866,53,1,1
1093904,29,1,1
1093904,45,1,1
1093904,49,1,1
1093904,58,1,1
1093904,69,1,1
907585,25,1,1
907585,30,1,1
907585,42,1,1
907585,55,1,1
689628,42,1,1
684274,62,1,1
688863,11,1,1
688863,2,1,1
685634,22,1,1
685634,34,1,1
907588,4,1,1
907588,10,1,1
907588,37,1,1
1292372,45,1,1
899898,52,1,1
1277541,7,1,1
860710,51,1,1
1315492,60,3,5
1315493,18,1,1
858054,26,1,1
1302628,19,1,1
1302628,28,1,1
1302628,67,1,1
1281870,25,1,1
1281870,53,1,1
1281870,91,1,1
684784,12,1,1
877397,44,1,1
1159199,45,1,1
1159195,25,1,1
1159195,45,1,1
1159195,38,1,1
1322173,59,1,1
689084,2,1,1
1302666,20,1,1
1302666,58,1,1
1302666,69,1,1
1302656,11,1,1
1302656,12,1,1
1302656,23,1,1
1349443,10,1,1
1349443,55,1,1
790680,18,1,1
790680,40,1,1
687268,23,1,1
684964,53,1,1
684964,25,1,1
684964,48,1,1
689315,22,1,1
689315,50,1,1
1277634,44,3,5
1277760,7,1,1
685580,44,1,1
685580,60,1,1
685580,61,1,1
899644,59,1,1
1302461,70,1,1
1302495,22,1,1
1302497,4,1,1
1302497,30,1,1
1302501,32,3,5
1302511,43,3,5
1302529,43,3,5
1302535,4,1,1
833274,12,1,1
899356,38,1,1
899356,48,1,1
683306,2,1,1
683306,14,1,1
1302632,63,3,5
1302636,12,1,1
1302636,38,1,1
1302636,51,1,1
1302644,25,1,1
1302644,38,1,1
1302646,29,1,1
1302646,57,1,1
1302648,42,1,1
1302648,67,1,1
1302660,4,1,1
1302660,12,1,1
1302660,19,1,1
1302660,24,1,1
1302660,25,1,1
1302660,28,1,1
1302660,57,1,1
1302662,30,1,1
1302662,62,1,1
899151,59,1,1
1352335,33,1,1
683356,18,1,1
683356,33,1,1
683392,1,3,5
683392,56,1,1
684685,56,1,1
1277790,18,1,1
1277790,56,3,5
685719,18,1,1
685719,56,1,1
1225598,44,1,1
899672,33,1,1
683536,56,1,1
685307,52,1,1
899318,6,1,1
899318,7,1,1
899307,18,1,1
899332,44,1,1
684396,49,1,1
1278495,7,1,1
1278495,40,1,1
1278495,44,1,1
1278497,70,3,5
1278503,40,1,1
1275202,59,1,1
1225205,6,1,1
1225205,8,1,1
1225205,39,1,1
1225205,52,1,1
1225205,59,1,1
1225205,60,1,1
899825,18,1,1
1225169,8,1,1
1225169,39,1,1
1225169,59,1,1
689356,33,1,1
685758,6,1,1
687587,18,1,1
684238,39,1,1
688557,18,1,1
688557,40,1,1
1283076,52,1,1
1283076,59,1,1
1283084,36,1,1
1283092,59,1,1
1283100,33,1,1
1283104,44,1,1
1283106,8,1,1
1283114,8,1,1
687343,4,1,1
801783,51,1,1
683362,43,1,1
683362,51,3,5
686450,39,1,1
1284789,381,3,5
1284797,82,1,1
1284811,2,1,1
1284821,51,1,1
1284837,51,1,1
1284847,51,1,1
1284849,8,3,5
1270938,6,1,1
899343,44,1,1
899345,44,1,1
932970,59,1,1
899346,40,1,1
899346,44,1,1
899346,52,1,1
1042050,65,3,5
1042030,69,3,5
1042090,93,3,5
1042040,69,3,5
1042153,1,1,1
1042167,62,3,5
1042190,1,1,1
1041954,1,1,1
898979,61,3,5
1176971,69,3,5
866456,35,1,1
866456,52,1,1
1279626,4,1,1
1279626,14,1,1
1279626,17,1,1
1279626,28,1,1
1279626,29,1,1
1279626,32,1,1
1279626,42,1,1
1279626,67,1,1
887296,19,1,1
887296,62,1,1
1279628,24,1,1
1279628,43,1,1
1284859,51,1,1
1282234,34,1,1
899965,58,1,1
688446,30,3,1
1233788,4,1,1
899596,22,1,1
899596,30,1,1
899596,32,1,1
1285412,30,1,1
1285414,32,1,1
1285418,20,1,1
1285418,34,1,1
1285420,25,1,1
1285420,53,1,1
1285420,58,1,1
1285523,21,1,1
1285523,30,1,1
1285523,43,1,1
1225594,7,1,1
1285616,7,1,1
1285616,377,1,1
1285624,7,1,1
1285626,7,1,1
899438,66,3,5
868500,16,1,1
888625,16,1,1
887542,16,1,1
1277734,7,1,1
684209,34,1,1
684517,50,1,1
684112,34,1,1
684112,50,1,1
684620,34,1,1
683581,34,1,1
899182,12,3,5
899182,22,3,5
899182,57,1,1
688722,32,1,1
684761,32,1,1
684226,22,1,1
939245,23,1,1
939245,34,1,1
980036,40,1,1
884093,18,1,1
899705,53,1,1
899705,55,1,1
899878,38,1,1
899878,41,1,1
899879,26,1,1
899879,55,1,1
683265,14,1,1
683265,34,1,1
1176973,37,1,1
1176975,51,1,1
1176977,37,1,1
1176981,35,1,1
1176981,49,1,1
1176983,37,1,1
1176991,24,1,1
1176991,37,1,1
860510,10,1,1
860510,22,1,1
877319,25,1,1
877319,38,1,1
877319,41,1,1
877319,47,1,1
877319,58,1,1
877320,29,1,1
877320,37,1,1
877320,50,1,1
877320,58,1,1
877320,66,1,1
860485,62,1,1
860588,10,1,1
860588,11,1,1
860588,14,1,1
860588,67,1,1
860588,69,3,5
860466,40,1,1
833074,12,1,1
857627,22,1,1
857627,43,1,1
857627,48,1,1
857627,58,1,1
948696,57,1,1
1041519,7,1,1
1159105,25,1,1
836789,41,1,1
849242,40,1,1
1041526,1,1,1
898980,12,1,1
899694,12,1,1
899694,14,1,1
899694,23,1,1
899694,48,1,1
899693,23,3,5
898971,2,1,1
898988,48,1,1
898958,14,1,1
870954,25,1,1
899539,25,1,1
899524,26,1,1
899683,23,1,1
899683,34,1,1
899692,14,1,1
899687,22,1,1
899653,14,1,1
899653,25,1,1
899653,34,1,1
899009,2,1,1
899009,32,1,1
899469,48,1,1
1302650,12,1,1
1302658,2,1,1
1159173,37,1,1
1159173,55,1,1
899540,34,1,1
899540,42,1,1
899540,58,1,1
1159137,41,1,1
1159137,58,1,1
1159129,25,1,1
899932,20,1,1
1159161,37,1,1
1159161,47,1,1
1159161,68,3,5
1159151,37,1,1
899541,41,1,1
899827,8,1,1
899827,18,1,1
899827,60,1,1
899810,44,1,1
898972,28,1,1
898972,63,1,1
898972,67,1,1
899881,57,1,1
899881,67,1,1
899880,26,3,5
899880,57,3,5
1041531,7,1,1
683816,12,1,1
684982,23,1,1
683580,12,1,1
683580,32,1,1
688856,14,1,1
688505,23,1,1
689611,2,1,1
689611,14,1,1
685287,23,3,5
688741,53,1,1
686947,14,1,1
731101,14,1,1
684483,12,3,5
683096,2,1,1
685247,23,3,5
688884,48,1,1
686345,48,1,1
686944,45,1,1
689957,24,1,1
689957,47,1,1
683516,38,1,1
684571,37,1,1
688211,11,1,1
683137,9,1,1
687145,53,1,1
688311,32,1,1
689567,14,3,5
689567,32,3,5
684509,34,3,5
683253,2,1,1
687957,19,1,1
684707,32,1,1
689017,48,1,1
688242,32,1,1
688103,25,3,5
688103,26,1,1
688268,45,1,1
688268,24,3,5
688403,45,1,1
688403,41,1,1
688403,47,1,1
687138,45,3,5
688628,42,1,1
688675,11,1,1
688675,37,1,1
689044,19,1,1
686788,28,1,1
683995,67,1,1
689355,41,1,1
684916,37,1,1
689867,26,1,1
689867,41,1,1
683857,66,1,1
683296,69,3,5
683296,29,1,1
685116,41,1,1
685562,34,1,1
688193,58,1,1
687679,18,1,1
684581,33,1,1
687106,56,1,1
687106,61,1,1
689343,18,1,1
683818,8,1,1
683818,52,1,1
731892,52,1,1
687314,44,1,1
686005,44,1,1
686005,56,1,1
688327,18,1,1
688327,56,3,5
684759,44,1,1
683293,18,1,1
689094,62,1,1
689094,28,1,1
892950,69,1,1
684732,44,1,1
685217,1,1,1
687148,1,1,1
685219,1,1,1
688680,1,1,1
1345193,20,1,1
1345193,32,1,1
1345193,47,1,1
907532,4,1,1
836508,24,1,1
860501,12,1,1
860501,28,1,1
860501,53,1,1
860501,66,1,1
857662,39,1,1
857662,76,1,1
926768,41,1,1
926768,47,1,1
926768,58,1,1
1375143,9,1,1
1375152,45,1,1
1375152,58,1,1
902981,24,1,1
902981,42,1,1
902981,45,1,1
902981,51,1,1
902981,57,1,1
939250,32,1,1
939250,58,1,1
884068,16,1,1
939242,45,1,1
939242,19,1,1
939242,34,1,1
969621,7,1,1
687152,67,1,1
1352331,35,1,1
687410,33,1,1
687410,36,1,1
837809,40,1,1
900103,52,1,1
769027,6,1,1
769027,52,1,1
684600,7,1,1
688404,26,1,1
688404,41,1,1
902980,2,1,1
902980,20,1,1
902980,42,1,1
902980,50,1,1
902980,51,1,1
686112,57,1,1
690014,26,1,1
683712,21,1,1
683712,59,1,1
1366368,18,1,1
1366368,33,1,1
685376,28,1,1
688380,70,1,1
688380,29,1,1
690029,55,1,1
690029,57,1,1
689551,91,1,1
800094,9,1,1
800985,47,1,1
688655,1,1,1
684071,65,1,1
689440,44,1,1
689653,56,1,1
684035,56,1,1
686103,18,1,1
687325,56,1,1
688202,18,1,1
686621,18,1,1
689651,56,1,1
689651,44,1,1
1238795,44,1,1
686503,44,1,1
687543,8,1,1
685004,56,1,1
688360,33,1,1
683441,59,1,1
683448,52,1,1
683448,59,1,1
688378,56,1,1
687418,8,1,1
686522,18,1,1
688753,40,1,1
688351,7,1,1
686399,56,1,1
684308,44,1,1
685602,8,1,1
688228,6,1,1
688228,52,1,1
686461,40,1,1
689956,8,1,1
689529,52,1,1
685856,52,1,1
688067,39,1,1
689267,76,1,1
686998,85,3,5
689859,381,1,1
685189,22,1,1
684004,33,1,1
684092,18,1,1
685220,61,1,1
686398,44,1,1
683350,56,1,1
686021,22,1,1
686021,49,3,5
687201,26,1,1
688570,17,1,1
688570,36,1,1
685320,58,1,1
687966,53,1,1
688642,69,1,1
688027,41,1,1
684599,57,1,1
690044,7,1,1
689723,25,1,1
689723,50,1,1
685164,12,1,1
685164,32,1,1
683875,56,1,1
684678,44,1,1
684678,18,3,5
684436,34,1,1
687442,80,1,1
684295,59,1,1
683202,29,1,1
684907,51,1,1
683927,30,1,1
683927,17,1,1
689452,43,1,1
688899,7,3,5
685845,40,1,1
685305,35,1,1
685305,70,1,1
684446,43,1,1
1127136,39,1,1
685696,39,1,1
690008,8,1,1
686437,40,1,1
683729,18,1,1
683729,52,3,5
688036,7,1,1
687241,18,1,1
688330,33,1,1
684652,40,1,1
684272,40,1,1
683379,40,1,1
686179,44,1,1
683820,44,1,1
688900,18,1,1
688900,40,1,1
686628,8,1,1
686628,18,1,1
687033,33,1,1
687033,40,1,1
684222,52,1,1
689952,40,1,1
689952,44,1,1
688556,59,3,5
685893,33,1,1
683771,40,1,1
689247,52,1,1
686527,69,3,5
686956,7,3,5
690032,7,3,5
690032,8,1,1
685647,7,1,1
683852,7,3,5
689408,40,1,1
689085,52,1,1
684682,18,1,1
686118,18,1,1
689959,7,3,5
688512,8,1,1
688512,40,3,5
689958,6,1,1
687215,39,1,1
687992,8,1,1
686023,44,3,5
684999,33,1,1
690028,52,1,1
687826,39,1,1
688286,39,1,1
689009,40,1,1
684352,12,1,1
688870,7,1,1
685786,7,1,1
688869,7,1,1
686013,57,3,5
683095,67,1,1
684225,39,1,1
685468,12,1,1
684630,48,1,1
687894,7,1,1
687894,44,3,5
687419,8,1,1
687419,40,1,1
687419,44,1,1
684006,18,1,1
684006,44,1,1
688393,40,1,1
688393,44,1,1
685408,49,1,1
685408,36,1,1
689537,8,1,1
689537,39,1,1
687481,44,1,1
684293,16,1,1
684906,16,1,1
686222,16,1,1
685260,52,1,1
687532,6,1,1
686524,7,1,1
686524,40,1,1
687332,7,1,1
687332,8,1,1
686499,6,1,1
686499,7,1,1
683134,12,1,1
688074,12,1,1
689977,43,1,1
687863,44,3,5
685539,26,1,1
685539,41,1,1
684769,16,1,1
689479,52,1,1
684765,70,1,1
687655,7,1,1
684125,37,1,1
683270,40,1,1
687726,8,1,1
688416,18,1,1
686245,39,1,1
684412,42,1,1
685222,57,1,1
689277,24,1,1
685489,50,1,1
689399,48,1,1
687214,39,1,1
687731,39,1,1
684541,23,1,1
684541,51,3,5
688098,12,1,1
689876,35,1,1
688113,35,1,1
685873,16,1,1
686536,16,1,1
684728,82,1,1
683279,16,1,1
689512,37,1,1
686917,11,1,1
689435,7,1,1
689175,22,1,1
688224,4,1,1
688224,43,1,1
683471,80,1,1
683471,379,1,1
686397,379,1,1
689078,51,1,1
687849,39,1,1
690100,70,1,1
687289,43,1,1
687850,8,1,1
683248,44,1,1
684927,18,3,5
686382,7,3,5
686259,52,1,1
688977,7,3,5
688358,59,1,1
688363,33,1,1
688752,59,1,1
684706,67,1,1
684706,41,1,1
684706,47,1,1
686269,34,1,1
689787,22,1,1
683113,379,1,1
683113,381,1,1
684049,381,1,1
684049,51,1,1
684577,39,1,1
684577,51,1,1
683062,76,1,1
688248,4,1,1
688248,50,1,1
689974,48,1,1
687311,10,3,5
687311,32,1,1
687311,38,1,1
687311,43,1,1
683191,34,1,1
688442,7,1,1
687505,23,1,1
685502,16,1,1
688526,48,1,1
685107,26,1,1
689695,34,1,1
689695,53,1,1
686058,39,1,1
686714,16,1,1
685676,23,3,5
689533,59,1,1
685569,44,1,1
688407,59,1,1
685938,6,1,1
687835,8,1,1
690025,67,1,1
688915,69,3,2
687709,26,1,1
687548,37,1,1
687548,55,1,1
689731,41,1,1
689731,55,1,1
683437,69,1,1
684208,8,1,1
684327,6,3,5
684014,8,1,1
689885,24,1,1
689885,41,1,1
687398,69,3,2
683985,50,1,1
686595,66,3,5
686607,1,1,1
689626,1,1,1
690004,44,1,1
687064,381,1,1
687811,33,1,1
687234,18,1,1
683838,7,1,1
684122,39,1,1
686798,29,1,1
689532,63,1,1
689532,68,3,5
688440,51,1,1
685280,44,1,1
684389,59,1,1
685794,44,1,1
685606,8,1,1
685354,33,1,1
689207,33,1,1
689207,59,1,1
687132,33,1,1
688213,56,1,1
687713,44,1,1
687977,33,1,1
688683,56,1,1
688948,44,1,1
684342,7,1,1
684660,6,1,1
684660,80,3,5
685038,39,1,1
688747,23,1,1
687597,51,1,1
685183,43,1,1
684270,22,1,1
689027,22,1,1
689027,34,1,1
687812,6,1,1
687449,59,1,1
685016,59,1,1
685042,18,1,1
685042,33,1,1
688215,7,1,1
688344,80,1,1
688153,39,1,1
686560,39,1,1
689656,18,1,1
683300,7,1,1
683163,40,1,1
688670,18,3,5
688670,56,1,1
683921,44,1,1
685027,32,3,5
685027,48,1,1
686766,14,1,1
684787,14,3,5
688937,48,1,1
687752,34,1,1
684047,14,1,1
687061,34,1,1
688120,14,1,1
687194,48,1,1
688272,48,1,1
689621,14,1,1
687535,53,1,1
686414,2,3,5
686414,32,1,1
688222,12,1,1
686767,2,1,1
689458,23,1,1
686342,2,1,1
685275,12,3,5
686504,23,1,1
689676,14,1,1
689676,48,1,1
686870,23,1,1
686870,51,3,5
689543,7,1,1
687016,7,3,5
684313,56,1,1
685908,61,3,5
687934,7,3,5
687934,44,1,1
686202,8,1,1
686202,49,1,1
685078,59,1,1
689727,39,3,5
684736,18,1,1
684736,56,1,1
689096,18,1,1
689096,56,1,1
685127,59,1,1
688173,33,1,1
683635,36,1,1
688988,6,1,1
688988,8,1,1
684286,33,1,1
683370,39,1,1
689011,6,1,1
683636,59,1,1
683477,18,1,1
689265,59,3,5
688348,58,1,1
688606,26,1,1
687760,38,1,1
686217,38,1,1
683533,24,1,1
688376,57,1,1
688275,29,1,1
685147,37,1,1
686533,63,1,1
686533,66,3,5
688375,29,1,1
688827,24,1,1
683898,57,1,1
683435,41,1,1
685818,63,1,1
685818,37,1,1
688204,14,1,1
689294,26,1,1
683710,67,1,1
684257,34,1,1
688089,51,1,1
688976,2,1,1
688976,53,1,1
685054,23,1,1
687817,23,1,1
687817,51,1,1
689830,25,1,1
687978,53,1,1
683599,16,1,1
689620,39,1,1
684420,63,1,1
684420,69,1,1
688207,41,1,1
683658,52,1,1
688405,59,1,1
686952,18,1,1
689946,52,1,1
688177,59,1,1
686932,69,1,1
686932,28,1,1
690022,69,3,2
686740,52,1,1
683610,8,1,1
683610,39,1,1
685686,59,1,1
685933,17,1,1
685181,18,1,1
685181,52,1,1
689492,59,1,1
689568,18,1,1
689568,59,1,1
684029,56,1,1
684029,60,3,5
685993,6,1,1
688104,8,1,1
688042,52,1,1
687251,8,1,1
687251,59,1,1
688537,40,1,1
686599,18,1,1
686599,33,1,1
689782,52,1,1
686162,59,1,1
689613,8,1,1
683574,43,1,1
689123,51,1,1
686795,51,3,5
687927,82,1,1
688106,7,1,1
684734,18,3,5
684734,59,3,5
685648,7,1,1
686627,44,1,1
688527,44,1,1
688567,60,1,1
683980,56,1,1
684590,59,1,1
683759,59,1,1
686620,33,1,1
687071,8,1,1
687071,39,1,1
687980,44,1,1
683787,18,1,1
686041,6,1,1
689426,6,1,1
684842,59,1,1
688414,33,1,1
686371,52,1,1
688247,33,1,1
687474,44,1,1
683332,2,1,1
683332,11,1,1
685706,40,1,1
687805,67,1,1
683449,14,3,5
685401,23,3,5
685401,51,3,5
684546,51,1,1
688065,23,3,5
689836,50,1,1
684189,7,1,1
688944,9,1,1
683348,67,1,1
686591,381,1,1
687874,51,1,1
687737,22,1,1
683835,4,1,1
684697,52,1,1
687869,52,1,1
689013,44,1,1
689104,12,1,1
685138,34,1,1
687182,12,1,1
683512,7,1,1
688319,17,1,1
683064,49,1,1
689328,50,1,1
688420,43,1,1
685340,58,1,1
689655,51,3,5
688573,43,1,1
687997,4,1,1
687997,43,3,5
933831,69,1,1
933831,55,1,1
683871,22,3,5
685557,4,1,1
683390,51,1,1
689602,14,1,1
683246,4,3,5
688965,30,1,1
686187,4,1,1
686187,20,1,1
686849,6,1,1
689455,40,1,1
689455,52,3,2
687210,28,1,1
687210,17,1,1
683569,28,1,1
687965,57,1,1
687965,17,1,1
683341,38,1,1
683341,11,1,1
689498,23,1,1
688019,14,1,1
687280,51,1,1
688600,8,3,5
689985,12,1,1
687414,14,3,5
684159,53,1,1
689424,32,1,1
686126,7,3,5
685882,49,1,1
687345,16,1,1
687912,16,1,1
684874,57,1,1
684166,43,1,1
685966,30,1,1
686350,11,1,1
688927,16,1,1
689422,51,1,1
684598,16,1,1
684443,62,1,1
683517,63,1,1
687642,28,1,1
687346,44,1,1
688817,18,1,1
688817,56,1,1
688551,36,1,1
683382,85,3,5
683382,39,1,1
685508,51,1,1
684082,41,1,1
687323,25,1,1
687172,50,1,1
685244,53,1,1
684211,61,3,5
683935,18,1,1
683943,33,1,1
687287,56,1,1
688429,61,1,1
689205,1,1,1
685936,7,3,5
688430,18,1,1
687219,1,1,1
687827,1,1,1
688209,33,1,1
685731,9,1,1
684923,26,1,1
683228,16,1,1
684127,4,1,1
685797,40,3,5
683945,52,1,1
720781,14,1,1
689716,23,3,5
720833,32,1,1
688189,11,3,5
688189,34,1,1
688189,53,1,1
684610,22,1,1
684610,50,1,1
721871,30,1,1
683186,41,1,1
728642,56,1,1
728681,18,1,1
683491,56,1,1
687197,37,1,1
730778,60,3,5
730812,33,1,1
730833,61,1,1
730859,18,1,1
730859,60,1,1
730907,33,1,1
730915,33,1,1
730923,18,1,1
689075,12,1,1
689075,32,1,1
689036,51,1,1
684667,34,1,1
688457,43,1,1
731424,60,1,1
689815,60,1,1
731502,33,1,1
731502,60,1,1
731791,18,1,1
731791,59,1,1
731807,60,1,1
683330,52,1,1
732630,48,1,1
732726,48,1,1
685108,26,1,1
735327,8,1,1
684348,11,1,1
686742,56,1,1
686949,52,1,1
683687,59,1,1
683687,18,1,1
689686,33,1,1
686484,59,1,1
757438,6,1,1
757438,40,1,1
758071,8,1,1
758071,40,1,1
687554,32,3,5
758193,52,1,1
758472,8,1,1
686886,50,1,1
686886,53,3,5
758124,39,1,1
769224,52,1,1
757454,8,1,1
769230,40,1,1
769253,52,1,1
770487,8,1,1
770487,52,1,1
770507,52,1,1
770576,52,1,1
783931,14,1,1
689535,41,1,1
785158,8,1,1
785226,6,1,1
785226,8,1,1
785226,52,1,1
785242,52,1,1
689890,6,1,1
683723,6,1,1
689099,60,1,1
758367,52,1,1
787981,56,1,1
788704,7,1,1
788727,7,1,1
788737,7,1,1
788743,7,1,1
789532,38,3,5
789532,47,1,1
789826,7,1,1
789861,377,3,5
789920,7,1,1
683424,7,1,1
789960,7,1,1
790048,7,1,1
790051,7,1,1
790060,7,1,1
683777,39,1,1
788786,7,1,1
684724,8,1,1
684724,18,3,5
684724,52,3,5
791646,38,1,1
685791,7,3,5
685791,39,1,1
793663,25,1,1
793663,45,1,1
686894,58,1,1
795478,45,1,1
793483,40,1,1
687365,53,1,1
687365,58,1,1
688797,37,1,1
688921,50,1,1
730900,33,1,1
731357,60,1,1
798321,6,1,1
688299,48,1,1
799291,7,1,1
799317,7,1,1
684156,2,3,5
801792,51,1,1
802059,25,1,1
683492,39,3,5
806351,80,3,5
806361,80,3,5
686539,377,3,5
686539,7,1,1
687220,39,1,1
684819,8,1,1
815326,52,1,1
815414,52,1,1
684988,6,1,1
815581,52,1,1
684469,14,3,5
685022,6,1,1
685516,7,1,1
820840,6,1,1
803040,48,3,5
821393,39,1,1
769150,40,1,1
769150,52,1,1
684890,39,1,1
685028,58,1,1
828509,17,1,1
828509,29,1,1
828511,29,1,1
684381,34,1,1
829158,8,1,1
686483,58,1,1
833197,23,1,1
833197,32,1,1
833197,53,1,1
833201,23,1,1
833205,381,1,1
833205,6,1,1
833206,85,1,1
833208,39,1,1
833210,76,3,5
833222,39,1,1
833224,12,1,1
833231,85,3,5
833231,7,1,1
833234,377,1,1
833240,12,1,1
833241,4,1,1
833243,2,1,1
833243,34,1,1
1085055,40,1,1
833247,56,1,1
833248,6,1,1
833248,18,1,1
833248,33,1,1
833248,59,1,1
833251,8,1,1
833252,52,1,1
833264,44,1,1
833268,14,1,1
833268,58,1,1
833273,69,1,1
833273,22,1,1
833273,23,1,1
833273,37,1,1
833273,48,1,1
833273,55,1,1
833275,19,1,1
833275,30,1,1
833275,37,1,1
833275,41,1,1
833275,45,1,1
833283,2,1,1
833283,58,1,1
833284,30,1,1
833286,29,1,1
835780,52,1,1
835853,10,1,1
835853,17,1,1
835853,28,1,1
835853,45,1,1
835853,69,3,5
835887,40,1,1
835887,44,1,1
835900,40,1,1
835969,19,1,1
835969,20,1,1
835969,21,1,1
836005,41,1,1
836015,12,1,1
801950,8,1,1
684261,38,1,1
836663,36,1,1
836760,9,1,1
836760,45,1,1
836901,60,1,1
836901,8,1,1
836901,49,1,1
836936,39,1,1
836936,59,1,1
836944,60,1,1
836944,59,1,1
836976,2,1,1
836994,14,1,1
836994,34,1,1
837087,20,1,1
837100,9,1,1
837100,26,1,1
837100,38,1,1
837100,53,1,1
837113,51,1,1
1159099,11,1,1
1159099,50,1,1
837138,14,1,1
837138,23,1,1
837180,69,1,1
837180,14,1,1
837180,23,1,1
837180,55,1,1
837238,52,1,1
837258,381,1,1
837258,51,1,1
1353056,4,1,1
1353056,28,1,1
1353056,37,1,1
1353056,48,1,1
837334,44,1,1
837581,56,1,1
837757,383,1,1
837757,51,1,1
837771,381,1,1
837771,6,1,1
837771,51,1,1
839432,25,1,1
785187,8,1,1
689685,16,1,1
840538,40,1,1
840574,6,1,1
840636,7,1,1
841144,6,1,1
841492,6,1,1
841786,52,1,1
841789,6,1,1
841827,7,1,1
841830,6,1,1
841830,7,1,1
688880,6,1,1
841935,11,3,5
841935,38,1,1
841935,45,1,1
841935,50,1,1
842025,29,1,1
848769,44,1,1
848810,44,1,1
848817,6,1,1
848817,56,1,1
848848,52,1,1
848861,44,1,1
849080,61,1,1
849080,1,1,1
849107,1,1,1
849107,43,1,1
849120,7,1,1
849120,8,1,1
849207,36,1,1
849207,59,1,1
849252,33,1,1
849252,39,1,1
849293,35,1,1
849347,11,1,1
849347,58,1,1
840577,6,1,1
856658,377,1,1
856669,56,1,1
856688,61,1,1
856688,33,1,1
856688,52,1,1
856737,80,1,1
856756,21,1,1
856756,43,1,1
856756,51,1,1
856878,14,1,1
856881,14,1,1
683942,18,1,1
856995,60,1,1
857077,43,1,1
857077,381,3,5
857091,63,1,1
857091,66,1,1
857091,67,1,1
857091,22,1,1
857091,25,1,1
857091,33,1,1
857091,55,1,1
857208,61,1,1
857274,8,1,1
857274,39,1,1
857292,33,1,1
857292,44,1,1
857308,51,1,1
857308,59,1,1
857323,7,1,1
857323,51,1,1
857323,52,1,1
857338,18,1,1
857345,44,1,1
857017,29,1,1
857458,6,1,1
857556,61,1,1
857556,44,1,1
857556,52,1,1
857556,59,1,1
857571,61,3,5
857571,18,1,1
857571,52,1,1
857621,26,1,1
857621,37,1,1
857688,37,1,1
857890,40,1,1
858379,41,1,1
685235,14,1,1
687529,39,1,1
860460,9,1,1
860460,12,1,1
860460,26,1,1
860632,16,1,1
860652,16,1,1
860663,72,1,1
860663,391,1,1
860669,56,1,1
860703,16,1,1
861435,50,1,1
860783,91,1,1
868464,16,1,1
868468,16,1,1
868483,16,1,1
868578,1,1,1
833212,7,1,1
833212,56,1,1
687960,16,1,1
870256,25,1,1
870256,53,1,1
870256,55,1,1
871088,22,1,1
686914,33,1,1
874085,61,3,5
877317,20,1,1
877317,21,1,1
877317,29,1,1
877317,36,1,1
877317,42,1,1
877317,58,1,1
877321,25,1,1
877321,34,1,1
877393,24,1,1
877393,26,1,1
877393,41,1,1
877807,7,1,1
877807,44,1,1
877807,61,1,1
685156,26,1,1
685156,41,1,1
685156,47,1,1
878731,11,1,1
878731,24,1,1
878882,6,1,1
884494,9,1,1
884494,37,1,1
884494,58,1,1
884494,67,1,1
688932,11,1,1
688932,45,1,1
685403,25,3,5
683781,22,1,1
754608,58,1,1
688308,25,3,5
688308,28,1,1
688308,50,1,1
688308,57,1,1
884822,26,1,1
884822,37,1,1
884822,55,1,1
688227,61,1,1
942428,56,3,2
942426,7,3,5
942431,61,1,1
942431,56,1,1
979388,56,1,1
979413,44,1,1
942435,44,1,1
942439,44,1,1
942443,56,1,1
687475,56,1,1
1222853,44,1,1
942421,61,1,1
942421,56,1,1
942450,61,1,1
942447,44,1,1
942451,56,1,1
979509,56,1,1
979439,44,1,1
685453,1,1,1
683612,1,1,1
887297,22,1,1
887297,41,1,1
887297,58,1,1
887297,87,1,1
887421,48,1,1
887476,16,1,1
887527,16,1,1
887530,16,1,1
887553,16,1,1
889211,11,1,1
889709,67,1,1
890136,67,1,1
890146,29,1,1
892936,29,1,1
892953,29,1,1
893421,62,3,5
893421,67,1,1
893464,28,1,1
893464,29,1,1
894143,8,1,1
894143,18,1,1
894143,39,1,1
894143,52,1,1
894161,34,1,1
894161,37,1,1
894161,47,1,1
894161,50,1,1
895820,59,1,1
898961,7,1,1
898964,53,1,1
898964,58,1,1
898977,39,1,1
899002,7,1,1
899033,39,1,1
899040,9,1,1
899043,53,1,1
899077,41,1,1
899078,26,1,1
899081,7,3,5
899082,67,1,1
899082,34,1,1
899082,47,1,1
899082,50,1,1
899096,18,1,1
899108,41,1,1
899120,2,1,1
899173,59,1,1
899179,12,1,1
899187,50,1,1
899187,53,1,1
899206,18,1,1
899217,6,1,1
899218,52,1,1
899233,67,1,1
899235,25,1,1
899235,41,1,1
899235,53,1,1
899237,24,1,1
899238,51,1,1
899252,34,1,1
899261,39,1,1
899280,33,1,1
899280,60,3,5
899282,39,3,5
899282,51,1,1
899282,379,1,1
899285,12,1,1
899285,14,1,1
899285,48,1,1
899290,39,1,1
899297,8,1,1
899297,40,1,1
899303,18,1,1
899303,56,1,1
899303,59,1,1
899306,52,1,1
899316,48,1,1
899321,44,3,5
899325,52,1,1
899327,7,1,1
899335,49,1,1
899337,43,3,5
899340,4,1,1
899340,43,1,1
899350,42,1,1
899351,11,1,1
899351,14,1,1
899351,32,1,1
899351,37,1,1
899351,43,1,1
899351,45,1,1
899351,48,1,1
899351,67,1,1
899352,17,1,1
899352,41,1,1
899352,50,1,1
899353,20,1,1
899354,22,1,1
899354,47,1,1
899354,67,1,1
899354,69,1,1
899355,10,1,1
899373,62,1,1
899384,30,1,1
899389,14,1,1
899390,6,1,1
899390,52,1,1
899394,2,1,1
899398,14,1,1
899402,7,1,1
899402,80,3,5
899406,40,1,1
899409,37,1,1
1233794,14,1,1
1233794,50,1,1
899417,34,1,1
899417,53,1,1
899418,14,1,1
899425,45,1,1
899425,47,1,1
899428,20,1,1
899428,25,1,1
899446,22,1,1
899446,48,1,1
899448,20,1,1
899448,30,1,1
899451,56,1,1
899484,26,1,1
899484,66,3,5
899492,56,1,1
899492,60,1,1
899509,56,1,1
899528,2,1,1
899528,12,1,1
899528,32,1,1
899531,12,1,1
899536,4,1,1
899536,32,1,1
899536,48,1,1
899637,34,1,1
899637,41,1,1
899661,1,1,1
899665,7,1,1
899668,44,1,1
899675,18,1,1
899684,48,3,5
899689,4,1,1
899689,43,3,5
899708,11,1,1
899731,4,1,1
899746,67,1,1
899749,53,1,1
899763,30,1,1
899763,42,1,1
899764,42,1,1
899764,58,1,1
899766,37,1,1
899766,55,1,1
899768,44,1,1
1270956,6,1,1
899792,8,1,1
899796,1,1,1
899798,61,1,1
899799,1,1,1
899852,33,1,1
899852,40,1,1
899855,6,1,1
899855,80,3,5
899883,18,1,1
899884,44,1,1
899891,29,1,1
899896,57,1,1
899904,48,1,1
899914,7,1,1
899924,7,1,1
899939,29,3,5
899939,69,1,1
899959,62,1,1
899968,44,3,5
899984,47,1,1
899984,66,1,1
899986,55,1,1
899999,33,1,1
899999,59,1,1
900000,40,1,1
900002,7,1,1
900005,8,1,1
900005,39,1,1
900020,61,3,5
900026,44,1,1
900032,21,1,1
900033,35,1,1
900033,59,1,1
900039,44,1,1
900052,43,1,1
900053,51,1,1
900068,24,1,1
900096,21,1,1
900111,23,1,1
903096,21,1,1
903096,25,1,1
903096,29,1,1
903096,49,1,1
903096,69,1,1
907149,7,1,1
907223,25,1,1
931848,29,1,1
932237,14,1,1
932247,12,1,1
933357,23,1,1
933700,7,1,1
933706,25,1,1
933791,37,1,1
933817,67,1,1
933845,45,1,1
933859,38,1,1
933859,58,1,1
933878,63,1,1
933878,26,1,1
933878,37,1,1
935195,7,1,1
941848,18,1,1
942436,7,3,5
942465,44,1,1
942466,44,1,1
942468,56,1,1
942471,61,1,1
942472,61,1,1
942475,61,1,1
942477,61,1,1
942780,7,1,1
943176,6,1,1
947915,18,1,1
947918,18,1,1
947929,18,1,1
947929,33,1,1
947938,18,1,1
947947,18,1,1
947956,18,1,1
947962,33,1,1
947965,18,1,1
948175,18,1,1
948321,18,1,1
948589,67,1,1
948589,26,1,1
948589,55,1,1
955170,20,3,5
955170,67,1,1
686550,33,1,1
687161,56,1,1
687488,44,1,1
690090,33,1,1
690090,8,1,1
690090,49,1,1
683171,59,1,1
688282,44,1,1
687553,18,1,1
684996,33,1,1
685941,18,1,1
686920,8,1,1
687402,44,1,1
685229,18,1,1
683933,44,1,1
683933,56,1,1
689415,33,1,1
687699,60,1,1
687383,18,1,1
690057,7,1,1
689080,56,1,1
683800,39,1,1
683572,52,1,1
689020,8,1,1
687909,40,1,1
684936,52,1,1
689856,40,1,1
689191,33,1,1
685753,70,3,5
687653,39,1,1
686571,39,1,1
686526,56,1,1
685184,18,1,1
684283,6,1,1
686763,8,1,1
686940,8,1,1
689250,44,1,1
689245,18,1,1
689245,8,1,1
687851,6,1,1
687460,39,1,1
684220,52,1,1
684946,7,1,1
685322,49,1,1
685407,52,3,5
686648,44,1,1
686648,6,1,1
686098,44,1,1
688267,39,1,1
684844,33,1,1
686448,60,1,1
689456,18,1,1
687588,33,1,1
687589,44,1,1
685283,8,1,1
688318,56,1,1
687628,18,1,1
686732,44,1,1
685716,18,1,1
687560,8,1,1
687560,33,3,5
687847,33,1,1
687847,59,1,1
686776,8,1,1
686776,40,1,1
684007,56,1,1
689570,39,1,1
689570,8,1,1
689570,40,1,1
689544,8,1,1
689544,40,1,1
686260,56,1,1
686744,44,3,5
686370,52,1,1
687100,6,1,1
685418,56,1,1
685160,8,1,1
686400,6,3,5
689177,33,3,2
689177,40,1,1
687862,44,1,1
683551,8,1,1
683551,56,1,1
683474,33,1,1
688544,33,1,1
689531,40,1,1
689531,52,1,1
689531,56,1,1
687769,8,1,1
687769,18,1,1
689382,33,3,5
685548,18,1,1
686433,52,1,1
683152,33,1,1
685319,39,1,1
686091,33,1,1
686091,7,1,1
685567,52,1,1
684020,18,1,1
685679,18,1,1
685955,8,1,1
684720,8,1,1
688793,40,1,1
684433,44,1,1
688938,40,1,1
685223,39,3,5
685520,7,1,1
686436,33,1,1
689024,7,3,5
688549,44,1,1
687562,39,3,5
683507,8,1,1
689470,40,3,5
688043,36,1,1
684622,33,1,1
686478,33,1,1
1315503,33,1,1
689596,7,1,1
689596,56,1,1
686165,379,1,1
686165,381,1,1
686165,6,1,1
686585,33,1,1
687416,40,1,1
684486,35,1,1
686587,59,1,1
687417,59,1,1
689591,39,1,1
687665,44,1,1
689323,44,1,1
686959,18,1,1
685653,18,3,5
686264,44,1,1
688208,56,1,1
684078,61,1,1
684078,56,1,1
686511,40,3,5
689597,8,1,1
689597,56,1,1
687484,49,1,1
687484,59,1,1
687485,8,1,1
687335,56,1,1
685680,21,1,1
683739,59,1,1
683739,35,1,1
684905,59,1,1
684905,8,1,1
688824,8,1,1
688824,35,1,1
684132,52,1,1
688382,44,1,1
686166,80,3,5
689891,39,1,1
687035,39,1,1
684654,7,1,1
687955,8,1,1
689049,40,1,1
685051,44,1,1
686449,18,1,1
687765,33,1,1
688658,56,1,1
688658,60,1,1
683263,33,1,1
687923,39,1,1
684962,39,1,1
684962,51,1,1
688538,52,1,1
688539,8,1,1
687369,44,1,1
684625,52,1,1
684148,44,1,1
689184,59,1,1
689184,8,1,1
685402,33,1,1
689082,44,1,1
689730,18,1,1
688476,39,1,1
688562,44,1,1
688562,7,3,5
685209,8,1,1
683090,61,3,5
687446,18,1,1
683238,18,1,1
686750,39,1,1
684227,39,1,1
685668,39,1,1
685086,39,1,1
685086,43,1,1
685306,52,1,1
684350,39,1,1
689219,39,1,1
683375,33,1,1
683375,52,1,1
683374,18,1,1
683374,33,1,1
683068,52,1,1
684179,18,1,1
686676,44,1,1
688510,39,1,1
687802,6,1,1
683464,7,1,1
683464,52,1,1
689755,8,1,1
689755,52,1,1
685544,59,1,1
685544,8,1,1
683789,56,1,1
688226,56,1,1
688226,59,1,1
687822,18,3,5
686153,8,1,1
686153,44,3,5
690098,7,3,5
690098,44,1,1
685627,56,1,1
686129,56,1,1
686154,60,1,1
690099,8,1,1
689729,56,1,1
689729,59,1,1
689222,33,1,1
686979,8,1,1
686979,59,1,1
683940,7,1,1
684872,33,1,1
684872,59,1,1
683185,18,1,1
686523,61,1,1
686523,7,3,5
689965,44,1,1
684205,33,1,1
684205,6,1,1
684755,52,1,1
686323,8,1,1
686323,40,3,5
686323,59,1,1
683733,52,1,1
683733,33,1,1
683565,44,1,1
687086,52,1,1
684150,61,1,1
688838,8,1,1
687519,39,1,1
685278,59,3,2
688839,44,3,5
688840,33,1,1
685274,44,1,1
688295,56,1,1
688295,18,1,1
685067,59,3,5
687437,44,1,1
688677,18,1,1
685918,8,1,1
690088,8,1,1
690088,52,1,1
685449,18,1,1
684637,33,1,1
689163,59,1,1
684521,18,3,5
688737,56,1,1
687701,18,1,1
689122,40,1,1
688252,33,1,1
688961,8,1,1
684334,52,1,1
683954,8,1,1
686365,6,1,1
685952,40,3,5
689288,44,1,1
686640,8,1,1
686086,18,1,1
688246,60,1,1
688246,33,1,1
688246,8,1,1
688297,61,1,1
688297,44,1,1
688297,7,1,1
685070,35,1,1
686729,21,1,1
688809,28,1,1
688809,29,1,1
684248,57,1,1
686363,36,1,1
686363,49,1,1
684689,36,1,1
685521,70,3,5
684993,17,1,1
684993,36,1,1
684993,30,1,1
689162,36,1,1
687703,8,1,1
683538,36,1,1
688254,82,1,1
686314,82,1,1
738631,18,1,1
738044,18,1,1
685117,57,1,1
684535,19,1,1
684535,30,1,1
685111,23,1,1
686641,51,1,1
683930,21,1,1
689285,19,1,1
686638,30,1,1
686087,4,1,1
686087,22,1,1
689773,17,1,1
689773,19,3,5
689942,19,1,1
684153,17,1,1
684888,4,1,1
683843,60,1,1
683843,29,1,1
686036,21,1,1
687224,17,1,1
688803,28,1,1
688803,57,1,1
688802,51,1,1
686239,39,1,1
689818,36,1,1
684611,381,3,5
684611,51,1,1
683758,4,1,1
687567,51,1,1
684739,35,1,1
688663,29,1,1
686049,33,1,1
686049,35,1,1
684027,43,1,1
686937,17,1,1
1094002,55,1,1
685457,62,3,5
685457,17,1,1
685457,28,1,1
685623,17,1,1
685623,19,1,1
685623,28,1,1
686226,12,1,1
686226,30,1,1
687047,70,1,1
687047,35,1,1
688186,22,1,1
683252,4,1,1
683252,14,1,1
683252,51,1,1
683873,32,1,1
684378,23,1,1
683747,30,1,1
689348,29,1,1
685894,20,1,1
685894,45,1,1
683539,67,1,1
683539,57,1,1
769588,52,1,1
769588,59,1,1
686584,227,3,5
688833,1,1,1
687639,227,1,1
687076,91,1,1
687076,1,1,1
684664,91,1,1
685666,62,1,1
688181,91,3,5
770515,8,1,1
686389,22,1,1
683586,18,1,1
683586,8,3,5
686178,56,1,1
684366,33,3,5
1225225,33,1,1
686681,6,3,5
689056,52,1,1
689057,59,1,1
686612,8,1,1
687845,8,1,1
687846,40,1,1
685055,59,1,1
685426,39,1,1
687050,8,1,1
684106,8,1,1
684107,52,1,1
689105,7,1,1
689105,56,1,1
686014,8,1,1
688055,8,1,1
686907,18,1,1
686907,8,1,1
686244,33,1,1
686253,6,1,1
687361,6,1,1
741266,61,3,5
741458,51,1,1
688558,40,1,1
685456,8,1,1
686344,6,1,1
770532,8,1,1
686976,40,1,1
770566,18,1,1
689040,40,1,1
687010,7,1,1
787976,56,1,1
788689,7,1,1
788730,7,1,1
788771,7,1,1
788780,7,1,1
786024,40,1,1
786024,59,1,1
689190,8,1,1
788668,7,1,1
788777,7,1,1
684884,52,1,1
688255,52,1,1
683858,52,1,1
689363,44,1,1
688201,7,1,1
689948,7,1,1
689902,7,1,1
688814,7,1,1
684142,18,1,1
686138,7,1,1
686878,7,1,1
687055,1,1,1
687983,56,1,1
683142,8,1,1
683142,18,1,1
687676,44,1,1
683126,56,1,1
689600,1,1,1
689821,7,1,1
689822,44,1,1
686176,18,1,1
687523,56,1,1
683200,7,1,1
688337,44,1,1
685074,61,3,5
689928,44,1,1
689928,56,1,1
683561,56,1,1
683562,56,1,1
688566,7,1,1
688566,56,1,1
686598,7,1,1
688377,44,1,1
683261,7,1,1
684487,44,1,1
689847,56,1,1
684231,61,1,1
688690,56,1,1
686556,44,1,1
689848,61,3,5
683351,44,1,1
684232,56,1,1
688692,33,1,1
685906,56,1,1
687707,44,3,5
684699,56,1,1
687797,18,1,1
688613,61,3,5
688613,7,1,1
684135,61,3,5
684135,44,1,1
686837,44,1,1
686837,7,3,5
684388,44,1,1
683666,18,1,1
686272,18,1,1
683783,7,1,1
683212,7,1,1
685587,12,1,1
683711,48,3,5
683433,50,1,1
688322,39,3,5
688322,51,1,1
836282,53,1,1
836282,58,1,1
790693,52,1,1
791987,52,1,1
688582,34,1,1
683223,4,1,1
683896,14,3,5
687186,34,1,1
687186,48,1,1
684175,14,1,1
684175,34,1,1
689445,14,1,1
689445,48,1,1
686326,12,1,1
687814,12,1,1
689295,12,3,5
689295,23,1,1
686105,50,1,1
690006,53,1,1
687668,53,1,1
687669,38,1,1
688321,50,1,1
683813,22,3,5
685427,34,1,1
686210,9,1,1
687750,51,1,1
684423,34,1,1
686563,14,3,5
794110,6,1,1
687260,12,1,1
685484,51,1,1
683832,21,1,1
685424,34,1,1
814348,14,1,1
839094,34,1,1
687366,53,1,1
687366,48,1,1
687367,12,1,1
687367,48,1,1
686359,12,1,1
684424,38,1,1
684424,53,1,1
688894,2,1,1
688894,23,1,1
685395,12,1,1
689016,12,1,1
758641,25,1,1
732872,14,3,5
686121,53,1,1
687858,11,1,1
687457,25,1,1
688051,48,1,1
687290,22,3,1
793225,43,3,5
686555,48,3,5
685261,23,1,1
684768,51,1,1
685380,69,3,2
685380,62,1,1
685380,48,1,1
683354,50,1,1
686027,12,1,1
687347,2,1,1
687347,12,1,1
687347,32,1,1
683067,12,1,1
684727,34,1,1
688638,34,1,1
684457,34,1,1
686384,50,1,1
689523,4,1,1
688096,2,1,1
688034,11,1,1
688034,9,1,1
688034,25,1,1
688034,26,1,1
683291,37,1,1
686274,12,1,1
686274,48,3,5
685083,51,1,1
689364,9,1,1
689364,26,1,1
687663,48,3,5
687600,11,1,1
683389,34,1,1
809423,34,1,1
820676,34,1,1
685986,2,3,5
686957,2,3,5
689563,34,1,1
689563,48,3,5
683292,51,1,1
687399,12,3,5
688661,34,1,1
686652,32,3,5
686652,34,1,1
686652,50,1,1
684748,34,1,1
688244,11,1,1
689215,12,1,1
684786,11,1,1
684786,47,1,1
684074,51,1,1
688151,50,1,1
684003,53,1,1
684815,48,1,1
684717,48,1,1
688122,25,1,1
686532,11,1,1
686532,9,1,1
688003,12,1,1
688003,48,1,1
686095,39,1,1
687304,50,1,1
686664,51,1,1
686994,32,1,1
683706,43,1,1
684280,2,1,1
684280,14,3,5
688813,23,1,1
683323,22,1,1
688972,25,1,1
683670,34,1,1
685806,32,3,5
687722,2,1,1
687722,38,1,1
688713,24,1,1
689572,34,1,1
687564,34,1,1
688400,2,1,1
689853,50,1,1
683121,50,1,1
685697,2,1,1
689167,43,1,1
683553,48,1,1
685976,43,1,1
683386,51,1,1
685469,51,1,1
683962,2,1,1
687823,32,1,1
688641,48,1,1
686972,2,1,1
686972,12,3,5
684116,53,1,1
689271,32,3,5
683485,2,1,1
683485,50,1,1
788026,51,1,1
687237,29,1,1
684668,38,1,1
687173,28,1,1
685207,41,1,1
690038,67,1,1
690038,28,1,1
688169,28,1,1
688169,41,1,1
684364,57,1,1
686810,67,1,1
685176,28,1,1
685176,42,1,1
688452,57,1,1
685059,67,1,1
687705,2,1,1
688057,18,1,1
685205,67,1,1
685205,28,1,1
686899,28,1,1
686899,29,1,1
689342,20,1,1
689342,45,1,1
861653,18,1,1
885981,44,1,1
683864,36,1,1
683412,29,1,1
683112,67,1,1
685724,28,1,1
688171,69,3,2
689209,8,1,1
684068,59,1,1
686356,70,1,1
686356,35,1,1
687409,18,1,1
689513,69,1,1
689513,29,1,1
689513,57,1,1
686954,67,1,1
839370,56,1,1
839374,60,1,1
799477,52,1,1
803015,51,3,5
803018,6,1,1
806260,6,1,1
806260,39,1,1
806430,6,1,1
806296,6,1,1
806325,39,3,5
806443,80,3,5
806371,80,3,5
806385,80,1,1
806385,379,1,1
821479,6,1,1
834649,39,3,5
857833,40,1,1
903278,7,1,1
859151,7,3,5
859151,52,1,1
835320,6,1,1
934888,18,1,1
689826,18,1,1
689233,6,1,1
732623,33,1,1
728583,60,3,5
728599,60,1,1
730738,44,1,1
737561,39,1,1
737501,39,1,1
737972,51,1,1
737972,52,3,5
737596,6,1,1
737599,6,3,5
737564,39,1,1
737519,52,1,1
737527,6,1,1
738786,6,3,5
683201,38,1,1
689496,24,1,1
688511,9,1,1
688511,67,1,1
686704,47,1,1
686466,10,1,1
686466,47,1,1
689615,63,1,1
689615,66,1,1
689615,9,1,1
689615,24,1,1
689615,25,1,1
689615,37,1,1
689615,41,1,1
689615,49,1,1
689615,50,1,1
689615,38,1,1
687618,11,1,1
683281,53,1,1
685066,38,1,1
721899,38,1,1
721939,37,1,1
721939,47,1,1
689238,25,1,1
689238,41,1,1
689522,11,1,1
721909,38,1,1
721963,34,1,1
687799,24,1,1
687799,41,1,1
721960,53,1,1
731174,9,1,1
686292,69,3,2
686567,26,1,1
686567,37,1,1
686567,63,1,1
686567,68,1,1
689865,26,1,1
685636,41,1,1
685636,45,1,1
684410,45,1,1
731252,9,1,1
689039,45,1,1
731316,9,1,1
731316,45,1,1
689052,37,1,1
685511,9,1,1
685511,41,1,1
687000,69,3,2
689258,53,1,1
686338,41,1,1
684554,37,1,1
684554,67,1,1
685735,38,1,1
685735,41,1,1
687571,24,3,5
688436,38,1,1
685098,26,1,1
685006,37,1,1
685006,47,3,5
689144,25,1,1
683450,37,1,1
768704,9,1,1
689133,37,1,1
689133,38,1,1
791002,26,1,1
791002,32,1,1
791002,47,1,1
689877,47,3,5
688128,69,3,2
687973,45,1,1
687578,24,1,1
687578,26,1,1
687578,41,1,1
687578,48,3,5
686760,69,3,2
687008,37,1,1
687008,47,1,1
685272,41,1,1
789587,29,1,1
789560,66,3,5
690011,69,3,2
688799,26,1,1
787699,45,1,1
791579,38,1,1
791579,41,1,1
791580,38,1,1
791626,47,1,1
794875,58,1,1
802106,10,1,1
795059,25,1,1
802033,53,1,1
802075,53,1,1
802017,25,1,1
683677,37,1,1
683677,55,1,1
684045,26,1,1
688278,37,1,1
684576,24,1,1
685540,69,3,2
685616,24,1,1
685339,58,1,1
689672,38,1,1
689672,42,3,5
689744,24,1,1
731010,45,1,1
816015,45,1,1
807753,58,1,1
902951,38,1,1
683165,53,1,1
897923,53,1,1
721925,25,1,1
721904,25,1,1
801957,9,1,1
685545,24,1,1
685545,41,1,1
685866,11,1,1
683479,12,1,1
867540,14,1,1
867410,2,3,5
867410,12,1,1
867410,14,1,1
928265,23,1,1
874287,4,1,1
683834,34,1,1
689515,34,1,1
685507,48,1,1
907653,51,1,1
907728,51,1,1
688156,32,1,1
689950,48,1,1
689937,12,3,5
689937,48,1,1
689938,14,1,1
689938,22,1,1
684307,42,1,1
686071,23,1,1
684919,2,3,5
684919,14,3,5
683919,23,1,1
685739,23,1,1
684718,43,1,1
683494,48,3,5
684216,2,1,1
684216,12,1,1
684216,48,1,1
689019,23,1,1
685094,2,1,1
689018,2,1,1
688465,23,1,1
688465,32,1,1
685713,23,1,1
685713,50,1,1
686827,53,1,1
686827,12,1,1
683613,25,1,1
689630,32,1,1
686586,14,1,1
686586,34,1,1
687114,14,1,1
687114,32,1,1
685214,34,1,1
684749,48,1,1
685586,12,1,1
685586,51,1,1
689061,23,1,1
689061,34,3,5
687951,34,1,1
684674,42,1,1
684674,58,1,1
686615,14,1,1
686615,48,1,1
687855,34,1,1
688371,14,1,1
688371,48,1,1
684908,34,3,5
684908,48,1,1
683508,14,3,5
683508,48,1,1
688987,48,1,1
686214,43,3,5
688574,51,1,1
685257,4,1,1
687875,23,1,1
685911,12,1,1
685911,48,1,1
683782,2,1,1
683782,50,1,1
686710,23,1,1
686710,51,1,1
686090,51,1,1
688615,51,3,5
686712,51,1,1
687023,4,1,1
684054,4,1,1
687886,51,3,5
684753,50,1,1
689263,4,1,1
683278,4,1,1
688592,4,1,1
685874,14,1,1
683521,4,1,1
687922,50,1,1
687922,58,1,1
689612,38,1,1
683393,22,1,1
683182,2,1,1
689490,2,1,1
684218,12,1,1
686785,50,1,1
687042,2,1,1
685400,53,1,1
687533,14,1,1
687379,30,1,1
683363,34,1,1
684133,58,1,1
688757,53,1,1
688757,58,1,1
685669,53,1,1
685669,25,1,1
688917,53,1,1
685980,2,1,1
689370,2,1,1
948185,6,1,1
948185,40,1,1
952549,51,1,1
687196,32,1,1
685538,32,3,5
685538,50,1,1
683513,11,1,1
860935,67,1,1
688133,23,1,1
689118,34,1,1
685044,55,1,1
685044,58,1,1
685896,22,1,1
685896,34,1,1
689726,48,1,1
689726,58,1,1
686946,48,1,1
684094,50,1,1
683544,14,1,1
899649,17,1,1
899649,43,1,1
899673,33,1,1
899674,8,1,1
899674,39,1,1
899686,14,1,1
899686,48,1,1
899699,8,1,1
899699,40,1,1
899701,44,1,1
899703,52,1,1
899711,41,1,1
898976,44,1,1
898990,18,1,1
898991,8,1,1
871069,38,1,1
899008,52,1,1
899015,50,1,1
899019,6,1,1
899019,7,1,1
899022,32,1,1
899032,33,1,1
899032,39,1,1
899037,6,1,1
899044,7,1,1
899044,39,1,1
899044,51,1,1
899050,6,1,1
899054,40,1,1
899054,44,1,1
899054,52,1,1
899059,20,1,1
899059,26,1,1
899059,47,1,1
899059,67,1,1
866470,52,1,1
899084,34,1,1
899084,53,1,1
899097,40,1,1
899097,44,1,1
899100,52,1,1
899104,40,1,1
899107,7,1,1
899112,33,1,1
899114,51,3,5
899114,52,1,1
899122,14,1,1
899122,48,1,1
899123,20,1,1
899123,26,1,1
899123,45,1,1
899123,49,1,1
899124,2,1,1
899124,11,1,1
899125,11,1,1
899125,69,3,5
899132,24,1,1
899134,26,1,1
899134,28,1,1
899134,33,1,1
899134,48,1,1
899134,59,1,1
871240,11,1,1
871240,14,1,1
871240,49,1,1
871240,63,1,1
899136,28,1,1
899144,28,1,1
899144,29,1,1
899144,45,1,1
899144,49,3,5
899145,41,1,1
899154,44,1,1
881483,42,1,1
881483,50,1,1
899162,10,1,1
899162,41,1,1
899162,42,3,5
899162,69,3,5
899168,22,1,1
899168,37,1,1
899168,48,1,1
899170,39,1,1
899170,43,1,1
899190,381,1,1
878797,20,1,1
878975,34,1,1
899193,8,1,1
899194,7,1,1
899205,7,1,1
905005,7,1,1
899229,24,1,1
899262,379,3,5
899270,6,1,1
899270,7,1,1
899277,6,1,1
899279,7,3,5
899279,39,1,1
899295,40,1,1
899298,80,1,1
899301,33,1,1
899311,6,1,1
899313,6,1,1
899319,7,1,1
899320,8,1,1
899326,56,1,1
899328,80,1,1
899329,39,1,1
899382,51,1,1
899429,48,1,1
899430,51,1,1
899445,12,1,1
899445,30,1,1
899445,48,1,1
899458,61,1,1
899460,44,1,1
899460,56,1,1
899468,51,1,1
899486,56,1,1
899489,7,1,1
899491,59,1,1
899498,37,1,1
899498,57,1,1
899498,67,1,1
899505,34,1,1
899521,41,1,1
899525,32,3,5
899533,32,1,1
899545,22,1,1
899545,58,1,1
899560,52,1,1
899597,14,1,1
899597,22,1,1
899607,35,1,1
899607,36,1,1
899617,21,1,1
899618,70,1,1
899721,11,1,1
899721,24,1,1
899721,29,1,1
899721,45,1,1
899721,47,1,1
899722,38,1,1
899722,53,1,1
899722,67,1,1
899738,9,1,1
899738,25,1,1
899738,45,1,1
899738,55,1,1
899752,50,1,1
899753,37,1,1
899753,45,1,1
899754,2,1,1
899759,34,1,1
899760,17,1,1
899811,18,1,1
899812,52,1,1
899814,18,1,1
899814,33,1,1
899821,18,1,1
899821,49,1,1
899822,59,1,1
899824,6,1,1
899824,18,1,1
899838,7,1,1
899853,6,1,1
899853,39,1,1
899888,55,1,1
899888,91,3,5
899900,8,1,1
899900,40,1,1
899900,44,1,1
899907,7,1,1
899913,7,1,1
899925,51,3,5
899927,51,1,1
899930,7,1,1
899964,24,1,1
899971,44,1,1
899972,7,3,5
899974,59,1,1
899976,1,1,1
899977,7,1,1
899977,59,3,5
899978,8,1,1
899981,8,1,1
900019,33,1,1
900019,59,1,1
900059,19,1,1
900062,18,1,1
900073,39,1,1
900083,33,1,1
900083,35,1,1
900085,33,1,1
900090,21,1,1
900090,43,1,1
900102,40,1,1
900114,19,1,1
900114,26,1,1
900114,34,1,1
900114,51,1,1
900114,55,1,1
900115,11,1,1
900116,69,1,1
900116,2,1,1
900116,32,1,1
900116,48,1,1
900117,43,1,1
900118,34,1,1
900118,41,1,1
926862,17,1,1
926862,20,1,1
926862,30,1,1
926708,24,1,1
926708,26,3,5
931877,8,1,1
931877,43,1,1
932445,48,1,1
934811,47,1,1
934875,8,1,1
934875,52,1,1
934901,24,1,1
934901,25,1,1
934901,45,1,1
934901,53,1,1
934901,55,1,1
935193,59,1,1
941918,7,1,1
941922,6,1,1
943181,7,1,1
943195,7,1,1
943195,40,1,1
943217,7,1,1
943223,7,1,1
943929,40,1,1
943943,6,1,1
943943,7,1,1
948753,19,1,1
948753,36,1,1
685239,40,1,1
688862,12,1,1
685667,34,1,1
959235,33,1,1
959241,6,1,1
959249,39,1,1
959276,52,1,1
959307,39,1,1
959327,6,1,1
959358,8,1,1
959470,4,1,1
959470,12,1,1
959470,48,1,1
959597,11,1,1
959597,17,1,1
959597,28,1,1
959807,66,1,1
959807,28,1,1
959807,37,1,1
684064,38,3,5
860741,16,1,1
860726,16,1,1
860729,16,1,1
860764,16,1,1
860792,16,1,1
769206,6,1,1
964205,7,1,1
964270,52,1,1
964273,52,1,1
964294,18,1,1
964338,52,1,1
971554,40,1,1
971567,40,1,1
971586,7,1,1
971592,40,3,5
971673,7,1,1
971706,6,1,1
971710,40,1,1
971728,6,1,1
971736,6,1,1
971736,7,1,1
971766,40,1,1
971770,7,1,1
971773,7,1,1
971776,40,1,1
971789,7,1,1
971941,40,1,1
971948,40,1,1
971958,7,1,1
971970,40,1,1
971999,40,1,1
972029,40,1,1
972033,6,1,1
972052,7,1,1
972072,40,1,1
972107,7,1,1
972110,7,1,1
972130,40,1,1
972141,7,1,1
972213,7,1,1
972219,7,1,1
972831,7,3,5
972831,40,3,5
972846,7,1,1
972850,40,1,1
972869,7,1,1
878906,40,1,1
972890,7,1,1
688678,33,1,1
973446,40,1,1
687491,7,1,1
973855,6,1,1
969555,7,1,1
687392,7,1,1
899048,381,1,1
684731,56,1,1
959781,17,1,1
959781,19,1,1
959781,29,1,1
959781,30,1,1
900048,29,1,1
900048,30,1,1
900048,36,1,1
900049,19,1,1
900049,20,1,1
900049,42,1,1
900049,57,1,1
684174,69,3,5
689882,67,1,1
685951,69,3,5
685296,18,1,1
685296,8,1,1
728663,56,1,1
731466,18,3,5
686746,7,1,1
1006272,25,1,1
1006272,28,1,1
683765,33,1,1
683765,18,1,1
687034,44,1,1
687034,56,1,1
685175,67,1,1
685175,28,1,1
839389,60,1,1
839389,61,1,1
687806,38,1,1
685924,55,1,1
899936,7,1,1
941884,7,1,1
684300,6,1,1
971996,7,1,1
972010,7,1,1
687258,44,1,1
687258,7,1,1
886897,40,1,1
885459,50,1,1
885459,58,1,1
899899,59,1,1
899899,61,1,1
899899,76,1,1
684365,33,1,1
684365,44,1,1
686781,39,1,1
688119,41,1,1
686048,20,1,1
683072,25,1,1
721877,30,1,1
688053,14,1,1
833285,2,1,1
833285,30,1,1
899020,22,3,1
688968,34,1,1
688441,34,1,1
730957,34,1,1
837265,51,1,1
686060,52,1,1
686583,7,1,1
899716,69,1,1
899716,47,1,1
683828,7,3,5
683475,17,1,1
683701,70,1,1
689870,7,1,1
686421,28,1,1
689421,38,1,1
689421,9,1,1
689421,26,1,1
683192,38,1,1
848835,1,1,1
848835,7,1,1
848835,44,1,1
689241,4,1,1
689241,43,1,1
686150,2,1,1
689542,6,1,1
689542,7,3,5
899167,18,1,1
686790,44,1,1
686149,66,1,1
686149,25,1,1
686149,26,1,1
687246,43,1,1
687246,2,1,1
687246,51,1,1
683846,6,1,1
935251,14,1,1
935251,48,1,1
686508,43,1,1
686508,4,1,1
686508,12,3,5
686508,23,1,1
685092,51,1,1
686987,51,1,1
686674,51,1,1
683274,43,1,1
689631,30,1,1
686157,2,1,1
686364,12,1,1
690021,53,1,1
688618,20,1,1
688618,32,3,5
686394,69,1,1
686394,41,1,1
689605,2,1,1
900051,36,1,1
686786,8,1,1
687521,32,1,1
817806,30,1,1
686212,43,1,1
685991,2,1,1
689582,23,1,1
689582,32,1,1
689838,14,1,1
685190,34,1,1
686516,22,1,1
684485,23,1,1
836893,7,1,1
689805,44,1,1
688695,7,1,1
683466,44,1,1
833267,22,1,1
833267,48,1,1
833267,53,1,1
877314,38,1,1
879076,22,1,1
879104,58,1,1
899396,14,1,1
899396,48,1,1
899436,25,1,1
687627,45,1,1
689459,2,1,1
720934,2,1,1
687818,14,1,1
687624,58,1,1
688482,20,1,1
686982,38,1,1
686982,24,1,1
686982,45,1,1
687537,11,1,1
687537,47,1,1
687537,58,1,1
688277,53,1,1
689528,9,1,1
689528,24,1,1
689528,41,1,1
728821,58,1,1
688806,11,1,1
688806,47,3,5
802102,25,1,1
685271,38,1,1
685271,45,1,1
685271,53,1,1
685271,58,1,1
684865,14,1,1
684865,34,1,1
688719,2,1,1
688719,22,1,1
688719,58,1,1
687868,22,3,5
687868,50,1,1
684621,22,1,1
684808,50,1,1
684700,58,1,1
686934,58,1,1
683786,58,3,5
689368,50,1,1
899251,34,1,1
687536,51,1,1
732722,48,1,1
833196,2,1,1
833196,34,1,1
684733,26,1,1
684733,37,1,1
689070,41,1,1
900043,42,1,1
1041620,227,1,1
1041621,62,1,1
1041621,93,1,1
899571,60,1,1
1041632,93,1,1
1041643,227,1,1
1041654,61,1,1
1041654,70,1,1
1041665,70,1,1
1041665,93,1,1
1041676,61,1,1
1041719,60,1,1
1041719,61,1,1
1041719,65,1,1
1041742,93,1,1
899875,227,1,1
1041757,1,1,1
1041761,62,1,1
1041761,227,1,1
1041777,60,1,1
899876,62,1,1
839419,65,1,1
839419,70,1,1
1041792,93,1,1
1041807,1,1,1
1041815,1,1,1
1041849,1,1,1
1041867,93,3,5
1041873,61,3,5
1041879,1,1,1
860574,227,1,1
1042018,91,3,5
1042101,62,1,1
1042101,93,1,1
1042195,1,1,1
1042214,69,1,1
686608,7,1,1
683079,44,1,1
683079,7,3,5
684228,7,3,5
688911,7,3,5
898969,7,1,1
979395,44,1,1
1013675,67,1,1
1013677,70,1,1
1013712,67,1,1
1013712,70,1,1
1013745,44,1,1
687516,12,1,1
899989,1,1,1
1044262,1,1,1
1044265,1,1,1
1044265,69,1,1
1044280,91,3,5
1150935,28,1,1
1150935,69,1,1
1150943,29,1,1
1150945,24,1,1
1150945,41,1,1
1150953,55,1,1
1150957,24,1,1
1150957,37,1,1
1150957,45,1,1
687779,58,1,1
687779,12,3,5
687779,23,1,1
736392,38,1,1
688334,67,1,1
899421,9,1,1
899421,41,1,1
899421,63,1,1
899421,69,1,1
877688,11,1,1
877688,21,1,1
877688,23,1,1
899532,69,1,1
736386,38,1,1
931856,45,1,1
1171247,10,3,5
1171247,47,1,1
688756,37,1,1
899046,2,1,1
899046,22,1,1
899049,24,1,1
899704,30,3,5
899704,43,1,1
899530,38,1,1
1159087,29,1,1
1159089,26,1,1
1159091,41,1,1
1159091,55,1,1
1159091,67,3,5
1159095,51,1,1
1159097,10,1,1
1159097,47,1,1
1159097,69,3,5
1159101,12,1,1
1159101,82,1,1
1159109,25,1,1
1159115,24,1,1
1159117,11,1,1
1159121,21,1,1
1159121,36,1,1
1159123,38,1,1
1159139,37,1,1
1159141,24,1,1
1159145,55,1,1
1159147,26,1,1
1159149,37,1,1
1159149,38,1,1
1159159,9,1,1
1159165,47,1,1
1159167,24,1,1
1159167,53,1,1
1159167,91,3,5
1159169,9,1,1
1159169,24,1,1
1159169,38,1,1
1159169,47,1,1
1159177,24,1,1
1159177,25,1,1
1159183,11,1,1
1159185,11,1,1
1159185,38,1,1
1159193,41,1,1
689997,33,1,1
730852,18,1,1
731813,18,3,5
731813,60,1,1
730866,60,1,1
687884,40,1,1
689646,39,1,1
683986,8,1,1
728669,33,1,1
730768,33,1,1
737595,52,3,5
1132409,43,1,1
1179665,28,1,1
1179665,57,1,1
1179665,68,3,5
831153,28,1,1
1089409,62,1,1
686552,53,1,1
900098,20,1,1
900098,36,1,1
900098,57,1,1
900108,19,1,1
900108,30,1,1
900108,57,1,1
899737,9,1,1
899737,14,1,1
1093938,68,3,5
1093938,69,3,5
1093954,62,1,1
1093954,67,1,1
1093978,20,1,1
1093978,42,1,1
858623,22,1,1
858623,25,1,1
899598,50,1,1
1094185,2,1,1
1094208,4,1,1
1094208,14,1,1
1094208,50,1,1
1110170,44,1,1
1110182,44,1,1
1110210,44,1,1
1110291,44,1,1
688664,26,1,1
688664,55,1,1
686866,42,1,1
689622,41,1,1
689622,55,1,1
933779,69,1,1
1151267,38,1,1
1151271,48,1,1
1151275,26,1,1
1151275,37,1,1
1151275,47,1,1
1151277,12,3,5
1151277,23,1,1
1151279,11,1,1
1151279,38,1,1
1151283,11,1,1
1151287,22,1,1
1151287,38,1,1
683283,92,1,1
835830,67,1,1
835830,28,1,1
835830,36,1,1
899756,19,1,1
899756,28,1,1
899756,29,1,1
860767,70,1,1
689618,45,3,5
689508,38,1,1
689508,9,1,1
689508,69,3,5
734442,8,1,1
685760,40,1,1
899300,8,1,1
899300,18,3,5
899300,33,1,1
687561,30,1,1
685677,4,1,1
686708,51,1,1
687981,23,1,1
684506,53,1,1
684506,45,1,1
686662,48,3,5
684591,32,3,5
688183,32,1,1
684944,14,1,1
688844,50,1,1
683173,53,1,1
814098,22,1,1
686525,17,1,1
686525,57,1,1
683735,14,1,1
683735,50,1,1
687566,4,1,1
683214,14,1,1
687784,50,1,1
686507,50,1,1
899234,41,1,1
905187,60,1,1
683411,60,1,1
689809,33,1,1
1125712,60,1,1
1127122,36,1,1
1127132,39,1,1
686600,14,1,1
1041052,1,3,5
1041052,61,1,1
1041072,1,1,1
1041080,93,1,1
1041098,1,1,1
688279,48,1,1
1041348,93,1,1
1041353,93,1,1
1041383,1,1,1
1041472,93,1,1
1041506,61,1,1
1041616,1,1,1
1041617,1,1,1
1041617,62,1,1
1132348,37,1,1
1132348,38,1,1
1132350,34,1,1
1132354,14,1,1
899631,8,1,1
899631,40,3,5
899630,8,1,1
899628,44,1,1
687631,41,1,1
1085078,40,1,1
1085078,59,1,1
969494,7,1,1
969513,7,1,1
969537,7,1,1
969543,7,1,1
969561,7,1,1
899004,17,1,1
687746,20,1,1
899765,19,1,1
690040,19,1,1
1146912,42,1,1
1146914,41,1,1
1146914,67,1,1
1146916,20,1,1
1146916,57,1,1
1146924,28,1,1
1146924,37,1,1
1146926,9,1,1
1146926,19,1,1
1146926,29,1,1
1146926,57,1,1
1146926,58,1,1
1146926,62,1,1
1146926,67,1,1
1146926,68,3,5
1225019,25,3,5
1225191,1,1,1
1225197,44,1,1
1225199,56,1,1
1225203,33,1,1
1225203,56,1,1
1225207,6,1,1
1225207,8,1,1
1225207,39,1,1
1225207,61,1,1
1225219,33,1,1
1225219,56,1,1
1225223,60,1,1
686622,18,1,1
684344,44,1,1
685863,44,1,1
684210,18,1,1
684210,44,1,1
687111,7,1,1
686447,60,1,1
1225584,8,3,5
1225584,51,1,1
932908,56,1,1
932908,60,1,1
932908,61,1,1
1227875,61,3,5
689132,56,1,1
835765,61,1,1
835793,6,1,1
835793,8,1,1
835811,33,1,1
1233790,30,1,1
1233802,23,1,1
1233806,43,1,1
1233808,34,1,1
1233816,22,1,1
899360,48,1,1
683102,2,1,1
687045,4,1,1
1238779,56,1,1
1238779,61,1,1
1238791,44,1,1
1238797,56,1,1
1238799,39,1,1
1238805,33,1,1
1238805,56,1,1
1170324,57,3,5
685169,45,1,1
685852,34,3,5
1159133,53,1,1
899707,12,1,1
1171243,14,1,1
1171245,34,1,1
1171249,41,3,5
1146928,28,1,1
1146928,57,1,1
686351,69,3,2
686351,57,1,1
689666,57,1,1
686925,67,1,1
686898,62,1,1
686898,69,1,1
900122,62,1,1
900122,36,1,1
900122,57,1,1
1146922,41,3,5
1146922,45,1,1
1202417,28,1,1
1202417,55,1,1
893408,29,1,1
893408,57,1,1
1150939,57,1,1
1150949,55,1,1
1150949,69,1,1
1159181,51,1,1
689771,38,1,1
1217339,55,1,1
1222761,61,3,5
1222763,61,3,5
1222789,56,1,1
1222797,44,3,5
1222807,18,3,5
1222823,44,3,5
1222833,56,1,1
1222837,61,3,5
1222847,56,1,1
1222855,56,1,1
1222857,56,1,1
1222873,61,3,5
1222877,61,3,5
1268471,53,1,1
1268473,12,1,1
1268479,53,1,1
1268489,8,1,1
1268515,51,1,1
1268519,8,1,1
1268519,39,1,1
1268525,16,1,1
1268567,16,1,1
1268705,227,1,1
1269120,92,1,1
1269124,59,1,1
1269128,80,1,1
1268527,16,1,1
900094,70,1,1
900094,33,3,5
899086,35,1,1
1275208,8,1,1
1275208,33,1,1
1275224,70,1,1
1275227,70,1,1
1275229,60,1,1
1275231,35,1,1
1278505,40,1,1
1278505,44,1,1
1278505,56,1,1
1278509,44,1,1
1278511,44,1,1
898981,11,3,5
898981,34,1,1
1268555,38,1,1
686780,43,1,1
683695,12,3,5
899742,12,1,1
689270,20,1,1
684969,43,1,1
684439,25,1,1
684439,2,1,1
684439,32,1,1
684439,34,1,1
899748,20,1,1
899748,29,1,1
899748,30,1,1
899748,37,1,1
899748,41,1,1
899748,55,1,1
899739,32,1,1
1279624,30,1,1
1279632,12,1,1
1151289,25,1,1
788695,7,1,1
684456,56,3,5
790195,7,1,1
688627,7,1,1
1277481,7,1,1
1277491,7,1,1
1277503,7,1,1
1277517,7,1,1
1277527,7,1,1
1277559,7,1,1
1277565,7,1,1
1277576,7,1,1
1277578,7,1,1
1277592,7,1,1
1277600,44,3,5
1277606,44,3,5
1277616,7,1,1
1277618,7,1,1
1277622,7,1,1
1277624,44,3,5
1277624,61,3,5
1277648,7,1,1
1277656,7,1,1
1277660,7,1,1
1277668,7,1,1
1277738,7,1,1
1277756,7,1,1
1277758,7,1,1
1277768,7,1,1
1232161,65,1,1
1232163,227,1,1
1232163,1,1,1
1232183,65,1,1
899427,38,1,1
899427,41,1,1
690049,41,1,1
685368,41,1,1
685368,55,1,1
689581,38,1,1
684806,67,1,1
1159125,22,1,1
1242961,20,1,1
1242961,42,1,1
1251777,58,1,1
899516,18,1,1
899516,59,1,1
899516,60,1,1
899510,44,1,1
899800,7,1,1
899800,44,1,1
900014,40,1,1
900014,56,1,1
900015,18,1,1
900015,59,1,1
900036,8,1,1
899791,44,1,1
899946,59,1,1
899947,39,1,1
899947,61,1,1
964573,7,1,1
964573,44,1,1
1225189,44,3,5
1225185,56,1,1
899069,41,1,1
899069,63,1,1
1252841,25,1,1
969525,7,1,1
1110176,56,1,1
1110179,44,1,1
1252910,56,1,1
1252912,56,1,1
1252934,56,1,1
1252936,56,1,1
899670,18,1,1
1256092,26,1,1
1256092,55,1,1
689547,379,3,5
899240,39,1,1
899543,59,3,5
899849,6,3,5
899849,33,1,1
1238807,51,1,1
899292,6,1,1
686761,7,1,1
1270954,6,1,1
1270954,7,1,1
1270964,80,1,1
1271018,39,1,1
1271020,39,1,1
1271024,39,1,1
1271032,39,1,1
943237,7,1,1
943237,44,1,1
899952,7,3,5
899901,8,1,1
899901,18,1,1
899379,18,1,1
899379,39,1,1
899379,40,1,1
1271335,40,1,1
1271335,44,1,1
899472,7,1,1
1225600,40,1,1
1225600,44,1,1
899627,8,1,1
899035,44,1,1
899035,52,1,1
899322,8,1,1
899322,18,1,1
899322,52,1,1
899308,59,1,1
899324,44,1,1
1239377,7,1,1
1239395,7,1,1
1239401,8,1,1
1239401,18,1,1
1267581,12,1,1
1267581,378,1,1
860552,82,1,1
860552,83,3,5
685101,82,3,5
683219,51,1,1
1344236,1,1,1
1344241,93,1,1
1344241,227,1,1
1344242,61,1,1
1344244,1,1,1
1344248,69,3,5
1344249,1,1,1
877352,53,1,1
1302487,14,1,1
1302485,23,1,1
1302485,32,1,1
1127112,8,1,1
1127112,21,1,1
1127112,59,1,1
1041825,93,1,1
837149,34,1,1
837149,48,1,1
1281864,32,1,1
1281864,82,1,1
1349438,45,3,5
1349440,59,1,1
1349449,50,3,5
1349454,45,3,5
1233782,23,1,1
683851,29,1,1
900080,60,3,5
900082,35,1,1
1302459,33,1,1
899115,60,1,1
899115,70,1,1
899115,36,1,1
1352334,51,1,1
1352336,60,1,1
1352336,70,1,1
1352341,8,1,1
899728,40,1,1
899802,7,1,1
899113,39,1,1
899113,52,1,1
1353055,60,1,1
684463,379,3,5
1363473,56,1,1
878775,41,1,1
899710,24,1,1
684954,11,1,1
689750,24,1,1
898965,34,1,1
898965,53,1,1
686580,43,1,1
899552,22,1,1
1279634,23,1,1
1279634,30,1,1
1279634,32,1,1
1279634,34,1,1
1279634,53,1,1
899021,22,1,1
899021,50,1,1
899021,53,1,1
899508,34,1,1
899121,48,1,1
1281866,23,1,1
1281876,23,1,1
1281880,50,1,1
1281884,14,1,1
1281894,51,1,1
1281896,14,1,1
1281896,51,1,1
1281898,51,1,1
1281920,51,1,1
838416,50,1,1
932050,12,1,1
932050,23,1,1
932050,34,1,1
838405,23,1,1
838405,32,1,1
838405,53,1,1
1279618,34,1,1
1279618,50,1,1
860449,2,1,1
860449,11,1,1
860449,12,1,1
899357,22,1,1
899357,32,1,1
899357,51,1,1
899258,80,1,1
899258,379,1,1
838440,82,1,1
835942,377,1,1
835942,44,1,1
833203,7,1,1
931837,20,1,1
931837,30,1,1
931837,34,1,1
931837,42,1,1
931837,43,1,1
931837,47,1,1
931837,48,1,1
931837,87,1,1
877316,22,1,1
877316,47,1,1
877316,58,1,1
877316,67,1,1
1151265,9,1,1
1151265,11,1,1
931836,29,1,1
931836,30,1,1
838459,30,1,1
1285521,41,1,1
838549,69,1,1
838549,57,1,1
1207718,24,1,1
1256090,26,1,1
1256090,63,1,1
1285416,2,1,1
1285416,14,1,1
838498,63,1,1
838498,14,1,1
838498,20,1,1
838498,55,1,1
1284769,4,1,1
1284771,59,1,1
1284771,62,1,1
1132392,35,1,1
835948,44,1,1
1085042,52,1,1
899629,6,1,1
899629,8,1,1
899629,40,1,1
838618,18,1,1
838618,43,1,1
838618,59,1,1
836528,8,1,1
836528,59,1,1
877289,61,1,1
836554,56,1,1
836554,59,1,1
836672,61,1,1
836655,44,1,1
836647,18,1,1
835949,1,1,1
835750,33,1,1
1225592,60,1,1
899895,57,3,5
899895,62,1,1
860848,1,1,1
860664,1,1,1
860664,91,1,1
860546,40,1,1
860411,40,1,1
860411,51,1,1
860467,12,1,1
877347,34,1,1
1285408,2,1,1
1285408,50,1,1
1279614,30,1,1
1279614,43,1,1
1279614,50,1,1
1302634,21,1,1
1302634,30,1,1
1302634,48,1,1
1302634,55,1,1
1302634,70,1,1
877354,57,1,1
877358,28,1,1
860489,7,1,1
860489,39,1,1
860489,49,1,1
860489,52,1,1
860489,59,1,1
837856,61,3,5
837856,33,1,1
837856,59,1,1
1285584,6,1,1
1285584,61,1,1
836955,6,1,1
836914,70,1,1
836914,40,1,1
836914,52,1,1
900017,52,1,1
900016,8,1,1
900016,33,1,1
899111,18,1,1
837646,60,1,1
837646,7,1,1
860511,61,3,5
866455,61,3,5
860688,62,1,1
860481,43,1,1
860481,67,1,1
856954,21,1,1
856981,49,1,1
1127110,60,1,1
860672,36,1,1
856717,43,1,1
856717,51,1,1
872643,33,1,1
881410,51,1,1
881410,76,1,1
1256088,14,1,1
1256086,45,1,1
858134,37,1,1
932947,59,1,1
856728,7,1,1
860452,56,1,1
837419,33,1,1
895818,59,1,1
860590,40,1,1
860590,44,1,1
860590,56,1,1
837832,7,1,1
837832,44,1,1
837832,56,1,1
837794,44,1,1
835909,40,1,1
860463,40,1,1
860416,56,1,1
857406,39,1,1
873846,39,1,1
860755,7,1,1
860755,18,1,1
860755,33,1,1
860755,52,1,1
860755,56,1,1
860504,392,1,1
837231,76,1,1
860499,6,1,1
860499,39,1,1
860499,74,1,1
860499,76,1,1
860499,388,1,1
860499,391,1,1
860499,392,1,1
837750,39,1,1
899366,381,3,5
899367,76,3,5
837734,82,1,1
860585,7,1,1
860585,383,3,5
860641,39,1,1
860641,383,1,1
879239,80,1,1
879239,379,3,5
860456,6,1,1
860456,52,1,1
879242,51,1,1
879242,379,1,1
881398,377,3,5
860690,37,1,1
860690,92,1,1
860541,7,1,1
860541,52,1,1
849164,52,1,1
849164,59,1,1
849179,56,1,1
838855,12,1,1
838797,32,1,1
838797,48,1,1
838797,51,1,1
838784,26,1,1
838784,48,1,1
838755,25,1,1
838755,30,1,1
889361,32,1,1
889361,48,1,1
838650,22,1,1
838650,25,1,1
838650,32,1,1
838650,42,1,1
838650,49,1,1
838650,55,1,1
838650,57,1,1
860591,8,1,1
860591,39,1,1
860591,377,3,5
860591,381,1,1
860512,29,1,1
860512,66,1,1
860564,1,1,1
860564,56,1,1
860521,9,1,1
860521,23,1,1
860521,47,1,1
860521,50,1,1
860521,55,1,1
860521,66,3,5
902938,12,1,1
860693,9,1,1
860693,34,1,1
860693,37,1,1
860627,12,3,5
860627,21,1,1
860627,25,1,1
860627,48,1,1
894450,22,3,5
894450,35,1,1
860526,25,1,1
860526,37,1,1
860526,45,1,1
860526,50,1,1
860526,51,1,1
860526,66,3,5
938463,9,1,1
938463,38,1,1
899529,4,1,1
899529,14,1,1
899529,58,1,1
860542,381,1,1
860473,14,1,1
860473,30,1,1
860473,35,1,1
860473,45,1,1
860473,47,1,1
860473,50,1,1
860473,58,1,1
860473,59,1,1
860430,6,1,1
932976,8,1,1
848795,56,1,1
1041701,39,1,1
1041701,40,1,1
1041701,44,1,1
857235,49,1,1
857235,56,1,1
857258,60,1,1
857258,59,1,1
860623,7,1,1
860623,8,1,1
860623,44,1,1
860623,52,1,1
1041690,65,1,1
1041690,93,1,1
860744,1,1,1
860744,65,1,1
860744,93,1,1
860744,227,1,1
1041730,65,1,1
893248,69,1,1
860569,28,1,1
860569,69,3,5
1283074,59,1,1
900121,59,1,1
894453,69,3,5
1299043,1,1,1
907535,33,1,1
907535,45,1,1
907535,55,1,1
907535,57,1,1
907535,60,1,1
907535,227,1,1
860841,1,1,1
860841,62,1,1
1176969,25,1,1
860683,12,1,1
860683,14,1,1
860683,34,1,1
860642,16,1,1
1361913,67,1,1
1361913,17,1,1
1361913,24,1,1
1361913,28,1,1
1361913,58,1,1
1361912,62,1,1
1361912,67,1,1
1361912,91,1,1
1361912,1,1,1
1361912,8,1,1
1361912,29,1,1
856702,56,1,1
860604,4,1,1
860604,22,1,1
860604,24,1,1
860604,33,1,1
860604,49,1,1
860604,50,1,1
860604,69,1,1
860604,70,1,1
1159179,9,1,1
1159179,11,1,1
1159179,24,1,1
860576,36,1,1
860576,56,1,1
894266,62,1,1
894266,69,1,1
860442,7,1,1
860442,11,1,1
860442,17,1,1
860442,22,1,1
860442,29,1,1
859820,26,1,1
859820,57,1,1
838396,12,1,1
860714,47,1,1
860714,66,1,1
860696,1,1,1
860696,7,1,1
860578,227,1,1
860656,62,1,1
860656,67,1,1
860656,69,1,1
1366367,33,1,1
684562,14,1,1
688957,2,1,1
856872,14,1,1
684152,14,1,1
685530,32,1,1
686694,32,1,1
686694,34,1,1
1313658,33,1,1
686942,70,1,1
899092,43,1,1
788023,51,1,1
685161,21,1,1
688735,36,1,1
1277485,44,1,1
689576,7,1,1
899393,48,1,1
1151269,34,1,1
833282,14,1,1
898978,18,1,1
898978,44,1,1
1315499,17,1,1
1315504,44,1,1
1315507,35,1,1
1344264,69,1,1
1344264,227,1,1
1344269,93,1,1
1344270,1,1,1
1344274,1,1,1
686123,69,3,2
686123,29,1,1
688461,45,1,1
688461,55,1,1
899606,66,1,1
899606,69,1,1
689442,92,3,5
685813,67,1,1
948485,24,1,1
948485,37,1,1
948485,66,1,1
948485,91,1,1
948499,45,1,1
1361914,67,1,1
833287,26,1,1
1132407,4,3,5
1132407,70,1,1
1270960,6,1,1
1270960,8,1,1
1270984,6,1,1
1270976,6,1,1
1270976,8,1,1
1270968,6,1,1
1270968,8,1,1
1270968,379,1,1
933219,61,1,1
934075,44,1,1
877395,7,1,1
892730,7,1,1
931844,24,1,1
931844,25,1,1
931844,38,1,1
931844,53,1,1
931844,58,1,1
1279622,2,3,5
1279622,14,1,1
1281872,23,1,1
683220,23,1,1
1279652,43,1,1
1279652,51,1,1
1345194,19,1,1
1345194,51,1,1
1302654,9,1,1
1302654,41,1,1
1302654,53,1,1
1302654,67,1,1
1302654,69,1,1
931842,37,1,1
931842,45,1,1
1222773,56,1,1
860626,70,1,1
959855,51,1,1
1302640,62,1,1
683657,53,1,1
687956,50,1,1
878639,22,1,1
686789,58,3,5
900045,34,1,1
900045,58,3,5
686196,50,1,1
689684,2,1,1
688038,2,1,1
686453,53,3,5
796831,25,1,1
796831,45,1,1
796831,53,1,1
959812,45,1,1
684345,45,1,1
688837,26,1,1
688837,28,1,1
688837,29,1,1
959108,29,1,1
684593,4,1,1
685775,20,1,1
686634,22,1,1
686634,30,1,1
689758,17,1,1
686752,32,3,5
688929,30,1,1
959042,57,1,1
959042,69,1,1
683811,29,1,1
687388,66,1,1
687388,37,1,1
688771,67,1,1
689269,28,1,1
689269,57,3,5
686857,29,1,1
686857,57,1,1
688235,55,1,1
687412,41,1,1
687412,55,1,1
860694,21,1,1
860694,35,1,1
857191,8,3,5
686373,60,1,1
1277750,7,1,1
1277535,7,1,1
849126,61,1,1
849126,40,1,1
849126,52,1,1
849126,59,1,1
689796,49,1,1
934867,56,1,1
1041991,1,1,1
1041991,60,1,1
1041991,91,1,1
1041991,92,1,1
958946,60,1,1
877402,26,1,1
860514,52,1,1
887169,25,1,1
1093866,67,1,1
1093904,35,1,1
1093904,57,1,1
1093904,62,1,1
907585,2,1,1
907585,9,1,1
907585,19,1,1
907585,20,1,1
907585,24,1,1
907585,47,3,5
687087,62,1,1
687087,36,1,1
687087,29,1,1
684274,67,1,1
688863,48,1,1
685634,45,1,1
685634,58,1,1
685634,50,1,1
907588,20,1,1
907588,28,1,1
907588,41,1,1
907588,42,1,1
907588,45,1,1
907588,55,1,1
907588,87,1,1
1292372,10,1,1
1292372,11,1,1
1292372,25,1,1
860710,18,1,1
860710,33,1,1
860710,39,1,1
860710,59,1,1
860710,377,1,1
1225195,7,3,5
1225195,44,1,1
1225195,61,1,1
1315493,7,1,1
1302630,20,1,1
1302630,41,1,1
1302630,42,1,1
1302630,55,1,1
1302630,69,3,5
858054,67,1,1
931850,28,1,1
931850,29,1,1
1281870,26,1,1
1281870,69,1,1
877397,377,1,1
877397,7,1,1
857654,56,1,1
1167512,62,1,1
683972,43,1,1
1377512,43,1,1
1377513,4,1,1
860813,16,1,1
885033,12,1,1
1302666,12,1,1
1302666,67,1,1
1302664,35,1,1
1302664,43,1,1
1302664,49,1,1
1302656,14,1,1
1302656,51,1,1
1349443,30,1,1
1349443,57,1,1
790680,33,1,1
684964,32,1,1
684964,34,1,1
684964,43,1,1
797095,11,1,1
1277724,44,1,1
1277724,56,1,1
689315,23,1,1
685580,40,1,1
1127114,35,1,1
899644,60,1,1
1302461,35,3,5
1302493,2,1,1
1302499,4,1,1
1302503,4,1,1
1302521,22,1,1
1302527,2,1,1
1302529,30,3,5
1302539,50,1,1
833274,14,1,1
899356,11,1,1
899356,14,1,1
899356,50,1,1
1302632,51,1,1
1302632,91,3,5
1302636,2,1,1
1302636,41,1,1
1302642,10,1,1
1302642,24,1,1
1302644,24,1,1
1302644,45,1,1
1302644,53,1,1
1302648,4,1,1
1302660,42,1,1
1302660,45,1,1
1302660,51,1,1
1302660,53,1,1
1302660,69,1,1
1302662,29,1,1
685728,20,1,1
899151,49,1,1
1352335,60,1,1
1352335,70,1,1
1352335,35,1,1
1309281,35,1,1
1309287,70,1,1
1309291,60,1,1
1309291,70,1,1
683356,8,1,1
685270,33,1,1
685270,40,1,1
689506,61,3,5
686113,61,3,5
684685,18,1,1
1277806,7,1,1
1277810,7,1,1
1277814,7,1,1
1277824,7,1,1
899585,44,1,1
899588,8,1,1
899588,35,1,1
899588,49,1,1
899588,59,1,1
899672,18,1,1
899318,18,1,1
899307,33,1,1
899332,8,1,1
899332,40,1,1
1278493,18,1,1
1278499,7,1,1
1278495,39,1,1
1278495,56,1,1
1278495,59,1,1
1278497,18,1,1
1278497,52,1,1
1278497,59,1,1
1278501,7,1,1
1278503,6,1,1
1278503,33,1,1
1278503,49,1,1
899809,61,1,1
899825,56,1,1
899825,59,1,1
1225169,60,1,1
688946,49,1,1
688946,35,1,1
689587,29,1,1
685360,52,1,1
684395,40,1,1
688671,7,1,1
687066,7,1,1
1283076,33,1,1
1283076,44,1,1
1283084,70,1,1
1283096,59,1,1
1283100,59,1,1
1283104,33,1,1
1283108,18,1,1
1283108,59,1,1
1283114,39,1,1
1283116,49,1,1
898987,51,1,1
684319,4,1,1
684319,23,1,1
687343,43,1,1
687343,51,1,1
685878,43,1,1
689129,51,1,1
899894,82,1,1
687159,51,1,1
686450,6,1,1
686450,51,1,1
899225,51,1,1
1284785,43,1,1
1284785,51,1,1
1284793,51,1,1
1284795,43,1,1
1284803,51,1,1
1284807,51,1,1
1284811,23,1,1
1284811,51,1,1
1284813,51,1,1
1284819,43,1,1
1284823,51,1,1
1284835,51,1,1
1270938,39,1,1
1085061,8,1,1
1085061,52,1,1
769162,18,1,1
769162,52,1,1
683155,52,1,1
785427,18,1,1
687527,18,1,1
769170,6,1,1
899343,33,1,1
932970,33,1,1
899346,8,1,1
899346,39,1,1
1042115,65,1,1
1042125,1,1,1
1042080,227,3,5
1042070,93,3,5
1042090,69,3,5
1042090,91,3,5
1042040,1,1,1
1042153,227,1,1
1042190,65,1,1
1042190,227,1,1
1041965,65,1,1
1041965,93,1,1
898979,44,1,1
1176971,67,1,1
1346895,11,1,1
1346895,25,1,1
1346895,53,3,5
1279626,2,1,1
1279626,10,1,1
1279626,23,1,1
1279626,26,1,1
1279626,50,1,1
1279626,51,1,1
887296,30,1,1
887296,34,1,1
887296,41,1,1
887296,48,1,1
887296,57,1,1
1279628,11,1,1
1282234,14,1,1
1233796,2,3,5
683728,2,1,1
899596,48,1,1
1285414,53,1,1
1285523,36,1,1
899438,24,1,1
899438,37,1,1
899438,63,1,1
899438,68,3,5
685872,16,1,1
1285858,16,1,1
1285860,16,1,1
1285868,16,1,1
866515,53,3,5
688424,53,1,1
686977,50,1,1
900012,48,1,1
684620,2,1,1
684620,14,1,1
684620,48,3,5
899182,23,1,1
899182,34,1,1
687308,14,3,5
683368,32,1,1
817153,14,1,1
684226,14,1,1
939245,2,1,1
939245,10,3,5
939245,11,1,1
939245,25,1,1
939245,50,1,1
939243,11,1,1
980037,7,1,1
884062,48,1,1
899878,67,1,1
899878,69,3,5
902955,38,1,1
689365,66,1,1
1176977,66,1,1
1176977,92,1,1
1176981,57,1,1
1176985,55,1,1
1176989,57,1,1
1176989,62,1,1
877319,22,1,1
877319,30,1,1
877319,53,1,1
877320,9,1,1
877320,67,1,1
877320,69,1,1
860485,70,1,1
860588,23,1,1
860588,57,1,1
860588,58,1,1
860466,52,1,1
860509,61,1,1
860509,63,1,1
860509,69,1,1
860509,70,1,1
848739,12,1,1
848739,23,1,1
857627,11,1,1
1090947,48,1,1
1090947,55,1,1
1159105,58,1,1
836789,38,1,1
836789,55,1,1
849242,44,1,1
1268493,12,1,1
899464,23,1,1
898980,14,1,1
898988,2,1,1
898988,14,1,1
1171239,43,1,1
898958,48,1,1
870954,41,1,1
899539,11,1,1
899695,34,1,1
899695,41,1,1
899683,12,1,1
899683,32,1,1
899692,12,1,1
899469,2,1,1
1159173,34,1,1
899540,9,1,1
899540,24,1,1
899540,25,1,1
899540,48,1,1
1159137,11,1,1
1159129,53,1,1
842028,42,1,1
899932,67,1,1
1159161,24,1,1
1159161,45,1,1
899542,63,1,1
899542,66,3,5
899541,58,1,1
1225217,56,1,1
899828,18,1,1
899828,56,1,1
898972,26,1,1
898972,69,1,1
899881,29,1,1
1225215,56,1,1
899807,56,1,1
898957,12,1,1
683496,12,1,1
688856,2,1,1
688856,32,1,1
687549,12,1,1
688030,32,1,1
688030,34,1,1
688030,48,1,1
686939,48,1,1
686497,34,1,1
686947,34,1,1
686947,48,1,1
685822,12,1,1
689079,2,1,1
683805,2,1,1
686626,2,1,1
684834,2,1,1
684834,14,1,1
689896,34,1,1
683247,23,1,1
685247,4,1,1
688892,23,1,1
684012,12,1,1
688884,2,1,1
687352,38,1,1
686944,38,1,1
684553,24,1,1
684553,38,1,1
684553,47,1,1
685410,47,1,1
683137,37,1,1
683137,41,1,1
687976,25,1,1
684829,25,1,1
684829,34,1,1
731157,34,1,1
688234,2,1,1
686346,12,1,1
689279,48,1,1
689775,12,1,1
683869,23,1,1
684509,32,1,1
683253,23,1,1
683253,30,1,1
683253,32,1,1
684512,48,1,1
690076,23,1,1
688242,50,1,1
685115,50,1,1
686514,34,1,1
688103,9,1,1
688103,24,1,1
688103,37,1,1
688403,38,1,1
688403,24,1,1
688403,37,1,1
687138,25,1,1
687138,53,1,1
686573,25,1,1
742067,41,1,1
685847,22,1,1
685847,58,1,1
685847,42,1,1
683127,67,1,1
683127,57,1,1
683995,28,1,1
689355,47,1,1
686709,63,1,1
683296,62,1,1
683296,57,1,1
690084,67,1,1
685562,41,1,1
800152,58,1,1
687106,18,1,1
686502,18,1,1
684015,33,1,1
689343,33,1,1
731892,60,1,1
689272,44,1,1
685058,56,1,1
685678,18,3,5
685678,56,1,1
684759,61,3,5
683293,56,1,1
892950,29,1,1
688874,56,1,1
690056,44,1,1
687336,56,1,1
683642,44,1,1
683642,56,1,1
690027,7,1,1
686922,44,1,1
787992,56,3,5
688873,56,1,1
1344253,1,1,1
1345193,25,1,1
1345193,28,1,1
1345193,51,1,1
1345193,67,1,1
907532,23,1,1
838433,80,1,1
838433,379,1,1
838433,39,1,1
860501,19,1,1
860501,43,1,1
860501,45,1,1
860501,49,1,1
857662,6,1,1
857662,72,1,1
857662,383,1,1
1159157,29,1,1
1159157,35,1,1
1159157,69,3,5
926768,24,1,1
926768,25,1,1
926768,49,1,1
1375137,41,1,1
1375142,63,1,1
1375142,28,1,1
1375143,38,1,1
1375152,47,1,1
1375152,53,1,1
939247,34,1,1
939247,53,3,5
902981,2,1,1
902981,23,1,1
902981,34,1,1
902981,68,1,1
939248,34,1,1
884069,16,1,1
939250,14,1,1
939250,23,1,1
939250,41,1,1
939242,17,1,1
939242,26,1,1
939242,37,1,1
939242,67,1,1
969621,39,1,1
969621,44,1,1
969621,52,1,1
881418,12,1,1
687152,28,1,1
687152,42,1,1
837809,7,1,1
900103,33,1,1
900103,59,1,1
683426,39,3,5
792225,52,1,1
688952,8,1,1
684600,80,1,1
684600,6,1,1
902980,10,3,5
902980,14,1,1
902980,34,1,1
902980,43,1,1
902980,68,1,1
683712,49,1,1
685376,19,1,1
685376,55,1,1
684601,41,1,1
689759,28,3,5
688380,41,1,1
689883,42,1,1
690029,67,1,1
688172,28,1,1
684126,57,1,1
689551,69,1,1
689551,93,1,1
800094,25,1,1
800094,47,1,1
800094,68,1,1
684574,63,1,1
684574,66,1,1
687617,1,1,1
687789,62,1,1
684071,67,1,1
684071,93,1,1
