"ELEMENT_GLOBAL_ID","obsoleteName","obsoleteNote","obsoleteDate","obsoleteAuthority"
685305,"Artemisia cana / Pascopyrum smithii Wet Shrubland","CNVC AB-SK-MB rangelands & MT regional USNVC reviews",2023-03-27 04:48:42,"Cooper, S. et al; Tremblay, Pyle, Downing, DFL"
687610,"<i>Magnolia virginiana - Persea palustris - Chrysobalanus icaco / Cladium mariscus ssp. jamaicense</i> Woodland","",2019-02-27 12:00:00,"D. Faber-Langendoen"
684284,"Quercus arizonica / Bouteloua curtipendula Scrub Woodland","Southwest regional peer review (NM, AZ, CO, UT, NV)",2023-02-17 02:46:17,"E. Muldavin et al."
837258,"Prosopis glandulosa - Celtis ehrenbergiana - Leucophyllum frutescens Thornscrub Group","The taxon concept of Celtis ehrenbergiana is in dispute, and the preferred species name is Celtis pallida (Hendrickson 2010, exception to USDA PLANTS).",2025-12-31 03:49:15,"D.Faber-Langendoen"
884677,"Caribbean Montane Humid Forest Macrogroup","edits in prep for USNVC v3.0 release",2025-06-26 05:27:51,"D. Faber-Langendoen"
877423,"Central &amp; Southern Appalachian Rocky Outcrop","",2019-01-24 12:00:00,"D. Faber-Langendoen"
686556,"Alnus rubra / Petasites frigidus Riparian Forest","Washington NCCN Wetlands",2021-12-26 12:00:00,"Tynan Ramm-Granberg"
688636,"Cladium mariscus / Algal Periphyton Marsh","Cladium mariscus ssp. jamaicense refers to sawgrass in the Western Hemisphere following USDA Plants 2016, the standard for the USNVC 3.0. The full species name is not used in the Western Hemisphere.",2026-03-18 01:15:08,"K. Palmquist, Regional Editor"
688096,"Cladium mariscus Tidal Salt Marsh","Cladium mariscus ssp. jamaicense refers to sawgrass in the Western Hemisphere following USDA Plants 2016, the standard for the USNVC 3.0. The full species name is not used in the Western Hemisphere.",2026-03-18 01:14:40,"K. Palmquist, Regional Editor"
686520,"Juglans microcarpa / Cladium mariscus Flooded Scrub Woodland","Cladium mariscus ssp. jamaicense refers to sawgrass in the Western Hemisphere following USDA Plants 2016, the standard for the USNVC 3.0. The full species name is not used in the Western Hemisphere.",2026-03-18 01:14:12,"K. Palmquist, Regional Editor"
685814,"<i>Cladium mariscus ssp. jamaicense - Woodwardia virginica</i> Marsh","",2019-02-27 12:00:00,"D. Faber-Langendoen"
687062,"Panicum hemitomon - (Cladium mariscus, Muhlenbergia filipes) Marsh","Cladium mariscus ssp. jamaicense refers to sawgrass in the Western Hemisphere following USDA Plants 2016, the standard for the USNVC 3.0. The full species name is not used in the Western Hemisphere.",2026-03-18 01:14:16,"K. Palmquist, Regional Editor"
683442,"Celtis laevigata - Ulmus crassifolia - (Fraxinus spp.) / Celtis ehrenbergiana / Elymus virginicus Riparian Forest","The taxon concept of Celtis ehrenbergiana is in dispute, and the preferred species name is Celtis pallida (Hendrickson 2010, exception to USDA PLANTS).",2025-12-31 03:49:35,"D.Faber-Langendoen"
686469,"<i>Cladium mariscus ssp. jamaicense - Typha domingensis - Fimbristylis caroliniana - Bacopa monnieri</i> Marsh","",2019-02-27 12:00:00,"D. Faber-Langendoen"
931856,"Vaccinium angustifolium - Vaccinium pallidum Rocky Heath Alliance","Northeast review 2020",2020-08-10 12:00:00,"D. Faber-Langendoen"
688756,"Carex utriculata - Carex lacustris - (Carex vesicaria, Carex stricta) Wet Meadow","Northeast review 2020",2020-08-10 08:46:32,"D. Faber-Langendoen"
899049,"Salix nigra Riverscour Scrub Alliance","Northeast review 2020",2020-08-10 08:46:33,"D. Faber-Langendoen"
899530,"Cladium mariscoides - Rhynchospora alba Coastal Fen & Wet Meadow Alliance","Northeast review 2020",2020-08-10 12:00:00,"D. Faber-Langendoen"
860818,"Polynesian Ruderal Freshwater Wet Meadow &amp; Marsh Group","Western Pacific island classification",2020-09-01 12:00:00,"P. Comer"
860447,"Indo-West Pacific Ruderal Mangrove Macrogroup","Indo-Pacific is only Western Pacific by definition.",2020-09-03 12:00:00,"D. Faber-Langendoen"
689427,"<i>Abies lasiocarpa / Lathyrus lanszwertii var. leucanthus</i> Forest","",2019-04-29 12:00:00,"M. Reid"
979417,"<i>Abies lasiocarpa / Vaccinium membranaceum / Lupinus arcticus ssp. subalpinus</i> Woodland","",2019-04-29 12:00:00,"M. Reid"
979558,"<i>Tsuga mertensiana - (Abies amabilis, Abies lasiocarpa) / Luzula glabrata var. hitchcockii</i> Woodland","",2019-04-29 12:00:00,"M. Reid"
688212,"Cakile lanceolata Sparse Vegetation","physiognomic nomenclature update",2020-10-27 11:44:33,"D. Faber-Langendoen"
684945,"<i>Minuartia groenlandica - Paronychia argyrocoma - Saxifraga michauxii</i> Grassland","",2019-01-31 12:00:00,"K. Patterson"
683283,"<i>Betula pumila - Dasiphora fruticosa ssp. floribunda / Carex lasiocarpa - Trichophorum alpinum</i> Fen","",2019-02-21 12:00:00,"D. Faber-Langendoen"
689618,"<i>Cornus amomum - Salix candida / Dasiphora fruticosa ssp. floribunda / Carex stricta</i> Fen","",2019-02-21 12:00:00,"D. Faber-Langendoen"
685760,"<i>Dasiphora fruticosa ssp. floribunda</i> Wet Shrubland","",2019-02-26 12:00:00,"D. Faber-Langendoen"
686912,"<i>Dasiphora fruticosa ssp. floribunda / Deschampsia cespitosa</i> Wet Shrubland","",2019-02-26 12:00:00,"D. Faber-Langendoen"
685499,"<i>Nyssa biflora - Acer rubrum var. rubrum / Lyonia lucida</i> Floodplain Forest","",2019-02-19 12:00:00,"D. Faber-Langendoen"
688138,"<i>Fraxinus quadrangulata - Juniperus virginiana var. virginiana / Schizachyrium scoparium - Lithospermum canescens</i> Woodland","",2019-02-20 12:00:00,"D. Faber-Langendoen"
685084,"<i>Quercus laevis - Carya floridana / Cladonia</i> spp. Ruderal Woodland","",2019-01-08 12:00:00,"D. Faber-Langendoen"
866494,"<i>Pinus monophylla - Juniperus osteosperma</i> / Shrub Understory Woodland Alliance","",2019-01-09 12:00:00,"D. Faber-Langendoen"
1127120,"Andropogon gerardii - Sorghastrum nutans North-Central Mixedgrass Grassland Alliance","Fix error detected in QC",2020-01-21 12:00:00,"D. Faber-Langendoen"
899765,"Quercus macrocarpa - Quercus bicolor Mesic Floodplain Forest Alliance","NVC127_WI state types and NVC",2020-03-23 12:00:00,"D. Faber-Langendoen"
690040,"Dasiphora fruticosa / Cladium mariscoides - Juncus arcticus ssp. littoralis - (Rhynchospora capillacea) Fen","NVC127_WI state types and NVC",2020-03-23 05:27:22,"D. Faber-Langendoen"
686622,"Abies lasiocarpa - Picea engelmannii / Streptopus amplexifolius Swamp Forest","Washington NCCN Wetlands",2021-12-26 11:04:52,"Tynan Ramm-Granberg"
688047,"Abies lasiocarpa / Ledum glandulosum Swamp Forest","Washington NCCN Wetlands",2021-12-26 11:04:54,"Tynan Ramm-Granberg"
685295,"Abies lasiocarpa / Trautvetteria caroliniensis Swamp Forest","Washington NCCN Wetlands",2021-12-26 11:04:56,"Tynan Ramm-Granberg"
932908,"Northern Rocky Mountain Lowland-Foothill Riparian Forest Group","Interior West, Rocky Mountain Uplands review",2022-01-04 12:00:00,"F.J. Triepke, P. McIntyre, D. Faber-Langendoen"
835765,"Picea engelmannii - Abies lasiocarpa - Pinus contorta Dry-Mesic Forest & Woodland Group","Interior West Group & Alliance review",2022-04-12 12:19:01,"J. Triepke"
686441,"Quercus alba / Cornus florida Unglaciated Forest","NVC163 Central Midwest regional review",2022-04-14 02:41:31,"D. Faber-Langendoen, M. Leahy, et al"
1151291,"Quercus falcata - Quercus alba - Carya tomentosa / Oxydendrum arboreum Interior Low Plateau Forest","NVC163 Central Midwest regional review",2022-04-14 02:41:33,"D. Faber-Langendoen, M. Leahy, et al"
899707,"Morella cerifera Coastal Wet Shrubland Alliance","Appalachians, Piedmont review, part 2",2020-12-09 12:38:23,"D. Faber-Langendoen"
684821,"Persea palustris / Morella cerifera Wet Maritime Forest","Appalachians, Piedmont review, part 2",2020-12-09 12:38:26,"D. Faber-Langendoen"
686351,"Carex lasiocarpa - Carex oligosperma / Sphagnum spp. Acidic Peatland","Peer review project",2021-04-29 10:26:30,""
689666,"Chamaedaphne calyculata / Carex oligosperma - Eriophorum virginicum Acidic Peatland","Peer review project",2021-04-29 10:26:30,""
1159181,"Stuckenia pectinata - Ceratophyllum demersum Northern Freshwater Subtidal Marsh Alliance","NVC143 & 128 skeletal edits",2021-07-21 09:41:15,""
1159131,"Quercus alba - Quercus rubra - Acer spp. Clayplain Forest","",2021-10-25 12:00:00,"D. Faber-Langendoen"
1268527,"Hawaiian Alpine Bedrock and Scree Alliance","Adding new Groups, Alliances as part of 2023 Systems to Groups, Alliances review",2023-02-01 07:36:54,"D Faber-Langendoen"
900094,"Festuca altaica Northern Great Plains Grassland Alliance","name change: corrected F. altaica to F. hallii",2023-03-05 12:00:00,"D. Faber-Langendoen"
899149,"Artemisia tripartita ssp. tripartita - Artemisia tridentata Mesic Steppe & Shrubland Alliance","California updates",2022-06-22 05:22:03,"J. Evens, R. Boul, D. Faber-Langendoen"
687937,"Ceratiola ericoides - Quercus geminata - (Quercus inopina) - Serenoa repens / Cladonia spp. Shrubland","Southeast US reg'l review of USNVC, April 2023",2023-05-11 02:40:37,"D. Faber-Langendoen"
685695,"Aquilegia canadensis - Asplenium heterochroum - Polymnia laevigata - Urtica chamaedryoides Grassland","Southeast US reg'l review of USNVC, April 2023",2023-05-11 02:40:49,"D. Faber-Langendoen"
899742,"Quercus virginiana - Ilex vomitoria - Morella cerifera Shrubland Alliance","Southeast US reg'l review of USNVC, April 2023",2023-05-11 02:40:56,"D. Faber-Langendoen"
689270,"Salix interior - Salix eriocephala Sandbar Wet Shrubland","Southeast US reg'l review of USNVC, April 2023",2023-05-11 02:41:24,"D. Faber-Langendoen"
1146910,"Betula pumila / Carex lasiocarpa Alkaline Fen Alliance","Northeast review, part 2",2020-12-16 06:39:50,"D. Faber-Langendoen"
899640,"Tsuga heterophylla - Abies grandis Cascadian Mesic Cove Forest Alliance","Washington updates",2022-08-08 11:04:39,"T. Ramm-Granberg & D. Faber-Langendoen"
899501,"Tsuga heterophylla - Pseudotsuga menziesii / Rubus spectabilis Mesic Forest Alliance","Washington updates",2022-08-08 11:04:46,"T. Ramm-Granberg & D. Faber-Langendoen"
899942,"Eleocharis palustris - Eleocharis macrostachya Marsh Alliance","Washington updates",2022-08-08 11:05:49,"T. Ramm-Granberg & D. Faber-Langendoen"
969525,"Carex (pansa, praegracilis) Wet Meadow","WA, ID, OR regional review",2022-08-30 12:00:00,"T. Ramm-Granberg and colleagues"
860784,"Rhizophora mangle - Bruguiera sexangula - Bruguiera parviflora Hawaiian Swamp Group","Fixed name by adding ""Ruderal"".",2021-08-18 01:18:42,"D. Faber-Langendoen"
689436,"Acer negundo / Disturbed Understory Riparian Woodland","Fixed name by adding ""Ruderal"".",2021-08-18 01:18:43,"D. Faber-Langendoen"
868476,"Eucalyptus robusta Ruderal Forest Plantation","Fixed name by removing ""Ruderal"".",2021-08-18 01:18:43,"D. Faber-Langendoen"
900023,"Sophora secundiflora - Acacia roemeriana - Cercocarpus montanus var. paucidentatus Chaparral Alliance","Southwest regional peer review (NM, AZ, CO, UT, NV)",2023-02-17 02:47:46,"E. Muldavin et al."
688023,"Atriplex canescens / Parthenium confertum Shrubland","Southwest regional peer review (NM, AZ, CO, UT, NV)",2023-02-17 02:48:13,"E. Muldavin et al."
741477,"Fallugia paradoxa / Ungnadia speciosa Shrubland","Southwest regional peer review (NM, AZ, CO, UT, NV)",2023-02-17 02:48:27,"E. Muldavin et al."
688691,"Salix lucida ssp. lasiandra / Urtica dioica ssp. gracilis Swamp Woodland","Washington updates",2022-08-08 11:05:01,"T. Ramm-Granberg & D. Faber-Langendoen"
948191,"Rumex crispus - (other FAC & Dryland Forb Species) Ruderal Meadow Alliance","USNVC California review",2023-02-20 06:55:55,"Evens, J., R. Boul, D. Faber-Langendoen"
903281,"Cynodon dactylon Ruderal Desert Grassland Alliance","USNVC California review",2023-02-20 06:56:25,"Evens, J., R. Boul, D. Faber-Langendoen"
899156,"Pteridium aquilinum - Bromus kalmii Sand Grassland Alliance","CNVC Ontario review",2023-02-27 12:00:00,"D. Faber-Langendoen"
899893,"Vachellia farnesiana - Celtis ehrenbergiana Riparian Scrub Alliance","Texas USNVC reg'l review follow-up, May 2023",2023-08-14 06:22:32,"J. Singhurst, TX ecologists, D. Faber-Langendoen"
1150931,"Pinus banksiana - Pinus resinosa - Picea rubens Rocky Woodland Alliance","",2025-04-11 07:18:28,"D.Faber-Langendoen"
899191,"Juniperus ashei Southeast Great Plains Ruderal Forest Alliance","Texas USNVC reg'l review follow-up, May 2023",2023-08-14 06:22:14,"J. Singhurst, TX ecologists, D. Faber-Langendoen"
1302485,"Gulf Coastal Plain Blackland Prairie Group","",2025-04-11 07:18:46,"D.Faber-Langendoen"
899457,"Salix rotundifolia - Salix setchelliana Alpine Dwarf-shrubland Alliance","",2025-04-11 07:19:45,"D.Faber-Langendoen"
837149,"Atlantic &amp; Gulf Coastal Plain River &amp; Basin Freshwater Marsh","",2019-01-08 12:00:00,"D. Faber-Langendoen"
837149,"Pontederia cordata - Panicum hemitomon River & Basin Freshwater Marsh & Wet Meadow Group","",2025-04-11 07:20:03,"D.Faber-Langendoen"
1233782,"Quercus alba - Quercus falcata Upper East Gulf Coastal Plain Oak Forest & Woodland Group","",2025-04-18 12:00:00,"M. Pyne"
899115,"Distichlis spicata - Hordeum jubatum Wet Meadow Alliance","",2025-05-04 04:39:14,"D.Faber-Langendoen"
899842,"Arctostaphylos pungens - Arctostaphylos pringlei - Ceanothus greggii Chaparral Alliance","",2025-05-05 08:38:05,"D.Faber-Langendoen"
899691,"Quercus phellos Piedmont Floodplain Forest Alliance","USNVC VA clean-up",2023-12-22 03:04:20,"K. Pattersons, D. Faber-Langendoen"
689750,"Spartina cynosuroides Salt Marsh","USNVC VA clean-up",2023-12-22 03:04:45,"K. Pattersons, D. Faber-Langendoen"
684249,"Pallavicinia lyellii - Sphagnum sp. Cliff Vegetation","Southeast, Texarkana USNVC reg'l review, June 2023",2023-06-24 12:00:00,"Southeast + TX ecologists, D. Faber-Langendoen"
899259,"Juniperus coahuilensis - Juniperus deppeana - Juniperus monosperma / Grass Understory Open Woodland Alliance","Nomenclature fix (NVC186g)",2025-07-22 04:53:09,"D. Faber-Langendoen"
899257,"Pinus cembroides - Pinus discolor - Pinus edulis / Grass Understory Woodland Alliance","Nomenclature fix (NVC186g)",2025-07-22 04:53:10,"D. Faber-Langendoen"
860284,"Acer saccharum - Fagus grandifolia - Quercus rubra Forest & Woodland Division","Nomenclature fix (NVC186g)",2025-07-22 04:53:11,"D. Faber-Langendoen"
1285521,"Quercus macrocarpa - Quercus velutina - Quercus ellipsoidalis / Andropogon gerardii Woodland Group","Nomenclature fix (NVC186g)",2025-07-22 04:53:11,"D. Faber-Langendoen"
836528,"Abies concolor - Picea pungens - Pseudotsuga menziesii Southern Rocky Mountain Mesic-Moist Mixed Conifer Forest Group","Nomenclature fix (NVC186g)",2025-07-22 04:53:15,"D. Faber-Langendoen"
836554,"Abies grandis - Pseudotsuga menziesii - Larix occidentalis Central Rocky Mountain-Interior Forest Group","Nomenclature fix (NVC186g)",2025-07-22 04:53:15,"D. Faber-Langendoen"
835750,"Picea engelmannii - Abies lasiocarpa - Tsuga mertensiana Moist-Mesic Forest Group","Nomenclature fix (NVC186g)",2025-07-22 04:53:17,"D. Faber-Langendoen"
860313,"Arctostaphylos patula - Ceanothus cordulatus - Quercus turbinella Interior Chaparral Division","Nomenclature fix (NVC186g)",2025-07-22 04:53:21,"D. Faber-Langendoen"
1302634,"Schedonorus arundinaceus - Daucus carota - Rubus spp. Ruderal Grassland & Shrubland Macrogroup","Nomenclature fix (NVC186g)",2025-07-22 04:53:22,"D. Faber-Langendoen"
860489,"Quercus gambelii - Cercocarpus montanus - Purshia spp. Southern Rocky Mountain Montane Shrubland Macrogroup","Nomenclature fix (NVC186g)",2025-07-22 04:53:23,"D. Faber-Langendoen"
1285584,"Festuca idahoensis - Deschampsia cespitosa - Muhlenbergia montana Grassland Macrogroup","",2025-04-11 07:18:57,"D.Faber-Langendoen"
860595,"Northern Vancouverian Lowland-Montane Grassland & Shrubland Macrogroup","USNVC 3.0 pre-release edits",2025-06-23 07:35:21,"D. Faber-Langendoen"
874156,"Vancouverian Coastal Lowland Ruderal Grassland & Shrubland Group","Nomenclature fix (NVC186g)",2025-07-22 04:53:24,"D. Faber-Langendoen"
860481,"Hesperostipa comata - Pascopyrum smithii - Festuca hallii Grassland Macrogroup","Nomenclature fix (NVC186g)",2025-07-22 04:53:25,"D. Faber-Langendoen"
881410,"Great Plains Comanchian Ruderal Grassland & Shrubland Group","Great Plains Peer Review",2019-11-18 04:22:31,"D. Faber-Langendoen"
858134,"Polypodium spp. - Umbilicaria spp. - Danthonia spicata Talus, Bluff & Rock Vegetation Group","USNVC 3.0 pre-release edits",2025-06-23 07:35:46,"D. Faber-Langendoen"
932947,"Pseudotsuga menziesii - Pinus ponderosa / Moss Western North American Cliff, Scree & Rock Vegetation Macrogroup","USNVC 3.0 pre-release edits",2025-06-23 07:36:09,"D. Faber-Langendoen"
856728,"Pinus contorta var. murrayana / Ceanothus megacarpus - Cercocarpus montanus var. minutiflorus Cliff, Scree & Rock Vegetation Group","USNVC 3.0 pre-release edits",2025-06-23 07:36:10,"D. Faber-Langendoen"
860452,"Chrysothamnus viscidiflorus - Coleogyne ramosissima / Achnatherum hymenoides Dry Shrubland & Grassland Macrogroup","Nomenclature fix (NVC186g)",2025-07-22 04:53:28,"D. Faber-Langendoen"
860590,"Artemisia arbuscula - Artemisia nova - Artemisia rigida Steppe & Shrubland Macrogroup","Nomenclature fix (NVC186g)",2025-07-22 04:53:28,"D. Faber-Langendoen"
860416,"Atriplex spp. - Ephedra spp. - Eriogonum spp. Intermountain Basins Sparse Vegetation Macrogroup","Nomenclature fix (NVC186g)",2025-07-22 04:53:29,"D. Faber-Langendoen"
837231,"Agave lechuguilla - Euphorbia antisyphilitica - Opuntia engelmannii Chihuahuan Desert Succulent Scrub Group","Nomenclature fix (NVC186g)",2025-07-22 04:53:31,"D. Faber-Langendoen"
860559,"Salix alaxensis - Dryas octopetala - Eriophorum vaginatum Tundra Macrogroup","Nomenclature fix (NVC186g)",2025-07-22 04:53:33,"D. Faber-Langendoen"
860690,"Eastern North American Alpine Tundra Macrogroup","Nomenclature fix (NVC186g)",2025-07-22 04:53:33,"D. Faber-Langendoen"
894450,"Spartina pectinata - Calamagrostis canadensis - Carex spp. Midwest Wet Prairie, Wet Meadow & Shrub Swamp Group","Nomenclature fix (NVC186g)",2025-07-22 04:53:37,"D. Faber-Langendoen"
932976,"Arid West Interior Freshwater Marsh Macrogroup","USNVC 3.0 pre-release edits",2025-06-23 07:36:38,"D. Faber-Langendoen"
860841,"Picea mariana / Ledum groenlandicum / Eriophorum brachyantherum Boreal Bog & Acidic Fen Group","Nomenclature fix (NVC186g)",2025-07-22 04:53:42,"D. Faber-Langendoen"
860642,"Hawaiian Bog & Fen Macrogroup","USNVC 3.0 pre-release edits",2025-06-23 07:36:45,"D. Faber-Langendoen"
860357,"Potamogeton spp. - Nuphar spp. - Myriophyllum spp. North American Freshwater Aquatic Vegetation Division","Nomenclature fix (NVC186g)",2025-07-22 04:53:43,"D. Faber-Langendoen"
860604,"Ceratophyllum spp. - Nuphar spp. - Potamogeton spp. Eastern North American Freshwater Aquatic Vegetation Macrogroup","",2025-05-05 08:38:36,"D.Faber-Langendoen"
689927,"<i>Pinus contorta var. latifolia / Vaccinium scoparium / Carex inops ssp. inops</i> Forest","",2019-02-28 12:00:00,"D. Faber-Langendoen"
689337,"<i>Pinus palustris - (Pinus elliottii var. elliottii) / Ctenium aromaticum - Carphephorus pseudoliatris - (Sarracenia alata)</i> Woodland","",2019-02-28 12:00:00,"D. Faber-Langendoen"
1285404,"Schizachyrium scoparium - Rudbeckia missouriensis - Saxifraga michauxii Grassland & Shrubland Division","GET_revisions",2024-01-23 12:00:00,"D. Faber-Langendoen"
860413,"Caribbean Lowland Humid Forest Macrogroup","USNVC 3.0 pre-release edits",2025-06-23 07:34:40,"D. Faber-Langendoen"
833287,"Pinus rigida Barrens Group","GET_revisions",2024-01-23 03:39:19,"D. Faber-Langendoen"
887156,"Alaskan Maritime Western Hemlock - Sitka Spruce Rainforest Group","USNVC 3.0 pre-release edits",2025-06-23 07:34:51,"D. Faber-Langendoen"
1270960,"Dry Mixed Conifer - Dwarf Shrub Forest Alliance","USNVC 3.0 pre-release edits",2025-06-23 07:34:52,"D. Faber-Langendoen"
1270980,"Dry Mixed Conifer - Xeric Shrub Forest & Woodland Alliance","USNVC 3.0 pre-release edits",2025-06-23 07:34:54,"D. Faber-Langendoen"
1299029,"Pacific Mountains Forest & Woodland Division","USNVC 3.0 pre-release edits",2025-06-23 07:34:59,"D. Faber-Langendoen"
934075,"Vancouverian Ruderal Forest Group","USNVC 3.0 pre-release edits",2025-06-23 07:35:05,"D. Faber-Langendoen"
1041496,"Alaskan Mountain Hemlock Forest Group","USNVC 3.0 pre-release edits",2025-06-23 07:35:06,"D. Faber-Langendoen"
905014,"Southern Coastal Plain Circumneutral Bedrock Grassland Alliance","Southeast US reg'l review of USNVC, April 2023",2023-05-11 02:40:44,"D. Faber-Langendoen"
1279654,"Southern Ridge & Valley Prairie Alliance","USNVC 3.0 pre-release edits",2025-06-23 07:35:16,"D. Faber-Langendoen"
1279652,"West Gulf Coastal Plain Prairie Alliance","USNVC 3.0 pre-release edits",2025-06-23 07:35:17,"D. Faber-Langendoen"
1302640,"Great Plains Native Ruderal Grassland & Shrubland Group","",2024-06-04 12:00:00,"D.Faber-Langendoen"
1299032,"Aleutian Heath & Meadow Division","USNVC 3.0 pre-release edits",2025-06-23 07:35:25,"D. Faber-Langendoen"
1344239,"Western Boreal Mesic Alder - Willow Shrubland Group","USNVC 3.0 pre-release edits",2025-06-23 07:35:26,"D. Faber-Langendoen"
878628,"Appalachian Acidic Cliff Alliance","New Hampshire EIA work & associated NVC refinements",2022-10-17 08:12:38,"W. Nichols, D Faber-Langendoen"
683657,"Asplenium montanum Central Appalachian Sandstone Cliff Vegetation","USNVC 3.0 pre-release edits",2025-06-23 07:35:31,"D. Faber-Langendoen"
685347,"Umbilicaria mammulata Cliff Vegetation","USNVC 3.0 pre-release edits",2025-06-23 07:35:31,"D. Faber-Langendoen"
686789,"Cystopteris bulbifera - (Asplenium rhizophyllum) Cliff Sparse Vegetation","USNVC 3.0 pre-release edits",2025-06-23 07:35:33,"D. Faber-Langendoen"
684788,"Cystopteris bulbifera / Dumortiera hirsuta Sinkhole Wall Cliff Sparse Vegetation","USNVC 3.0 pre-release edits",2025-06-23 07:35:33,"D. Faber-Langendoen"
686252,"Rhus aromatica - Celtis tenuifolia / Carex eburnea Cliff Shrubland","USNVC 3.0 pre-release edits",2025-06-23 07:35:33,"D. Faber-Langendoen"
689407,"Adiantum capillus-veneris - Boehmeria cylindrica - Lobelia siphilitica Cliff Vegetation","USNVC 3.0 pre-release edits",2025-06-23 07:35:36,"D. Faber-Langendoen"
688372,"Piedmont Acidic Cliff Vegetation","USNVC 3.0 pre-release edits",2025-06-23 07:35:40,"D. Faber-Langendoen"
900042,"Appalachian Lichen Boulderfield Alliance","New Hampshire EIA work & associated NVC refinements",2022-10-17 08:12:49,"W. Nichols, D Faber-Langendoen"
689786,"Penstemon hirsutus Sparse Vegetation","USNVC 3.0 pre-release edits",2025-06-23 07:35:45,"D. Faber-Langendoen"
688235,"Polypodium (virginianum, appalachianum) Cliff Sparse Vegetation","USNVC 3.0 pre-release edits",2025-06-23 07:36:01,"D. Faber-Langendoen"
684091,"Sandstone Great Plains Dry Cliff Sparse Vegetation","USNVC 3.0 pre-release edits",2025-06-23 07:36:04,"D. Faber-Langendoen"
689120,"Siltstone - Sandstone Rock Outcrop Sparse Vegetation","USNVC 3.0 pre-release edits",2025-06-23 07:36:06,"D. Faber-Langendoen"
899835,"Allium spp. - Streptanthus spp. - Hesperolinon spp. Serpentinite Rock Vegetation Alliance","USNVC 3.0 pre-release edits",2025-06-23 07:36:10,"D. Faber-Langendoen"
1041988,"North American Boreal Cliff, Scree & Rock Vegetation Division","USNVC 3.0 pre-release edits",2025-06-23 07:36:19,"D. Faber-Langendoen"
860514,"Interior West Ruderal Flooded & Swamp Forest & Woodland Macrogroup","USNVC 3.0 pre-release edits",2025-06-23 07:36:23,"D. Faber-Langendoen"
872765,"Populus balsamifera ssp. trichocarpa - Thuja plicata - Callitropsis nootkatensis Flooded & Swamp Forest Division","GET_revisions",2024-01-23 03:28:08,"D. Faber-Langendoen"
1281886,"Gulf Coastal Floating Marsh Alliance","USNVC 3.0 pre-release edits",2025-06-23 07:36:26,"D. Faber-Langendoen"
1344228,"Alaskan Pacific Floodplain Marsh, Wet Meadow & Shrub Wetland Macrogroup","USNVC 3.0 pre-release edits",2025-06-23 07:36:39,"D. Faber-Langendoen"
860324,"Polynesian Bog & Fen Division","USNVC 3.0 pre-release edits",2025-06-23 07:36:45,"D. Faber-Langendoen"
899559,"Kobresia myosuroides - Kobresia simpliciuscula Extremely Rich Fen Alliance","USNVC 3.0 pre-release edits",2025-06-23 07:36:48,"D. Faber-Langendoen"
1302624,"Eastern North American Freshwater Coastal Shore Division","USNVC 3.0 pre-release edits",2025-06-23 07:36:54,"D. Faber-Langendoen"
1281870,"North Atlantic Salt Marsh Group","USNVC 3.0 pre-release edits",2025-06-23 07:36:57,"D. Faber-Langendoen"
885014,"Caribbean-Mesoamerican Dune & Coastal Grassland & Shrubland Division","USNVC 3.0 pre-release edits",2025-06-23 07:36:58,"D. Faber-Langendoen"
857654,"North Pacific Coastal Cliff, Bluff & Rocky Shore Group","USNVC 3.0 pre-release edits",2025-06-23 07:37:01,"D. Faber-Langendoen"
689084,"Taxodium ascendens / Magnolia virginiana / Cladium mariscus Swamp Forest","""Swamp Forest"" fix (NVC186g)",2025-07-22 07:35:54,"D. Faber-Langendoen"
1349443,"Miscellaneous Eastern Exotic Forest","Clarify in name that this is a ruderal type.",2026-03-18 07:21:11,"D.Faber-Langendoen"
686933,"Brunnichia ovata Wet Vine-Shrubland","",2026-03-20 02:49:28,"D. Faber-Langendoen"
1277760,"Dipsacus (fullonum, sativus) Meadow (Provisional)","",2026-03-20 02:49:36,"D. Faber-Langendoen"
1277760,"Dipsacus (fullonum, sativus) Ruderal Meadow (Provisional)","",2026-03-20 02:55:10,"D. Faber-Langendoen"
1285864,"Ipomoea pes-caprae - Ipomoea indica Micronesian Ruderal Beach Alliance","",2026-03-20 02:55:18,"D. Faber-Langendoen"
858754,"Dimeria chloridiformis Ruderal Grassland","",2026-03-20 02:55:21,"D. Faber-Langendoen"
1269126,"Populus tremuloides - Betula papyrifera / Mixedgrass Woodland Alliance","CNVC Prairie Provinces rangelands-grasslands review",2023-03-27 02:57:16,"Tremblay, M., L. Pyle, D. Downing, D. Faber-Langendoen"
899644,"Artemisia cana ssp. cana Wet Shrubland Alliance","CNVC AB-SK-MB rangelands & MT regional USNVC reviews",2023-03-27 04:48:39,"Cooper, S. et al; Tremblay, Pyle, Downing, DFL"
899117,"Pascopyrum smithii - Distichlis spicata - Hordeum jubatum Wet Meadow Alliance","MT-ID-WY USNVC reg'l review follow-up, May 2023",2023-08-02 03:56:48,"MT, ID, WY ecologists, D. Faber-Langendoen"
1278495,"Populus tremuloides Rocky Mountain Grass Understory Forest Alliance","MT-ID-WY USNVC reg'l review follow-up, May 2023",2023-08-02 03:54:51,"MT, ID, WY ecologists, D. Faber-Langendoen"
1225169,"Salix drummondiana - Alnus incana Shrub Carr & Swamp Alliance","MT-ID-WY USNVC reg'l review follow-up, May 2023",2023-08-02 03:56:17,"MT, ID, WY ecologists, D. Faber-Langendoen"
687159,"Sedum nuttallianum - Selaginella peruviana Granitic Outcrop Sparse Vegetation","Texas USNVC reg'l review follow-up, May 2023",2023-08-14 06:22:38,"J. Singhurst, TX ecologists, D. Faber-Langendoen"
932556,"Quercus sinuata var. breviloba Scrub Alliance","Texas USNVC reg'l review follow-up, May 2023",2023-08-14 06:22:41,"J. Singhurst, TX ecologists, D. Faber-Langendoen"
686450,"Quercus turbinella - Cercocarpus montanus Shrubland","Texas USNVC reg'l review follow-up, May 2023",2023-08-14 06:23:04,"J. Singhurst, TX ecologists, D. Faber-Langendoen"
769165,"Juniperus osteosperma / Bouteloua gracilis Open Woodland","",2025-03-05 02:13:59,"D.Faber-Langendoen"
785427,"Juniperus osteosperma / Bromus tectorum Ruderal Woodland","",2025-03-05 02:14:01,"D.Faber-Langendoen"
899347,"Artemisia bigelovii Steppe & Shrubland Alliance","",2025-03-05 02:17:00,"D.Faber-Langendoen"
1042050,"Arctic Acidic Dryas Dwarf-shrub Tundra Alliance","",2025-03-05 02:17:40,"D.Faber-Langendoen"
1042080,"Arctic Acidic Dwarf Willow Tundra Alliance","",2025-03-05 02:17:42,"D.Faber-Langendoen"
887296,"Eastern North American Wet Shoreline Vegetation Group","",2025-03-07 03:36:41,"D.Faber-Langendoen"
899965,"Thuja occidentalis Appalachian Limestone Cliff Woodland Alliance","KY + TN Southeast USNVC reg'l review follow-up, May 2023",2023-08-25 12:24:26,"C. Elam, KY ecologists, D. Faber-Langendoen"
1225594,"Cercocarpus ledifolius Shrubby Woodland & Shrubland Alliance","California USNVC updates Aug 2023",2023-08-25 06:49:44,"R. Boul, J. Evens, D. Faber-Langendoen"
899438,"<i>Picea rubens / Vaccinium angustifolium</i> Northern Rocky Woodland Alliance","",2019-03-21 12:00:00,"D. Faber-Langendoen"
868500,"Cynodon dactylon - Mixed Grass Pacific Ruderal Herbaceous Vegetation","USNVC prelim review Aug 2023",2023-08-29 06:18:26,"D. Faber-Langendoen"
1277732,"Atriplex prostrata Wet Meadow (Provisional)","USNVC prelim review Aug 2023",2023-08-29 06:20:31,"D. Faber-Langendoen"
684209,"Carex biltmoreana - Pycnanthemum spp. - Krigia montana Grassland","USNVC NC revisions",2023-10-18 06:18:27,"M. Schafale, D. Faber-Langendoen"
684517,"Saxifraga michauxii - Carex misera - Calamagrostis cainii Grassland","USNVC NC revisions",2023-10-18 06:18:31,"M. Schafale, D. Faber-Langendoen"
685604,"Saxifraga michauxii - Carex misera - Danthonia spicata - Krigia montana Grassland","USNVC NC revisions",2023-10-18 06:18:34,"M. Schafale, D. Faber-Langendoen"
683581,"Sporobolus vaginiflorus var. ozarkanus - Diodia teres - Croton michauxii var. ellipticus - Ruellia humilis Grassland","USNVC NC revisions",2023-10-18 06:19:00,"M. Schafale, D. Faber-Langendoen"
1298971,"Tropical Lowland Rainforest Formation","Formation to Ecobiome",2025-02-14 07:15:03,"D. Faber-Langendoen"
1298977,"Temperate Deciduous-Mixed Forest & Woodland Formation","Formation to Ecobiome",2025-02-14 07:15:03,"D. Faber-Langendoen"
1298984,"Seasonally Dry Tropical Shrubland Formation","Formation to Ecobiome",2025-02-14 07:15:03,"D. Faber-Langendoen"
1298989,"Boreal Shrubland & Grassland Formation","Formation to Ecobiome",2025-02-14 07:15:03,"D. Faber-Langendoen"
1299008,"Inland Salt Marsh Formation","Formation to Ecobiome",2025-02-14 07:15:03,"D. Faber-Langendoen"
1299009,"Boreal, Temperate & Montane Peat Bog Formation","Formation to Ecobiome",2025-02-14 07:15:03,"D. Faber-Langendoen"
884094,"Tropical Tree Developed Wetland Vegetation Cultural Subgroup","GET_revisions",2024-01-23 03:40:40,"D. Faber-Langendoen"
884014,"Forb Row Crop Cultural Subformation","GET Cultural name suffix revisions",2024-01-23 04:58:08,"D. Faber-Langendoen"
884040,"Permanent Planted Grass & Forb Field Cultural Subformation","GET Cultural name suffix revisions",2024-01-23 04:58:08,"D. Faber-Langendoen"
884093,"Developed Wooded Wetland Cultural Group","GET Cultural name suffix revisions",2024-01-23 04:58:08,"D. Faber-Langendoen"
872780,"Populus angustifolia - Populus balsamifera - Picea engelmannii Rocky Mountain-Great Basin Montane Flooded & Swamp Forest Division","""Swamp Forest"" fix (NVC186g)",2025-07-22 07:34:49,"D. Faber-Langendoen"
877319,"Quercus palustris - Fraxinus pennsylvanica - Nyssa sylvatica Swamp Forest Macrogroup","""Swamp Forest"" fix (NVC186g)",2025-07-22 07:35:01,"D. Faber-Langendoen"
877320,"Tsuga canadensis - Fraxinus nigra - Chamaecyparis thyoides Flooded & Swamp Forest Macrogroup","Northeast review, part 2",2020-12-16 06:38:55,"D. Faber-Langendoen"
948696,"Fraxinus nigra - Populus balsamifera - Picea mariana Swamp Forest Group","""Swamp Forest"" fix (NVC186g)",2025-07-22 07:35:10,"D. Faber-Langendoen"
1279636,"Taxodium ascendens / Carex striata - Rhynchospora careyana Swamp Forest Alliance","""Swamp Forest"" fix (NVC186g)",2025-07-22 07:35:20,"D. Faber-Langendoen"
899464,"Taxodium ascendens / Cyrilla racemiflora Swamp Forest Alliance","""Swamp Forest"" fix (NVC186g)",2025-07-22 07:35:21,"D. Faber-Langendoen"
898958,"Magnolia virginiana - Persea palustris Swamp Forest Alliance","""Swamp Forest"" fix (NVC186g)",2025-07-22 07:35:24,"D. Faber-Langendoen"
899524,"Chamaecyparis thyoides Northern Peat Swamp Forest Alliance","""Swamp Forest"" fix (NVC186g)",2025-07-22 07:35:26,"D. Faber-Langendoen"
1225215,"Alnus rubra - Acer macrophyllum - Alnus viridis Lower Montane Riparian & Swamp Forest Alliance","""Swamp Forest"" fix (NVC186g)",2025-07-22 07:35:44,"D. Faber-Langendoen"
899807,"Pinus contorta Swamp Forest Alliance","Washington updates",2022-08-08 11:05:06,"T. Ramm-Granberg & D. Faber-Langendoen"
898957,"Cliftonia monophylla Baygall Swamp Forest Alliance","""Swamp Forest"" fix (NVC186g)",2025-07-22 07:35:46,"D. Faber-Langendoen"
688030,"Nyssa biflora / Itea virginica - Cephalanthus occidentalis Swamp Forest","""Swamp Forest"" fix (NVC186g)",2025-07-22 07:35:56,"D. Faber-Langendoen"
689347,"Nyssa ogeche - Magnolia virginiana / Crinum americanum Swamp Forest","""Swamp Forest"" fix (NVC186g)",2025-07-22 07:36:08,"D. Faber-Langendoen"
689896,"Pinus taeda - Chamaecyparis thyoides - Nyssa biflora / Lyonia lucida - Clethra alnifolia Swamp Forest","""Swamp Forest"" fix (NVC186g)",2025-07-22 07:36:09,"D. Faber-Langendoen"
689553,"Gordonia lasianthus / Woodwardia virginica - Osmunda regalis var. spectabilis Swamp Forest","""Swamp Forest"" fix (NVC186g)",2025-07-22 07:36:12,"D. Faber-Langendoen"
686346,"Quercus virginiana - (Pinus taeda) / (Sabal minor, Serenoa repens) Swamp Forest","""Swamp Forest"" fix (NVC186g)",2025-07-22 07:36:24,"D. Faber-Langendoen"
907659,"Acer rubrum - (Fraxinus profunda) / Sabal minor Swamp Forest","""Swamp Forest"" fix (NVC186g)",2025-07-22 07:36:31,"D. Faber-Langendoen"
689355,"Acer rubrum - Fraxinus nigra - (Larix laricina) / Rhamnus alnifolia Swamp Forest","""Swamp Forest"" fix (NVC186g)",2025-07-22 07:36:48,"D. Faber-Langendoen"
687679,"Alnus rubra / Adiantum pedatum Swamp Forest","""Swamp Forest"" fix (NVC186g)",2025-07-22 07:36:58,"D. Faber-Langendoen"
685568,"Picea engelmannii / Carex angustata Swamp Forest","""Swamp Forest"" fix (NVC186g)",2025-07-22 07:37:02,"D. Faber-Langendoen"
731892,"Picea engelmannii / Equisetum arvense Swamp Forest","""Swamp Forest"" fix (NVC186g)",2025-07-22 07:37:03,"D. Faber-Langendoen"
686005,"Pinus contorta / Spiraea douglasii Swamp Forest","""Swamp Forest"" fix (NVC186g)",2025-07-22 07:37:05,"D. Faber-Langendoen"
686005,"Pinus contorta / Spiraea douglasii Forest","Washington NCCN Wetlands",2021-12-26 11:05:08,"Tynan Ramm-Granberg"
689094,"Picea mariana - (Larix laricina) / Ledum groenlandicum / Sphagnum spp. Swamp Forest","""Swamp Forest"" fix (NVC186g)",2025-07-22 07:37:10,"D. Faber-Langendoen"
688874,"Alnus rubra / Rubus spectabilis / Carex obnupta - Lysichiton americanus Swamp Forest","""Swamp Forest"" fix (NVC186g)",2025-07-22 07:37:12,"D. Faber-Langendoen"
683648,"Pinus contorta var. contorta / Carex obnupta Swamp Forest","""Swamp Forest"" fix (NVC186g)",2025-07-22 07:37:14,"D. Faber-Langendoen"
683648,"Pinus contorta var. contorta / Carex obnupta Forest","",2024-10-29 03:20:03,"D.Faber-Langendoen"
684062,"Picea sitchensis - Tsuga heterophylla / Vaccinium (alaskaense, ovalifolium) / Lysichiton americanus Swamp Forest","""Swamp Forest"" fix (NVC186g)",2025-07-22 07:37:24,"D. Faber-Langendoen"
688680,"Tsuga mertensiana - Tsuga heterophylla / Vaccinium ovalifolium / Nephrophyllidium crista-galli Swamp Forest","""Swamp Forest"" fix (NVC186g)",2025-07-22 07:37:27,"D. Faber-Langendoen"
836508,"Northern & Central Sand Barrens","",2019-01-24 12:00:00,"D. Faber-Langendoen"
860501,"Eastern North American Lichen - Moss Cliff, Talus & Rock Outcrop Macrogroup","",2025-07-28 01:09:30,"D.Faber-Langendoen"
1159157,"Acer rubrum - Fraxinus spp. - Betula papyrifera Laurentian Swamp Alliance","",2026-01-26 06:46:52,"D.Faber-Langendoen"
883998,"Oil Palm Plantation Cultural Group","GET Cultural name suffix revisions",2024-01-23 04:58:08,"D. Faber-Langendoen"
884000,"Other Agroforestry Plantation Cultural Group","GET Cultural name suffix revisions",2024-01-23 04:58:08,"D. Faber-Langendoen"
884097,"Agricultural Pond Vegetation Cultural Group","GET Cultural name suffix revisions",2024-01-23 04:58:08,"D. Faber-Langendoen"
884092,"Temperate Developed Open Wetland Cultural Subgroup","GET Cultural name suffix revisions",2024-01-23 04:58:08,"D. Faber-Langendoen"
884104,"Tropical & Temperate Fruit Orchard Cultural Subgroup","GET Cultural name suffix revisions",2024-01-23 04:58:08,"D. Faber-Langendoen"
884090,"Developed Open Wetland Cultural Group","GET Cultural name suffix revisions",2024-01-23 04:58:08,"D. Faber-Langendoen"
884046,"Cropland Fallow Field Cultural Subformation","GET Cultural name suffix revisions",2024-01-23 04:58:08,"D. Faber-Langendoen"
884087,"Tropical Tree Garden Cultural Subgroup","GET Cultural name suffix revisions",2024-01-23 04:58:08,"D. Faber-Langendoen"
884030,"Cultivated Pasture & Hay Field Cultural Subformation","GET Cultural name suffix revisions",2024-01-23 04:58:08,"D. Faber-Langendoen"
884022,"Tropical & Temperate Vegetable Crop Cultural Subgroup","GET Cultural name suffix revisions",2024-01-23 04:58:08,"D. Faber-Langendoen"
969621,"Exotic Western Hardwood Planted Woodland Cultural Type","GET Cultural name suffix revisions",2024-01-23 04:58:08,"D. Faber-Langendoen"
687152,"Tortella tortuosa - Cladonia pocillum - Placynthium spp. Sparse Vegetation","remaining edits for V3.0 release",2025-08-14 05:41:13,"D. Faber-Langendoen"
860636,"Great Basin-Intermountain Artemisia tridentata - Artemisia tripartita ssp. tripartita Steppe Macrogroup","remaining edits for V3.0 release",2025-08-14 05:41:15,"D. Faber-Langendoen"
943998,"Swallenia alexandrae Sparse Vegetation","remaining edits for V3.0 release",2025-08-14 05:41:16,"D. Faber-Langendoen"
688404,"Vaccinium uliginosum / Sibbaldiopsis tridentata Sparse Vegetation","remaining edits for V3.0 release",2025-08-14 05:41:17,"D. Faber-Langendoen"
690014,"Andropogon gerardii - Campanula rotundifolia - Solidago simplex Riverscour Sparse Vegetation","remaining edits for V3.0 release",2025-08-14 05:41:18,"D. Faber-Langendoen"
1366368,"Puccinellia nuttalliana Desert Salt Marsh","remaining edits for V3.0 release",2025-08-14 05:41:18,"D. Faber-Langendoen"
689883,"Dasiphora fruticosa / Clinopodium arkansanum - Argentina anserina - Primula mistassinica Lakeshore Sparse Vegetation","remaining edits for V3.0 release",2025-08-14 05:41:19,"D. Faber-Langendoen"
688655,"Subarctic Acidic Cliff Sparse Vegetation","remaining edits for V3.0 release",2025-08-14 05:41:22,"D. Faber-Langendoen"
685043,"Prosopis glandulosa var. glandulosa / (Celtis ehrenbergiana, Phaulothamnus spinescens, Ziziphus obtusifolia var. obtusifolia) Woodland","The taxon concept of Celtis ehrenbergiana is in dispute, and the preferred species name is Celtis pallida (Hendrickson 2010, exception to USDA PLANTS).",2025-12-31 03:49:26,"D.Faber-Langendoen"
684698,"Quercus arizonica / Muhlenbergia emersleyi Scrub Woodland","Southwest regional peer review (NM, AZ, CO, UT, NV)",2023-02-17 02:46:21,"E. Muldavin et al."
685459,"Quercus emoryi / Arctostaphylos pungens Scrub Woodland","Southwest regional peer review (NM, AZ, CO, UT, NV)",2023-02-17 02:46:23,"E. Muldavin et al."
686591,"Quercus emoryi / Bouteloua curtipendula Scrub Woodland","Southwest regional peer review (NM, AZ, CO, UT, NV)",2023-02-17 02:46:26,"E. Muldavin et al."
687874,"Quercus emoryi / Muhlenbergia emersleyi Scrub Woodland","Southwest regional peer review (NM, AZ, CO, UT, NV)",2023-02-17 02:46:32,"E. Muldavin et al."
686677,"Quercus grisea / Juniperus deppeana Scrub Woodland","Southwest regional peer review (NM, AZ, CO, UT, NV)",2023-02-17 02:46:47,"E. Muldavin et al."
1299015,"Mangrove Formation","Formation to Ecobiome",2025-02-14 07:15:03,"D. Faber-Langendoen"
688472,"Cladium mariscus - Fimbristylis castanea - Symphyotrichum tenuifolium Marsh","Cladium mariscus ssp. jamaicense refers to sawgrass in the Western Hemisphere following USDA Plants 2016, the standard for the USNVC 3.0. The full species name is not used in the Western Hemisphere.",2026-03-18 01:14:53,"K. Palmquist, Regional Editor"
687678,"Panicum virgatum - (Cladium mariscus, Juncus roemerianus) Salt Marsh","Cladium mariscus ssp. jamaicense refers to sawgrass in the Western Hemisphere following USDA Plants 2016, the standard for the USNVC 3.0. The full species name is not used in the Western Hemisphere.",2026-03-18 01:14:35,"K. Palmquist, Regional Editor"
1150933,"Tsuga canadensis - Betula alleghaniensis - Acer saccharum Acadian-Appalachian Forest Alliance","Northeast review 2020",2020-08-10 08:46:18,"D. Faber-Langendoen"
736386,"Chamaecyparis thyoides / Gaylussacia dumosa / Andropogon glomeratus var. glomeratus Swamp Woodland","Northeast review 2020",2020-08-10 08:46:23,"D. Faber-Langendoen"
730852,"<i>Abies lasiocarpa - Picea engelmannii / Menziesia ferruginea / Luzula glabrata var. hitchcockii</i> Woodland","",2019-04-29 12:00:00,"M. Reid"
731813,"<i>Abies lasiocarpa - Picea engelmannii / Streptopus amplexifolius - Luzula glabrata var. hitchcockii</i> Woodland","",2019-04-29 12:00:00,"M. Reid"
689953,"<i>Artemisia arctica ssp. arctica</i> Alpine Snowbed","",2019-04-29 12:00:00,"M. Reid"
730893,"<i>Pinus albicaulis - Abies lasiocarpa / Vaccinium scoparium / Luzula glabrata var. hitchcockii</i> Woodland","",2019-04-29 12:00:00,"M. Reid"
728637,"<i>Vaccinium (myrtillus, scoparium) / Luzula glabrata var. hitchcockii </i>Dwarf-shrubland","",2019-04-29 12:00:00,"M. Reid"
689765,"<i>Fraxinus americana - Juniperus virginiana / Phemeranthus teretifolius - Polygonum tenue - Opuntia humifusa</i> Wooded Grassland","",2019-01-31 12:00:00,"K. Patterson"
858623,"Central Interior-Appalachian Open Depression Pond","",2019-02-05 12:00:00,"D. Faber-Langendoen"
688664,"Alnus incana - Cornus (amomum, sericea) / Clematis virginiana Shrub Swamp","NVC108 Eastern Wet Meadows and Shrub swamps final_4feb19_LAS",2020-03-09 02:49:35,"D. Faber-Langendoen"
689623,"<i>Morella pensylvanica - Dasiphora fruticosa ssp. floribunda / Carex sterilis - Carex flava</i> Fen","",2019-02-26 12:00:00,"D. Faber-Langendoen"
685552,"<i>Betula occidentalis - Dasiphora fruticosa ssp. floribunda</i> Wet Shrubland","",2019-02-26 12:00:00,"D. Faber-Langendoen"
687561,"<i>Quercus lyrata - Quercus palustris / Acer rubrum var. drummondii / Itea virginica - (Lindera melissifolia)</i> Floodplain Forest","",2019-02-27 12:00:00,"D. Faber-Langendoen"
686708,"<i>Pinus taeda / Liquidambar styraciflua - Acer rubrum var. rubrum / Vaccinium stamineum</i> Ruderal Forest","",2019-02-19 12:00:00,"D. Faber-Langendoen"
687321,"<i>Acer rubrum var. rubrum - Betula lenta - Magnolia fraseri / (Rhododendron maximum, Kalmia latifolia)</i> Ruderal Forest","",2019-02-19 12:00:00,"D. Faber-Langendoen"
802084,"<i>Fagus grandifolia - Carya cordiformis - Quercus michauxii / Ilex opaca var. opaca / Podophyllum peltatum</i> Forest","",2019-02-19 12:00:00,"D. Faber-Langendoen"
684506,"<i>Fagus grandifolia - Quercus (alba, rubra) - Liriodendron tulipifera / (Ilex opaca var. opaca)</i> Forest","",2019-02-19 12:00:00,"D. Faber-Langendoen"
688183,"<i>Juniperus virginiana var. virginiana - (Celtis laevigata, Prunus angustifolia, Sideroxylon lycioides)</i> Woodland","",2019-02-20 12:00:00,"D. Faber-Langendoen"
687422,"<i>Pinus virginiana - Juniperus virginiana var. virginiana - Ulmus alata</i> Ruderal Forest","",2019-02-20 12:00:00,"D. Faber-Langendoen"
686293,"<i>Juniperus virginiana var. virginiana - Croton alabamensis - Phyllanthopsis phyllanthoides / Carex eburnea</i> Shrubland","",2019-02-20 12:00:00,"D. Faber-Langendoen"
689398,"<i>Pinus flexilis / Dasiphora fruticosa ssp. floribunda / Distichlis spicata</i> Swamp Woodland","",2019-02-21 12:00:00,"D. Faber-Langendoen"
899234,"<i>Sporobolus heterolepis - Deschampsia cespitosa / Dasiphora fruticosa ssp. floribunda</i> Alvar Grassland Alliance","",2019-02-21 12:00:00,"D. Faber-Langendoen"
905187,"<i>Dasiphora fruticosa ssp. floribunda / Festuca campestris - Festuca idahoensis</i> Shrub-steppe Alliance","",2019-02-21 12:00:00,"D. Faber-Langendoen"
899997,"<i>Athyrium filix-femina - Chamerion angustifolium ssp. angustifolium - Calamagrostis canadensis</i> Meadow Alliance","",2019-04-29 12:00:00,"M. Reid"
690040,"<i>Dasiphora fruticosa ssp. floribunda / Cladium mariscoides - Juncus arcticus ssp. littoralis - (Rhynchospora capillacea)</i> Fen","",2019-02-21 12:00:00,"D. Faber-Langendoen"
686219,"Tsuga mertensiana / Streptopus amplexifolius Swamp Forest","Washington NCCN Wetlands",2021-12-26 11:05:06,"Tynan Ramm-Granberg"
684210,"Carex utriculata Wet Meadow","Washington NCCN Wetlands",2021-12-26 11:05:33,"Tynan Ramm-Granberg"
689236,"<i>Abies lasiocarpa / Valeriana sitchensis - Luzula glabrata var. hitchcockii</i> Forest","",2019-04-29 12:00:00,"M. Reid"
836566,"Pinus ponderosa var. ponderosa Central Rocky Mountain Open Woodland Group","Interior West Group & Alliance review",2022-04-12 12:18:32,"J. Triepke"
687045,"Pinus echinata / Vaccinium (arboreum, pallidum, stamineum) Forest","NVC163 Central Midwest regional review",2022-04-13 08:34:16,"D. Faber-Langendoen, M. Leahy, et al"
683810,"Quercus velutina - Quercus coccinea - Carya texana Ruderal Ozark Forest","NVC163 Central Midwest regional review",2022-04-13 12:00:00,"D. Faber-Langendoen, M. Leahy, et al"
900046,"Ozark Acidic Cliff Alliance","NVC163 Central Midwest regional review",2022-04-13 08:34:27,"D. Faber-Langendoen, M. Leahy, et al"
689545,"<i>Carya (glabra, tomentosa) - Fraxinus americana - (Juniperus virginiana var. virginiana)</i> Woodland","",2019-02-20 12:00:00,"D. Faber-Langendoen"
688765,"Thuja occidentalis - Pinus strobus - Tsuga canadensis / Carex eburnea Slope Forest","Appalachians, Piedmont review, part 2",2020-12-09 12:36:12,"D. Faber-Langendoen"
684612,"Carex lasiocarpa - Carex oligosperma - (Lysimachia terrestris) / Sphagnum spp. Acidic Peatland","Peer review project",2021-04-29 10:26:29,""
688058,"Larix laricina / Chamaedaphne calyculata / Carex lasiocarpa Acidic Peatland","Peer review project",2021-04-29 10:26:30,""
900122,"Andropogon gerardii - Panicum virgatum Wet Prairie Alliance","Peer review project",2021-04-29 12:00:00,""
1150939,"Thuja occidentalis Acidic Laurentian Forest Alliance","NVC143 & 128 skeletal edits",2021-07-21 09:41:10,""
689771,"Quercus ilicifolia - Prunus pumila Shrubland","Northeast review 2020",2020-08-10 12:00:00,"D. Faber-Langendoen"
686924,"Populus deltoides ssp. monilifera / Salix exigua Riparian Woodland","MT-ID-WY, CO-WY reg'l review of USNVC, spring 2023",2023-05-01 08:19:31,"WY Heritage staff, D. Faber-Langendoen"
683397,"Pennisetum purpureum Caribbean Ruderal Marsh","Southeast US reg'l review of USNVC, April 2023",2023-05-11 02:40:06,"D. Faber-Langendoen"
684899,"Strumpfia maritima Florida Keys Shrubland","Southeast US reg'l review of USNVC, April 2023",2023-05-11 02:40:18,"D. Faber-Langendoen"
683695,"Aquilegia canadensis - Asplenium x heteroresiliens Grassland","Southeast US reg'l review of USNVC, April 2023",2023-05-11 02:40:52,"D. Faber-Langendoen"
686489,"Pinus muricata - Arbutus menziesii / Vaccinium ovatum Forest","Marin & San Mateo Counties CNPS USNVC review",2023-04-05 05:27:23,"Evens, J., Boul, R., McIntyre, P."
685326,"Adenostoma fasciculatum - Arctostaphylos glandulosa - Ceanothus jepsonii / Calamagrostis ophitidis Shrubland","Marin & San Mateo Counties CNPS USNVC review",2023-04-05 05:27:47,"Evens, J., Boul, R., McIntyre, P."
899910,"Arctostaphylos nummularia - Arctostaphylos stanfordiana - Chrysolepis chrysophylla var. minor North Coast Chaparral Alliance","Marin & San Mateo Counties CNPS USNVC review",2023-04-05 05:27:52,"Evens, J., Boul, R., McIntyre, P."
790195,"Diplacus aurantiacus Shrubland","Marin & San Mateo Counties CNPS USNVC review",2023-04-05 05:27:59,"Evens, J., Boul, R., McIntyre, P."
899211,"Rubus spectabilis Wet Shrubland Alliance","Marin & San Mateo Counties CNPS USNVC review",2023-04-05 05:28:18,"Evens, J., Boul, R., McIntyre, P."
689581,"Salix nigra / Phalaris arundinacea - Apocynum cannabinum Wet Shrubland","Vermont",2020-04-29 01:12:12,"D. Faber-Langendoen"
689581,"Salix nigra / Carex torta - Apocynum cannabinum Wet Shrubland","Northeast review, part 2",2020-12-16 06:40:03,"D. Faber-Langendoen"
684806,"Quercus alba - Quercus velutina - Quercus palustris / Carex pensylvanica Woodland","Central Midwest regional review",2022-07-24 04:55:38,"Program ecologist & D. Faber-Langendoen"
1159125,"Quercus palustris - Quercus bicolor Central Interior Swamp Forest Alliance","Central Midwest regional review",2022-07-24 04:56:07,"Program ecologist & D. Faber-Langendoen"
899516,"Pseudotsuga menziesii - Pinus ponderosa / Shrub Understory Central Rocky Mountain Forest & Woodland Alliance","Washington updates",2022-08-08 12:00:00,"T. Ramm-Granberg & D. Faber-Langendoen"
899511,"Abies amabilis - Tsuga heterophylla / Vaccinium membranaceum Cold Forest Alliance","Washington updates",2022-08-08 11:04:52,"T. Ramm-Granberg & D. Faber-Langendoen"
900036,"Elymus lanceolatus - Hesperostipa comata - Phacelia hastata Central Rocky Mountain Sand Deposit Grassland Alliance","Washington updates",2022-08-08 11:05:25,"T. Ramm-Granberg & D. Faber-Langendoen"
1225189,"Mimulus guttatus - Claytonia sibirica - Triteleia hyacinthina Seep, Spring & Wet Bedrock Alliance","Washington updates",2022-08-08 11:06:06,"T. Ramm-Granberg & D. Faber-Langendoen"
685711,"Deschampsia cespitosa - Artemisia lindleyana Marsh","Washington updates",2022-08-08 11:06:12,"T. Ramm-Granberg & D. Faber-Langendoen"
685748,"Pinus discolor / Quercus hypoleucoides Woodland","Southwest regional peer review (NM, AZ, CO, UT, NV)",2023-02-17 02:46:54,"E. Muldavin et al."
899549,"Juniperus osteosperma - Juniperus scopulorum / Shrub Understory Central Rocky Mountain Woodland Alliance","Interior West Group & Alliance review",2022-04-12 12:18:45,"J. Triepke"
899849,"Pinus ponderosa - Juniperus scopulorum - Abies concolor Riparian Woodland Alliance","Southwest regional peer review (NM, AZ, CO, UT, NV)",2023-02-17 02:47:38,"E. Muldavin et al."
899292,"Fouquieria splendens - Calliandra eriophylla - Parthenium incanum Desert Scrub Alliance","Southwest regional peer review (NM, AZ, CO, UT, NV)",2023-02-17 02:48:07,"E. Muldavin et al."
899901,"Conyza canadensis - Cirsium arvense - Lactuca serriola Ruderal Wet Meadow Alliance","USNVC California review",2023-02-20 06:56:18,"Evens, J., R. Boul, D. Faber-Langendoen"
899322,"Artemisia tridentata - Mixed Shrub Dry Steppe & Shrubland Alliance","California updates",2022-06-22 05:21:52,"J. Evens, R. Boul, D. Faber-Langendoen"
1302487,"Appalachian Ridge & Valley Prairie Group","",2025-04-11 07:18:44,"D.Faber-Langendoen"
1302491,"Lower Mississippi Valley Prairie Group","",2025-04-11 07:18:51,"D.Faber-Langendoen"
833213,"Quercus garryana - Pinus ponderosa - Pseudotsuga menziesii Forest & Woodland Group","",2025-04-28 12:00:00,"D. Faber-Langendoen"
900080,"Hesperostipa curtiseta - Elymus lanceolatus Grassland Alliance","",2025-05-04 04:38:52,"D.Faber-Langendoen"
1302459,"Pascopyrum smithii Clay Grassland Alliance","",2025-05-04 04:38:56,"D.Faber-Langendoen"
878775,"Andropogon gerardii - Sorghastrum nutans Appalachian Gravel Riverscour Alliance","USNVC VA clean-up",2023-12-22 03:04:35,"K. Pattersons, D. Faber-Langendoen"
898965,"Picea rubens - Betula alleghaniensis - Aesculus flava Forest Alliance","Southeast, Texarkana USNVC reg'l review, June 2023",2023-06-24 08:53:28,"Southeast + TX ecologists, D. Faber-Langendoen"
684694,"Andropogon gerardii - Sorghastrum nutans Unglaciated Grassland","Southeast, Texarkana USNVC reg'l review, June 2023",2023-06-24 08:54:34,"Southeast + TX ecologists, D. Faber-Langendoen"
899741,"Quercus geminata - Quercus myrtifolia Dune Shrubland Alliance","Southeast, Texarkana USNVC reg'l review, June 2023",2023-06-24 08:55:03,"Southeast + TX ecologists, D. Faber-Langendoen"
899021,"<i>Arundinaria gigantea</i> Shrub Swamp Alliance","",2019-01-16 12:00:00,"D. Faber-Langendoen"
899508,"Sanguisorba canadensis - Parnassia grandifolia Seep Alliance","Southeast, Texarkana USNVC reg'l review, June 2023",2023-06-24 08:56:24,"Southeast + TX ecologists, D. Faber-Langendoen"
899121,"Fimbristylis castanea - Schoenoplectus pungens Coastal Marsh Alliance","Southeast, Texarkana USNVC reg'l review, June 2023",2023-06-24 08:56:41,"Southeast + TX ecologists, D. Faber-Langendoen"
867660,"Morella faya - Metrosideros polymorpha / Non-native Understory Montane Mesic & Wet Ruderal Forest & Woodland Group","Nomenclature fix (NVC186g)",2025-07-22 04:53:07,"D. Faber-Langendoen"
860613,"Coccothrinax argentata - Pinus elliottii var. densa - Pinus caribaea Dry Forest Macrogroup","Nomenclature fix (NVC186g)",2025-07-22 04:53:07,"D. Faber-Langendoen"
838405,"Pinus palustris / Aristida spp. Woodland Macrogroup","Nomenclature fix (NVC186g)",2025-07-22 04:53:09,"D. Faber-Langendoen"
899357,"Albizia julibrissin - Broussonetia papyrifera - Melia azedarach / Ligustrum sinense Ruderal Forest Alliance","Nomenclature fix (NVC186g)",2025-07-22 04:53:09,"D. Faber-Langendoen"
833203,"Quercus agrifolia - Quercus lobata - Umbellularia californica Forest & Woodland Group","Nomenclature fix (NVC186g)",2025-07-22 04:53:10,"D. Faber-Langendoen"
1151265,"Pinus rigida - Quercus spp. - Ilex opaca North Atlantic Forest Macrogroup","Nomenclature fix (NVC186g)",2025-07-22 04:53:11,"D. Faber-Langendoen"
1207720,"Acer saccharum - Betula alleghaniensis - Picea glauca Forest Macrogroup","Nomenclature fix (NVC186g)",2025-07-22 04:53:12,"D. Faber-Langendoen"
1150941,"Acer saccharum - Tilia americana - Fraxinus americana Rich Acadian-Appalachian Forest Alliance","NVC143 & 128 skeletal edits",2021-07-21 09:41:11,""
833209,"Quercus buckleyi - Juglans major / Juniperus ashei Dry-Mesic Forest Group","Nomenclature fix (NVC186g)",2025-07-22 04:53:14,"D. Faber-Langendoen"
899374,"Populus tremuloides / Corylus spp. Woodland Alliance","Peer Review",2019-09-24 10:00:10,"Don Faber-Langendoen"
877289,"Tsuga heterophylla - Abies grandis - Larix occidentalis Lower Montane Forest Macrogroup","Interior West Group & Alliance review",2022-04-12 12:18:51,"J. Triepke"
836562,"Abies grandis - Pseudotsuga menziesii East Cascades Forest Group","Interior West Group & Alliance review",2022-04-12 12:18:56,"J. Triepke"
836655,"Pseudotsuga menziesii Central Rocky Mountain Mesic-Moist Mixed Conifer Forest Group","Nomenclature fix (NVC186g)",2025-07-22 04:53:16,"D. Faber-Langendoen"
836647,"Pseudotsuga menziesii - Pinus ponderosa Central Rocky Mountain Forest Group","Interior West Group & Alliance review",2022-04-12 12:18:34,"J. Triepke"
860518,"Vancouverian Ruderal Forest Macrogroup","Nomenclature fix (NVC186g)",2025-07-22 04:53:16,"D. Faber-Langendoen"
860496,"Picea glauca - Picea mariana - Betula papyrifera var. kenaica Forest Macrogroup","Nomenclature fix (NVC186g)",2025-07-22 04:53:19,"D. Faber-Langendoen"
860593,"Hawaiian Cliff, Scree & Rock Macrogroup","Nomenclature fix (NVC186g)",2025-07-22 04:53:20,"D. Faber-Langendoen"
860411,"Quercus turbinella - Arctostaphylos pungens - Ceanothus greggii Warm Interior Chaparral Macrogroup","Nomenclature fix (NVC186g)",2025-07-22 04:53:21,"D. Faber-Langendoen"
1285406,"Sporobolus heterolepis - Schizachyrium scoparium - Juniperus horizontalis Grassland & Shrubland Division","Nomenclature fix (NVC186g)",2025-07-22 04:53:22,"D. Faber-Langendoen"
837856,"Vaccinium spp. - Menziesia ferruginea / Xerophyllum tenax Central Rocky Mountain-Vancouverian Mesic Shrubland Group","Nomenclature fix (NVC186g)",2025-07-22 04:53:23,"D. Faber-Langendoen"
836955,"Festuca arizonica - Festuca thurberi - Muhlenbergia montana Grassland Group","Nomenclature fix (NVC186g)",2025-07-22 04:53:23,"D. Faber-Langendoen"
900016,"Festuca idahoensis - Carex scirpoidea - Danthonia intermedia Central Rocky Mountain Subalpine Dry Grassland Alliance","Nomenclature fix (NVC186g)",2025-07-22 04:53:24,"D. Faber-Langendoen"
860688,"Andropogon gerardii - Sorghastrum nutans - Liatris spicata Tallgrass Prairie Macrogroup","Nomenclature fix (NVC186g)",2025-07-22 04:53:25,"D. Faber-Langendoen"
856717,"Bouteloua gracilis - Bouteloua dactyloides - Pleuraphis jamesii Shortgrass Prairie Group","Nomenclature fix (NVC186g)",2025-07-22 04:53:26,"D. Faber-Langendoen"
1270115,"North American Continental Boreal Shrubland & Grassland Macrogroup","edits in prep for USNVC v3.0 release",2025-06-26 05:27:52,"D. Faber-Langendoen"
860409,"Polypodium virginianum - Asplenium platyneuron - Eriogonum spp. Cliff & Rock Outcrop Division","Nomenclature fix (NVC186g)",2025-07-22 04:53:27,"D. Faber-Langendoen"
1256088,"Asplenium montanum - Hydrangea arborescens Southern Appalachian Cliff, Talus & Rock Outcrop Group","Nomenclature fix (NVC186g)",2025-07-22 04:53:27,"D. Faber-Langendoen"
860340,"Pseudotsuga menziesii / Umbilicaria spp. - Aspidotis densa Western North American Cliff, Scree & Rock Outcrop Division","Nomenclature fix (NVC186g)",2025-07-22 04:53:27,"D. Faber-Langendoen"
860340,"Pseudotsuga menziesii / Umbilicaria spp. - Aspidotis densa Western North American Temperate Rock Vegetation Division","USNVC 3.0 pre-release edits",2025-06-23 07:36:09,"D. Faber-Langendoen"
856728,"Pinus contorta var. murrayana / Ceanothus megacarpus Cliff, Scree & Rock Oucrop Group","Nomenclature fix (NVC186g)",2025-07-22 04:53:28,"D. Faber-Langendoen"
860755,"Great Basin - Intermountain Bromus tectorum - Salsola kali Ruderal Semi-Desert Group","Nomenclature fix (NVC186g)",2025-07-22 04:53:29,"D. Faber-Langendoen"
899367,"Tiquilia hispidissima / Sporobolus nealleyi - Tidestromia carnosa Gypsum Outcrop-Alluvial Flat Desert Scrub Grassland Alliance","Nomenclature fix (NVC186g)",2025-07-22 04:53:31,"D. Faber-Langendoen"
881398,"Eragrostis lehmanniana - Bromus rubens - Brassica tournefortii Warm Desert Ruderal Grassland Group","Nomenclature fix (NVC186g)",2025-07-22 04:53:33,"D. Faber-Langendoen"
884039,"Permanent Pasture & Mixed Grass - Forbs - Legumes Hay Field Anthro-macrogroup","Nomenclature fix (NVC186g)",2025-07-22 04:53:35,"D. Faber-Langendoen"
884751,"Caribbean Floodplain Forest Macrogroup","Nomenclature fix (NVC186g)",2025-07-22 04:53:35,"D. Faber-Langendoen"
838855,"Taxodium ascendens - Pinus elliottii Swamp Macrogroup","Nomenclature fix (NVC186g)",2025-07-22 04:53:35,"D. Faber-Langendoen"
838797,"Nyssa biflora - Quercus michauxii - Taxodium distichum Basin Swamp & Flatwoods Macrogroup","Nomenclature fix (NVC186g)",2025-07-22 04:53:35,"D. Faber-Langendoen"
838850,"Carya illinoinensis - Celtis laevigata - Quercus macrocarpa Floodplain Forest & Woodland Macrogroup","Nomenclature fix (NVC186g)",2025-07-22 04:53:35,"D. Faber-Langendoen"
860627,"Typha latifolia - Ageratina altissima - Juncus spp. Marsh, Wet Meadow & Shrubland Macrogroup","Nomenclature fix (NVC186g)",2025-07-22 04:53:37,"D. Faber-Langendoen"
938463,"Mid-Atlantic Piedmont & Mountain Riverscour Annual Vegetation Alliance","Southeast US reg'l review of USNVC, April 2023",2023-05-11 02:41:17,"D. Faber-Langendoen"
860430,"Warm Desert Lowland Freshwater Marsh, Wet Meadow & Shrubland Macrogroup","Nomenclature fix (NVC186g)",2025-07-22 04:53:38,"D. Faber-Langendoen"
848805,"Eleocharis obtusa - Eragrostis hypnoides - Ludwigia palustris Temperate Pacific Freshwater Wet Mudflat Group","Nomenclature fix (NVC186g)",2025-07-22 04:53:39,"D. Faber-Langendoen"
1299043,"North Pacific Bog Macrogroup","USNVC 3.0 pre-release edits",2025-06-23 07:36:44,"D. Faber-Langendoen"
907535,"Chamaedaphne calyculata - Vaccinium oxycoccos - Carex oligosperma Bog & Acidic Fen Macrogroup","Nomenclature fix (NVC186g)",2025-07-22 04:53:42,"D. Faber-Langendoen"
1176969,"Chamaedaphne calyculata - Gaylussacia dumosa / Carex striata Bog & Fen Group","Nomenclature fix (NVC186g)",2025-07-22 04:53:42,"D. Faber-Langendoen"
860604,"Ceratophyllum spp. - Nuphar spp. - Potamogeton spp. Eastern North American-Great Plains Freshwater Aquatic Vegetation Macrogroup","USNVC 3.0 pre-release edits",2025-06-23 07:36:50,"D. Faber-Langendoen"
1281878,"South Florida Aquatic Vegetation Alliance","Nomenclature fix (NVC186g)",2025-07-22 04:53:44,"D. Faber-Langendoen"
859820,"Eichhornia crassipes - Alternanthera philoxeroides - Trapa natans Ruderal Freshwater Aquatic Vegetation Group","Nomenclature fix (NVC186g)",2025-07-22 04:53:44,"D. Faber-Langendoen"
885015,"Sporobolus virginicus - Ipomoea pes-caprae - Suriana maritima Coastal Dune & Beach Vegetation Macrogroup","Nomenclature fix (NVC186g)",2025-07-22 04:53:46,"D. Faber-Langendoen"
1277533,"Rubus parviflorus Vancouverian Shrubland","Nomenclature fix (NVC186g)",2025-07-22 04:53:46,"D. Faber-Langendoen"
742073,"<i>Boltonia asteroides var. asteroides - Symphyotrichum racemosum - Mentha arvensis</i> Wet Meadow","",2019-02-28 12:00:00,"K. Walsh/D. Faber-Langendoen"
689903,"<i>Pinus elliottii var. elliottii / Cliftonia monophylla - Cyrilla racemiflora</i> Swamp Woodland","",2019-02-28 12:00:00,"D. Faber-Langendoen"
1298935,"Supralittoral Freshwater Coast","""Supralittoral"" doesn't apply to freshwater.",2025-02-25 12:00:00,"D. Faber-Langendoen"
899452,"Quercus garryana - Pseudotsuga menziesii / Toxicodendron diversilobum Forest & Woodland Alliance","",2024-06-21 04:43:17,"D.Faber-Langendoen"
899393,"Pinus echinata - Pinus pungens - Quercus montana Appalachian Woodland Alliance","",2024-06-21 04:43:24,"D.Faber-Langendoen"
798288,"Cornus (amomum, sericea) - Viburnum dentatum - Rosa multiflora Shrub Swamp","",2024-06-28 12:22:05,"D.Faber-Langendoen"
686123,"Carex lasiocarpa - Rhynchospora alba - Scheuchzeria palustris Acidic Peatland","",2024-06-28 12:22:12,"D.Faber-Langendoen"
685148,"Trichophorum cespitosum - Gaylussacia dumosa / Sphagnum (fuscum, rubellum, magellanicum) Acidic Peatland","",2024-06-28 12:22:27,"D.Faber-Langendoen"
689376,"Pinus banksiana - Thuja occidentalis - Picea glauca / Juniperus communis Woodland","USNVC 3.0 pre-release edits",2025-06-17 07:11:58,"D. Faber-Langendoen"
881423,"Caribbean Ruderal Dry Forest Group","USNVC 3.0 pre-release edits",2025-06-23 07:34:43,"D. Faber-Langendoen"
833287,"Northeast Pitch Pine Barrens Group","USNVC 3.0 pre-release edits",2025-06-23 07:34:47,"D. Faber-Langendoen"
1270976,"Mesic Mixed Conifer - Shrub Forest & Woodland Alliance","USNVC 3.0 pre-release edits",2025-06-23 07:34:55,"D. Faber-Langendoen"
933219,"Southern Vancouverian Dry Douglas-fir - Madrone Woodland Group","USNVC 3.0 pre-release edits",2025-06-23 07:35:01,"D. Faber-Langendoen"
931844,"North-Central Appalachian Acidic Scrub & Grassland Group","USNVC 3.0 pre-release edits",2025-06-23 07:35:12,"D. Faber-Langendoen"
1281872,"West Gulf Coastal Plain Saline Barrens Alliance","USNVC 3.0 pre-release edits",2025-06-23 07:35:15,"D. Faber-Langendoen"
1302654,"Eastern Native Planted Grassland Alliance","USNVC 3.0 pre-release edits",2025-06-23 07:35:19,"D. Faber-Langendoen"
1284779,"Western Great Plains Foothill & Piedmont Grassland Alliance","USNVC 3.0 pre-release edits",2025-06-23 07:35:22,"D. Faber-Langendoen"
1127118,"Juniperus horizontalis - Rhus trilobata - Dasiphora fruticosa Shrubland Alliance","MT-ID-WY USNVC reg'l review follow-up, May 2023",2023-08-02 03:55:29,"MT, ID, WY ecologists, D. Faber-Langendoen"
959859,"Great Plains Comanchian Ruderal Grassland Alliance","USNVC 3.0 pre-release edits",2025-06-23 07:35:23,"D. Faber-Langendoen"
878639,"Southern Appalachian Alkaline Cliff Alliance","USNVC 3.0 pre-release edits",2025-06-23 07:35:32,"D. Faber-Langendoen"
795484,"Hydrangea arborescens / Sedum ternatum - Polypodium virginianum Cliff Shrubland","USNVC 3.0 pre-release edits",2025-06-23 07:35:35,"D. Faber-Langendoen"
689906,"Adiantum capillus-veneris - Thelypteris kunthii / Dumortiera hirsuta Cliff Vegetation","USNVC 3.0 pre-release edits",2025-06-23 07:35:37,"D. Faber-Langendoen"
900042,"Central Appalachian Acidic Cliff, Talus, & Boulderfield Alliance","USNVC 3.0 pre-release edits",2025-06-23 07:35:42,"D. Faber-Langendoen"
689330,"Ozark Igneous Talus Sparse Vegetation","USNVC 3.0 pre-release edits",2025-06-23 07:35:49,"D. Faber-Langendoen"
686454,"Central Midwest-Interior Limestone - Dolostone Talus Vegetation","USNVC 3.0 pre-release edits",2025-06-23 07:35:51,"D. Faber-Langendoen"
683160,"Hydrangea arborescens / Heuchera villosa var. arkansana - Aquilegia canadensis Cliff Shrubland","USNVC 3.0 pre-release edits",2025-06-23 07:35:52,"D. Faber-Langendoen"
685238,"Ozark Chert Moist Cliff Vegetation","USNVC 3.0 pre-release edits",2025-06-23 07:35:54,"D. Faber-Langendoen"
688929,"Ozark Igneous Dry Cliff Vegetation","USNVC 3.0 pre-release edits",2025-06-23 07:35:54,"D. Faber-Langendoen"
959042,"Laurentian-Acadian-Great Lakes Cliff & Rock Vegetation Group","USNVC 3.0 pre-release edits",2025-06-23 07:35:55,"D. Faber-Langendoen"
687150,"Laurentian Sandstone Talus Vegetation","USNVC 3.0 pre-release edits",2025-06-23 07:35:57,"D. Faber-Langendoen"
688431,"Eastern Boreal & Laurentian Dry Acidic Cliff Vegetation","USNVC 3.0 pre-release edits",2025-06-23 07:35:59,"D. Faber-Langendoen"
857191,"Rhus trilobata / Bouteloua gracilis - Opuntia spp. Great Plains Cliff, Scree & Rock Vegetation Group","USNVC 3.0 pre-release edits",2025-06-23 07:36:03,"D. Faber-Langendoen"
1277750,"Dudleya farinosa / Lichen - Moss Sparse Vegegatation","USNVC 3.0 pre-release edits",2025-06-23 07:36:11,"D. Faber-Langendoen"
899837,"Selaginella bigelovii Rock Alliance","USNVC California review",2023-02-20 06:56:35,"Evens, J., R. Boul, D. Faber-Langendoen"
849126,"Nonvascular Rocky Mountain Cliff, Scree & Rock Vegetation Group","USNVC 3.0 pre-release edits",2025-06-23 07:36:14,"D. Faber-Langendoen"
685163,"Aquilegia coerulea - Cirsium scopulorum Scree Sparse Vegetation","USNVC 3.0 pre-release edits",2025-06-23 07:36:15,"D. Faber-Langendoen"
689916,"Spiraea splendens / Penstemon newberryi - Streptanthus tortuosus Sparse Vegetation","USNVC 3.0 pre-release edits",2025-06-23 07:36:18,"D. Faber-Langendoen"
934867,"Sullivantia oregana - Adiantum pedatum Wet Rock Vegetation","USNVC 3.0 pre-release edits",2025-06-23 07:36:19,"D. Faber-Langendoen"
1041991,"North American Boreal Cliff, Scree & Rock Vegetation Macrogroup","USNVC 3.0 pre-release edits",2025-06-23 07:36:19,"D. Faber-Langendoen"
689628,"Midwest Gravel Wash River Sparse Vegetation","USNVC 3.0 pre-release edits",2025-06-23 07:36:30,"D. Faber-Langendoen"
684274,"Lake Mudflats Sparse Vegetation","USNVC 3.0 pre-release edits",2025-06-23 07:36:30,"D. Faber-Langendoen"
1277495,"Atriplex prostrata - Cotula coronopifolia Wet Meadow Alliance","USNVC 3.0 pre-release edits",2025-06-23 07:36:40,"D. Faber-Langendoen"
858054,"Northeastern North America Inland Strand & Rocky Shore Group","USNVC 3.0 pre-release edits",2025-06-23 07:36:55,"D. Faber-Langendoen"
1159195,"Quercus rubra - Acer saccharum Central Appalachian Forest","",2025-10-09 08:32:38,"D.Faber-Langendoen"
689084,"<i>Taxodium ascendens / Magnolia virginiana / Cladium mariscus ssp. jamaicense</i> Swamp Forest","",2019-02-27 12:00:00,"D. Faber-Langendoen"
790680,"Populus tremuloides / Invasive Perennial Grasses Forest","Clarify in name that this is a ruderal type.",2026-03-18 07:21:25,"D.Faber-Langendoen"
684859,"Pinus virginiana / Quercus marilandica Serpentine Ruderal Forest","Removed ""Ruderal"" because, though type is successional, it is not ruderal.",2026-03-19 12:29:54,"D. Faber-Langendoen"
1277724,"Hydrocotyle ranunculoides Aquatic Vegetation","",2026-03-20 02:49:30,"D. Faber-Langendoen"
1277634,"Cortaderia (jubata, selloana) Grassland (Provisional)","",2026-03-20 02:49:34,"D. Faber-Langendoen"
1277634,"Cortaderia (jubata, selloana) Ruderal Grassland (Provisional)","",2026-03-20 02:55:09,"D. Faber-Langendoen"
868488,"Acacia koa / Metrosideros polymorpha / Microlaena stipoides Montane Mesic Forest","",2026-03-20 02:49:42,"D. Faber-Langendoen"
1285864,"Ipomoea pes-caprae - Ipomoea indica Micronesian Beach Alliance","",2026-03-20 02:49:46,"D. Faber-Langendoen"
858746,"Ipomoea indica Herbaceous Vegetation","physiognomic nomenclature update",2020-10-27 12:00:00,"D. Faber-Langendoen"
899644,"Artemisia cana ssp. cana Shrubland Alliance","CNVC Grasslands revisions, March 2023",2024-02-23 08:18:17,"M. Tremblay, D. Downing, L. Pyle et al."
899117,"Pascopyrum smithii - Distichlis spicata - Hordeum jubatum Wet Prairie Alliance","CNVC Grasslands revisions, March 2023",2024-02-23 08:18:36,"M. Tremblay, D. Downing, L. Pyle et al."
833272,"Pinus taeda - Pinus spp. Ruderal Forest Group","IVC clean-up Dec 2023-Jan 2024",2024-02-23 08:32:24,"D. Faber-Langendoen, P. McIntyre, C. Nordman"
683356,"Glyceria borealis Wet Meadow","",2024-10-29 03:20:10,"D.Faber-Langendoen"
685270,"Spartina gracilis Wet Meadow","",2024-10-29 03:20:13,"D.Faber-Langendoen"
688338,"Ludwigia palustris - Polygonum hydropiperoides Aquatic Vegetation","",2024-10-29 12:00:00,"D.Faber-Langendoen"
684685,"Glyceria grandis Wet Meadow","",2024-10-29 03:20:35,"D.Faber-Langendoen"
902782,"Pinus contorta Rocky Mountain Woodland Alliance","MT-ID-WY regional review of USNVC, March 2023",2023-04-12 05:28:13,"Cooper,S., others, D. Faber-Langendoen"
685307,"Bouteloua gracilis Grassland","MT-ID-WY regional review of USNVC, March 2023",2023-04-12 05:28:38,"Cooper,S., others, D. Faber-Langendoen"
899318,"Artemisia tridentata ssp. tridentata - Artemisia tridentata ssp. xericensis Dry Steppe & Shrubland Alliance","California updates",2022-06-22 05:21:54,"J. Evens, R. Boul, D. Faber-Langendoen"
1278493,"Populus tremuloides Rocky Mountain Dry Herbaceous - Dwarf shrub Forest Alliance [placeholder]","MT-ID-WY USNVC reg'l review follow-up, May 2023",2023-08-02 03:54:44,"MT, ID, WY ecologists, D. Faber-Langendoen"
1275202,"Artemisia tridentata / Pascopyrum smithii Shrubland Alliance","MT-ID-WY USNVC reg'l review follow-up, May 2023",2023-08-02 03:55:24,"MT, ID, WY ecologists, D. Faber-Langendoen"
689356,"Panicum virgatum - (Pascopyrum smithii) Wet Meadow","MT-ID-WY USNVC reg'l review follow-up, May 2023",2023-08-02 03:56:42,"MT, ID, WY ecologists, D. Faber-Langendoen"
685900,"Artemisia tridentata / Bouteloua gracilis - Pleuraphis jamesii Shrubland","MT-ID-WY USNVC reg'l review follow-up, May 2023",2023-08-02 03:57:23,"MT, ID, WY ecologists, D. Faber-Langendoen"
684764,"Artemisia tridentata / Chrysothamnus viscidiflorus / (Poa secunda) Shrubland","MT-ID-WY USNVC reg'l review follow-up, May 2023",2023-08-02 03:57:28,"MT, ID, WY ecologists, D. Faber-Langendoen"
684238,"Artemisia tridentata / Sporobolus cryptandrus - Achnatherum hymenoides Shrub Grassland","MT-ID-WY USNVC reg'l review follow-up, May 2023",2023-08-02 03:57:33,"MT, ID, WY ecologists, D. Faber-Langendoen"
1268509,"Quercus fusiformis - Quercus marilandica Llano Uplift Woodland Alliance","Texas USNVC reg'l review follow-up, May 2023",2023-08-14 06:22:11,"J. Singhurst, TX ecologists, D. Faber-Langendoen"
769162,"Juniperus osteosperma / Artemisia tridentata ssp. tridentata Woodland","",2025-03-05 02:13:51,"D.Faber-Langendoen"
683155,"Juniperus osteosperma / Cercocarpus montanus Woodland","",2025-03-05 02:13:54,"D.Faber-Langendoen"
686022,"Juniperus osteosperma / Pleuraphis mutica Open Woodland","",2025-03-05 02:14:13,"D.Faber-Langendoen"
902166,"Dudleya cymosa - Dudleya lanceolata - Lichen/Moss Sparse Rock Vegetation Alliance","",2025-03-05 02:16:23,"D.Faber-Langendoen"
899345,"Artemisia arbuscula ssp. longiloba Steppe & Shrubland Alliance","",2025-03-05 02:16:56,"D.Faber-Langendoen"
932970,"Artemisia arbuscula ssp. thermopola - Artemisia papposa / Festuca idahoensis Steppe & Shrubland Alliance","",2025-03-05 02:16:58,"D.Faber-Langendoen"
1042120,"Arctic Nonacidic Low Willow Tundra Alliance","",2025-03-05 02:17:38,"D.Faber-Langendoen"
1042153,"Arctic Acidic Nontussock Sedge Tundra Alliance","",2025-03-05 02:17:57,"D.Faber-Langendoen"
686405,"Juniperus osteosperma - Juniperus monosperma / Sparse Understory Woodland","",2025-03-05 02:21:20,"D.Faber-Langendoen"
868501,"Hyparrhenia rufa - Melinus spp. Ruderal Herbaceous Vegetation","USNVC prelim review Aug 2023",2023-08-29 06:18:30,"D. Faber-Langendoen"
838070,"Melinis repens Pacific Ruderal Herbaceous Vegetation","USNVC prelim review Aug 2023",2023-08-29 06:18:40,"D. Faber-Langendoen"
887547,"Spermacoce assurgens - Zinnia peruviana - Digitaria insularis Ruderal Herbaceous Vegetation","USNVC prelim review Aug 2023",2023-08-29 06:19:20,"D. Faber-Langendoen"
887542,"Pityrogramma austroamericana - Heterotheca grandiflora Ruderal Herbaceous Vegetation","USNVC prelim review Aug 2023",2023-08-29 06:19:44,"D. Faber-Langendoen"
684112,"Saxifraga michauxii - Carex misera - Oclemena acuminata - Solidago glomerata Grassland","USNVC NC revisions",2023-10-18 06:18:37,"M. Schafale, D. Faber-Langendoen"
685564,"Polygonum spp. - Mixed Forbs Shoreline Wet Meadow","USNVC NC revisions",2023-10-18 06:19:26,"M. Schafale, D. Faber-Langendoen"
1298981,"Temperate Pyric Sclerophyll Forest & Woodland Formation","Formation to Ecobiome",2025-02-14 07:15:03,"D. Faber-Langendoen"
1298986,"Temperate Lowland-Montane Grassland & Shrubland Formation","Formation to Ecobiome",2025-02-14 07:15:03,"D. Faber-Langendoen"
1299006,"Marsh, Wet Meadow & Shrub Wetland Formation","Formation to Ecobiome",2025-02-14 07:15:03,"D. Faber-Langendoen"
1299018,"Muddy Shoreline Formation","Formation to Ecobiome",2025-02-14 07:15:03,"D. Faber-Langendoen"
884106,"Vineyard Cultural Subformation","GET Cultural name suffix revisions",2024-01-23 04:58:08,"D. Faber-Langendoen"
902985,"North American Boreal Forest Plantation Cultural Subgroup","GET Cultural name suffix revisions",2024-01-23 04:58:08,"D. Faber-Langendoen"
884010,"Temperate Wetland Shrub Crop Cultural Subgroup","GET Cultural name suffix revisions",2024-01-23 04:58:08,"D. Faber-Langendoen"
939235,"Exotic Caribbean Conifer Plantation Cultural Type","GET Cultural name suffix revisions",2024-01-23 04:58:08,"D. Faber-Langendoen"
884114,"Tea Plantation Cultural Group","GET Cultural name suffix revisions",2024-01-23 04:58:08,"D. Faber-Langendoen"
884011,"Graminoid Row Crop Cultural Subformation","GET Cultural name suffix revisions",2024-01-23 04:58:08,"D. Faber-Langendoen"
860556,"Micronesian Flooded & Swamp Forest Macrogroup","""Swamp Forest"" fix (NVC186g)",2025-07-22 07:34:57,"D. Faber-Langendoen"
860485,"Populus deltoides - Fraxinus pennsylvanica / Salix spp. Flooded & Swamp Forest Macrogroup","""Swamp Forest"" fix (NVC186g)",2025-07-22 07:35:03,"D. Faber-Langendoen"
860882,"Populus balsamifera / Salix spp. - Alnus viridis Flooded & Rich Swamp Forest Group","""Swamp Forest"" fix (NVC186g)",2025-07-22 07:35:17,"D. Faber-Langendoen"
1268495,"Annona glabra / Bacopa caroliniana Swamp Forest Alliance","""Swamp Forest"" fix (NVC186g)",2025-07-22 07:35:18,"D. Faber-Langendoen"
1268463,"Magnolia virginiana - Persea palustris - Chrysobalanus icaco Swamp Forest Alliance","""Swamp Forest"" fix (NVC186g)",2025-07-22 07:35:18,"D. Faber-Langendoen"
1171239,"Magnolia virginiana - Nyssa biflora - Quercus laurifolia West Gulf Swamp Forest Alliance","""Swamp Forest"" fix (NVC186g)",2025-07-22 07:35:23,"D. Faber-Langendoen"
899009,"Taxodium distichum - Taxodium ascendens / Panicum hemitomon Lakeshore Swamp Forest Alliance","""Swamp Forest"" fix (NVC186g)",2025-07-22 07:35:29,"D. Faber-Langendoen"
1159173,"Acer rubrum - Nyssa sylvatica Acidic Swamp Forest Alliance","""Swamp Forest"" fix (NVC186g)",2025-07-22 07:35:32,"D. Faber-Langendoen"
899542,"Picea rubens Northern Appalachian Swamp Forest Alliance","New York NVC peer review",2021-04-29 04:21:32,"D. Faber-Langendoen & NYHP"
689126,"Taxodium ascendens / Annona glabra - Cephalanthus occidentalis - Morella cerifera - Salix caroliniana Swamp Forest","""Swamp Forest"" fix (NVC186g)",2025-07-22 07:35:52,"D. Faber-Langendoen"
688101,"Taxodium ascendens / Chrysobalanus icaco - Ficus aurea - Persea palustris Swamp Forest","""Swamp Forest"" fix (NVC186g)",2025-07-22 07:35:53,"D. Faber-Langendoen"
688505,"(Quercus laurifolia) / Crataegus opaca - Crataegus viridis Swamp Forest","""Swamp Forest"" fix (NVC186g)",2025-07-22 07:35:55,"D. Faber-Langendoen"
686939,"Nyssa ogeche / Ilex myrtifolia / Carex turgescens - Carex striata Swamp Forest","""Swamp Forest"" fix (NVC186g)",2025-07-22 07:35:57,"D. Faber-Langendoen"
685287,"Quercus laurifolia - Nyssa biflora East Gulf Coastal Plain Swamp Forest","""Swamp Forest"" fix (NVC186g)",2025-07-22 07:36:00,"D. Faber-Langendoen"
683170,"Magnolia virginiana - Nyssa biflora - Magnolia grandiflora / Ilex coriacea / Solidago patula var. strictula Swamp Forest","""Swamp Forest"" fix (NVC186g)",2025-07-22 07:36:04,"D. Faber-Langendoen"
683096,"Nyssa biflora / Ilex myrtifolia / Carex glaucescens - Eriocaulon compressum Swamp Forest","""Swamp Forest"" fix (NVC186g)",2025-07-22 07:36:07,"D. Faber-Langendoen"
684012,"Gordonia lasianthus - Magnolia virginiana - Persea palustris / Sphagnum spp. Swamp Forest","""Swamp Forest"" fix (NVC186g)",2025-07-22 07:36:11,"D. Faber-Langendoen"
688121,"Chamaecyparis thyoides / Magnolia virginiana - Cliftonia monophylla / Orontium aquaticum - Sphagnum spp. Swamp Forest","""Swamp Forest"" fix (NVC186g)",2025-07-22 07:36:22,"D. Faber-Langendoen"
686501,"Nyssa biflora - Liriodendron tulipifera - Pinus (serotina, taeda) / Lyonia lucida Swamp Forest","""Swamp Forest"" fix (NVC186g)",2025-07-22 07:36:23,"D. Faber-Langendoen"
689279,"Quercus virginiana - Quercus pagoda - Liquidambar styraciflua / Sabal minor - Ilex vomitoria Swamp Forest","""Swamp Forest"" fix (NVC186g)",2025-07-22 07:36:25,"D. Faber-Langendoen"
690076,"Quercus virginiana - Celtis laevigata - Quercus pagoda / Sabal minor Swamp Forest","""Swamp Forest"" fix (NVC186g)",2025-07-22 07:36:31,"D. Faber-Langendoen"
686514,"Nyssa biflora / Cephalanthus occidentalis - Eubotrys racemosa Swamp Forest","""Swamp Forest"" fix (NVC186g)",2025-07-22 07:36:36,"D. Faber-Langendoen"
687899,"Acer rubrum - Fraxinus pennsylvanica / Packera aurea - Carex bromoides - Pilea fontana Swamp Forest","""Swamp Forest"" fix (NVC186g)",2025-07-22 07:36:41,"D. Faber-Langendoen"
686573,"Fraxinus nigra - Acer rubrum / Rhamnus alnifolia / Carex leptalea Swamp Forest","""Swamp Forest"" fix (NVC186g)",2025-07-22 07:36:42,"D. Faber-Langendoen"
683296,"Larix laricina / Alnus incana Swamp Forest","""Swamp Forest"" fix (NVC186g)",2025-07-22 07:36:51,"D. Faber-Langendoen"
684745,"Pinus contorta var. murrayana - Populus tremuloides / Spiraea douglasii Swamp Forest","""Swamp Forest"" fix (NVC186g)",2025-07-22 07:37:06,"D. Faber-Langendoen"
684932,"Alnus rubra / Athyrium filix-femina - Lysichiton americanus Swamp Forest","""Swamp Forest"" fix (NVC186g)",2025-07-22 07:37:12,"D. Faber-Langendoen"
688874,"Alnus rubra / Rubus spectabilis / Carex obnupta - Lysichiton americanus Riparian Forest","",2024-10-29 03:20:33,"D.Faber-Langendoen"
683642,"Populus tremuloides / Carex obnupta Riparian Forest","Washington NCCN Wetlands",2021-12-26 11:05:15,"Tynan Ramm-Granberg"
979484,"Tsuga heterophylla - (Thuja plicata, Alnus rubra) / Lysichiton americanus - Athyrium filix-femina Swamp Forest","""Swamp Forest"" fix (NVC186g)",2025-07-22 07:37:19,"D. Faber-Langendoen"
683128,"Callitropsis nootkatensis / Oplopanax horridus Swamp Forest","""Swamp Forest"" fix (NVC186g)",2025-07-22 07:37:22,"D. Faber-Langendoen"
1344253,"Alaskan Pacific Floodplain Marsh & Wet Meadow Group","",2025-07-28 01:09:20,"D.Faber-Langendoen"
926768,"Carex spp. - Calamagrostis canadensis Wet Meadow Alliance","NVC117 WV VA carex types",2020-02-12 05:14:56,"D. Faber-Langendoen"
884102,"Tree Orchard Cultural Subformation","GET Cultural name suffix revisions",2024-01-23 04:58:08,"D. Faber-Langendoen"
865352,"Other Developed Land Cultural Subformation","GET Cultural name suffix revisions",2024-01-23 04:58:08,"D. Faber-Langendoen"
865349,"Lawn & Recreational Grassland Cultural Subformation","GET_revisions",2024-01-23 03:28:53,"D. Faber-Langendoen"
884042,"Tropical & Temperate Permanent Planted Grassland Cultural Subgroup","GET Cultural name suffix revisions",2024-01-23 04:58:08,"D. Faber-Langendoen"
884100,"Urban & Recreational Pond Cultural Group","GET Cultural name suffix revisions",2024-01-23 04:58:08,"D. Faber-Langendoen"
884053,"Other Derived Weed Field Cultural Group","GET Cultural name suffix revisions",2024-01-23 04:58:08,"D. Faber-Langendoen"
884089,"Developed Wetland Vegetation Cultural Subformation","GET_revisions",2024-01-23 03:28:54,"D. Faber-Langendoen"
884029,"Tropical & Temperate Close Grain Crop Cultural Subgroup","GET Cultural name suffix revisions",2024-01-23 04:58:08,"D. Faber-Langendoen"
884113,"Other Bush Crop Cultural Subformation","GET Cultural name suffix revisions",2024-01-23 04:58:08,"D. Faber-Langendoen"
884084,"Shrub & Herb Developed Vegetation Cultural Group","GET_revisions",2024-01-23 03:40:38,"D. Faber-Langendoen"
884098,"Tropical & Temperate Aquaculture Cultural Subgroup","GET Cultural name suffix revisions",2024-01-23 04:58:08,"D. Faber-Langendoen"
939236,"Native Caribbean Hardwood Plantation Cultural Type","GET Cultural name suffix revisions",2024-01-23 04:58:08,"D. Faber-Langendoen"
884088,"Temperate Tree Developed Vegetation Cultural Subgroup","GET_revisions",2024-01-23 12:00:00,"D. Faber-Langendoen"
884036,"Permanent Pasture & Grass Hay Field Cultural Group","GET Cultural name suffix revisions",2024-01-23 04:58:08,"D. Faber-Langendoen"
689311,"Pinus ponderosa Limestone Cliff Sparse Vegetation","remaining edits for V3.0 release",2025-08-14 05:41:12,"D. Faber-Langendoen"
683315,"Polypodium pellucidum Sparse Vegetation","remaining edits for V3.0 release",2025-08-14 05:41:12,"D. Faber-Langendoen"
884054,"Other Tropical & Temperate Weed Field Vegetation Anthro-group","remaining edits for V3.0 release",2025-08-14 05:41:17,"D. Faber-Langendoen"
686112,"Clay Seeps Sparse Vegetation","remaining edits for V3.0 release",2025-08-14 05:41:17,"D. Faber-Langendoen"
689883,"<i>Dasiphora fruticosa ssp. floribunda / Clinopodium arkansanum - Argentina anserina - Primula mistassinica</i> Lakeshore Sparse Vegetation","",2019-02-21 12:00:00,"D. Faber-Langendoen"
690029,"Limestone Cobble - Gravel Great Lakes Shore Sparse Vegetation","remaining edits for V3.0 release",2025-08-14 05:41:19,"D. Faber-Langendoen"
686070,"Non-alkaline Cobble - Gravel Great Lakes Shore Sparse Vegetation","remaining edits for V3.0 release",2025-08-14 05:41:20,"D. Faber-Langendoen"
689551,"Brackish - Tidal Coastal Marine Mudflats Sparse Vegetation","remaining edits for V3.0 release",2025-08-14 05:41:20,"D. Faber-Langendoen"
683344,"Artemisia cana ssp. cana - Sarcobatus vermiculatus - (Ericameria nauseosa) Wet Shrubland","CNVC AB-SK-MB rangelands & MT regional USNVC reviews",2023-03-27 04:48:44,"Cooper, S. et al; Tremblay, Pyle, Downing, DFL"
687610,"Magnolia virginiana - Persea palustris - Chrysobalanus icaco / Cladium mariscus Woodland","Cladium mariscus ssp. jamaicense refers to sawgrass in the Western Hemisphere following USDA Plants 2016, the standard for the USNVC 3.0. The full species name is not used in the Western Hemisphere.",2026-03-18 01:14:31,"K. Palmquist, Regional Editor"
686276,"Quercus emoryi / Dasylirion wheeleri Scrub Woodland","Southwest regional peer review (NM, AZ, CO, UT, NV)",2023-02-17 02:46:29,"E. Muldavin et al."
684363,"Quercus grisea / Rhus trilobata Scrub Woodland","Southwest regional peer review (NM, AZ, CO, UT, NV)",2023-02-17 02:46:50,"E. Muldavin et al."
836760,"Northern Atlantic Coastal Hardwood - Conifer Swamp","",2019-02-01 12:00:00,"D. Faber-Langendoen"
848779,"Cladium mariscus - Eleocharis cellulosa - Rhynchospora tracyi Freshwater Marsh Group","Cladium mariscus ssp. jamaicense refers to sawgrass in the Western Hemisphere following USDA Plants 2016, the standard for the USNVC 3.0. The full species name is not used in the Western Hemisphere.",2026-03-18 01:15:22,"K. Palmquist, Regional Editor"
848779,"<i>Cladium mariscus ssp. jamaicense - Eleocharis cellulosa - Rhynchospora tracyi</i> Freshwater Marsh Group","",2019-02-27 12:00:00,"D. Faber-Langendoen"
686343,"Conocarpus erectus - (Laguncularia racemosa) / Cladium mariscus Scrub","Cladium mariscus ssp. jamaicense refers to sawgrass in the Western Hemisphere following USDA Plants 2016, the standard for the USNVC 3.0. The full species name is not used in the Western Hemisphere.",2026-03-18 01:14:00,"K. Palmquist, Regional Editor"
860294,"Sarcocornia pacifica - Carex lyngbyei - Jaumea carnosa Temperate & Boreal Pacific Rim Coastal Salt Marsh Division","Nomenclature fix (NVC186g)",2025-07-22 04:53:45,"D. Faber-Langendoen"
884494,"Acer saccharum - Betula lenta - Quercus rubra Forest Group","Peer Review",2019-11-04 12:00:00,"Don Faber-Langendoen"
899120,"<i>Cladium mariscus ssp. jamaicense</i> Floodplain Marsh Alliance","",2019-02-27 12:00:00,"D. Faber-Langendoen"
688203,"<i>Taxodium ascendens / Paspalum monostachyum - Rhynchospora microcarpa - Cladium mariscus ssp. jamaicense</i> Swamp Woodland","",2019-02-27 12:00:00,"D. Faber-Langendoen"
683386,"Panicum virgatum - Andropogon glomeratus - Cladium mariscus Wet Meadow","<i>Cladium mariscus </i>ssp. <i>jamaicense</i> refers to sawgrass in the Western Hemisphere following USDA Plants 2016, the standard for the USNVC 3.0. The full species name is not used in the Western Hemisphere.",2026-03-18 12:00:00,"K. Palmquist, Regional Editor"
685814,"Cladium mariscus - Woodwardia virginica Marsh","Cladium mariscus ssp. jamaicense refers to sawgrass in the Western Hemisphere following USDA Plants 2016, the standard for the USNVC 3.0. The full species name is not used in the Western Hemisphere.",2026-03-18 01:13:54,"K. Palmquist, Regional Editor"
687678,"<i>Panicum virgatum - (Cladium mariscus ssp. jamaicense, Juncus roemerianus)</i> Salt Marsh","",2019-02-27 12:00:00,"D. Faber-Langendoen"
736402,"<i>Rhynchospora (alba, cephalantha) - Muhlenbergia uniflora - Lophiola aurea</i> Savanna","",2019-01-09 12:00:00,"K. Walz"
736405,"Muhlenbergia torreyana - Lobelia canbyi - Rhynchospora alba Wet Meadow","Northeast review 2020",2020-08-10 08:46:12,"D. Faber-Langendoen"
877688,"Acer saccharinum - Celtis laevigata - Liquidambar styraciflua Floodplain Forest Group","Northeast review 2020",2020-08-10 08:46:21,"D. Faber-Langendoen"
899532,"Quercus palustris - Quercus bicolor Flooded & Swamp Forest Alliance","Northeast review 2020",2020-08-10 08:46:22,"D. Faber-Langendoen"
860384,"Indo-West Pacific Mangrove Division","Indo-Pacific is only Western Pacific by definition.",2020-09-03 12:00:00,"D. Faber-Langendoen"
687884,"<i>Ambrosia dumosa - Larrea tridentata var. tridentata</i> Dwarf-shrubland","",2019-04-29 12:00:00,"M. Reid"
737487,"<i>Juglans major - Acer negundo / Rhus trilobata var. trilobata</i> Flooded Forest","",2019-04-29 12:00:00,"M. Reid"
728669,"<i>Larix lyallii / Vaccinium membranaceum / Luzula glabrata var. hitchcockii </i>Woodland","",2019-04-29 12:00:00,"M. Reid"
684797,"<i>Larix lyallii / Vaccinium scoparium / Luzula glabrata var. hitchcockii</i> Woodland","",2019-04-29 12:00:00,"M. Reid"
737558,"<i>Populus angustifolia / Forestiera pubescens var. pubescens</i> Riparian Woodland","",2019-04-29 12:00:00,"M. Reid"
684118,"Casuarina equisetifolia Planted Forest","physiognomic nomenclature update",2020-10-27 11:43:27,"D. Faber-Langendoen"
900108,"<i>Schizachyrium scoparium - Bouteloua curtipendula - Sorghastrum nutans</i> Central Bedrock Grassland Alliance","",2019-02-01 12:00:00,"D. Faber-Langendoen"
899598,"<i>Dulichium arundinaceum - Carex</i> spp. Southern Interior Marsh Alliance","",2019-02-05 12:00:00,"D. Faber-Langendoen"
684944,"<i>Juniperus virginiana var. virginiana - Celtis tenuifolia - Cercis canadensis / Sporobolus clandestinus - Danthonia sericea</i> Woodland","",2019-02-20 12:00:00,"D. Faber-Langendoen"
686525,"<i>Quercus muehlenbergii - Quercus (alba, velutina) - (Juniperus virginiana var. virginiana)</i> Driftless Bluff Woodland","",2019-02-20 12:00:00,"D. Faber-Langendoen"
683353,"<i>Juniperus virginiana var. virginiana - Phyllanthopsis phyllanthoides - (Quercus nigra, Ilex vomitoria)</i> Riverscour Shrubland","",2019-02-20 12:00:00,"D. Faber-Langendoen"
689929,"<i>Dasiphora fruticosa ssp. floribunda / Schizachyrium scoparium</i> Shrub Grassland","",2019-02-21 12:00:00,"D. Faber-Langendoen"
899621,"<i>Juniperus occidentalis</i> / Shrub Understory Woodland Alliance","",2019-01-09 12:00:00,"D. Faber-Langendoen"
899634,"<i>Pinus edulis - Juniperus monosperma</i> / Shrub Understory Woodland Alliance","",2019-01-09 12:00:00,"D. Faber-Langendoen"
899635,"<i>Pinus edulis - Juniperus monosperma</i> / Herbaceous Understory Open Woodland Alliance","",2019-01-09 12:00:00,"D. Faber-Langendoen"
683149,"<i>Quercus (velutina, alba) / Vaccinium pallidum / Pteridium aquilinum</i> High Allegheny Plateau, Western Allegheny Plateau Forest","",2019-01-09 12:00:00,"L. Sneddon/D. Faber-Langendoen"
683951,"Picea engelmannii / Senecio triangularis Swamp Forest","Washington NCCN Wetlands",2021-12-26 11:05:04,"Tynan Ramm-Granberg"
685290,"Salix (hookeriana, sitchensis) - Spiraea douglasii Wet Shrubland","Washington NCCN Wetlands",2021-12-26 11:05:32,"Tynan Ramm-Granberg"
688758,"Salix (farriae, planifolia) / Carex utriculata Wet Shrubland","Washington NCCN Wetlands",2021-12-26 11:05:42,"Tynan Ramm-Granberg"
942422,"Pseudotsuga menziesii - (Alnus rubra, Tsuga heterophylla) / Rubus spectabilis Forest","WA NCCN Uplands",2022-02-23 04:09:10,"T. Ramm-Granberg"
835811,"Pinus albicaulis - Abies lasiocarpa - Larix lyallii Northern Rocky Mountain Woodland Group","Interior West Group & Alliance review",2022-04-12 12:19:11,"J. Triepke"
685137,"Quercus alba - Carya tomentosa / Ostrya virginiana / Carex pensylvanica - Schizachyrium scoparium Forest","NVC163 Central Midwest regional review",2022-04-14 02:41:23,"D. Faber-Langendoen, M. Leahy, et al"
689799,"Quercus alba / Carex pensylvanica - Carex ouachitana Dwarf Forest","NVC163 Central Midwest regional review",2022-04-14 02:41:28,"D. Faber-Langendoen, M. Leahy, et al"
688765,"Thuja occidentalis - Pinus strobus - Tsuga canadensis / Carex eburnea Cliff Woodland","NVC129 (J. Vanderhorst)",2020-11-09 12:00:00,"D. Faber-Langendoen"
684358,"Quercus alba / Physocarpus opulifolius / Packera plattensis - Hexastylis arifolia var. ruthii Forest","Appalachians, Piedmont review, part 2",2020-12-09 12:37:20,"D. Faber-Langendoen"
730773,"Phleum pratense - Poa pratensis - Bromus inermis Ruderal Grassland","CNVC AB-SK-MB rangelands & MT regional USNVC reviews",2023-03-27 04:48:35,"Cooper, S. et al; Tremblay, Pyle, Downing, DFL"
686887,"Sarcobatus vermiculatus / Artemisia tridentata Wet Shrubland","CNVC AB-SK-MB rangelands & MT regional USNVC reviews",2023-03-27 04:49:00,"Cooper, S. et al; Tremblay, Pyle, Downing, DFL"
898956,"Quercus hemisphaerica - Quercus nigra Forest Alliance","Florida USNVC preliminary review",2023-03-30 01:47:26,"Nordman, C., D. Faber-Langendoen"
685122,"Populus deltoides ssp. monilifera / Pascopyrum smithii Riparian Woodland","MT-ID-WY, CO-WY reg'l review of USNVC, spring 2023",2023-05-01 12:00:00,"WY Heritage staff, D. Faber-Langendoen"
686924,"Populus deltoides (ssp. wislizeni, ssp. monilifera) / Salix exigua Riparian Woodland","California updates",2022-06-22 05:21:34,"J. Evens, R. Boul, D. Faber-Langendoen"
1268555,"Nyssa biflora - Taxodium distichum - Acer rubrum Tidal Swamp Forest Alliance","Southeast US reg'l review of USNVC, April 2023",2023-05-11 02:40:02,"D. Faber-Langendoen"
1268499,"Ipomoea pes-caprae - Cakile lanceolata Beach Alliance","Southeast US reg'l review of USNVC, April 2023",2023-05-11 02:40:11,"D. Faber-Langendoen"
898960,"Eucalyptus spp. Ruderal Forest Alliance","Marin & San Mateo Counties CNPS USNVC review",2023-04-05 05:27:28,"Evens, J., Boul, R., McIntyre, P."
687038,"Dasiphora fruticosa / Carex interior - Carex flava - Sarracenia purpurea Fen","Northeast review, part 2",2020-12-16 06:39:55,"D. Faber-Langendoen"
688390,"Populus balsamifera ssp. trichocarpa / Mixed Herbs Riparian Forest","Washington updates",2022-08-08 11:04:54,"T. Ramm-Granberg & D. Faber-Langendoen"
899800,"Salix lucida Scrub Swamp Alliance","Washington NCCN Wetlands",2021-12-26 11:04:42,"Tynan Ramm-Granberg"
900014,"Amelanchier alnifolia Central Rocky Mountain Montane-Foothill Shrubland Alliance","Washington updates",2022-08-08 11:05:14,"T. Ramm-Granberg & D. Faber-Langendoen"
899947,"Typha domingensis - Typha latifolia - Phragmites australis ssp. americanus Western Marsh Alliance","Washington updates",2022-08-08 11:05:54,"T. Ramm-Granberg & D. Faber-Langendoen"
686488,"Deschampsia cespitosa - Horkelia marinensis Marsh","Washington updates",2022-08-08 11:06:18,"T. Ramm-Granberg & D. Faber-Langendoen"
737975,"Salix irrorata / Carex rostrata Wet Shrubland","Washington updates",2022-08-08 11:06:36,"T. Ramm-Granberg & D. Faber-Langendoen"
948546,"Oxycaryum cubense - Salvinia molesta Exotic Floating Mat","Fixed name by replacing ""Exotic"" with ""Ruderal"".",2021-08-18 01:18:43,"D. Faber-Langendoen"
687551,"Prosopis glandulosa var. glandulosa / Colubrina texensis - Monarda fruticulosa - Waltheria indica Scrub","Southwest regional peer review (NM, AZ, CO, UT, NV)",2023-02-17 02:47:58,"E. Muldavin et al."
898962,"Pseudotsuga menziesii - Notholithocarpus densiflorus Forest Alliance","USNVC California review",2023-02-20 06:55:36,"Evens, J., R. Boul, D. Faber-Langendoen"
943237,"Grindelia stricta - Grindelia sp. Wet Mudflat Alliance","USNVC California review",2023-02-20 06:56:11,"Evens, J., R. Boul, D. Faber-Langendoen"
899035,"Allenrolfea occidentalis Wet Shrubland Alliance","California updates",2022-06-22 05:21:47,"J. Evens, R. Boul, D. Faber-Langendoen"
899308,"Artemisia tridentata ssp. tridentata - Artemisia tridentata ssp. xericensis Mesic Steppe & Shrubland Alliance","California updates",2022-06-22 05:21:59,"J. Evens, R. Boul, D. Faber-Langendoen"
899072,"Artemisia rothrockii Shrubland Alliance","California updates",2022-06-22 05:22:13,"J. Evens, R. Boul, D. Faber-Langendoen"
683219,"Vachellia farnesiana - Celtis laevigata - Celtis ehrenbergiana Ruderal Scrub","The taxon concept of Celtis ehrenbergiana is in dispute, and the preferred species name is Celtis pallida (Hendrickson 2010, exception to USDA PLANTS).",2025-12-31 03:49:46,"D.Faber-Langendoen"
1150931,"Pinus banksiana - Pinus resinosa - Picea rubens Acadian-Appalachian Forest & Woodland Alliance","New Hampshire EIA work & associated NVC refinements",2022-10-17 08:12:16,"W. Nichols, D Faber-Langendoen"
899191,"Juniperus ashei Southern Plains Ruderal Forest Alliance","",2025-04-11 07:18:33,"D.Faber-Langendoen"
1268557,"Grayia spinosa - Salvia dorii - Atriplex confertifolia Ash & Tuff Vegetation Alliance","",2025-05-05 08:38:09,"D.Faber-Langendoen"
684954,"(Morella cerifera) / Panicum virgatum - Spartina patens Wet Meadow","USNVC VA clean-up",2023-12-22 03:04:43,"K. Pattersons, D. Faber-Langendoen"
860780,"Metrosideros polymorpha - Cheirodendron spp. / Cibotium spp. Hawaiian Montane Rainforest & Cloud Forest Group","Nomenclature fix (NVC186g)",2025-07-22 04:53:07,"D. Faber-Langendoen"
932050,"Quercus virginiana - Quercus fusiformis - Quercus hemisphaerica Forest Macrogroup","Nomenclature fix (NVC186g)",2025-07-22 04:53:08,"D. Faber-Langendoen"
933350,"Quercus hemisphaerica - Quercus geminata - Quercus nigra Coastal Plain Forest Group","Nomenclature fix (NVC186g)",2025-07-22 04:53:08,"D. Faber-Langendoen"
838440,"Pinus leiophylla - Pseudotsuga menziesii / Quercus hypoleucoides Madrean Montane Forest & Woodland Macrogroup","Nomenclature fix (NVC186g)",2025-07-22 04:53:10,"D. Faber-Langendoen"
860348,"Quercus agrifolia - Umbellularia californica - Hesperocyparis spp. Forest & Woodland Division","Nomenclature fix (NVC186g)",2025-07-22 04:53:10,"D. Faber-Langendoen"
1279620,"Quercus stellata - Quercus muehlenbergii - Pinus echinata Forest & Woodland Macrogroup","Nomenclature fix (NVC186g)",2025-07-22 04:53:13,"D. Faber-Langendoen"
1284769,"Southern Great Plains Forest & Woodland Macrogroup","Nomenclature fix (NVC186g)",2025-07-22 04:53:13,"D. Faber-Langendoen"
835948,"Tsuga heterophylla - Picea sitchensis - Sequoia sempervirens Rainforest Macrogroup","Nomenclature fix (NVC186g)",2025-07-22 04:53:14,"D. Faber-Langendoen"
1085042,"Pinus monophylla - Juniperus osteosperma - Juniperus occidentalis Intermountain Woodland Macrogroup","Nomenclature fix (NVC186g)",2025-07-22 04:53:14,"D. Faber-Langendoen"
838600,"Abies lasiocarpa - Picea engelmannii Rocky Mountain Forest & Woodland Macrogroup","Nomenclature fix (NVC186g)",2025-07-22 04:53:16,"D. Faber-Langendoen"
835750,"Picea engelmannii - Abies lasiocarpa - Tsuga mertensiana Moist Forest & Woodland Group","Interior West Group & Alliance review",2022-04-12 12:19:05,"J. Triepke"
860664,"North American Northern Boreal Woodland Macrogroup","Nomenclature fix (NVC186g)",2025-07-22 04:53:19,"D. Faber-Langendoen"
881429,"Caribbean-Mesoamerican Lowland Ruderal Grassland & Shrubland Macrogroup","Nomenclature fix (NVC186g)",2025-07-22 04:53:19,"D. Faber-Langendoen"
860858,"Micronesian Lowland Shrub, Grassland &amp; Savanna Group","ruderal type",2020-08-26 12:00:00,"P. Comer"
860593,"Hawaiian Cliff, Scree & Rock Vegetation Macrogroup","USNVC 3.0 pre-release edits",2025-06-23 07:35:10,"D. Faber-Langendoen"
877347,"Carex pensylvanica - Danthonia compressa - Sibbaldiopsis tridentata Southern Appalachian Grass Bald Group","Nomenclature fix (NVC186g)",2025-07-22 04:53:21,"D. Faber-Langendoen"
857357,"Sedum nuttallianum - Lesquerella gordonii - Sporobolus vaginiflorus Glade Vegetation Group","Nomenclature fix (NVC186g)",2025-07-22 04:53:25,"D. Faber-Langendoen"
856954,"Schizachyrium scoparium - Bouteloua curtipendula - Pascopyrum smithii Mixedgrass Prairie Group","Nomenclature fix (NVC186g)",2025-07-22 04:53:25,"D. Faber-Langendoen"
856981,"Hesperostipa comata - Bouteloua gracilis Dry Mixedgrass Prairie Group","Nomenclature fix (NVC186g)",2025-07-22 04:53:25,"D. Faber-Langendoen"
1270111,"Salix barclayi - Phyllodoce aleutica - Athyrium filix-femina Aleutian Heath & Meadow Macrogroup","Nomenclature fix (NVC186g)",2025-07-22 04:53:26,"D. Faber-Langendoen"
1270111,"Aleutian Heath & Meadow Macrogroup","USNVC 3.0 pre-release edits",2025-06-23 07:35:26,"D. Faber-Langendoen"
858134,"Polypodium spp. - Umbilicaria spp. - Danthonia spicata Erosional Bluff Group","Nomenclature fix (NVC186g)",2025-07-22 04:53:27,"D. Faber-Langendoen"
895818,"Intermountain Sparsely Vegetated Dune Scrub & Grassland Group","Nomenclature fix (NVC186g)",2025-07-22 04:53:28,"D. Faber-Langendoen"
837794,"Artemisia tridentata - Artemisia tripartita - Purshia tridentata Big Sagebrush Steppe & Shrubland Group","Nomenclature fix (NVC186g)",2025-07-22 04:53:29,"D. Faber-Langendoen"
860499,"Bouteloua eriopoda - Muhlenbergia emersleyi - Pleuraphis mutica Chihuahuan Semi-Desert Grassland Macrogroup","Nomenclature fix (NVC186g)",2025-07-22 04:53:31,"D. Faber-Langendoen"
837750,"Tiquilia hispidissima / Bouteloua breviseta - Sporobolus nealleyi Grassland Group","Nomenclature fix (NVC186g)",2025-07-22 04:53:31,"D. Faber-Langendoen"
899366,"Artemisia filifolia / Andropogon hallii - Bouteloua breviseta Gypsum Dune Desert Grassland Alliance","",2025-07-10 04:24:39,"D.Faber-Langendoen"
879239,"North American Warm Semi-Desert Dune & Sand Flats Group","Nomenclature fix (NVC186g)",2025-07-22 04:53:33,"D. Faber-Langendoen"
860275,"Salix arctica - Ledum palustre ssp. decumbens / Dryas integrifolia Tundra Division","Nomenclature fix (NVC186g)",2025-07-22 04:53:33,"D. Faber-Langendoen"
860619,"Vancouverian Alpine Tundra Macrogroup","USNVC 3.0 pre-release edits",2025-06-23 07:36:21,"D. Faber-Langendoen"
838755,"Quercus michauxii - Taxodium distichum - Carya illinoinensis Southern Floodplain Forest Macrogroup","Nomenclature fix (NVC186g)",2025-07-22 04:53:35,"D. Faber-Langendoen"
889361,"Triadica sebifera - Melaleuca quinquenervia - Schinus terebinthifolius Ruderal Flooded & Swamp Forest Group","Nomenclature fix (NVC186g)",2025-07-22 04:53:35,"D. Faber-Langendoen"
860360,"Populus fremontii - Platanus wrightii - Celtis laevigata Southwest North American Flooded Forest Division","Nomenclature fix (NVC186g)",2025-07-22 04:53:36,"D. Faber-Langendoen"
860591,"Western Arid Lowland Flooded Forest Macrogroup","Nomenclature fix (NVC186g)",2025-07-22 04:53:36,"D. Faber-Langendoen"
860521,"Rhynchospora chapmanii - Eleocharis equisetoides - Panicum hemitomon Wet Prairie & Marsh Macrogroup","Nomenclature fix (NVC186g)",2025-07-22 04:53:37,"D. Faber-Langendoen"
938463,"Mid-Atlantic - Northeast Riverbar Annual Vegetation Alliance","Nomenclature fix (NVC186g)",2025-07-22 04:53:38,"D. Faber-Langendoen"
860473,"Juncus effusus - Lythrum salicaria - Phalaris arundinacea Eastern North American Ruderal Marsh, Wet Meadow & Shrubland Macrogroup","Nomenclature fix (NVC186g)",2025-07-22 04:53:38,"D. Faber-Langendoen"
857235,"Salix exigua - Crataegus spp. - Forestiera pubescens Rocky Mountain-Great Basin Riparian Shrubland Group","Nomenclature fix (NVC186g)",2025-07-22 04:53:40,"D. Faber-Langendoen"
1344237,"Alnus viridis - Alnus incana ssp. tenuifolia - Elymus trachycaulus Mesic Floodplain Shrubland Group","Nomenclature fix (NVC186g)",2025-07-22 04:53:41,"D. Faber-Langendoen"
1344237,"Western Boreal Mesic Floodplain Shrubland Group","USNVC 3.0 pre-release edits",2025-06-23 07:36:41,"D. Faber-Langendoen"
893248,"Arctophila fulva - Carex aquatilis - Eriophorum angustifolium Arctic Marsh & Wet Meadow Macrogroup","Fix error detected in QC",2020-01-06 12:00:00,"D. Faber-Langendoen"
894453,"Eastern North American Inland Saline Marsh Group","Nomenclature fix (NVC186g)",2025-07-22 04:53:42,"D. Faber-Langendoen"
1299044,"North Pacific Fen Macrogroup","USNVC 3.0 pre-release edits",2025-06-17 07:12:00,"D. Faber-Langendoen"
1361913,"Cornus sericea - Carex pellita - Eleocharis rostellata Alkaline Fen Macrogroup","Nomenclature fix (NVC186g)",2025-07-22 04:53:43,"D. Faber-Langendoen"
856702,"Kobresia myosuroides - Carex buxbaumii Fen Group","Nomenclature fix (NVC186g)",2025-07-22 04:53:43,"D. Faber-Langendoen"
860576,"Nuphar polysepala - Azolla filiculoides - Elodea nuttallii Western North American Freshwater Aquatic Vegetation Macrogroup","Nomenclature fix (NVC186g)",2025-07-22 04:53:44,"D. Faber-Langendoen"
860714,"North American Atlantic & Gulf Coastal Salt Marsh Macrogroup","Nomenclature fix (NVC186g)",2025-07-22 04:53:45,"D. Faber-Langendoen"
689827,"<i>Pinus palustris - (Pinus elliottii var. elliottii) / Ilex coriacea - Cyrilla racemiflora</i> Woodland","",2019-02-28 12:00:00,"D. Faber-Langendoen"
684152,"<i>Pinus palustris - Pinus elliottii var. elliottii / Ctenium aromaticum - Aristida beyrichiana - (Sporobolus floridanus)</i> Woodland","",2019-02-28 12:00:00,"D. Faber-Langendoen"
685530,"<i>Pinus palustris - (Pinus elliottii var. elliottii) / Ilex vomitoria / Muhlenbergia expansa - Agalinis filicaulis</i> Woodland","",2019-02-28 12:00:00,"D. Faber-Langendoen"
683763,"<i>Pinus elliottii var. elliottii - (Pinus palustris) / Morella cerifera - Ilex coriacea</i> Ruderal Wet Woodland","",2019-02-28 12:00:00,"D. Faber-Langendoen"
685276,"<i>Pinus palustris - Pinus elliottii var. elliottii / Quercus chapmanii / Aristida beyrichiana</i> Woodland","",2019-02-28 12:00:00,"D. Faber-Langendoen"
689418,"Phyllodoce empetriformis /- Vaccinium deliciosum Alpine Dwarf-shrubland","",2024-06-21 04:42:09,"D.Faber-Langendoen"
689418,"Phyllodoce empetriformis / Vaccinium deliciosum Alpine Dwarf-shrubland","WA NCCN Uplands",2022-02-23 04:09:02,"T. Ramm-Granberg"
1225209,"Heracleum maximum - Carex scopulorum var. bracteosa - Veratrum viride Wet Meadow Alliance","Move to A4243 because this is an interdunal type (TRG 3/18/24, NVC184_GrpMap_v0.9).",2024-06-21 12:00:00,"D. Faber-Langendoen"
689442,"Empetrum nigrum - Gaylussacia dumosa - Rubus chamaemorus / Sphagnum spp. Acidic Peatland","",2024-06-28 12:22:24,"D.Faber-Langendoen"
801747,"Juniperus ashei Ruderal Forest","USNVC 3.0 pre-release edits",2025-06-23 07:34:50,"D. Faber-Langendoen"
1279622,"Piedmont-Cumberland Acidic Glade & Barrens Group","USNVC 3.0 pre-release edits",2025-06-23 07:35:12,"D. Faber-Langendoen"
688984,"Asplenium ruta-muraria - Pellaea atropurpurea Cliff Sparse Vegetation","USNVC 3.0 pre-release edits",2025-06-23 07:35:32,"D. Faber-Langendoen"
900045,"Appalachian Mafic - Circumneutral Cliff Alliance","New Hampshire EIA work & associated NVC refinements",2022-10-17 08:12:55,"W. Nichols, D Faber-Langendoen"
686196,"(Hydrangea arborescens) / Heuchera villosa - Asplenium trichomanes - Thalictrum clavatum / Conocephalum salebrosum Cliff Shrubland","USNVC 3.0 pre-release edits",2025-06-23 07:35:34,"D. Faber-Langendoen"
683903,"Osmunda cinnamomea - Rhynchospora capitellata - Thalictrum mirabile Cumberland Seepage Cliff Vegetation","USNVC 3.0 pre-release edits",2025-06-23 07:35:38,"D. Faber-Langendoen"
684628,"Trichophorum cespitosum - Osmunda regalis - Rhynchospora capitellata - Oxypolis rigidior Cliff Vegetation","USNVC 3.0 pre-release edits",2025-06-23 07:35:40,"D. Faber-Langendoen"
686958,"Vittaria appalachiana - Heuchera parviflora var. parviflora - Houstonia serpyllifolia / Plagiochila spp. Cliff Vegetation","USNVC 3.0 pre-release edits",2025-06-23 07:35:40,"D. Faber-Langendoen"
684345,"Pellaea atropurpurea Cliff Sparse Vegetation","USNVC 3.0 pre-release edits",2025-06-23 07:35:45,"D. Faber-Langendoen"
688094,"Drosera rotundifolia - Viola spp. Cliff Sparse Vegetation","USNVC 3.0 pre-release edits",2025-06-23 07:35:59,"D. Faber-Langendoen"
687412,"Carex scirpoidea Alkaline Cliff Sparse Vegetation","Northeast review, part 2",2020-12-16 06:40:42,"D. Faber-Langendoen"
687412,"Carex scirpoidea Alkaline Cliff Vegetation","USNVC 3.0 pre-release edits",2025-06-23 07:36:02,"D. Faber-Langendoen"
860694,"Great Plains Cliff, Scree & Rock Vegetation Macrogroup","USNVC 3.0 pre-release edits",2025-06-23 07:36:03,"D. Faber-Langendoen"
687645,"Limestone Butte Sparse Vegetation","USNVC 3.0 pre-release edits",2025-06-23 07:36:08,"D. Faber-Langendoen"
1277748,"Lichen Gravel - Bedrock Nonvascular Sparse Vegetation","USNVC 3.0 pre-release edits",2025-06-23 07:36:12,"D. Faber-Langendoen"
899836,"Sedum spathulifolium Rock Vegetation Alliance","USNVC 3.0 pre-release edits",2025-06-23 07:36:12,"D. Faber-Langendoen"
683065,"Heuchera bracteata - Heuchera parvifolia var. nivalis Rock Vegetation","USNVC 3.0 pre-release edits",2025-06-23 07:36:16,"D. Faber-Langendoen"
685684,"Granite - Metamorphic Black Hills Rock Outcrop Sparse Vegetation","USNVC 3.0 pre-release edits",2025-06-23 07:36:17,"D. Faber-Langendoen"
689796,"Scree - Talus Black Hills Sparse Vegetation","USNVC 3.0 pre-release edits",2025-06-23 07:36:17,"D. Faber-Langendoen"
900055,"Northern Appalachian Alpine Cliff Alliance","USNVC 3.0 pre-release edits",2025-06-23 07:36:20,"D. Faber-Langendoen"
1093904,"Laurentian-Acadian Wet Meadow & Shrub Swamp Group","USNVC 3.0 pre-release edits",2025-06-23 07:36:28,"D. Faber-Langendoen"
688863,"Carex torta Riverbed Vegetation","USNVC 3.0 pre-release edits",2025-06-23 07:36:31,"D. Faber-Langendoen"
685634,"Justicia americana Riverbed Vegetation","USNVC 3.0 pre-release edits",2025-06-23 07:36:32,"D. Faber-Langendoen"
685497,"Lysimachia ciliata - Apocynum cannabinum Sparse Riverbed Vegetation","USNVC 3.0 pre-release edits",2025-06-23 07:36:33,"D. Faber-Langendoen"
856676,"North Pacific Acidic Open Bog & Fen Group","USNVC 3.0 pre-release edits",2025-06-23 07:36:45,"D. Faber-Langendoen"
1225195,"Carex aquatilis var. dives - Carex cusickii Intermediate Fen Alliance","USNVC 3.0 pre-release edits",2025-06-23 07:36:46,"D. Faber-Langendoen"
1315492,"Betula glandulosa - Salix candida - Carex buxbaumii Extremely Rich Fen Alliance","USNVC 3.0 pre-release edits",2025-06-23 07:36:47,"D. Faber-Langendoen"
877397,"Californian Coastal Beach & Dune Group","USNVC 3.0 pre-release edits",2025-06-23 07:37:01,"D. Faber-Langendoen"
860301,"Arctic Coastal Scrub & Herb Vegetation Division","USNVC 3.0 pre-release edits",2025-06-23 07:37:02,"D. Faber-Langendoen"
860450,"Micronesian Scrub & Herb Coastal Vegetation Macrogroup","USNVC 3.0 pre-release edits",2025-06-23 07:37:03,"D. Faber-Langendoen"
1167512,"Great Plains Rough Fescue Prairie","Adding a true scientific name.",2026-03-03 12:00:00,"D. Faber-Langendoen"
688939,"<i>Taxodium ascendens - Cliftonia monophylla - Pinus elliottii var. elliottii - Chamaecyparis thyoides / Hypericum nitidum - Cladium mariscus ssp. jamaicense</i> Tidal Forest","",2019-02-27 12:00:00,"D. Faber-Langendoen"
1268521,"Cladium mariscus Everglades Marsh Alliance","Cladium mariscus ssp. jamaicense refers to sawgrass in the Western Hemisphere following USDA Plants 2016, the standard for the USNVC 3.0. The full species name is not used in the Western Hemisphere.",2026-03-18 01:15:55,"K. Palmquist, Regional Editor"
1302664,"Great Plains Wildflower Pollinator Meadow","Clarify in name that this is a ruderal type.",2026-03-18 07:21:04,"D.Faber-Langendoen"
684964,"Juncus effusus Marsh","",2026-03-20 02:49:24,"D. Faber-Langendoen"
684964,"Juncus effusus Ruderal Marsh","",2026-03-20 02:55:00,"D. Faber-Langendoen"
1277724,"Hydrocotyle ranunculoides Ruderal Aquatic Vegetation","",2026-03-20 02:55:05,"D. Faber-Langendoen"
858754,"Dimeria chloridiformis Grassland","",2026-03-20 02:49:50,"D. Faber-Langendoen"
858754,"Dimeria chloridiformis Herbaceous Vegetation","physiognomic nomenclature update",2020-10-27 11:44:41,"D. Faber-Langendoen"
858789,"Ipomoea pes-caprae Micronesian Herbaceous Vegetation","physiognomic nomenclature update",2020-10-27 12:00:00,"D. Faber-Langendoen"
685580,"Phalaris arundinacea Western Marsh","Clarifying that this is a ruderal type.",2025-06-04 12:00:00,"D. Faber-Langendoen"
686492,"Quercus garryana / Symphoricarpos albus Woodland","",2024-10-29 03:20:05,"D.Faber-Langendoen"
685603,"Quercus garryana - (Fraxinus latifolia) / Symphoricarpos albus Forest","",2024-10-29 03:20:20,"D.Faber-Langendoen"
683392,"Callitriche heterophylla Aquatic Vegetation","",2024-10-29 12:00:00,"D.Faber-Langendoen"
683536,"Celtis laevigata var. reticulata / Pseudoroegneria spicata Wet Scrub","MT-ID-WY regional review of USNVC, March 2023",2023-04-12 05:28:34,"Cooper,S., others, D. Faber-Langendoen"
899332,"Artemisia tridentata ssp. vaseyana - Mixed Shrub Steppe Alliance","MT-ID-WY regional review of USNVC, March 2023",2023-04-12 05:28:50,"Cooper,S., others, D. Faber-Langendoen"
899809,"Abies lasiocarpa - Picea engelmannii Swamp Forest Alliance","Washington NCCN Wetlands",2021-12-26 11:04:30,"Tynan Ramm-Granberg"
688946,"Pascopyrum smithii - (Elymus trachycaulus) Clay Pan Wet Meadow","MT-ID-WY USNVC reg'l review follow-up, May 2023",2023-08-02 03:56:45,"MT, ID, WY ecologists, D. Faber-Langendoen"
689587,"Northern Tallgrass Saline Mudflats Sparse Vegetation","MT-ID-WY USNVC reg'l review follow-up, May 2023",2023-08-02 03:56:51,"MT, ID, WY ecologists, D. Faber-Langendoen"
686582,"Artemisia tridentata / Achnatherum lettermanii Shrubland","MT-ID-WY USNVC reg'l review follow-up, May 2023",2023-08-02 03:57:17,"MT, ID, WY ecologists, D. Faber-Langendoen"
686911,"Artemisia tridentata / Bouteloua gracilis - Pascopyrum smithii Shrubland","MT-ID-WY USNVC reg'l review follow-up, May 2023",2023-08-02 03:57:21,"MT, ID, WY ecologists, D. Faber-Langendoen"
687587,"Artemisia tridentata / Ericameria nauseosa Shrubland","MT-ID-WY USNVC reg'l review follow-up, May 2023",2023-08-02 03:57:30,"MT, ID, WY ecologists, D. Faber-Langendoen"
688049,"Purshia tridentata - Artemisia tridentata / Achnatherum nelsonii Shrubland","MT-ID-WY USNVC reg'l review follow-up, May 2023",2023-08-02 03:57:45,"MT, ID, WY ecologists, D. Faber-Langendoen"
684319,"Pinus echinata - Quercus (incana, stellata, margarettae) / Cnidoscolus texanus Woodland","Texas USNVC reg'l review follow-up, May 2023",2023-08-14 06:22:00,"J. Singhurst, TX ecologists, D. Faber-Langendoen"
689129,"Fraxinus pennsylvanica - (Carya aquatica) / Forestiera acuminata / Phanopyrum gymnocarpon Wet Floodplain Forest","Texas USNVC reg'l review follow-up, May 2023",2023-08-14 06:22:26,"J. Singhurst, TX ecologists, D. Faber-Langendoen"
1298987,"Mediterranean-Seasonally Dry Heath, Scrub & Grassland Formation","Formation to Ecobiome",2025-02-14 07:15:03,"D. Faber-Langendoen"
1299012,"Coastal Freshwater Shrubland & Grassland Formation","(GET_revisions2)",2024-12-06 12:00:00,"D. Faber-Langendoen"
769170,"Juniperus osteosperma / Pleuraphis jamesii Open Woodland","",2025-03-05 02:14:11,"D.Faber-Langendoen"
899839,"Achnatherum lemmonii - Racomitrium ericoides Sparse Rock Vegetation Alliance","",2025-03-05 02:16:33,"D.Faber-Langendoen"
899346,"Artemisia nova Steppe & Shrubland Alliance","",2025-03-05 02:17:03,"D.Faber-Langendoen"
1042167,"Arctic Nonacidic Nontussock Sedge Tundra Alliance","",2025-03-05 02:18:02,"D.Faber-Langendoen"
1041954,"Arctic Carbonate Scree, Rock & Cliff Barrens Alliance","",2025-03-05 02:18:09,"D.Faber-Langendoen"
866456,"Western North American Interior Ruderal Grassland & Shrubland Group","",2025-03-07 03:36:35,"D.Faber-Langendoen"
683728,"Sedum pulchellum - Phemeranthus calcaricus - Leavenworthia spp. / Nostoc commune Limestone Glade Vegetation","KY + TN Southeast USNVC reg'l review follow-up, May 2023",2023-08-25 12:25:18,"C. Elam, KY ecologists, D. Faber-Langendoen"
899596,"<i>Cephalanthus occidentalis</i> South-Central Wet Shrubland Alliance","",2019-02-05 12:00:00,"D. Faber-Langendoen"
868502,"Melinis minutiflora - (Schizachyrium condensatum) Ruderal Herbaceous Vegetation","USNVC prelim review Aug 2023",2023-08-29 06:18:35,"D. Faber-Langendoen"
689803,"Ipomoea pes-caprae Hawaiian Herbaceous Vegetation","USNVC prelim review Aug 2023",2023-08-29 06:19:54,"D. Faber-Langendoen"
685872,"Ipomoea spp. Herbaceous Vegetation","USNVC prelim review Aug 2023",2023-08-29 06:19:59,"D. Faber-Langendoen"
687429,"Nama sandwicense Coastal Dry Herbaceous Vegetation","USNVC prelim review Aug 2023",2023-08-29 06:20:08,"D. Faber-Langendoen"
685436,"Sesuvium portulacastrum Coastal Dry Herbaceous Vegetation","USNVC prelim review Aug 2023",2023-08-29 06:20:13,"D. Faber-Langendoen"
688424,"<i>Saxifraga michauxii</i> Meadow","",2019-01-31 12:00:00,"K. Patterson"
688424,"Saxifraga michauxii Acidic Outcrop Barrens","USNVC NC revisions",2023-10-18 06:18:42,"M. Schafale, D. Faber-Langendoen"
688722,"Polygonum (hydropiperoides, punctatum) - Leersia spp. Shoreline Wet Meadow","USNVC NC revisions",2023-10-18 06:19:16,"M. Schafale, D. Faber-Langendoen"
687308,"Polygonum amphibium - (Polygonum hydropiperoides) Shoreline Wet Meadow","USNVC NC revisions",2023-10-18 06:19:18,"M. Schafale, D. Faber-Langendoen"
684761,"Polygonum spp. - Phanopyrum gymnocarpon Shoreline Wet Meadow","USNVC NC revisions",2023-10-18 12:00:00,"M. Schafale, D. Faber-Langendoen"
1298991,"Cool Desert & Semi-desert Shrub-Steppe Formation","Formation to Ecobiome",2025-02-14 07:15:03,"D. Faber-Langendoen"
1298992,"Succulent-Thorny Desert & Semi-desert Formation","Formation to Ecobiome",2025-02-14 07:15:03,"D. Faber-Langendoen"
1298997,"Temperate Alpine Grassland & Shrubland Formation","Formation to Ecobiome",2025-02-14 07:15:03,"D. Faber-Langendoen"
1299016,"Coastal Saltmarsh & Reedbed Formation","Formation to Ecobiome",2025-02-14 07:15:03,"D. Faber-Langendoen"
1299017,"Rocky Shoreline Formation","Formation to Ecobiome",2025-02-14 07:15:03,"D. Faber-Langendoen"
860312,"Tropical Atlantic Coastal Salt Marsh Division","GET_revisions",2024-01-23 03:28:06,"D. Faber-Langendoen"
860336,"Polynesian Lowland Humid Forest Division","GET_revisions",2024-01-23 03:28:07,"D. Faber-Langendoen"
860365,"Distichlis spicata - Hordeum jubatum Great Plains Saline Marsh Division","GET_revisions",2024-01-23 03:28:08,"D. Faber-Langendoen"
884094,"Tropical Developed Wooded Wetland Cultural Subgroup","GET Cultural name suffix revisions",2024-01-23 04:58:08,"D. Faber-Langendoen"
884099,"Urban & Recreational Pond Vegetation Cultural Subformation","GET_revisions",2024-01-23 03:28:54,"D. Faber-Langendoen"
980036,"Desert Tree Garden Cultural Subgroup","GET Cultural name suffix revisions",2024-01-23 04:58:08,"D. Faber-Langendoen"
884105,"Nut Orchard Cultural Group","GET Cultural name suffix revisions",2024-01-23 04:58:08,"D. Faber-Langendoen"
884037,"Tropical & Temperate Permanent Pasture & Hay Field Cultural Subgroup","GET Cultural name suffix revisions",2024-01-23 04:58:08,"D. Faber-Langendoen"
884091,"Tropical Shrub & Herb Developed Wetland Vegetation Cultural Subgroup","GET_revisions",2024-01-23 03:40:40,"D. Faber-Langendoen"
883999,"Oil Palm Plantation Cultural Subgroup","GET Cultural name suffix revisions",2024-01-23 04:58:08,"D. Faber-Langendoen"
884750,"Sabal palmetto - Annona glabra - Pterocarpus officinalis Swamp Forest Macrogroup","""Swamp Forest"" fix (NVC186g)",2025-07-22 07:34:51,"D. Faber-Langendoen"
860510,"Acer rubrum - Liriodendron tulipifera - Celtis laevigata Ruderal Flooded & Swamp Forest Macrogroup","""Swamp Forest"" fix (NVC186g)",2025-07-22 07:35:00,"D. Faber-Langendoen"
836963,"Magnolia virginiana - Gordonia lasianthus - Pinus serotina Swamp Forest Group","""Swamp Forest"" fix (NVC186g)",2025-07-22 07:35:13,"D. Faber-Langendoen"
849242,"Thuja plicata - Picea engelmannii / Lysichiton americanus Swamp Forest Group","""Swamp Forest"" fix (NVC186g)",2025-07-22 07:35:16,"D. Faber-Langendoen"
898988,"Magnolia virginiana - Nyssa biflora - Quercus laurifolia Southeast Swamp Forest Alliance","""Swamp Forest"" fix (NVC186g)",2025-07-22 07:35:23,"D. Faber-Langendoen"
899695,"Liquidambar styraciflua - Acer rubrum / Morella cerifera Mid-Atlantic Swamp Forest Alliance","""Swamp Forest"" fix (NVC186g)",2025-07-22 07:35:26,"D. Faber-Langendoen"
899932,"Acer rubrum - Fraxinus spp. - Quercus bicolor Swamp Forest Alliance","""Swamp Forest"" fix (NVC186g)",2025-07-22 07:35:36,"D. Faber-Langendoen"
1159153,"Thuja occidentalis - Acer rubrum - Larix laricina Laurentian Swamp Forest Alliance","""Swamp Forest"" fix (NVC186g)",2025-07-22 07:35:38,"D. Faber-Langendoen"
899542,"Picea rubens Acadian-Appalachian Swamp Forest Alliance","""Swamp Forest"" fix (NVC186g)",2025-07-22 07:35:39,"D. Faber-Langendoen"
899541,"Picea rubens Central Appalachian Swamp Forest Alliance","""Swamp Forest"" fix (NVC186g)",2025-07-22 07:35:39,"D. Faber-Langendoen"
1225217,"Populus tremuloides - Betula papyrifera Swamp Forest Alliance","""Swamp Forest"" fix (NVC186g)",2025-07-22 07:35:41,"D. Faber-Langendoen"
899881,"Picea mariana - Abies balsamea / Osmunda cinnamomea Swamp Forest Alliance","""Swamp Forest"" fix (NVC186g)",2025-07-22 07:35:43,"D. Faber-Langendoen"
899807,"Pinus contorta Interdunal Swamp Forest Alliance","""Swamp Forest"" fix (NVC186g)",2025-07-22 07:35:44,"D. Faber-Langendoen"
899818,"Tsuga mertensiana - Abies amabilis Swamp Woodland Alliance","Washington NCCN Wetlands",2021-12-26 11:04:35,"Tynan Ramm-Granberg"
1041534,"Tsuga heterophylla - Picea sitchensis Alaskan Swamp Forest Alliance","""Swamp Forest"" fix (NVC186g)",2025-07-22 07:35:46,"D. Faber-Langendoen"
684982,"Taxodium ascendens / Ilex myrtifolia / Carex (striata, turgescens) Stringer Swamp Forest","""Swamp Forest"" fix (NVC186g)",2025-07-22 07:35:53,"D. Faber-Langendoen"
755395,"Quercus phellos - Nyssa biflora / Panicum hemitomon - Carex spp. - Woodwardia virginica Swamp Forest","""Swamp Forest"" fix (NVC186g)",2025-07-22 07:35:58,"D. Faber-Langendoen"
684693,"Magnolia virginiana - Nyssa biflora / Carpinus caroliniana / Thelypteris noveboracensis - Athyrium filix-femina Swamp Forest","""Swamp Forest"" fix (NVC186g)",2025-07-22 07:36:05,"D. Faber-Langendoen"
684834,"<i>Nyssa biflora - Magnolia virginiana - (Pinus elliottii var. elliottii) / Morella (caroliniensis, inodora)</i> Swamp Forest","",2019-02-28 12:00:00,"D. Faber-Langendoen"
684897,"Taxodium distichum - Nyssa biflora - Acer rubrum - Magnolia virginiana Swamp Forest","""Swamp Forest"" fix (NVC186g)",2025-07-22 07:36:10,"D. Faber-Langendoen"
685247,"<i>Acer rubrum (var. drummondii) - Nyssa</i> spp. - <i>Liquidambar styraciflua - Quercus nigra / Osmunda</i> spp. Swamp Forest","",2019-02-07 12:00:00,"D. Faber-Langendoen"
684553,"Chamaecyparis thyoides - (Tsuga canadensis, Betula alleghaniensis) / Clethra alnifolia Swamp Forest","""Swamp Forest"" fix (NVC186g)",2025-07-22 07:36:16,"D. Faber-Langendoen"
684571,"Chamaecyparis thyoides - Picea rubens / Gaylussacia baccata / Gaultheria hispidula Swamp Forest","""Swamp Forest"" fix (NVC186g)",2025-07-22 07:36:17,"D. Faber-Langendoen"
684829,"Pinus taeda / Morella cerifera / Osmunda regalis var. spectabilis Swamp Forest","""Swamp Forest"" fix (NVC186g)",2025-07-22 07:36:19,"D. Faber-Langendoen"
688234,"Acer rubrum - Fraxinus pennsylvanica / Saururus cernuus - (Phanopyrum gymnocarpon) Swamp Forest","""Swamp Forest"" fix (NVC186g)",2025-07-22 07:36:20,"D. Faber-Langendoen"
683704,"Quercus pagoda - Quercus phellos - Quercus lyrata - Quercus michauxii / Chasmanthium latifolium Swamp Forest","""Swamp Forest"" fix (NVC186g)",2025-07-22 07:36:23,"D. Faber-Langendoen"
688986,"Salix caroliniana / Decodon verticillatus / Typha latifolia Swamp Forest","""Swamp Forest"" fix (NVC186g)",2025-07-22 07:36:26,"D. Faber-Langendoen"
684707,"Gleditsia aquatica - Carya aquatica Swamp Forest","""Swamp Forest"" fix (NVC186g)",2025-07-22 07:36:33,"D. Faber-Langendoen"
685115,"Nyssa aquatica / Cephalanthus occidentalis Pond Swamp Forest","""Swamp Forest"" fix (NVC186g)",2025-07-22 07:36:35,"D. Faber-Langendoen"
688403,"Tsuga canadensis - Betula alleghaniensis / Ilex verticillata / Sphagnum spp. Swamp Forest","""Swamp Forest"" fix (NVC186g)",2025-07-22 07:36:39,"D. Faber-Langendoen"
685788,"Fraxinus nigra - Abies balsamea / Rhamnus alnifolia Swamp Forest","""Swamp Forest"" fix (NVC186g)",2025-07-22 07:36:41,"D. Faber-Langendoen"
686788,"Pinus strobus - (Acer rubrum) / Osmunda spp. Swamp Forest","""Swamp Forest"" fix (NVC186g)",2025-07-22 07:36:46,"D. Faber-Langendoen"
683127,"Acer rubrum - Fraxinus spp. - Betula papyrifera / Cornus canadensis Swamp Forest","""Swamp Forest"" fix (NVC186g)",2025-07-22 07:36:46,"D. Faber-Langendoen"
686037,"Thuja occidentalis - (Picea mariana, Abies balsamea) / Alnus incana Swamp Forest","""Swamp Forest"" fix (NVC186g)",2025-07-22 07:36:51,"D. Faber-Langendoen"
800149,"Picea rubens / Vaccinium erythrocarpum / Sphagnum spp. - Bazzania trilobata Swamp Forest","""Swamp Forest"" fix (NVC186g)",2025-07-22 07:36:57,"D. Faber-Langendoen"
687106,"Abies lasiocarpa - Picea engelmannii / Oplopanax horridus Swamp Forest","""Swamp Forest"" fix (NVC186g)",2025-07-22 07:36:59,"D. Faber-Langendoen"
684015,"Picea (x albertiana, engelmannii) / Carex disperma Swamp Forest","""Swamp Forest"" fix (NVC186g)",2025-07-22 07:37:01,"D. Faber-Langendoen"
688327,"Populus tremuloides / Carex aquatilis Riparian Forest","Washington NCCN Wetlands",2021-12-26 11:05:13,"Tynan Ramm-Granberg"
787992,"Thuja plicata - Alnus rubra / Sambucus racemosa / Lysichiton americanus Swamp Forest","""Swamp Forest"" fix (NVC186g)",2025-07-22 07:37:18,"D. Faber-Langendoen"
1228073,"Tsuga heterophylla - Thuja plicata / Vaccinium ovalifolium - Gaultheria shallon / Lysichiton americanus Woodland","",2022-02-08 12:00:00,""
689055,"Tsuga heterophylla / Hydrophyllum tenuipes Swamp Forest","""Swamp Forest"" fix (NVC186g)",2025-07-22 07:37:21,"D. Faber-Langendoen"
687690,"Tsuga mertensiana - Tsuga heterophylla / Vaccinium ovalifolium / Lysichiton americanus Swamp Forest","""Swamp Forest"" fix (NVC186g)",2025-07-22 07:37:26,"D. Faber-Langendoen"
1345193,"Eastern Planted Grassland & Shrubland Group","",2025-07-28 01:09:22,"D.Faber-Langendoen"
860501,"Sibbaldiopsis tridentata - Polypodium virginianum / Cladonia spp. Eastern North American Cliff & Rock Outcrop Macrogroup","Nomenclature fix (NVC186g)",2025-07-22 04:53:27,"D. Faber-Langendoen"
857662,"North American Warm Semi-desert Cliff, Scree & Pavement Group","",2025-07-28 01:09:33,"D.Faber-Langendoen"
865352,"Other Developed Vegetation Cultural Subformation","GET_revisions",2024-01-23 03:28:53,"D. Faber-Langendoen"
939249,"Native Northern Hardwood Plantation Cultural Type","GET Cultural name suffix revisions",2024-01-23 04:58:08,"D. Faber-Langendoen"
884063,"Warm-Season Open Lawn Cultural Subgroup","GET Cultural name suffix revisions",2024-01-23 04:58:08,"D. Faber-Langendoen"
939252,"Exotic Southern Hardwood Plantation Cultural Type","GET Cultural name suffix revisions",2024-01-23 04:58:08,"D. Faber-Langendoen"
884045,"Tropical & Temperate Flower Horticultural Crop Cultural Subgroup","GET Cultural name suffix revisions",2024-01-23 04:58:08,"D. Faber-Langendoen"
884013,"Tropical & Temperate Corn Crop Cultural Subgroup","GET Cultural name suffix revisions",2024-01-23 04:58:08,"D. Faber-Langendoen"
884092,"Temperate Shrub & Herb Developed Wetland Vegetation Cultural Subgroup","GET_revisions",2024-01-23 03:40:40,"D. Faber-Langendoen"
884006,"Temperate Wetland Tree Crop Cultural Subgroup","GET Cultural name suffix revisions",2024-01-23 04:58:08,"D. Faber-Langendoen"
939248,"Exotic Southern Conifer Plantation Cultural Type","GET Cultural name suffix revisions",2024-01-23 04:58:08,"D. Faber-Langendoen"
884033,"Cultivated Pasture & Hay Legume Cultural Group","GET Cultural name suffix revisions",2024-01-23 04:58:08,"D. Faber-Langendoen"
939250,"Native Southern Hardwood Plantation Cultural Type","GET Cultural name suffix revisions",2024-01-23 04:58:08,"D. Faber-Langendoen"
884049,"Fallow Weed Field Cultural Subformation","GET Cultural name suffix revisions",2024-01-23 04:58:08,"D. Faber-Langendoen"
939246,"Native Miscellaneous Southern Conifer Plantation Cultural Type","GET Cultural name suffix revisions",2024-01-23 04:58:08,"D. Faber-Langendoen"
884086,"Tree Developed Vegetation Cultural Group","GET_revisions",2024-01-23 03:40:38,"D. Faber-Langendoen"
884112,"Tropical & Temperate Bush Fruit & Berry Cultural Subgroup","GET_revisions",2024-01-23 03:40:39,"D. Faber-Langendoen"
884077,"Horticultural Garden Cultural Subformation","GET Cultural name suffix revisions",2024-01-23 04:58:08,"D. Faber-Langendoen"
884055,"Herbaceous Wetland Crop Cultural Subformation","GET Cultural name suffix revisions",2024-01-23 04:58:08,"D. Faber-Langendoen"
884003,"Wetland Tree Horticultural Crop Cultural Subformation","GET Cultural name suffix revisions",2024-01-23 04:58:08,"D. Faber-Langendoen"
884070,"Tropical Wooded Lawn Cultural Subgroup","GET Cultural name suffix revisions",2024-01-23 04:58:08,"D. Faber-Langendoen"
884043,"Flower Horticultural Crop Cultural Subformation","GET Cultural name suffix revisions",2024-01-23 04:58:08,"D. Faber-Langendoen"
685488,"Adiantum aleuticum - Asplenium spp. - Cerastium arvense Sparse Vegetation","remaining edits for V3.0 release",2025-08-14 05:41:13,"D. Faber-Langendoen"
900103,"Ephedra spp. - Leymus salinus - Eriogonum corymbosum Badlands Sparse Vegetation Alliance","remaining edits for V3.0 release",2025-08-14 05:41:15,"D. Faber-Langendoen"
884051,"Tropical & Temperate Fallow Field Weed Vegetation Cultural Subgroup","GET_revisions",2024-01-23 03:40:40,"D. Faber-Langendoen"
688720,"Campanula rotundifolia - Packera paupercula - (Aquilegia canadensis) Riverscour Sparse Vegetation","remaining edits for V3.0 release",2025-08-14 05:41:18,"D. Faber-Langendoen"
683712,"Great Plains Riverine Gravel Flats Sparse Vegetation","remaining edits for V3.0 release",2025-08-14 05:41:18,"D. Faber-Langendoen"
685376,"Cakile edentula Great Lakes Shore Sparse Vegetation","remaining edits for V3.0 release",2025-08-14 05:41:19,"D. Faber-Langendoen"
685750,"Granite - Metamorphic Bedrock Great Lakes Shore Sparse Vegetation","remaining edits for V3.0 release",2025-08-14 05:41:20,"D. Faber-Langendoen"
684574,"Solidago sempervirens - (Rhodiola rosea) - Juniperus horizontalis Sparse Vegetation","remaining edits for V3.0 release",2025-08-14 05:41:21,"D. Faber-Langendoen"
687617,"Marine Cobble - Gravel Shore Sparse Vegetation","remaining edits for V3.0 release",2025-08-14 05:41:22,"D. Faber-Langendoen"
684765,"Elaeagnus commutata / Pascopyrum smithii Wet Shrubland","CNVC AB-SK-MB rangelands & MT regional USNVC reviews",2023-03-27 04:48:53,"Cooper, S. et al; Tremblay, Pyle, Downing, DFL"
688904,"Juniperus osteosperma / Sparse Understory Woodland","",2025-03-05 02:13:56,"D.Faber-Langendoen"
684419,"Quercus emoryi / Schizachyrium cirratum Scrub Woodland","Southwest regional peer review (NM, AZ, CO, UT, NV)",2023-02-17 02:46:37,"E. Muldavin et al."
683470,"Quercus grisea / Cercocarpus montanus Scrub Woodland","Southwest regional peer review (NM, AZ, CO, UT, NV)",2023-02-17 02:46:44,"E. Muldavin et al."
836772,"Laurentian-Acadian-Appalachian Acidic Swamp","",2019-01-31 12:00:00,"D. Faber-Langendoen"
849252,"Rocky Mountain-Great Basin Montane Riparian &amp; Swamp Forest","The Washington Heritage Program undertook a comprehensive review of the wetlands portion of the USNVC for types found in Washington (NVC159). Under M034, both G505 and G506 had “Swamp” in their name but the G506 concept description is only riparian. Editors confirmed that “Swamp” was inadvertently added to G506 and that it is intended as a riparian type, rather than a riparian and swamp type. Along with numerous structural revisions to alliances under these Groups, the scientific and common names of G506 were updated to reflect its riparian concept (NVC159).",2021-12-18 12:00:00,"D. Faber-Langendoen, T. Ramm-Granberg (WNHP)"
1298976,"Boreal Forest & Woodland Formation","Formation to Ecobiome",2025-02-14 07:15:03,"D. Faber-Langendoen"
884677,"Caribbean Montane Rainforest Macrogroup","Nomenclature fix (NVC186g)",2025-07-22 06:20:58,"D. Faber-Langendoen"
1094002,"Alnus incana Northeast Shrub Swamp","NVC108 Eastern Wet Meadows and Shrub swamps final_4feb19_LAS",2020-03-09 12:00:00,"D. Faber-Langendoen"
686556,"Alnus rhombifolia - Alnus rubra Interior Swamp & Riparian Forest","WA NCCN Uplands & Wetlands",2022-02-07 12:00:00,"T. Ramm-Granberg"
683560,"<i>Diervilla lonicera - Solidago simplex var. randii - Deschampsia flexuosa - Hylotelephium telephioides - Saxifraga michauxii</i> Grassland","",2019-01-31 12:00:00,"K. Patterson"
866470,"Sarcobatus vermiculatus Intermountain Shrubland Alliance","",2026-03-18 08:21:22,"D.Faber-Langendoen"
685041,"Bouteloua gracilis - Bouteloua dactyloides - Pleuraphis jamesii Grassland","Peer Review",2019-09-16 12:00:00,"Don Faber-Langendoen"
899421,"Acer saccharum - Tilia americana Limestone Woodland Alliance","Northeast review 2020",2020-08-10 08:46:17,"D. Faber-Langendoen"
899046,"Alnus serrulata Riverscour Shrubland Alliance","Northeast review 2020",2020-08-10 08:46:33,"D. Faber-Langendoen"
689997,"<i>Abies lasiocarpa - Picea engelmannii / Luzula glabrata var. hitchcockii</i> Woodland","",2019-04-29 12:00:00,"M. Reid"
683986,"<i>Festuca thurberi</i> - (<i>Lathyrus lanszwertii var. leucanthus, Potentilla</i> spp.) Grassland","",2019-04-29 12:00:00,"M. Reid"
689728,"<i>Leymus mollis ssp. mollis - Abronia latifolia</i> Grassland","",2019-04-29 12:00:00,"M. Reid"
684073,"<i>Pinus albicaulis / Luzula glabrata var. hitchcockii</i> Woodland","",2019-04-29 12:00:00,"M. Reid"
858762,"Miscanthus floridulus - (Pennisetum polystachion, Bothriochloa bladhii) Grassland","Clarify in name that this is a ruderal type.",2026-03-18 07:21:16,"D.Faber-Langendoen"
688918,"<i>Pinus virginiana - Juniperus virginiana / Schizachyrium scoparium - Eriogonum allenii</i> Wooded Grassland","",2019-01-31 12:00:00,"K. Patterson"
686552,"<i>Tsuga canadensis - (Betula alleghaniensis, Quercus rubra) / Ilex montana / Rhododendron catawbiense</i> Forest","",2019-01-31 12:00:00,"K. Patterson"
685846,"<i>Juniperus virginiana / Dasiphora fruticosa ssp. floribunda / Carex flava - Carex tetanica</i> Fen","",2019-02-26 12:00:00,"D. Faber-Langendoen"
899053,"<i>Dasiphora fruticosa ssp. floribunda</i> Wet Shrubland Alliance","",2019-02-26 12:00:00,"D. Faber-Langendoen"
899300,"<i>Ribes cereum - Ribes montigenum - Dasiphora fruticosa ssp. floribunda</i> Alpine Shrubland Alliance","",2019-02-26 12:00:00,"D. Faber-Langendoen"
687981,"<i>Fagus grandifolia - Quercus alba / Ilex opaca var. opaca / Athyrium filix-femina ssp. asplenioides</i> Forest","",2019-02-19 12:00:00,"D. Faber-Langendoen"
686662,"<i>Acer rubrum var. trilobum - Liriodendron tulipifera / Ilex opaca var. opaca / Osmunda cinnamomea</i> Seep Forest","",2019-02-19 12:00:00,"D. Faber-Langendoen"
688264,"<i>Quercus (phellos, michauxii) / Ilex opaca var. opaca / Clethra alnifolia / Woodwardia areolata</i> Wet Forest","",2019-02-19 12:00:00,"D. Faber-Langendoen"
684117,"<i>Quercus shumardii - Fraxinus americana - Carya</i> spp. / <i>Juniperus virginiana var. virginiana</i> Forest","",2019-02-20 12:00:00,"D. Faber-Langendoen"
684591,"<i>Pinus taeda - Pinus echinata - (Juniperus virginiana var. virginiana)</i> / Mixed Herbs Ruderal Forest","",2019-02-20 12:00:00,"D. Faber-Langendoen"
690031,"<i>Quercus stellata - Juniperus virginiana var. virginiana</i> Ruderal Forest","",2019-02-20 12:00:00,"D. Faber-Langendoen"
684371,"<i>Quercus marilandica - Juniperus virginiana var. virginiana / Schizachyrium scoparium - Hypericum gentianoides</i> Wooded Grassland","",2019-02-20 12:00:00,"D. Faber-Langendoen"
686077,"<i>Picea pungens / Dasiphora fruticosa ssp. floribunda</i> Riparian Woodland","",2019-02-21 12:00:00,"D. Faber-Langendoen"
683806,"<i>Juniperus horizontalis - Dasiphora fruticosa ssp. floribunda / Schizachyrium scoparium - Carex richardsonii</i> Dwarf-shrubland","",2019-02-21 12:00:00,"D. Faber-Langendoen"
690000,"<i>Pinus palustris - Pinus clausa / Quercus laevis / Sporobolus junceus</i> Ruderal Woodland","",2019-01-08 12:00:00,"D. Faber-Langendoen"
899622,"<i>Juniperus occidentalis</i> / Herbaceous Understory Open Woodland Alliance","",2019-01-09 12:00:00,"D. Faber-Langendoen"
899628,"<i>Cercocarpus ledifolius</i> / Herbaceous Understory Woodland Alliance","",2019-01-09 12:00:00,"D. Faber-Langendoen"
1132396,"Robinia pseudoacacia Ruderal Woodland Alliance","Fix error detected in QC",2020-01-21 12:00:00,"D. Faber-Langendoen"
731908,"Picea engelmannii / Salix drummondiana Swamp Woodland","Washington NCCN Wetlands",2021-12-26 11:05:02,"Tynan Ramm-Granberg"
685863,"Populus tremuloides / Symphoricarpos albus Forest","Washington NCCN Wetlands",2021-12-26 11:05:09,"Tynan Ramm-Granberg"
685046,"Rosa nutkana / Deschampsia cespitosa Shrubland","Washington NCCN Wetlands",2021-12-26 11:05:25,"Tynan Ramm-Granberg"
686892,"Carex spectabilis - Potentilla flabellifolia Alpine Meadow","Washington NCCN Wetlands",2021-12-26 12:00:00,"Tynan Ramm-Granberg"
689132,"Abies lasiocarpa / Vaccinium membranaceum / Valeriana sitchensis Forest","WA NCCN Uplands",2022-02-23 04:09:07,"T. Ramm-Granberg"
899360,"Acer floridanum - Quercus shumardii - Fraxinus americana Coastal Plain Forest Alliance","NVC163 Central Midwest regional review",2022-04-13 08:33:54,"D. Faber-Langendoen, M. Leahy, et al"
688187,"Pinus echinata - Quercus velutina - Quercus stellata / Vaccinium spp. Forest","NVC163 Central Midwest regional review",2022-04-13 08:34:11,"D. Faber-Langendoen, M. Leahy, et al"
828605,"Juniperus virginiana - Quercus (alba, stellata) - Carya texana Forest","NVC163 Central Midwest regional review",2022-04-14 02:41:38,"D. Faber-Langendoen, M. Leahy, et al"
685169,"Acer saccharum - Quercus muehlenbergii / Cercis canadensis Forest","Appalachians, Piedmont review, part 2",2020-12-09 12:36:08,"D. Faber-Langendoen"
685852,"<i>Salix nigra</i> Swamp Forest","",2019-01-31 12:00:00,"K. Patterson"
687513,"Thuja occidentalis / Carex eburnea Forest","New York NVC peer review",2021-04-29 04:21:30,"D. Faber-Langendoen & NYHP"
683445,"Acer rubrum - Fraxinus pennsylvanica / Polygonum spp. Floodplain Forest","New York NVC peer review",2021-04-29 04:21:33,"D. Faber-Langendoen & NYHP"
1150949,"Betula papyrifera - Populus tremuloides Acadian-Appalachian Forest Alliance","NVC143 & 128 skeletal edits",2021-07-21 09:41:12,""
899086,"Calamovilfa longifolia - Hesperostipa comata - Andropogon hallii Sand Prairie Alliance","MT-ID-WY regional review of USNVC, March 2023",2023-04-12 05:28:31,"Cooper,S., others, D. Faber-Langendoen"
900038,"Festuca idahoensis - Pseudoroegneria spicata - Poa secunda Dry Grassland Alliance","CNVC AB-SK-MB rangelands & MT regional USNVC reviews",2023-03-27 04:48:37,"Cooper, S. et al; Tremblay, Pyle, Downing, DFL"
686007,"Chrysoma pauciflosculosa - (Clinopodium coccineum) Dwarf-shrubland","Southeast US reg'l review of USNVC, April 2023",2023-05-11 02:40:39,"D. Faber-Langendoen"
684969,"Salix interior Wet Shrubland","Southeast US reg'l review of USNVC, April 2023",2023-05-11 02:41:27,"D. Faber-Langendoen"
899739,"Andropogon capillipes - Panicum tenerum - Dichanthelium wrightianum Wet Grassland Alliance","Southeast US reg'l review of USNVC, April 2023",2023-05-11 02:41:54,"D. Faber-Langendoen"
687674,"Pseudotsuga menziesii / Umbellularia californica / Frangula californica ssp. californica Forest","Marin & San Mateo Counties CNPS USNVC review",2023-04-05 05:27:25,"Evens, J., Boul, R., McIntyre, P."
874122,"Poa macrantha - Leymus mollis - Festuca rubra Sand Dune Grassland Alliance","Marin & San Mateo Counties CNPS USNVC review",2023-04-05 05:28:13,"Evens, J., Boul, R., McIntyre, P."
874149,"North Pacific Maritime Coastal Ruderal Dune Group","Marin & San Mateo Counties CNPS USNVC review",2023-04-05 05:28:15,"Evens, J., Boul, R., McIntyre, P."
899427,"Quercus rubra - Acer saccharum Forest Alliance","Northeast review, part 2",2020-12-16 06:38:17,"D. Faber-Langendoen"
899574,"Sphagnum rubellum - Rhynchospora alba Subboreal Graminoid-Moss Fen Alliance","Northeast review, part 2",2020-12-16 06:39:15,"D. Faber-Langendoen"
689146,"Myrica gale - Chamaedaphne calyculata / Carex exilis Acidic Peatland","Northeast review, part 2",2020-12-16 12:00:00,"D. Faber-Langendoen"
686305,"Quercus bicolor - (Quercus macrocarpa, Quercus stellata) Woodland","Central Midwest regional review",2022-07-24 04:55:51,"Program ecologist & D. Faber-Langendoen"
684008,"Salix lucida ssp. lasiandra / Salix fluviatilis Swamp Woodland","Washington updates",2022-08-08 11:04:59,"T. Ramm-Granberg & D. Faber-Langendoen"
899215,"Plagiobothrys figuratus - Plagiobothrys scouleri Vernal Pool Alliance","Washington updates",2022-08-08 11:06:02,"T. Ramm-Granberg & D. Faber-Langendoen"
1225185,"Petasites frigidus - Stachys chamissonis var. cooleyae Streamside Marsh Alliance","Washington updates",2022-08-08 11:06:09,"T. Ramm-Granberg & D. Faber-Langendoen"
899670,"Tsuga heterophylla - Thuja plicata Cool-Mesic Central Rocky Mountain Forest & Woodland Alliance","Interior West remaining edits per J. Triepke, USFS",2022-07-07 07:44:33,"J. Triepke, P. McIntyre, D. Faber-Langendoen"
683668,"Prunus serotina - Rhus typhina Scrub Forest","New Hampshire EIA work & associated NVC refinements",2022-10-17 08:12:35,"W. Nichols, D Faber-Langendoen"
868475,"Casuarina (equisetifolia, glauca) Ruderal/Forest Plantation","Fixed name by removing ""Ruderal"".",2021-08-18 12:00:00,"D. Faber-Langendoen"
899543,"Pinus ponderosa / Grass Understory Southern Rocky Mountain Open Woodland Alliance","Southwest regional peer review (NM, AZ, CO, UT, NV)",2023-02-17 02:47:09,"E. Muldavin et al."
1239397,"Adenostoma sparsifolium - Quercus cornelius-mulleri - Pinus quadrifolia Chaparral Alliance","Southwest regional peer review (NM, AZ, CO, UT, NV)",2023-02-17 02:47:49,"E. Muldavin et al."
686761,"Larrea tridentata / Yucca spp. Shrubland","Southwest regional peer review (NM, AZ, CO, UT, NV)",2023-02-17 02:48:22,"E. Muldavin et al."
899937,"Lotus scoparius - Lupinus albifrons Scrub Alliance","USNVC California review",2023-02-20 06:55:48,"Evens, J., R. Boul, D. Faber-Langendoen"
899324,"Artemisia cana ssp. bolanderi - Artemisia cana ssp. viscidula Steppe & Shrubland Alliance","California updates",2022-06-22 05:22:10,"J. Evens, R. Boul, D. Faber-Langendoen"
899893,"Vachellia farnesiana - Celtis ehrenbergiana Riparian Forest Alliance","The taxon concept of Celtis ehrenbergiana is in dispute, and the preferred species name is Celtis pallida (Hendrickson 2010, exception to USDA PLANTS).",2025-12-31 03:49:18,"D.Faber-Langendoen"
685101,"Prosopis glandulosa var. glandulosa / Celtis ehrenbergiana - Opuntia spp. Ruderal Scrub","Southwest regional peer review (NM, AZ, CO, UT, NV)",2023-02-17 02:47:55,"E. Muldavin et al."
877352,"Rhododendron catawbiense - Pieris floribunda - Alnus viridis ssp. crispa Southern Appalachian Shrub Bald Group","",2025-04-11 07:18:36,"D.Faber-Langendoen"
1302483,"Interior Highlands Prairie Group","",2025-04-11 07:18:49,"D.Faber-Langendoen"
1041831,"Salix pulchra Alpine Shrubland Alliance","",2025-04-11 07:19:50,"D.Faber-Langendoen"
1298982,"Temperate Conifer Forest & Woodland Ecobiome","",2025-04-24 12:00:00,"D. Faber-Langendoen"
1362521,"Columbia Plateau Cliff, Talus & Scree","edits in prep for USNVC v3.0 release",2025-06-26 05:27:53,"D. Faber-Langendoen"
1233784,"Fagus grandifolia - Quercus alba - Quercus nigra West Gulf Coastal Plain Forest Alliance","Southeast, Texarkana USNVC reg'l review, June 2023",2023-06-24 08:52:56,"Southeast + TX ecologists, D. Faber-Langendoen"
838416,"Fagus grandifolia - Magnolia grandiflora - Quercus alba Forest Macrogroup","Nomenclature fix (NVC186g)",2025-07-22 04:53:08,"D. Faber-Langendoen"
1279618,"Quercus stellata - Quercus falcata - Pinus taeda Forest & Woodland Macrogroup","Nomenclature fix (NVC186g)",2025-07-22 04:53:09,"D. Faber-Langendoen"
1284875,"Juniperus deppeana - Quercus arizonica / Rhus virens Madrean Forest & Woodland Division","Nomenclature fix (NVC186g)",2025-07-22 04:53:09,"D. Faber-Langendoen"
899258,"Juniperus coahuilensis - Juniperus deppeana - Juniperus monosperma / Shrub Understory Open Woodland Alliance","Nomenclature fix (NVC186g)",2025-07-22 04:53:09,"D. Faber-Langendoen"
881401,"Eucalyptus globulus - Schinus molle - Ailanthus altissima Ruderal Forest Macrogroup","Nomenclature fix (NVC186g)",2025-07-22 04:53:10,"D. Faber-Langendoen"
931837,"Appalachian-Interior-Northeastern Mesic Forest Macrogroup","Nomenclature fix (NVC186g)",2025-07-22 04:53:11,"D. Faber-Langendoen"
838459,"Quercus alba - Quercus macrocarpa - Carya ovata Forest, Woodland & Savanna Macrogroup","Nomenclature fix (NVC186g)",2025-07-22 04:53:11,"D. Faber-Langendoen"
899374,"Populus tremuloides - Quercus macrocarpa / Corylus spp. Woodland & Savanna Alliance","Nomenclature fix (NVC186g)",2025-07-22 04:53:14,"D. Faber-Langendoen"
1085069,"Pinus edulis - Juniperus monosperma Southern Rocky Mountain Woodland Macrogroup","Nomenclature fix (NVC186g)",2025-07-22 04:53:14,"D. Faber-Langendoen"
877289,"Tsuga heterophylla - Abies grandis - Thuja plicata Central Rocky Mountain-Interior Moist Montane Forest Macrogroup","Nomenclature fix (NVC186g)",2025-07-22 04:53:15,"D. Faber-Langendoen"
836672,"Thuja plicata - Tsuga heterophylla Central Rocky Mountain Forest Group","Nomenclature fix (NVC186g)",2025-07-22 04:53:15,"D. Faber-Langendoen"
836655,"Pseudotsuga menziesii Middle Rocky Mountain Montane Forest & Woodland Group","Interior West Group & Alliance review",2022-04-12 12:18:37,"J. Triepke"
884843,"Caribbean Palm Savanna Macrogroup","Nomenclature fix (NVC186g)",2025-07-22 04:53:19,"D. Faber-Langendoen"
835950,"Adenostoma fasciculatum - Arctostaphylos manzanita - Quercus berberidifolia Chaparral Macrogroup","Nomenclature fix (NVC186g)",2025-07-22 04:53:20,"D. Faber-Langendoen"
877358,"Dasiphora fruticosa - Carex eburnea Calcareous Scrub & Grassland Macrogroup","Nomenclature fix (NVC186g)",2025-07-22 04:53:22,"D. Faber-Langendoen"
860480,"Andropogon hallii - Calamovilfa longifolia - Artemisia filifolia Great Plains Sand Grassland & Shrubland Macrogroup","Nomenclature fix (NVC186g)",2025-07-22 04:53:25,"D. Faber-Langendoen"
872643,"Poa pratensis - Bouteloua dactyloides - Centaurea spp. Great Plains Ruderal Grassland & Shrubland Macrogroup","Nomenclature fix (NVC186g)",2025-07-22 04:53:26,"D. Faber-Langendoen"
860409,"Polypodium virginianum - Asplenium platyneuron - Eriogonum spp. Cliff & Rock Vegetation Division","USNVC 3.0 pre-release edits",2025-06-23 07:35:26,"D. Faber-Langendoen"
959134,"Adiantum tenerum Southeast Coastal Plain Cliff & Rock Outcrop Group","Nomenclature fix (NVC186g)",2025-07-22 04:53:27,"D. Faber-Langendoen"
1256088,"Southern Appalachian Cliff & Rock Vegetation Group","USNVC 3.0 pre-release edits",2025-06-23 07:35:29,"D. Faber-Langendoen"
849149,"Pinus monticola / Arctostaphylos nevadensis Vancouverian Cliff, Scree & Rock Vegetation Group","USNVC 3.0 pre-release edits",2025-06-23 07:36:17,"D. Faber-Langendoen"
837832,"Artemisia arbuscula - Artemisia bigelovii - Artemisia nova Steppe & Shrubland Group","Nomenclature fix (NVC186g)",2025-07-22 04:53:28,"D. Faber-Langendoen"
873846,"Agropyron cristatum - Bromus tectorum - Sisymbrium altissimum Western North American Ruderal Semi-Desert Scrub & Grassland Macrogroup","Nomenclature fix (NVC186g)",2025-07-22 04:53:29,"D. Faber-Langendoen"
849179,"Racomitrium spp. - Stereocaulon spp. - Phlox spp. North Pacific Alpine-Subalpine Bedrock & Scree Group","Nomenclature fix (NVC186g)",2025-07-22 04:53:34,"D. Faber-Langendoen"
860750,"Picea mariana Alaskan-Yukon Boreal Wet Forest Group","Nomenclature fix (NVC186g)",2025-07-22 04:53:36,"D. Faber-Langendoen"
860521,"Rhynchospora spp. - Eleocharis spp. - Panicum spp. Atlantic & Gulf Coastal Plain Wet Prairie & Marsh Macrogroup","",2025-04-11 07:19:59,"D.Faber-Langendoen"
894450,"Midwest Wet Prairie &amp; Wet Meadow","",2019-02-05 12:00:00,"D. Faber-Langendoen"
893245,"Arctophila fulva Arctic Marsh & Wet Meadow Division","Fix error detected in QC",2020-01-06 12:00:00,"D. Faber-Langendoen"
1041730,"Alnus incana ssp. tenuifolia - Salix bebbiana / Carex aquatilis Tall Shrub Swamp Group","Nomenclature fix (NVC186g)",2025-07-22 04:53:41,"D. Faber-Langendoen"
860569,"Great Plains-Eastern Saline Wetland Macrogroup","USNVC 3.0 pre-release edits",2025-06-23 07:36:41,"D. Faber-Langendoen"
1299044,"Carex aquatilis - Carex cusickii - Carex lasiocarpa Fen Macrogroup","Nomenclature fix (NVC186g)",2025-07-22 04:53:43,"D. Faber-Langendoen"
856702,"Kobresia myosuroides - Carex buxbaumii Alkaline Fen Group","USNVC 3.0 pre-release edits",2025-06-17 07:12:01,"D. Faber-Langendoen"
838396,"Avicennia germinans - Laguncularia racemosa - Rhizophora mangle Macrogroup","Nomenclature fix (NVC186g)",2025-07-22 04:53:45,"D. Faber-Langendoen"
688025,"Acrostichum aureum - (Acrostichum danaeifolium) Tidal Salt Marsh","Nomenclature fix (NVC186g)",2025-07-22 04:53:45,"D. Faber-Langendoen"
860725,"Sesuvium portulacastrum Caribbean Coastal Rocky Shore & Cliff Group","Nomenclature fix (NVC186g)",2025-07-22 04:53:46,"D. Faber-Langendoen"
860408,"Abronia spp. - Leymus mollis ssp. mollis - Erigeron glaucus Pacific North American Coastal Scrub & Herb Vegetation Division","Nomenclature fix (NVC186g)",2025-07-22 04:53:46,"D. Faber-Langendoen"
860656,"Leymus mollis - Honckenya peploides - Lupinus nootkatensis Coastal Shore Macrogroup","Nomenclature fix (NVC186g)",2025-07-22 04:53:46,"D. Faber-Langendoen"
686618,"<i>Pinus contorta var. latifolia / Purshia tridentata / Achnatherum occidentale ssp. occidentale</i> Woodland","",2019-02-28 12:00:00,"D. Faber-Langendoen"
688487,"<i>Pinus contorta var. latifolia / Purshia tridentata / Festuca idahoensis</i> Woodland","",2019-02-28 12:00:00,"D. Faber-Langendoen"
684562,"<i>Pinus elliottii var. elliottii - (Pinus serotina) / Aristida beyrichiana - Rhynchospora oligantha - Sarracenia</i> spp. Woodland","",2019-02-28 12:00:00,"D. Faber-Langendoen"
688957,"<i>Pinus serotina - Pinus elliottii var. elliottii / Cliftonia monophylla - Cyrilla racemiflora</i> Swamp Woodland","",2019-02-28 12:00:00,"D. Faber-Langendoen"
688726,"<i>Pinus elliottii var. elliottii / Serenoa repens - Ilex glabra - Morella cerifera - Ilex vomitoria</i> Woodland","",2019-02-28 12:00:00,"D. Faber-Langendoen"
685372,"<i>Pinus (palustris, elliottii var. elliottii) / (Quercus geminata) / Serenoa repens / Aristida beyrichiana</i> Woodland","",2019-02-28 12:00:00,"D. Faber-Langendoen"
684224,"Panicum obtusum - Bouteloua dactyloides Wet Meadow","",2024-06-21 04:42:25,"D.Faber-Langendoen"
687974,"Panicum obtusum - Panicum hallii Wet Meadow","",2024-06-21 04:42:33,"D.Faber-Langendoen"
899116,"Polygonum spp. - Echinochloa spp. - Distichlis spicata Wet Meadow Alliance","",2024-06-21 04:42:48,"D.Faber-Langendoen"
688735,"Polygonum spp. - Echinochloa spp. - Distichlis spicata Playa Lake Wet Meadow","",2024-06-21 04:42:50,"D.Faber-Langendoen"
1277485,"Juncus effusus - Juncus patens - Carex pansa Wet Meadow Alliance","",2024-06-21 04:42:55,"D.Faber-Langendoen"
881403,"Californian Ruderal Forest Group","USNVC 3.0 pre-release edits",2025-06-23 07:34:46,"D. Faber-Langendoen"
1270978,"Dry Mixed Conifer - Grassy Woodland Alliance","USNVC 3.0 pre-release edits",2025-06-23 07:34:52,"D. Faber-Langendoen"
1270974,"Mesic Mixed Conifer - Herbaceous Forest & Woodland Alliance","USNVC 3.0 pre-release edits",2025-06-23 07:34:55,"D. Faber-Langendoen"
1270968,"Ponderosa Pine - Xeric Shrub Woodland Alliance","USNVC 3.0 pre-release edits",2025-06-23 07:34:56,"D. Faber-Langendoen"
1344238,"Alaska-Yukon Northern & Montane Boreal Mesic Woodland Group","USNVC 3.0 pre-release edits",2025-06-23 07:35:07,"D. Faber-Langendoen"
860286,"Polynesian Cliff, Scree & Rock Vegetation Division","USNVC 3.0 pre-release edits",2025-06-23 07:35:09,"D. Faber-Langendoen"
877395,"Californian North Coastal & Mesic Scrub Group","USNVC 3.0 pre-release edits",2025-06-23 07:35:11,"D. Faber-Langendoen"
683220,"Eleocharis spp. - Schoenoplectus spp. - Fimbristylis spp. - Juncus spp. Southeastern Coastal Plain Inland Salt Flat Sparse Vegetation","USNVC 3.0 pre-release edits",2025-06-23 07:35:15,"D. Faber-Langendoen"
1279648,"East Gulf Coastal Plain Jackson-BlackBelt Prairie Alliance","USNVC 3.0 pre-release edits",2025-06-23 07:35:16,"D. Faber-Langendoen"
899966,"Southern Appalachian Wet Cliff Alliance","USNVC 3.0 pre-release edits",2025-06-23 07:35:36,"D. Faber-Langendoen"
959812,"Central Appalachian-Northeast Non-acidic Cliff & Talus Alliance","USNVC 3.0 pre-release edits",2025-06-23 07:35:44,"D. Faber-Langendoen"
685146,"Central Midwest-Interior Sandstone Dry Cliff Vegetation","USNVC 3.0 pre-release edits",2025-06-23 07:35:47,"D. Faber-Langendoen"
683886,"Toxicodendron radicans / (Polymnia cossatotensis) Ouachita Talus Vegetation","USNVC 3.0 pre-release edits",2025-06-23 07:35:49,"D. Faber-Langendoen"
688631,"Impatiens pallida - Cystopteris bulbifera - Adoxa moschatellina Algific Talus Rock Vegetation","USNVC 3.0 pre-release edits",2025-06-23 07:35:51,"D. Faber-Langendoen"
683901,"Osmunda cinnamomea - Rhynchospora capitellata - Heuchera parviflora var. puberula - Xyris jupicai Cliff Vegetation","USNVC 3.0 pre-release edits",2025-06-23 07:35:53,"D. Faber-Langendoen"
687949,"Ozark Igneous Moist Cliff Vegetation","USNVC 3.0 pre-release edits",2025-06-23 07:35:54,"D. Faber-Langendoen"
686955,"Acer spicatum - Alnus viridis - Picea glauca / Polypodium virginianum Talus Shrubland","USNVC 3.0 pre-release edits",2025-06-23 07:35:56,"D. Faber-Langendoen"
683811,"Eastern Boreal & Laurentian Granite - Metamorphic Talus Vegetation","Northeast review, part 2c",2020-12-22 09:48:54,"D. Faber-Langendoen"
687913,"Boreal Glaciere Talus Sparse Vegetation","Northeast review, part 2c",2020-12-22 09:49:00,"D. Faber-Langendoen"
689269,"Mixed Forb Alkaline Talus Vegetation","USNVC 3.0 pre-release edits",2025-06-23 07:35:58,"D. Faber-Langendoen"
893449,"Laurentian Dry Sandstone Cliff Vegetation","USNVC 3.0 pre-release edits",2025-06-23 07:36:01,"D. Faber-Langendoen"
685970,"Acer spicatum - Thuja occidentalis - Betula papyrifera / Taxus canadensis Alkaline Cliff Scrub","USNVC 3.0 pre-release edits",2025-06-23 07:36:01,"D. Faber-Langendoen"
893439,"Laurentian Dry Alkaline Cliff Vegetation","USNVC 3.0 pre-release edits",2025-06-23 07:36:02,"D. Faber-Langendoen"
689795,"Sandstone Butte Sparse Vegetation","USNVC 3.0 pre-release edits",2025-06-23 07:36:04,"D. Faber-Langendoen"
689419,"Adiantum capillus-veneris - (Thelypteris ovata var. lindheimeri, Thelypteris kunthii) Cliff Vegetation","USNVC 3.0 pre-release edits",2025-06-23 07:36:07,"D. Faber-Langendoen"
899836,"Sedum spathulifolium Sparse Rock Vegetation Alliance","",2025-03-05 02:16:26,"D.Faber-Langendoen"
788799,"Eriogonum fasciculatum / Selaginella bigelovii Sparse Vegetation","USNVC 3.0 pre-release edits",2025-06-23 07:36:14,"D. Faber-Langendoen"
685723,"Aletes anisatus - Scutellaria brittonii Scree Vegetation","USNVC 3.0 pre-release edits",2025-06-23 07:36:15,"D. Faber-Langendoen"
857940,"Petrophytum caespitosum Sparse Vegetation","USNVC 3.0 pre-release edits",2025-06-23 07:36:16,"D. Faber-Langendoen"
687301,"Rubus idaeus Scree Shrubland","USNVC 3.0 pre-release edits",2025-06-23 07:36:17,"D. Faber-Langendoen"
899831,"North Pacific Nonvascular Rock Vegetation Alliance","USNVC 3.0 pre-release edits",2025-06-23 07:36:19,"D. Faber-Langendoen"
872765,"Pacific Region Flooded & Swamp Forest Division","USNVC 3.0 pre-release edits",2025-06-23 07:36:24,"D. Faber-Langendoen"
684956,"Hymenocallis coronaria - Justicia americana Riverbed Vegetation","USNVC 3.0 pre-release edits",2025-06-23 07:36:32,"D. Faber-Langendoen"
689850,"Schoenoplectus spp. - Poa palustris - Mixed Herbaceous Great Plains Streamside Marsh","USNVC 3.0 pre-release edits",2025-06-23 07:36:36,"D. Faber-Langendoen"
899898,"Phalaris arundinacea Western Ruderal Marsh Alliance","Marin & San Mateo Counties CNPS USNVC review",2023-04-05 05:28:20,"Evens, J., Boul, R., McIntyre, P."
899657,"Carex lasiocarpa - Kobresia myosuroides - Carex scirpoidea Alkaline Graminoid Fen Alliance","USNVC 3.0 pre-release edits",2025-06-23 07:36:46,"D. Faber-Langendoen"
1302626,"Eastern North American Marine Coastal Shore Division","USNVC 3.0 pre-release edits",2025-06-23 07:36:59,"D. Faber-Langendoen"
899735,"Cakile spp. - Ipomoea spp. Sparse Beach Alliance","USNVC 3.0 pre-release edits",2025-06-23 07:37:00,"D. Faber-Langendoen"
1159199,"Quercus rubra - Acer saccharum Calcareous Central Appalachian Forest","",2025-10-09 08:32:36,"D.Faber-Langendoen"
689084,"Taxodium ascendens / Magnolia virginiana / Cladium mariscus Swamp","Cladium mariscus ssp. jamaicense refers to sawgrass in the Western Hemisphere following USDA Plants 2016, the standard for the USNVC 3.0. The full species name is not used in the Western Hemisphere.",2026-03-18 01:15:17,"K. Palmquist, Regional Editor"
885033,"Caribbean Cladium mariscus - Eleocharis cellulosa - Panicum hemitomon Marsh Macrogroup","Cladium mariscus ssp. jamaicense refers to sawgrass in the Western Hemisphere following USDA Plants 2016, the standard for the USNVC 3.0. The full species name is not used in the Western Hemisphere.",2026-03-18 01:15:30,"K. Palmquist, Regional Editor"
885033,"<i>Cladium mariscus ssp. jamaicense - Eleocharis cellulosa - Panicum hemitomon</i> Marsh Macrogroup","",2019-02-27 12:00:00,"D. Faber-Langendoen"
1302666,"Eastern Wildflower Pollinator Meadow","Clarify in name that this is a ruderal type.",2026-03-18 07:21:01,"D.Faber-Langendoen"
1285866,"Dimeria chloridiformis - Miscanthus floridulus - Pennisetum polystachion Micronesian Grassland Alliance","Clarify in name that this is a ruderal type.",2026-03-18 07:30:09,"D.Faber-Langendoen"
688866,"Dermatophyllum secundiflorum - Diospyros texana - (Mahonia trifoliolata) Shrubland","Clarify in name that this is a ruderal type.",2026-03-18 07:21:38,"D.Faber-Langendoen"
688866,"Sophora secundiflora - Diospyros texana - (Mahonia trifoliolata) Ruderal Shrubland","Texas USNVC reg'l review follow-up, May 2023",2023-08-14 06:23:06,"J. Singhurst, TX ecologists, D. Faber-Langendoen"
687268,"Pinus palustris - Pinus (echinata, taeda) / (Liquidambar styraciflua) / Schizachyrium scoparium Ruderal Woodland","Removed ""Ruderal"" because type is not always ruderal.",2026-03-19 12:29:41,"C. Nordman"
797095,"Ludwigia leptocarpa Wet Meadow","",2026-03-20 02:49:26,"D. Faber-Langendoen"
797095,"Ludwigia leptocarpa Ruderal Wet Meadow","",2026-03-20 02:55:02,"D. Faber-Langendoen"
689315,"Ludwigia peploides Ruderal Aquatic Vegetation","",2026-03-20 02:55:07,"D. Faber-Langendoen"
868488,"Acacia koa / Metrosideros polymorpha / Microlaena stipoides Ruderal Montane Mesic Forest","",2026-03-20 02:55:15,"D. Faber-Langendoen"
1127114,"Hesperostipa comata Northern Dry Grassland Alliance","CNVC Grasslands revisions, March 2023",2024-02-23 08:18:13,"M. Tremblay, D. Downing, L. Pyle et al."
686597,"Pinus ponderosa - Quercus garryana / Symphoricarpos albus Woodland","",2024-10-29 03:20:08,"D.Faber-Langendoen"
1225598,"Pinus ponderosa Mesic Shrubby Central Rocky Mountain Woodland Alliance","MT-ID-WY regional review of USNVC, March 2023",2023-04-12 05:28:04,"Cooper,S., others, D. Faber-Langendoen"
1225598,"Pinus ponderosa / Shrub Understory Central Rocky Mountain Woodland Alliance","Washington updates",2022-08-08 11:04:30,"T. Ramm-Granberg & D. Faber-Langendoen"
899585,"Pseudotsuga menziesii Central Rocky Mountain Dry-Mesic Mixed Conifer Forest & Woodland Alliance","MT-ID-WY regional review of USNVC, March 2023",2023-04-12 05:28:06,"Cooper,S., others, D. Faber-Langendoen"
899825,"Cornus sericea - Dasiphora fruticosa - Ribes spp. Wet Shrubland Alliance","MT-ID-WY USNVC reg'l review follow-up, May 2023",2023-08-02 03:56:15,"MT, ID, WY ecologists, D. Faber-Langendoen"
685758,"Artemisia tridentata / Bouteloua gracilis Shrubland","MT-ID-WY USNVC reg'l review follow-up, May 2023",2023-08-02 03:57:25,"MT, ID, WY ecologists, D. Faber-Langendoen"
687066,"Purshia tridentata - Artemisia tridentata / Eriogonum umbellatum Shrubland","MT-ID-WY USNVC reg'l review follow-up, May 2023",2023-08-02 03:57:48,"MT, ID, WY ecologists, D. Faber-Langendoen"
688879,"Picea engelmannii / Saxifraga bronchialis Scree Sparse Vegetation","MT-ID-WY USNVC reg'l review follow-up, May 2023",2023-08-02 03:58:02,"MT, ID, WY ecologists, D. Faber-Langendoen"
1171241,"Quercus phellos - Quercus nigra West Gulf Floodplain Forest Alliance","Texas USNVC reg'l review follow-up, May 2023",2023-08-14 06:22:24,"J. Singhurst, TX ecologists, D. Faber-Langendoen"
899432,"Sedum spp. - Schizachyrium scoparium Comanchian Open Grassland Alliance","Texas USNVC reg'l review follow-up, May 2023",2023-08-14 06:22:36,"J. Singhurst, TX ecologists, D. Faber-Langendoen"
1298987,"Seasonally Dry Temperate Heath & Shrubland Formation","Renamed to clarify this Formation after addition of subbiome TT4.a Mediterranean-Dry Grassland & Shrubland (GET_revisions2).",2024-12-06 12:00:00,"D. Faber-Langendoen"
1298998,"Tropical High Montane Grassland & Herbfield Formation","Formation to Ecobiome",2025-02-14 07:15:03,"D. Faber-Langendoen"
684811,"Juniperus osteosperma / Hesperostipa neomexicana Open Woodland","",2025-03-05 02:14:08,"D.Faber-Langendoen"
1042115,"Arctic Acidic Low Willow Tundra Alliance","",2025-03-05 02:17:33,"D.Faber-Langendoen"
1042070,"Arctic Ericaceous Dwarf-shrub Tundra Alliance","",2025-03-05 02:17:47,"D.Faber-Langendoen"
1042090,"Arctic Nonacidic Dwarf Willow Tundra Alliance","",2025-03-05 02:17:52,"D.Faber-Langendoen"
1042040,"Arctic Nonacidic Lichen - Sparse Dwarf-shrub Tundra Alliance","",2025-03-05 02:17:55,"D.Faber-Langendoen"
1176971,"Laurentian-Acadian Rivershore Alliance","",2025-03-05 02:19:19,"D.Faber-Langendoen"
899011,"Quercus stellata - Quercus marilandica / Ilex vomitoria Woodland Alliance","KY + TN Southeast USNVC reg'l review follow-up, May 2023",2023-08-25 12:24:22,"C. Elam, KY ecologists, D. Faber-Langendoen"
1233796,"Quercus stellata / Schizachyrium scoparium Interior Low Plateau Barrens Woodland Alliance","KY + TN Southeast USNVC reg'l review follow-up, May 2023",2023-08-25 12:24:31,"C. Elam, KY ecologists, D. Faber-Langendoen"
1242965,"Quercus muehlenbergii - Quercus stellata / Bouteloua curtipendula Alkaline Wooded Grassland Alliance","KY + TN Southeast USNVC reg'l review follow-up, May 2023",2023-08-25 12:25:02,"C. Elam, KY ecologists, D. Faber-Langendoen"
899438,"Picea rubens / Vaccinium angustifolium Rocky Woodland Alliance","USNVC prelim review Aug 2023",2023-08-29 06:17:26,"D. Faber-Langendoen"
687428,"Heteropogon contortus Lowland Dry Herbaceous Vegetation","USNVC prelim review Aug 2023",2023-08-29 06:18:01,"D. Faber-Langendoen"
683605,"Dicranopteris linearis Wet Herbaceous Mat","USNVC prelim review Aug 2023",2023-08-29 06:18:06,"D. Faber-Langendoen"
868503,"Paspalum conjugatum - Sacciolepis indica - Axonopus fissifolius Mixed Ruderal Herbaceous Vegetation","USNVC prelim review Aug 2023",2023-08-29 06:18:50,"D. Faber-Langendoen"
689062,"Pennisetum setaceum Lowland Dry Ruderal Herbaceous Vegetation","USNVC prelim review Aug 2023",2023-08-29 06:19:15,"D. Faber-Langendoen"
685211,"Deschampsia nubigena Montane & Subalpine Mesic Herbaceous Vegetation","USNVC prelim review Aug 2023",2023-08-29 06:19:30,"D. Faber-Langendoen"
900012,"Selaginella rupestris - Selaginella tortipila - Schizachyrium scoparium Rocky Grassland Alliance","USNVC NC revisions",2023-10-18 06:18:51,"M. Schafale, D. Faber-Langendoen"
1298972,"Tropical Montane Rainforest Formation","Formation to Ecobiome",2025-02-14 07:15:03,"D. Faber-Langendoen"
1298974,"Tropical Seasonally Dry Forest & Thicket Formation","Formation to Ecobiome",2025-02-14 07:15:03,"D. Faber-Langendoen"
1298995,"Ice Sheet, Glacier & Perennial Snowfield Formation","Formation to Ecobiome",2025-02-14 07:15:03,"D. Faber-Langendoen"
884111,"Bush Fruit & Berry Cultural Group","GET_revisions",2024-01-23 03:40:38,"D. Faber-Langendoen"
884035,"Permanent Pasture & Hay Field Cultural Subformation","GET Cultural name suffix revisions",2024-01-23 04:58:08,"D. Faber-Langendoen"
939245,"Native Southern Pine Plantation Cultural Type","GET Cultural name suffix revisions",2024-01-23 04:58:08,"D. Faber-Langendoen"
939238,"Native Tropical Hawaiian Conifer Plantation Cultural Type","GET Cultural name suffix revisions",2024-01-23 04:58:08,"D. Faber-Langendoen"
860318,"Populus deltoides - Fraxinus pennsylvanica - Acer saccharinum Flooded & Swamp Forest Division","""Swamp Forest"" fix (NVC186g)",2025-07-22 07:34:49,"D. Faber-Langendoen"
1161749,"Central & Southern Polynesian Swamp Forest Group","""Swamp Forest"" fix (NVC186g)",2025-07-22 07:35:07,"D. Faber-Langendoen"
1041519,"Tsuga heterophylla - Alnus rubra / Lysichiton americanus Swamp Forest Group","""Swamp Forest"" fix (NVC186g)",2025-07-22 07:35:12,"D. Faber-Langendoen"
1090947,"Acer rubrum - Nyssa sylvatica - Fraxinus pennsylvanica Swamp Forest Group","""Swamp Forest"" fix (NVC186g)",2025-07-22 07:35:14,"D. Faber-Langendoen"
1159105,"Acer rubrum - Fraxinus nigra - Quercus bicolor Swamp Forest Group","""Swamp Forest"" fix (NVC186g)",2025-07-22 07:35:14,"D. Faber-Langendoen"
1159105,"Quercus bicolor - Fagus grandifolia - Acer rubrum Swamp Forest Group","NVC143 & 128 skeletal edits",2021-07-21 09:41:12,""
898971,"Chamaecyparis thyoides Swamp Forest Alliance","""Swamp Forest"" fix (NVC186g)",2025-07-22 07:35:22,"D. Faber-Langendoen"
1302658,"Triadica sebifera Ruderal Flooded & Swamp Forest Alliance","""Swamp Forest"" fix (NVC186g)",2025-07-22 07:35:31,"D. Faber-Langendoen"
899810,"Pinus contorta var. murrayana - Pinus contorta var. latifolia Swamp Forest Alliance","""Swamp Forest"" fix (NVC186g)",2025-07-22 07:35:41,"D. Faber-Langendoen"
683816,"Fraxinus caroliniana / Crinum americanum - Bacopa caroliniana Swamp Forest","""Swamp Forest"" fix (NVC186g)",2025-07-22 07:35:48,"D. Faber-Langendoen"
685765,"Taxodium distichum / Persea palustris - Fraxinus caroliniana - Chrysobalanus icaco / Blechnum serrulatum Swamp Forest","""Swamp Forest"" fix (NVC186g)",2025-07-22 07:35:50,"D. Faber-Langendoen"
685341,"Nyssa ogeche - (Nyssa biflora) Swamp Forest","""Swamp Forest"" fix (NVC186g)",2025-07-22 07:35:57,"D. Faber-Langendoen"
686497,"Nyssa biflora - Acer rubrum var. trilobum - Liriodendron tulipifera / Magnolia virginiana / Clethra alnifolia Swamp Forest","""Swamp Forest"" fix (NVC186g)",2025-07-22 07:35:58,"D. Faber-Langendoen"
731101,"Acer rubrum - Nyssa biflora - (Liquidambar styraciflua, Fraxinus sp.) Maritime Swamp Forest","""Swamp Forest"" fix (NVC186g)",2025-07-22 07:36:03,"D. Faber-Langendoen"
684483,"Magnolia virginiana - Nyssa biflora / Oxydendrum arboreum / Viburnum nudum var. nudum Swamp Forest","""Swamp Forest"" fix (NVC186g)",2025-07-22 07:36:05,"D. Faber-Langendoen"
686626,"Nyssa biflora - Liquidambar styraciflua / Magnolia virginiana / Hamamelis virginiana - Viburnum nudum Swamp Forest","""Swamp Forest"" fix (NVC186g)",2025-07-22 07:36:06,"D. Faber-Langendoen"
684401,"Pinus elliottii - Magnolia virginiana - Taxodium ascendens - Nyssa biflora / Polygala cymosa Swamp Forest","""Swamp Forest"" fix (NVC186g)",2025-07-22 07:36:08,"D. Faber-Langendoen"
688884,"Magnolia virginiana - Persea palustris / Lyonia lucida Swamp Forest","""Swamp Forest"" fix (NVC186g)",2025-07-22 07:36:13,"D. Faber-Langendoen"
685410,"Chamaecyparis thyoides - Acer rubrum / Lycopus spp. Swamp Forest","""Swamp Forest"" fix (NVC186g)",2025-07-22 07:36:16,"D. Faber-Langendoen"
688211,"Chamaecyparis thyoides / Ilex glabra - Rhododendron viscosum Swamp Forest","""Swamp Forest"" fix (NVC186g)",2025-07-22 07:36:17,"D. Faber-Langendoen"
683137,"Chamaecyparis thyoides / Rhododendron maximum Swamp Forest","""Swamp Forest"" fix (NVC186g)",2025-07-22 07:36:18,"D. Faber-Langendoen"
687254,"Quercus virginiana - Quercus nigra - Liquidambar styraciflua / Ilex opaca / Viburnum dentatum Swamp Forest","""Swamp Forest"" fix (NVC186g)",2025-07-22 07:36:25,"D. Faber-Langendoen"
684595,"Taxodium distichum - Liquidambar styraciflua - Platanus occidentalis / Asimina triloba Swamp Forest","""Swamp Forest"" fix (NVC186g)",2025-07-22 07:36:30,"D. Faber-Langendoen"
687957,"Acer rubrum - Gleditsia aquatica - Planera aquatica - Fraxinus profunda Swamp Forest","""Swamp Forest"" fix (NVC186g)",2025-07-22 07:36:32,"D. Faber-Langendoen"
685847,"Quercus palustris - Quercus bicolor - (Liquidambar styraciflua) Swamp Forest","""Swamp Forest"" fix (NVC186g)",2025-07-22 07:36:43,"D. Faber-Langendoen"
683995,"Fraxinus nigra - Mixed Hardwoods - Conifers / Cornus sericea / Carex spp. Swamp Forest","""Swamp Forest"" fix (NVC186g)",2025-07-22 07:36:47,"D. Faber-Langendoen"
684916,"Acer rubrum - Fraxinus nigra - (Tsuga canadensis) / Tiarella cordifolia Swamp Forest","""Swamp Forest"" fix (NVC186g)",2025-07-22 07:36:48,"D. Faber-Langendoen"
689867,"Acer rubrum - Larix laricina / Alnus incana - Ilex verticillata / Osmunda regalis Swamp Forest","""Swamp Forest"" fix (NVC186g)",2025-07-22 07:36:48,"D. Faber-Langendoen"
689486,"Thuja occidentalis - Fraxinus nigra Swamp Forest","""Swamp Forest"" fix (NVC186g)",2025-07-22 07:36:52,"D. Faber-Langendoen"
800143,"Abies balsamea - Picea rubens / Ilex verticillata / Sphagnum spp. Swamp Forest","""Swamp Forest"" fix (NVC186g)",2025-07-22 07:36:55,"D. Faber-Langendoen"
688193,"Picea rubens - Acer rubrum / Ilex verticillata Swamp Forest","""Swamp Forest"" fix (NVC186g)",2025-07-22 07:36:56,"D. Faber-Langendoen"
685443,"Alnus rubra / Physocarpus capitatus - Philadelphus lewisii Swamp Forest","""Swamp Forest"" fix (NVC186g)",2025-07-22 07:36:58,"D. Faber-Langendoen"
684581,"Abies lasiocarpa - Picea engelmannii / Calamagrostis canadensis Swamp Forest","""Swamp Forest"" fix (NVC186g)",2025-07-22 07:36:59,"D. Faber-Langendoen"
689108,"Picea (x albertiana, engelmannii) / Lysichiton americanus Swamp Forest","""Swamp Forest"" fix (NVC186g)",2025-07-22 07:37:01,"D. Faber-Langendoen"
688327,"Populus tremuloides / Carex aquatilis var. aquatilis Swamp Forest","""Swamp Forest"" fix (NVC186g)",2025-07-22 07:37:07,"D. Faber-Langendoen"
685678,"Populus tremuloides / Carex pellita Riparian Forest","Washington NCCN Wetlands",2021-12-26 11:05:17,"Tynan Ramm-Granberg"
684759,"Thuja plicata - Tsuga heterophylla / Oplopanax horridus Rocky Mountain Swamp Forest","""Swamp Forest"" fix (NVC186g)",2025-07-22 07:37:08,"D. Faber-Langendoen"
683642,"Populus tremuloides / Carex obnupta Swamp Forest","""Swamp Forest"" fix (NVC186g)",2025-07-22 07:37:14,"D. Faber-Langendoen"
690027,"Chamaecyparis lawsoniana / Rhododendron occidentale / Carex spp. Swamp Forest","""Swamp Forest"" fix (NVC186g)",2025-07-22 07:37:16,"D. Faber-Langendoen"
687279,"Picea sitchensis - Tsuga heterophylla / Vaccinium (alaskaense, ovalifolium) - Oplopanax horridus Swamp Forest","""Swamp Forest"" fix (NVC186g)",2025-07-22 07:37:24,"D. Faber-Langendoen"
684925,"Tsuga heterophylla - Callitropsis nootkatensis / Vaccinium (alaskaense, ovalifolium) / Lysichiton americanus Swamp Forest","""Swamp Forest"" fix (NVC186g)",2025-07-22 07:37:25,"D. Faber-Langendoen"
979512,"Tsuga mertensiana / Vaccinium (alaskaense, ovalifolium) / Lysichiton americanus Swamp Forest","""Swamp Forest"" fix (NVC186g)",2025-07-22 07:37:27,"D. Faber-Langendoen"
838433,"Madrean Lowland Juniperus deppeana - Pinus cembroides - Quercus arizonica Woodland Macrogroup","",2025-07-28 01:09:28,"D.Faber-Langendoen"
838433,"Juniperus deppeana - Pinus cembroides - Quercus arizonica Madrean Lowland Evergreen Woodland Macrogroup","Nomenclature fix (NVC186g)",2025-07-22 04:53:09,"D. Faber-Langendoen"
683077,"Picea mariana / Alnus incana / Sphagnum spp. Swamp","",2026-01-26 06:46:56,"D.Faber-Langendoen"
926768,"Carex spp. - Calamagrostis canadensis Northern Wet Meadow Alliance","",2026-01-26 06:47:19,"D.Faber-Langendoen"
884085,"Temperate Shrub & Herb Developed Vegetation Cultural Subgroup","GET_revisions",2024-01-23 03:40:40,"D. Faber-Langendoen"
884053,"Other Weed Field Vegetation Cultural Group","GET_revisions",2024-01-23 03:40:39,"D. Faber-Langendoen"
884048,"Tropical & Temperate Open Fallow Field Cultural Subgroup","GET Cultural name suffix revisions",2024-01-23 04:58:08,"D. Faber-Langendoen"
884109,"Other Vineyard Cultural Group","GET Cultural name suffix revisions",2024-01-23 04:58:08,"D. Faber-Langendoen"
884002,"Temperate Agroforestry Plantation Cultural Subgroup","GET Cultural name suffix revisions",2024-01-23 04:58:08,"D. Faber-Langendoen"
884096,"Agricultural Pond Vegetation Cultural Subformation","GET Cultural name suffix revisions",2024-01-23 04:58:08,"D. Faber-Langendoen"
884069,"Tropical Open Lawn Cultural Subgroup","GET Cultural name suffix revisions",2024-01-23 04:58:08,"D. Faber-Langendoen"
884090,"Shrub & Herb Developed Wetland Vegetation Cultural Group","GET_revisions",2024-01-23 03:40:38,"D. Faber-Langendoen"
884049,"Fallow Field Weed Vegetation Cultural Subformation","GET_revisions",2024-01-23 03:28:54,"D. Faber-Langendoen"
883988,"Forest Plantation Cultural Subformation","GET Cultural name suffix revisions",2024-01-23 04:58:08,"D. Faber-Langendoen"
884095,"Temperate Developed Wooded Wetland Cultural Subgroup","GET Cultural name suffix revisions",2024-01-23 04:58:08,"D. Faber-Langendoen"
884016,"Tropical & Temperate Legume Crop Cultural Subgroup","GET Cultural name suffix revisions",2024-01-23 04:58:08,"D. Faber-Langendoen"
884070,"Tropical Lawn with Trees Cultural Subgroup","GET_revisions",2024-01-23 03:40:39,"D. Faber-Langendoen"
884082,"Tropical Developed Open Land Cultural Subgroup","GET Cultural name suffix revisions",2024-01-23 04:58:08,"D. Faber-Langendoen"
902979,"Tropical Forest Plantation Cultural Subgroup","GET Cultural name suffix revisions",2024-01-23 04:58:08,"D. Faber-Langendoen"
687410,"Eriogonum pauciflorum - Gutierrezia sarothrae Badlands Sparse Vegetation","remaining edits for V3.0 release",2025-08-14 05:41:14,"D. Faber-Langendoen"
837809,"Artemisia tridentata ssp. wyomingensis - Artemisia tridentata ssp. tridentata Steppe & Shrubland Group","Nomenclature fix (NVC186g)",2025-07-22 04:53:28,"D. Faber-Langendoen"
900103,"Ephedra spp. - Leymus salinus - Eriogonum corymbosum Badlands Cold Desert Sparse Vegetation Alliance","MT-ID-WY regional review of USNVC, March 2023",2023-04-12 05:28:40,"Cooper,S., others, D. Faber-Langendoen"
687897,"Atriplex canescens - (Ephedra viridis) / (Muhlenbergia porteri) Sandstone Sparse Vegetation","remaining edits for V3.0 release",2025-08-14 05:41:16,"D. Faber-Langendoen"
684370,"Cobble - Gravel Eskers Sparse Vegetation","remaining edits for V3.0 release",2025-08-14 05:41:16,"D. Faber-Langendoen"
683877,"Tundra Cobble - Gravel Flats Sparse Vegetation","remaining edits for V3.0 release",2025-08-14 05:41:17,"D. Faber-Langendoen"
683957,"Spartina pectinata - Muhlenbergia richardsonis - Sporobolus heterolepis - Oligoneuron album - Euthamia graminifolia Riverscour Sparse Vegetation","remaining edits for V3.0 release",2025-08-14 05:41:18,"D. Faber-Langendoen"
684601,"Cakile edentula var. lacustris - Argentina anserina Sparse Vegetation","remaining edits for V3.0 release",2025-08-14 05:41:19,"D. Faber-Langendoen"
689759,"Igneous - Metamorphic Cobble - Gravel Inland Lake Shore Sparse Vegetation","remaining edits for V3.0 release",2025-08-14 05:41:19,"D. Faber-Langendoen"
685608,"Brackish - Tidal Estuarine Mudflats Sparse Vegetation","remaining edits for V3.0 release",2025-08-14 05:41:21,"D. Faber-Langendoen"
685081,"Vitis rotundifolia / Triplasis purpurea - Panicum amarum - Schizachyrium littorale Mid-Atlantic Coastal Medaño Sparse Vegetation","remaining edits for V3.0 release",2025-08-14 05:41:21,"D. Faber-Langendoen"
687789,"Marine Sand Flats - Bars Sparse Vegetation","remaining edits for V3.0 release",2025-08-14 05:41:22,"D. Faber-Langendoen"
683469,"Quercus grisea / Bouteloua curtipendula Scrub Woodland","Southwest regional peer review (NM, AZ, CO, UT, NV)",2023-02-17 02:46:42,"E. Muldavin et al."
899120,"Cladium mariscus Floodplain Marsh Alliance","Cladium mariscus ssp. jamaicense refers to sawgrass in the Western Hemisphere following USDA Plants 2016, the standard for the USNVC 3.0. The full species name is not used in the Western Hemisphere.",2026-03-18 01:15:37,"K. Palmquist, Regional Editor"
688635,"<i>Cladium mariscus ssp. jamaicense - Bacopa caroliniana</i> Marsh","",2019-02-27 12:00:00,"D. Faber-Langendoen"
688636,"<i>Cladium mariscus ssp. jamaicense</i> / Algal Periphyton Marsh","",2019-02-27 12:00:00,"D. Faber-Langendoen"
688574,"Prosopis glandulosa var. glandulosa - Acacia greggii - Celtis ehrenbergiana / Paspalum setaceum - Urochloa ciliatissima Scrub","The taxon concept of Celtis ehrenbergiana is in dispute, and the preferred species name is Celtis pallida (Hendrickson 2010, exception to USDA PLANTS).",2025-12-31 03:49:38,"D.Faber-Langendoen"
686826,"Prosopis glandulosa var. glandulosa - Celtis ehrenbergiana / Opuntia spp. - Xylothamia palmeri Scrub","The taxon concept of Celtis ehrenbergiana is in dispute, and the preferred species name is Celtis pallida (Hendrickson 2010, exception to USDA PLANTS).",2025-12-31 03:49:41,"D.Faber-Langendoen"
860836,"Sesuvium portulacastrum - Bolboschoenus maritimus - Cyperus laevigatus Salt Marsh Group","Western Pacific island classification",2020-09-01 12:00:00,"P. Comer"
736392,"Eriocaulon aquaticum - Juncus pelocarpus - Drosera intermedia Marsh","Northeast review 2020",2020-08-10 08:46:13,"D. Faber-Langendoen"
931854,"Vaccinium angustifolium - Vaccinium myrtilloides Rocky Heath Alliance","Northeast review 2020",2020-08-10 08:46:24,"D. Faber-Langendoen"
899704,"Salix interior Riverscour Shrubland Alliance","Northeast review 2020",2020-08-10 08:46:34,"D. Faber-Langendoen"
899530,"<i>Cladium mariscoides - Rhynchospora alba</i> Riverside Sea Level Fen Alliance","",2019-01-09 12:00:00,"K. Walz/D. Faber-Langendoen"
860730,"West Pacific (East Melanesia, Micronesia, Polynesia) Mangrove Group","Western Pacific island classification",2020-09-01 12:00:00,"P. Comer"
689276,"<i>Abies lasiocarpa - (Pinus contorta) / Lupinus arcticus ssp. subalpinus</i> Woodland","",2019-04-29 12:00:00,"M. Reid"
730866,"<i>Abies lasiocarpa - Picea engelmannii / Xerophyllum tenax - Luzula glabrata var. hitchcockii</i> Woodland","",2019-04-29 12:00:00,"M. Reid"
730768,"<i>Luzula glabrata var. hitchcockii - Erythronium grandiflorum</i> Meadow","",2019-04-29 12:00:00,"M. Reid"
683715,"<i>Lycium berlandieri - Larrea tridentata var. tridentata</i> Shrubland","",2019-04-29 12:00:00,"M. Reid"
858762,"Miscanthus floridulus - (Pennisetum polystachion, Bothriochloa bladhii) Ruderal Grassland","USNVC prelim review Aug 2023",2023-08-29 06:18:16,"D. Faber-Langendoen"
831153,"<i>Pinus strobus - Populus tremuloides - (Acer rubrum) / Pteridium aquilinum</i> Ruderal Forest","",2019-01-23 12:00:00,"D. Faber-Langendoen"
858623,"<i>Cephalanthus occidentalis - Dulichium arundinaceum / Carex</i> spp. Open Depression Pond Group","",2019-02-05 12:00:00,"D. Faber-Langendoen"
687037,"<i>Dasiphora fruticosa ssp. floribunda / Carex sterilis - Andropogon gerardii - Arnoglossum plantagineum</i> Fen","",2019-02-21 12:00:00,"D. Faber-Langendoen"
689508,"<i>Myrica gale - Dasiphora fruticosa ssp. floribunda / Carex lasiocarpa - Cladium mariscoides</i> Fen","",2019-02-26 12:00:00,"D. Faber-Langendoen"
685899,"<i>Dasiphora fruticosa ssp. floribunda / Carex</i> spp. Wet Shrubland","",2019-02-26 12:00:00,"D. Faber-Langendoen"
728788,"<i>Dasiphora fruticosa ssp. floribunda / Artemisia michauxiana</i> Alpine Shrub Meadow","",2019-02-26 12:00:00,"D. Faber-Langendoen"
685677,"<i>Quercus palustris - (Quercus lyrata) - Fraxinus pennsylvanica / Acer rubrum var. drummondii / Carex</i> spp. Floodplain Forest","",2019-02-27 12:00:00,"D. Faber-Langendoen"
686545,"<i>Quercus alba - Quercus rubra - Carya ovata / Cercis canadensis - Juniperus virginiana var. virginiana</i> Forest","",2019-02-20 12:00:00,"D. Faber-Langendoen"
687226,"<i>Quercus montana - Carya (tomentosa, glabra, ovata) / Juniperus virginiana var. virginiana</i> Forest","",2019-02-20 12:00:00,"D. Faber-Langendoen"
684540,"<i>Quercus stellata - Juniperus virginiana var. virginiana / Ulmus alata - (Cotinus obovatus)</i> Woodland","",2019-02-20 12:00:00,"D. Faber-Langendoen"
688183,"Juniperus virginiana - (Celtis laevigata, Prunus angustifolia, Sideroxylon lycioides) Ruderal Woodland","",2026-03-20 02:49:22,"D. Faber-Langendoen"
688183,"Juniperus virginiana - (Celtis laevigata, Prunus angustifolia, Sideroxylon lycioides) Woodland","KY + TN Southeast USNVC reg'l review follow-up, May 2023",2023-08-25 12:24:33,"C. Elam, KY ecologists, D. Faber-Langendoen"
814098,"<i>Quercus muehlenbergii - (Juniperus virginiana var. virginiana)</i> Unglaciated Bluff Woodland","",2019-02-20 12:00:00,"D. Faber-Langendoen"
683411,"<i>Dasiphora fruticosa ssp. floribunda / Festuca campestris</i> Shrub Grassland","",2019-02-21 12:00:00,"D. Faber-Langendoen"
689809,"<i>Dasiphora fruticosa ssp. floribunda / Festuca idahoensis</i> Shrub Grassland","",2019-02-21 12:00:00,"D. Faber-Langendoen"
899631,"<i>Pinus edulis - Juniperus osteosperma</i> / Shrub Understory Colorado Plateau Woodland &amp; Scrub Alliance","",2019-01-09 12:00:00,"D. Faber-Langendoen"
858280,"<i>Pinus monophylla - Juniperus osteosperma</i> / Herbaceous Understory Open Woodland Alliance","",2019-01-09 12:00:00,"D. Faber-Langendoen"
687631,"<i>Cladium mariscoides - Drosera intermedia - Eleocharis rostellata</i> Sea Level Fen","",2019-01-09 12:00:00,"D. Faber-Langendoen"
683547,"Tsuga mertensiana - Abies amabilis / Caltha leptosepala ssp. howellii Woodland","Washington NCCN Wetlands",2021-12-26 11:04:37,"Tynan Ramm-Granberg"
684737,"Picea (x albertiana, engelmannii) / Packera streptanthifolia Swamp Forest","Washington NCCN Wetlands",2021-12-26 11:04:58,"Tynan Ramm-Granberg"
689236,"Abies lasiocarpa / Valeriana sitchensis - Luzula glabrata Forest","WA NCCN Uplands",2022-02-23 04:08:56,"T. Ramm-Granberg"
689951,"Larix lyallii / Vaccinium deliciosum Woodland","WA NCCN Uplands",2022-02-23 04:08:59,"T. Ramm-Granberg"
684177,"Festuca viridula - Eucephalus ledophyllus Meadow","WA NCCN Uplands",2022-02-23 04:09:05,"T. Ramm-Granberg"
686741,"Quercus alba - Quercus nigra - Carya pallida / Magnolia grandiflora Forest","NVC163 Central Midwest regional review",2022-04-14 02:41:47,"D. Faber-Langendoen, M. Leahy, et al"
899566,"Quercus michauxii - Quercus pagoda Wet Flatwoods Forest Alliance","Appalachians, Piedmont review, part 2",2020-12-09 12:36:36,"D. Faber-Langendoen"
685852,"Salix nigra / Polygonum punctatum - Boehmeria cylindrica Forest","Appalachians, Piedmont review, part 2",2020-12-09 12:37:06,"D. Faber-Langendoen"
686125,"Pinus banksiana / Cladonia spp. Rock Outcrop Vegetation","Peer review project",2021-04-29 10:26:29,""
893408,"Calamagrostis canadensis - Carex spp. Laurentian & Northeast Wet Meadow","New York NVC peer review",2021-04-29 04:21:35,"D. Faber-Langendoen & NYHP"
1150937,"Thuja occidentalis Acidic Acadian-Appalachian Forest Alliance","NVC143 & 128 skeletal edits",2021-07-21 09:41:11,""
689771,"Quercus ilicifolia - Prunus pumila var. susquehanae Shrubland","taxonomic fix (Prunus pumila var. susquehanae = Prunus susquehanae)",2021-07-30 12:00:00,"D. Faber-Langendoen"
899586,"Pseudotsuga menziesii Central Rocky Mountain Mesic-Moist Mixed Conifer Forest Alliance","CNVC AB-SK-MB rangelands & MT regional USNVC reviews",2023-03-27 04:48:28,"Cooper, S. et al; Tremblay, Pyle, Downing, DFL"
686780,"Quercus stellata - Ulmus alata - (Juniperus virginiana) / Sporobolus clandestinus - Monarda stipitatoglandulosa Woodland","Southeast US reg'l review of USNVC, April 2023",2023-05-11 02:40:20,"D. Faber-Langendoen"
683093,"Adiantum capillus-veneris / Conocephalum salebrosum Cliff Vegetation","Southeast US reg'l review of USNVC, April 2023",2023-05-11 02:40:47,"D. Faber-Langendoen"
686635,"Bedrock - Boulder Rivershore Vegetation","Southeast US reg'l review of USNVC, April 2023",2023-05-11 02:41:12,"D. Faber-Langendoen"
685670,"Toxicodendron diversilobum - Baccharis pilularis - Rubus parviflorus Shrubland","Marin & San Mateo Counties CNPS USNVC review",2023-04-05 05:28:06,"Evens, J., Boul, R., McIntyre, P."
687118,"Festuca idahoensis ssp. roemeri - Cerastium arvense - Koeleria macrantha Grassland","Marin & San Mateo Counties CNPS USNVC review",2023-04-05 05:28:09,"Evens, J., Boul, R., McIntyre, P."
874094,"Cytisus scoparius - Ulex europaeus Coastal Ruderal Scrub Alliance","Marin & San Mateo Counties CNPS USNVC review",2023-04-05 05:28:11,"Evens, J., Boul, R., McIntyre, P."
690049,"Thuja occidentalis Cliff Woodland","Northeast review, part 2",2020-12-16 06:38:20,"D. Faber-Langendoen"
900015,"Rhus glabra - Rhus trilobata Central Rocky Mountain Montane-Foothill Shrubland Alliance","Washington updates",2022-08-08 11:05:22,"T. Ramm-Granberg & D. Faber-Langendoen"
689590,"Myrica gale / Boykinia intermedia - Carex obnupta Fen","Washington updates",2022-08-08 11:06:20,"T. Ramm-Granberg & D. Faber-Langendoen"
684427,"Pinus rigida - Hudsonia tomentosa - Pityopsis falcata Sparse Vegetation","CT & RI review",2022-08-09 12:04:17,"J. Lundgren, K. Metzler, D. Faber-Langendoen"
899671,"Tsuga heterophylla - Thuja plicata Warm-Mesic Central Rocky Mountain Forest & Woodland Alliance","Interior West remaining edits per J. Triepke, USFS",2022-07-07 07:44:39,"J. Triepke, P. McIntyre, D. Faber-Langendoen"
899240,"Arbutus xalapensis - Acer grandidentatum - Quercus spp. Forest & Woodland Alliance","Southwest regional peer review (NM, AZ, CO, UT, NV)",2023-02-17 12:00:00,"E. Muldavin et al."
685801,"Acacia neovernicosa / Flourensia cernua Shrubland","Southwest regional peer review (NM, AZ, CO, UT, NV)",2023-02-17 02:48:04,"E. Muldavin et al."
687095,"Larrea tridentata / Tiquilia canescens Shrubland","Southwest regional peer review (NM, AZ, CO, UT, NV)",2023-02-17 02:48:10,"E. Muldavin et al."
688555,"Pinus ponderosa - Quercus kelloggii / Arctostaphylos viscida Woodland","USNVC California review",2023-02-20 06:55:33,"Evens, J., R. Boul, D. Faber-Langendoen"
899902,"Bidens cernua - Euthamia occidentalis - Ludwigia palustris Intertidal Mudflat Alliance","USNVC California review",2023-02-20 06:56:04,"Evens, J., R. Boul, D. Faber-Langendoen"
1225187,"Carex obnupta - Carex exsiccata - Typha latifolia Basin Marsh & Wet Meadow Alliance","USNVC California review",2023-02-20 06:56:16,"Evens, J., R. Boul, D. Faber-Langendoen"
899379,"Cardaria draba - Centaurea spp. - Lepidium latifolium Ruderal Perennial Forb Alliance","USNVC California review",2023-02-20 06:56:30,"Evens, J., R. Boul, D. Faber-Langendoen"
685101,"Prosopis glandulosa var. glandulosa - Celtis ehrenbergiana - Opuntia spp. Ruderal Scrub","The taxon concept of Celtis ehrenbergiana is in dispute, and the preferred species name is Celtis pallida (Hendrickson 2010, exception to USDA PLANTS).",2025-12-31 03:49:30,"D.Faber-Langendoen"
1127112,"Southern Great Plains Sand Grassland & Shrubland Group","",2025-04-11 07:19:04,"D.Faber-Langendoen"
860829,"Betula nana - Salix pulchra Mesic Low Shrubland Group","",2025-04-11 07:19:09,"D.Faber-Langendoen"
860808,"Salix glauca - Artemisia campestris ssp. borealis - Packera hyperborealis Dune Group","",2025-04-11 07:19:14,"D.Faber-Langendoen"
899021,"Arundinaria gigantea Wet Canebrake Alliance","Southeast, Texarkana USNVC reg'l review, June 2023",2023-06-24 08:56:15,"Southeast + TX ecologists, D. Faber-Langendoen"
860449,"Liquidambar styraciflua - Pinus taeda - Triadica sebifera Ruderal Forest Macrogroup","Nomenclature fix (NVC186g)",2025-07-22 04:53:09,"D. Faber-Langendoen"
838549,"Pinus strobus - Pinus banksiana - Quercus ellipsoidalis Forest & Woodland Macrogroup","Nomenclature fix (NVC186g)",2025-07-22 04:53:12,"D. Faber-Langendoen"
1256090,"Pinus strobus - Pinus resinosa Acadian-Appalachian Forest Alliance","Nomenclature fix (NVC186g)",2025-07-22 04:53:13,"D. Faber-Langendoen"
1285416,"Quercus stellata - Quercus marilandica / Andropogon gerardii Woodland Group","Nomenclature fix (NVC186g)",2025-07-22 04:53:13,"D. Faber-Langendoen"
836537,"Abies concolor - Pseudotsuga menziesii Southern Rocky Mountain Dry Forest Group","Interior West Group & Alliance review",2022-04-12 12:18:21,"J. Triepke"
836528,"Abies concolor - Picea pungens - Pseudotsuga menziesii Mesic Southern Rocky Mountain Forest Group","Interior West Group & Alliance review",2022-04-12 12:18:26,"J. Triepke"
836562,"Abies grandis - Pseudotsuga menziesii - Larix occidentalis East Cascades Moist-Mesic Forest Group","Nomenclature fix (NVC186g)",2025-07-22 04:53:15,"D. Faber-Langendoen"
877291,"Pinus ponderosa - Pseudotsuga menziesii - Pinus flexilis Central Rocky Mountain Montane Forest & Woodland Macrogroup","Nomenclature fix (NVC186g)",2025-07-22 04:53:16,"D. Faber-Langendoen"
872650,"Eastern North American Boreal Forest Macrogroup","Nomenclature fix (NVC186g)",2025-07-22 04:53:17,"D. Faber-Langendoen"
884847,"Pithecellobium unguis-cati - Opuntia spp. - Agave spp. Scrub Macrogroup","Nomenclature fix (NVC186g)",2025-07-22 04:53:19,"D. Faber-Langendoen"
860776,"Leucaena leucocephala / Pennisetum spp. - Melinis spp. Polynesian Ruderal Lowland Shrubland, Grassland & Savanna Group","Nomenclature fix (NVC186g)",2025-07-22 04:53:20,"D. Faber-Langendoen"
1302634,"Eastern Ruderal Grassland & Shrubland Macrogroup","",2025-04-11 07:18:54,"D.Faber-Langendoen"
877358,"<i>Dasiphora fruticosa ssp. floribunda - Carex eburnea</i> Calcareous Scrub & Grassland Macrogroup","",2019-02-21 12:00:00,"D. Faber-Langendoen"
860346,"Acer glabrum / Danthonia intermedia - Thalictrum occidentale Western North American Grassland & Shrubland Division","Nomenclature fix (NVC186g)",2025-07-22 04:53:22,"D. Faber-Langendoen"
900017,"Festuca idahoensis - Calamagrostis rubescens - Achnatherum nelsonii Central Rocky Mountain Montane Mesic Grassland Alliance","Nomenclature fix (NVC186g)",2025-07-22 04:53:23,"D. Faber-Langendoen"
874156,"Southern Vancouverian Lowland Ruderal Grassland & Shrubland Group","USNVC California review",2023-02-20 06:55:57,"Evens, J., R. Boul, D. Faber-Langendoen"
1127110,"Hesperostipa spartea - Calamovilfa longifolia - Juniperus horizontalis Northern Great Plains Sand Grassland & Shrubland Group","Nomenclature fix (NVC186g)",2025-07-22 04:53:26,"D. Faber-Langendoen"
860672,"Bouteloua gracilis - Bouteloua dactyloides Shortgrass Prairie Macrogroup","Nomenclature fix (NVC186g)",2025-07-22 04:53:26,"D. Faber-Langendoen"
881407,"Poa pratensis - Phleum pratense - Cirsium arvense Northern & Central Plains Ruderal Grassland & Shrubland Group","Nomenclature fix (NVC186g)",2025-07-22 04:53:26,"D. Faber-Langendoen"
959134,"Southeast Coastal Plain Cliff & Rock Vegetation Group","USNVC 3.0 pre-release edits",2025-06-23 07:35:27,"D. Faber-Langendoen"
932947,"Pseudotsuga menziesii - Pinus ponderosa / Moss Western North American Cliff, Scree & Rock Outcrop Macrogroup","Nomenclature fix (NVC186g)",2025-07-22 04:53:27,"D. Faber-Langendoen"
860870,"Ulex europaeus / Holcus lanatus - Pennisetum clandestinum Ruderal Subalpine-Montane Shrubland & Grassland Group","Nomenclature fix (NVC186g)",2025-07-22 04:53:34,"D. Faber-Langendoen"
860685,"Hawaiian High Montane Scrub & Grassland Macrogroup","Nomenclature fix (NVC186g)",2025-07-22 04:53:34,"D. Faber-Langendoen"
889361,"Southeastern Exotic Ruderal Flooded & Swamp Forest Group","IVC clean-up Dec 2023-Jan 2024",2024-02-23 08:32:39,"D. Faber-Langendoen, P. McIntyre, C. Nordman"
838650,"Acer saccharinum - Platanus occidentalis - Celtis spp. Floodplain Forest Macrogroup","Nomenclature fix (NVC186g)",2025-07-22 04:53:35,"D. Faber-Langendoen"
860564,"North Pacific Forested Wetland Macrogroup","Nomenclature fix (NVC186g)",2025-07-22 04:53:36,"D. Faber-Langendoen"
902938,"Fimbristylis castanea - Eleocharis spp. - Fuirena scirpoidea Coastal Interdunal Marsh & Prairie Group","Nomenclature fix (NVC186g)",2025-07-22 04:53:37,"D. Faber-Langendoen"
894450,"<i>Spartina pectinata - Calamagrostis canadensis - Carex</i> spp. Midwest Wet Prairie &amp; Wet Meadow Group","",2019-02-05 12:00:00,"D. Faber-Langendoen"
848795,"Deschampsia beringensis - Argentina egedii - Carex obnupta Vancouverian Freshwater Coastal Marsh & Wet Meadow Group","Nomenclature fix (NVC186g)",2025-07-22 04:53:40,"D. Faber-Langendoen"
1041701,"Alnus viridis ssp. sinuata - Salix boothii / Carex utriculata Montane Marsh, Wet Meadow & Shrubland Macrogroup","Nomenclature fix (NVC186g)",2025-07-22 04:53:40,"D. Faber-Langendoen"
857258,"Caltha leptosepala - Carex nigricans - Kalmia microphylla Subalpine-Alpine Snowbed, Wet Meadow & Dwarf-shrubland Group","Nomenclature fix (NVC186g)",2025-07-22 04:53:40,"D. Faber-Langendoen"
893245,"Arctophila fulva Arctic Marsh, Wet Meadow & Shrubland Division","Nomenclature fix (NVC186g)",2025-07-22 04:53:40,"D. Faber-Langendoen"
860569,"Distichlis spicata - Pascopyrum smithii - Salicornia rubra Saline Wet Meadow & Marsh Macrogroup","Nomenclature fix (NVC186g)",2025-07-22 04:53:41,"D. Faber-Langendoen"
849275,"Pinus contorta var. contorta / Ledum groenlandicum / Sphagnum spp. Wooded Bog & Poor Fen Group","Nomenclature fix (NVC186g)",2025-07-22 04:53:42,"D. Faber-Langendoen"
885064,"Spartina alterniflora - Batis maritima - Sesuvium portulacastrum Salt Marsh Macrogroup","Nomenclature fix (NVC186g)",2025-07-22 04:53:45,"D. Faber-Langendoen"
860696,"North American Pacific Coastal Salt Marsh Macrogroup","Nomenclature fix (NVC186g)",2025-07-22 04:53:45,"D. Faber-Langendoen"
856872,"<i>Pinus elliottii var. elliottii / Lyonia lucida / Sarracenia minor var. okefenokeensis - Nymphaea odorata - Sphagnum</i> spp. Wooded Wet Meadow","",2019-02-28 12:00:00,"D. Faber-Langendoen"
690066,"<i>Pinus elliottii var. elliottii - Taxodium ascendens / Polygala cymosa - Rhynchospora</i> spp. Woodland","",2019-02-28 12:00:00,"D. Faber-Langendoen"
683910,"<i>Pinus elliottii var. elliottii - (Pinus palustris) / Ilex vomitoria - Serenoa repens - Morella cerifera</i> Woodland","",2019-02-28 12:00:00,"D. Faber-Langendoen"
686764,"<i>Pinus elliottii var. elliottii / Spartina patens - Juncus roemerianus - (Panicum virgatum)</i> Tidal Woodland","",2019-02-28 12:00:00,"D. Faber-Langendoen"
687780,"<i>Pinus elliottii var. elliottii - Taxodium ascendens / Hypericum brachyphyllum / Sporobolus pinetorum - Dichanthelium scabriusculum</i> Woodland","",2019-02-28 12:00:00,"D. Faber-Langendoen"
686694,"<i>Pinus elliottii var. elliottii - (Pinus palustris)</i> Forest Plantation","",2019-02-28 12:00:00,"D. Faber-Langendoen"
899372,"Betula papyrifera / Corylus cornuta Woodland Alliance","NVC125 (Great Plains)",2019-08-01 12:00:00,"D. Faber-Langendoen"
899372,"Betula papyrifera - Populus tremuloides / Corylus cornuta Woodland Alliance","",2024-06-04 05:42:32,"D.Faber-Langendoen"
689338,"Sporobolus airoides Southern Plains Wet Meadow","",2024-06-21 04:42:45,"D.Faber-Langendoen"
898978,"Alnus rhombifolia Cascadian Riparian Woodland Alliance","",2024-06-21 12:00:00,"D.Faber-Langendoen"
685409,"Kalmia angustifolia - Chamaedaphne calyculata - (Picea mariana) / Cladonia spp. Acidic Peatland","",2024-06-28 12:22:15,"D.Faber-Langendoen"
877335,"Laurentian-Acadian Limestone Woodland Group","USNVC 3.0 pre-release edits",2025-06-23 07:34:48,"D. Faber-Langendoen"
1299028,"Pacific Coast Temperate Rainforest Division","USNVC 3.0 pre-release edits",2025-06-23 07:34:50,"D. Faber-Langendoen"
1270970,"Ponderosa Pine - Oak - Mixed Shrub Forest Alliance","MT-ID-WY regional review of USNVC, March 2023",2023-04-12 05:27:58,"Cooper,S., others, D. Faber-Langendoen"
905014,"Southern Coastal Plain Circumneutral Rock Outcrop Alliance","USNVC 3.0 pre-release edits",2025-06-23 07:35:14,"D. Faber-Langendoen"
931842,"Laurentian-Acadian Acidic Scrub & Grassland Group","USNVC 3.0 pre-release edits",2025-06-23 07:35:20,"D. Faber-Langendoen"
900003,"Prosopis glandulosa Ruderal Scrub Alliance","USNVC 3.0 pre-release edits",2025-06-23 07:35:24,"D. Faber-Langendoen"
1302652,"Great Plains Native Ruderal Grassland Alliance","",2024-06-04 05:42:44,"D.Faber-Langendoen"
685592,"Adiantum tenerum - Parietaria praetermissa - Arenaria lanuginosa Cliff Vegetation","USNVC 3.0 pre-release edits",2025-06-23 07:35:28,"D. Faber-Langendoen"
687956,"Parthenocissus quinquefolia / (Dicentra eximia) Sparse Vegetation","USNVC 3.0 pre-release edits",2025-06-23 07:35:31,"D. Faber-Langendoen"
684346,"Appalachian - Alleghenian Sandstone Dry Cliff Vegetation","USNVC 3.0 pre-release edits",2025-06-23 07:35:42,"D. Faber-Langendoen"
684783,"Umbilicaria muhlenbergii - Lasallia papulosa - (Melanelia stygia) Nonvascular Vegetation","USNVC 3.0 pre-release edits",2025-06-23 07:35:44,"D. Faber-Langendoen"
684760,"Midwest Eroding Bluff Sparse Vegetation","USNVC 3.0 pre-release edits",2025-06-23 07:35:47,"D. Faber-Langendoen"
959108,"Central Midwest-Interior Cliff & Rock Vegetation Group","USNVC 3.0 pre-release edits",2025-06-23 07:35:47,"D. Faber-Langendoen"
684593,"Central Midwest-Interior Sandstone Moist Cliff Vegetation","USNVC 3.0 pre-release edits",2025-06-23 07:35:48,"D. Faber-Langendoen"
689758,"Driftless Area Maderate Cliff Vegetation","USNVC 3.0 pre-release edits",2025-06-23 07:35:51,"D. Faber-Langendoen"
683161,"Hydrangea arborescens / Deschampsia flexuosa - Dryopteris marginalis Ouachita Cliff Shrubland","USNVC 3.0 pre-release edits",2025-06-23 07:35:52,"D. Faber-Langendoen"
686752,"Hydrangea arborescens / Impatiens capensis - Heuchera villosa Cliff Shrubland","USNVC 3.0 pre-release edits",2025-06-23 07:35:52,"D. Faber-Langendoen"
683811,"Laurentian Granite - Metamorphic Talus Vegetation","USNVC 3.0 pre-release edits",2025-06-23 07:35:56,"D. Faber-Langendoen"
687388,"Polypodium (virginianum, appalachianum) / Lichens Nonvascular Vegetation","USNVC 3.0 pre-release edits",2025-06-23 07:35:57,"D. Faber-Langendoen"
688771,"Acer spicatum Carbonate Talus Shrubland","Northeast review, part 2",2020-12-16 12:00:00,"D. Faber-Langendoen"
689269,"Low Mixed Forb Dry Carbonate Talus Sparse Vegetation","Northeast review, part 2",2020-12-16 06:38:03,"D. Faber-Langendoen"
687154,"Granite - Metamorphic Great Lakes Shore Cliff Sparse Vegetation","USNVC 3.0 pre-release edits",2025-06-23 07:35:59,"D. Faber-Langendoen"
686857,"Great Lakes Basalt - Diabase Cliff Sparse Vegetation","USNVC 3.0 pre-release edits",2025-06-23 07:36:00,"D. Faber-Langendoen"
1277535,"Selaginella wallacei / Lichens - Moss Sparse Vegetation (Provisional)","USNVC 3.0 pre-release edits",2025-06-23 07:36:14,"D. Faber-Langendoen"
685370,"Rhodiola integrifolia - Selaginella watsonii Sparse Vegetation","USNVC 3.0 pre-release edits",2025-06-23 07:36:18,"D. Faber-Langendoen"
907563,"Western Boreal Alpine Cliff, Scree & Rock Vegetation Group","USNVC 3.0 pre-release edits",2025-06-23 07:36:21,"D. Faber-Langendoen"
887169,"Northern & Mid-Atlantic Coastal Wetland Group","USNVC 3.0 pre-release edits",2025-06-23 07:36:25,"D. Faber-Langendoen"
684638,"Carex torta - Apocynum cannabinum - Cyperus spp. Riverbed Vegetation","USNVC 3.0 pre-release edits",2025-06-23 07:36:31,"D. Faber-Langendoen"
860018,"Ozark Riverine Cobble - Gravel Riverscour Sparse Vegetation","USNVC 3.0 pre-release edits",2025-06-23 07:36:34,"D. Faber-Langendoen"
899898,"Phalaris arundinacea - Phalaris aquatica Western Marsh Alliance","USNVC 3.0 pre-release edits",2025-06-23 07:36:40,"D. Faber-Langendoen"
1302630,"North American Freshwater Coastal Beach & Rocky Shore Macrogroup","USNVC 3.0 pre-release edits",2025-06-23 07:36:55,"D. Faber-Langendoen"
858054,"Eastern North America Inland Beach & Rocky Shore Group","",2025-04-11 07:20:14,"D.Faber-Langendoen"
931850,"Great Lakes Coastal Rocky Shore Group","USNVC 3.0 pre-release edits",2025-06-23 07:36:56,"D. Faber-Langendoen"
683972,"Quercus muehlenbergii - Fraxinus (quadrangulata, americana) / Schizachyrium scoparium Woodland","",2026-03-10 05:43:07,"D.Faber-Langendoen"
860813,"Bolboschoenus maritimus - Cladium mariscus - Cyperus laevigatus Freshwater Marsh Group","Cladium mariscus ssp. jamaicense refers to sawgrass in the Western Hemisphere following USDA Plants 2016, the standard for the USNVC 3.0. The full species name is not used in the Western Hemisphere.",2026-03-18 01:15:26,"K. Palmquist, Regional Editor"
858746,"Ipomoea indica Ruderal Beach Vegetation","",2026-03-20 02:55:20,"D. Faber-Langendoen"
833274,"Pinus taeda - Liquidambar styraciflua - Triadica sebifera Ruderal Forest Group","IVC clean-up Dec 2023-Jan 2024",2024-02-23 08:32:20,"D. Faber-Langendoen, P. McIntyre, C. Nordman"
899585,"Pseudotsuga menziesii Middle Rocky Mountain Dry-Mesic Forest & Woodland Alliance","Interior West Group & Alliance review",2022-04-12 12:18:40,"J. Triepke"
899588,"Pinus ponderosa Mesic Black Hills Forest Alliance","MT-ID-WY regional review of USNVC, March 2023",2023-04-12 05:28:11,"Cooper,S., others, D. Faber-Langendoen"
899332,"Artemisia tridentata ssp. vaseyana - Mixed Steppe & Shrubland Alliance","California updates",2022-06-22 05:22:17,"J. Evens, R. Boul, D. Faber-Langendoen"
684396,"Pinus ponderosa / Oryzopsis asperifolia Woodland","MT-ID-WY USNVC reg'l review follow-up, May 2023",2023-08-02 03:54:40,"MT, ID, WY ecologists, D. Faber-Langendoen"
1278499,"Populus tremuloides Rocky Mountain Dry-Mesic Herbaceous Forest Alliance","MT-ID-WY USNVC reg'l review follow-up, May 2023",2023-08-02 03:54:47,"MT, ID, WY ecologists, D. Faber-Langendoen"
1278497,"Populus tremuloides Rocky Mountain Moist-Mesic Herbaceous Forest Alliance","MT-ID-WY USNVC reg'l review follow-up, May 2023",2023-08-02 03:54:55,"MT, ID, WY ecologists, D. Faber-Langendoen"
1278501,"Populus tremuloides Rocky Mountain Short Shrub Forest Alliance","MT-ID-WY USNVC reg'l review follow-up, May 2023",2023-08-02 03:54:59,"MT, ID, WY ecologists, D. Faber-Langendoen"
1278503,"Populus tremuloides Rocky Mountain Tall Shrub Forest Alliance","MT-ID-WY USNVC reg'l review follow-up, May 2023",2023-08-02 03:55:04,"MT, ID, WY ecologists, D. Faber-Langendoen"
899809,"Abies lasiocarpa - Picea engelmannii Riparian Forest Alliance","MT-ID-WY USNVC reg'l review follow-up, May 2023",2023-08-02 03:55:18,"MT, ID, WY ecologists, D. Faber-Langendoen"
899825,"<i>Cornus sericea - Dasiphora fruticosa ssp. floribunda - Ribes</i> spp. Wet Shrubland Alliance","",2019-02-26 12:00:00,"D. Faber-Langendoen"
688050,"Purshia tridentata - Artemisia tridentata - Symphoricarpos rotundifolius Shrubland","MT-ID-WY USNVC reg'l review follow-up, May 2023",2023-08-02 03:57:38,"MT, ID, WY ecologists, D. Faber-Langendoen"
688671,"Purshia tridentata - Artemisia tridentata - Tetradymia canescens Shrubland","MT-ID-WY USNVC reg'l review follow-up, May 2023",2023-08-02 03:57:40,"MT, ID, WY ecologists, D. Faber-Langendoen"
898987,"Quercus virginiana - Celtis laevigata Chenier Forest Alliance","Texas USNVC reg'l review follow-up, May 2023",2023-08-14 06:21:57,"J. Singhurst, TX ecologists, D. Faber-Langendoen"
687343,"Quercus (incana, margarettae, arkansana) - (Pinus echinata) / Schizachyrium scoparium Woodland","Texas USNVC reg'l review follow-up, May 2023",2023-08-14 06:22:02,"J. Singhurst, TX ecologists, D. Faber-Langendoen"
688553,"Prosopis glandulosa var. glandulosa / Bouteloua gracilis - Bouteloua dactyloides Ruderal Shrubland","Texas USNVC reg'l review follow-up, May 2023",2023-08-14 06:23:01,"J. Singhurst, TX ecologists, D. Faber-Langendoen"
898997,"Juniperus pinchotii / Mixed Grass Chaparral Alliance","Texas USNVC reg'l review follow-up, May 2023",2023-08-14 06:23:03,"J. Singhurst, TX ecologists, D. Faber-Langendoen"
898997,"Juniperus pinchotii Chaparral Alliance","Southwest regional peer review (NM, AZ, CO, UT, NV)",2023-02-17 02:47:43,"E. Muldavin et al."
1299021,"Coastal Marine Dune, Cliff & Headland Formation","Formation to Ecobiome",2025-02-14 07:15:03,"D. Faber-Langendoen"
899830,"Veronica wormskjoldii var. stelleri - Carex circinata Sparse Rock Vegetation Alliance","",2025-03-05 02:16:37,"D.Faber-Langendoen"
899343,"Artemisia arbuscula ssp. arbuscula Steppe & Shrubland Alliance","",2025-03-05 02:16:53,"D.Faber-Langendoen"
1041965,"Arctic Noncarbonate Scree, Rock & Cliff Barrens Alliance","",2025-03-05 02:18:11,"D.Faber-Langendoen"
1279628,"Eastern North American Riverbed Group","",2025-03-07 03:36:43,"D.Faber-Langendoen"
899011,"Quercus stellata - Quercus virginiana / Ilex vomitoria Forest & Woodland Alliance","Texas USNVC reg'l review follow-up, May 2023",2023-08-14 06:22:04,"J. Singhurst, TX ecologists, D. Faber-Langendoen"
688480,"Quercus (falcata, stellata) / Quercus marilandica / Gaylussacia (baccata, dumosa) Woodland","KY + TN Southeast USNVC reg'l review follow-up, May 2023",2023-08-25 12:24:35,"C. Elam, KY ecologists, D. Faber-Langendoen"
688446,"Quercus muehlenbergii / Schizachyrium scoparium - Bouteloua curtipendula Wooded Grassland","KY + TN Southeast USNVC reg'l review follow-up, May 2023",2023-08-25 12:25:04,"C. Elam, KY ecologists, D. Faber-Langendoen"
899438,"Picea rubens / Vaccinium angustifolium Northern Appalachian Woodland Alliance","Northeast review 2020",2020-08-10 12:00:00,"D. Faber-Langendoen"
868498,"Nephrolepis multiflora Ruderal Herbaceous Vegetation","USNVC prelim review Aug 2023",2023-08-29 06:18:45,"D. Faber-Langendoen"
838076,"Pennisetum ciliare Pacific Ruderal Herbaceous Vegetation","USNVC prelim review Aug 2023",2023-08-29 06:18:59,"D. Faber-Langendoen"
838079,"Pennisetum clandestinum Ruderal Herbaceous Vegetation","USNVC prelim review Aug 2023",2023-08-29 06:19:05,"D. Faber-Langendoen"
688139,"Sporobolus virginicus Coastal Dry Shrub Herbaceous Vegetation","USNVC prelim review Aug 2023",2023-08-29 06:20:17,"D. Faber-Langendoen"
684362,"Selaginella rupestris - Schizachyrium scoparium - Hylotelephium telephioides - Allium cernuum Granitic Glade Vegetation","USNVC NC revisions",2023-10-18 06:18:22,"M. Schafale, D. Faber-Langendoen"
686977,"Schizachyrium scoparium - Saxifraga michauxii - Coreopsis major Grassland","USNVC NC revisions",2023-10-18 06:18:45,"M. Schafale, D. Faber-Langendoen"
1298979,"Warm Temperate Evergreen Forest & Woodland Formation","Formation to Ecobiome",2025-02-14 07:15:03,"D. Faber-Langendoen"
1298985,"Tropical Cliff & Rock Outcrop Formation","Formation to Ecobiome",2025-02-14 07:15:03,"D. Faber-Langendoen"
1298996,"Polar Tundra & Desert Formation","Formation to Ecobiome",2025-02-14 07:15:03,"D. Faber-Langendoen"
1299001,"Plantation Formation","Formation to Ecobiome",2025-02-14 07:15:03,"D. Faber-Langendoen"
1299004,"Tropical Flooded Forest & Peat Forest Formation","Formation to Ecobiome",2025-02-14 07:15:03,"D. Faber-Langendoen"
1299019,"Sandy Shoreline Formation","Formation to Ecobiome",2025-02-14 07:15:03,"D. Faber-Langendoen"
1299020,"Boulder & Cobble Shore Formation","Formation to Ecobiome",2025-02-14 07:15:03,"D. Faber-Langendoen"
1299022,"Large Seabird & Pinniped Colony Formation","Formation to Ecobiome",2025-02-14 07:15:03,"D. Faber-Langendoen"
884648,"Caribbean-Mesoamerican Lowland Humid Forest Division","GET_revisions",2024-01-23 03:28:06,"D. Faber-Langendoen"
884676,"Caribbean-Mesoamerican Montane Humid Forest Division","GET_revisions",2024-01-23 03:28:07,"D. Faber-Langendoen"
884061,"Cool-Season Wooded Lawn Cultural Subgroup","GET Cultural name suffix revisions",2024-01-23 04:58:08,"D. Faber-Langendoen"
884019,"Tobacco Crop Cultural Group","GET Cultural name suffix revisions",2024-01-23 04:58:08,"D. Faber-Langendoen"
884099,"Urban & Recreational Pond Cultural Subformation","GET Cultural name suffix revisions",2024-01-23 04:58:08,"D. Faber-Langendoen"
939244,"Native Miscellaneous Northern Conifer Plantation Cultural Type","GET Cultural name suffix revisions",2024-01-23 04:58:08,"D. Faber-Langendoen"
884020,"Tropical & Temperate Tobacco Crop Cultural Subgroup","GET Cultural name suffix revisions",2024-01-23 04:58:08,"D. Faber-Langendoen"
884064,"Warm-Season Wooded Lawn Cultural Subgroup","GET Cultural name suffix revisions",2024-01-23 04:58:08,"D. Faber-Langendoen"
865354,"Tropical Developed Wooded Land Cultural Subgroup","GET Cultural name suffix revisions",2024-01-23 04:58:08,"D. Faber-Langendoen"
865354,"Tropical Tree Developed Vegetation Cultural Subgroup","GET_revisions",2024-01-23 03:40:39,"D. Faber-Langendoen"
884093,"Tree Developed Wetland Vegetation Cultural Group","GET_revisions",2024-01-23 03:40:38,"D. Faber-Langendoen"
884062,"Warm-Season Lawn Cultural Group","GET Cultural name suffix revisions",2024-01-23 04:58:08,"D. Faber-Langendoen"
899878,"Andropogon gerardii - Anemone virginiana var. alba Riverscour Alliance","Northeast review, part 2",2020-12-16 12:00:00,"D. Faber-Langendoen"
902955,"Dichanthelium (spretum, dichotomum var. dichotomum) - Panicum (verrucosum, rigidulum var. pubescens) - Andropogon virginicus Marsh","Northeast review, part 2",2020-12-16 06:40:24,"D. Faber-Langendoen"
689365,"Spartina alterniflora / (Ascophyllum nodosum) Acadian/Virginian Zone Salt Marsh","Northeast review, part 2",2020-12-16 06:40:37,"D. Faber-Langendoen"
860397,"Caribbean-Central American Flooded & Swamp Forest Division","""Swamp Forest"" fix (NVC186g)",2025-07-22 07:34:41,"D. Faber-Langendoen"
860317,"Taxodium distichum - Nyssa biflora - Quercus lyrata Flooded & Swamp Forest Division","""Swamp Forest"" fix (NVC186g)",2025-07-22 07:34:48,"D. Faber-Langendoen"
860573,"Hawaiian Flooded & Swamp Forest Macrogroup","""Swamp Forest"" fix (NVC186g)",2025-07-22 07:34:57,"D. Faber-Langendoen"
860550,"Polynesian Ruderal Flooded & Swamp Forest Macrogroup","""Swamp Forest"" fix (NVC186g)",2025-07-22 07:34:58,"D. Faber-Langendoen"
877320,"Tsuga canadensis - Fraxinus nigra - Larix laricina Flooded & Swamp Forest Macrogroup","""Swamp Forest"" fix (NVC186g)",2025-07-22 07:35:02,"D. Faber-Langendoen"
860466,"Picea engelmannii - Populus angustifolia / Cornus sericea Riparian & Swamp Forest Macrogroup","""Swamp Forest"" fix (NVC186g)",2025-07-22 07:35:05,"D. Faber-Langendoen"
857627,"Acer rubrum - Fraxinus pennsylvanica - Acer negundo Ruderal Flooded & Swamp Forest Group","""Swamp Forest"" fix (NVC186g)",2025-07-22 07:35:10,"D. Faber-Langendoen"
948696,"Ontario-Québec Boreal Flooded & Rich Swamp Forest Group","USNVC 3.0 pre-release edits",2025-06-23 07:36:24,"D. Faber-Langendoen"
905730,"Taxodium ascendens / Annona glabra / Rhynchospora spp. Subtropical Swamp Forest Alliance","""Swamp Forest"" fix (NVC186g)",2025-07-22 07:35:19,"D. Faber-Langendoen"
899693,"Nyssa biflora Swamp Forest Alliance","""Swamp Forest"" fix (NVC186g)",2025-07-22 07:35:22,"D. Faber-Langendoen"
899687,"Quercus lyrata - Quercus phellos - Carya aquatica Swamp Forest Alliance","""Swamp Forest"" fix (NVC186g)",2025-07-22 07:35:28,"D. Faber-Langendoen"
899469,"Pinus taeda - Liquidambar styraciflua Ruderal Flooded & Swamp Forest Alliance","""Swamp Forest"" fix (NVC186g)",2025-07-22 07:35:30,"D. Faber-Langendoen"
899540,"Betula alleghaniensis - Tsuga canadensis Swamp Forest Alliance","""Swamp Forest"" fix (NVC186g)",2025-07-22 07:35:32,"D. Faber-Langendoen"
1159129,"Quercus palustris - Quercus bicolor - Acer rubrum Appalachian Swamp Forest Alliance","""Swamp Forest"" fix (NVC186g)",2025-07-22 07:35:34,"D. Faber-Langendoen"
842028,"Quercus alba - Fagus grandifolia Flatwoods & Swamp Forest Alliance","""Swamp Forest"" fix (NVC186g)",2025-07-22 07:35:35,"D. Faber-Langendoen"
1041531,"Tsuga heterophylla - Picea sitchensis / Lysichiton americanus Swamp Forest Alliance","""Swamp Forest"" fix (NVC186g)",2025-07-22 07:35:45,"D. Faber-Langendoen"
899818,"Tsuga (mertensiana, heterophylla) - Abies amabilis Riparian & Swamp Forest Alliance","""Swamp Forest"" fix (NVC186g)",2025-07-22 07:35:45,"D. Faber-Langendoen"
689831,"Annona glabra - Conocarpus erectus / Acrostichum aureum Swamp Forest","""Swamp Forest"" fix (NVC186g)",2025-07-22 07:35:47,"D. Faber-Langendoen"
689480,"Rhizophora mangle - Taxodium distichum - Metopium toxiferum / Chrysobalanus icaco / Apteria aphylla Swamp Forest","""Swamp Forest"" fix (NVC186g)",2025-07-22 07:35:49,"D. Faber-Langendoen"
689980,"Quercus laurifolia - Sabal palmetto / Myrsine cubana - Psychotria nervosa Swamp Forest","""Swamp Forest"" fix (NVC186g)",2025-07-22 07:35:50,"D. Faber-Langendoen"
687549,"Crataegus aestivalis Swamp Forest","""Swamp Forest"" fix (NVC186g)",2025-07-22 07:35:55,"D. Faber-Langendoen"
688725,"Nyssa biflora - Liquidambar styraciflua - Acer rubrum var. trilobum / Clethra alnifolia Swamp Forest","""Swamp Forest"" fix (NVC186g)",2025-07-22 07:35:59,"D. Faber-Langendoen"
688741,"Taxodium distichum - Nyssa biflora / Berchemia scandens - Toxicodendron radicans / Woodwardia areolata Swamp Forest","""Swamp Forest"" fix (NVC186g)",2025-07-22 07:36:00,"D. Faber-Langendoen"
686947,"Chamaecyparis thyoides - (Liriodendron tulipifera) / Lyonia lucida Swamp Forest","""Swamp Forest"" fix (NVC186g)",2025-07-22 07:36:01,"D. Faber-Langendoen"
689079,"Pinus elliottii - Quercus nigra - Chamaecyparis thyoides / Cyrilla racemiflora - Vaccinium spp. Swamp Forest","""Swamp Forest"" fix (NVC186g)",2025-07-22 07:36:02,"D. Faber-Langendoen"
683247,"Quercus laurifolia - Magnolia virginiana - Nyssa biflora / Chasmanthium ornithorhynchum Swamp Forest","""Swamp Forest"" fix (NVC186g)",2025-07-22 07:36:09,"D. Faber-Langendoen"
685247,"Acer rubrum - Nyssa spp. - Liquidambar styraciflua - Quercus nigra / Osmunda spp. Swamp Forest","""Swamp Forest"" fix (NVC186g)",2025-07-22 07:36:10,"D. Faber-Langendoen"
687469,"Sabal palmetto - Quercus laurifolia - Quercus virginiana - Magnolia virginiana - Ulmus americana Swamp Forest","""Swamp Forest"" fix (NVC186g)",2025-07-22 07:36:13,"D. Faber-Langendoen"
686345,"Sabal palmetto - Quercus virginiana Swamp Forest","""Swamp Forest"" fix (NVC186g)",2025-07-22 07:36:13,"D. Faber-Langendoen"
683516,"Chamaecyparis thyoides - Acer rubrum - Magnolia virginiana Swamp Forest","""Swamp Forest"" fix (NVC186g)",2025-07-22 07:36:15,"D. Faber-Langendoen"
732843,"Liquidambar styraciflua / Ulmus americana / Scirpus lineatus - Rhynchospora (miliacea, mixta) Marl Swamp Forest","""Swamp Forest"" fix (NVC186g)",2025-07-22 07:36:21,"D. Faber-Langendoen"
684147,"Pinus glabra - Quercus virginiana - Carya glabra / Carpinus caroliniana / Serenoa repens Swamp Forest","""Swamp Forest"" fix (NVC186g)",2025-07-22 07:36:24,"D. Faber-Langendoen"
684380,"Quercus virginiana - Quercus pagoda - Magnolia grandiflora / Cornus florida / Sanicula sp. Swamp Forest","""Swamp Forest"" fix (NVC186g)",2025-07-22 07:36:26,"D. Faber-Langendoen"
689567,"Salix nigra - Acer (rubrum, saccharinum) / Alnus serrulata - Cephalanthus occidentalis Swamp Forest","""Swamp Forest"" fix (NVC186g)",2025-07-22 07:36:27,"D. Faber-Langendoen"
683869,"Salix nigra / (Cephalanthus occidentalis) Swamp Forest","""Swamp Forest"" fix (NVC186g)",2025-07-22 07:36:28,"D. Faber-Langendoen"
684509,"Nyssa aquatica - Nyssa biflora Swamp Forest","""Swamp Forest"" fix (NVC186g)",2025-07-22 07:36:29,"D. Faber-Langendoen"
688242,"Quercus michauxii - Quercus shumardii - Liquidambar styraciflua / Arundinaria gigantea Swamp Forest","""Swamp Forest"" fix (NVC186g)",2025-07-22 07:36:34,"D. Faber-Langendoen"
892939,"Fraxinus nigra - Acer rubrum - Populus tremuloides / Symplocarpus foetidus Swamp Forest","""Swamp Forest"" fix (NVC186g)",2025-07-22 07:36:44,"D. Faber-Langendoen"
686709,"Thuja occidentalis - (Picea rubens) / Tiarella cordifolia Swamp Forest","""Swamp Forest"" fix (NVC186g)",2025-07-22 07:36:50,"D. Faber-Langendoen"
690084,"Tsuga canadensis - Betula alleghaniensis Swamp Forest","""Swamp Forest"" fix (NVC186g)",2025-07-22 07:36:52,"D. Faber-Langendoen"
685116,"Picea rubens - Abies balsamea / Gaultheria hispidula / Osmunda cinnamomea / Sphagnum spp. Swamp Forest","""Swamp Forest"" fix (NVC186g)",2025-07-22 07:36:53,"D. Faber-Langendoen"
685562,"Picea rubens - (Tsuga canadensis) / Rhododendron maximum Swamp Forest","""Swamp Forest"" fix (NVC186g)",2025-07-22 07:36:55,"D. Faber-Langendoen"
800152,"Populus tremuloides / Vaccinium myrtilloides / Solidago uliginosa Swamp Forest","""Swamp Forest"" fix (NVC186g)",2025-07-22 07:36:57,"D. Faber-Langendoen"
683818,"Picea engelmannii / Caltha leptosepala Swamp Forest","""Swamp Forest"" fix (NVC186g)",2025-07-22 07:37:02,"D. Faber-Langendoen"
687314,"Pinus contorta / Deschampsia cespitosa Swamp Forest","""Swamp Forest"" fix (NVC186g)",2025-07-22 07:37:04,"D. Faber-Langendoen"
690042,"Pinus banksiana - (Picea mariana) - Mixed Hardwoods / Sphagnum spp. Swamp Forest","""Swamp Forest"" fix (NVC186g)",2025-07-22 07:37:10,"D. Faber-Langendoen"
690056,"Fraxinus latifolia / Carex obnupta Riparian Forest","WA NCCN Uplands & Wetlands",2022-02-07 08:52:15,"T. Ramm-Granberg"
687336,"Fraxinus latifolia / Spiraea douglasii Swamp Forest","""Swamp Forest"" fix (NVC186g)",2025-07-22 07:37:13,"D. Faber-Langendoen"
689054,"Tsuga heterophylla / Acer circinatum / Lysichiton americanus Swamp Forest","""Swamp Forest"" fix (NVC186g)",2025-07-22 07:37:20,"D. Faber-Langendoen"
688873,"Abies amabilis - Tsuga heterophylla / Oplopanax horridus Swamp Forest","""Swamp Forest"" fix (NVC186g)",2025-07-22 07:37:21,"D. Faber-Langendoen"
688345,"Tsuga heterophylla / Oplopanax horridus / Lysichiton americanus Swamp Forest","""Swamp Forest"" fix (NVC186g)",2025-07-22 07:37:25,"D. Faber-Langendoen"
836508,"Northern Atlantic Acidic Sand Barrens Scrub & Grassland Group","USNVC 3.0 pre-release edits",2025-06-23 07:36:59,"D. Faber-Langendoen"
884052,"Other Derived Weed Field Cultural Subformation","GET Cultural name suffix revisions",2024-01-23 04:58:08,"D. Faber-Langendoen"
865349,"Lawn & Recreational Land Cultural Subformation","GET Cultural name suffix revisions",2024-01-23 04:58:08,"D. Faber-Langendoen"
884100,"Urban & Recreational Pond Vegetation Cultural Group","GET_revisions",2024-01-23 03:40:39,"D. Faber-Langendoen"
884021,"Vegetable Crop Cultural Group","GET Cultural name suffix revisions",2024-01-23 04:58:08,"D. Faber-Langendoen"
884056,"Rice Crop Cultural Group","GET Cultural name suffix revisions",2024-01-23 04:58:08,"D. Faber-Langendoen"
884050,"Fallow Weed Field Cultural Group","GET Cultural name suffix revisions",2024-01-23 04:58:08,"D. Faber-Langendoen"
883997,"Agroforestry Cultural Subformation","GET Cultural name suffix revisions",2024-01-23 04:58:08,"D. Faber-Langendoen"
884023,"Sunflower Crop Cultural Group","GET Cultural name suffix revisions",2024-01-23 04:58:08,"D. Faber-Langendoen"
902978,"Tropical Forest Plantation Cultural Group","GET Cultural name suffix revisions",2024-01-23 04:58:08,"D. Faber-Langendoen"
884110,"Bush Fruit & Berry Crop Cultural Subformation","GET Cultural name suffix revisions",2024-01-23 04:58:08,"D. Faber-Langendoen"
884026,"Other Tropical & Temperate Row Crops Cultural Subgroup","GET Cultural name suffix revisions",2024-01-23 04:58:08,"D. Faber-Langendoen"
939251,"Exotic Northern Hardwood Plantation Cultural Type","GET Cultural name suffix revisions",2024-01-23 04:58:08,"D. Faber-Langendoen"
884009,"Tropical Wetland Shrub Crop Cultural Subgroup","GET Cultural name suffix revisions",2024-01-23 04:58:08,"D. Faber-Langendoen"
884067,"Dry-Season Lawn with Trees Cultural Subgroup","GET_revisions",2024-01-23 03:40:39,"D. Faber-Langendoen"
939242,"Native Northern Pine Plantation Cultural Type","GET Cultural name suffix revisions",2024-01-23 04:58:08,"D. Faber-Langendoen"
884088,"Temperate Developed Wooded Land Cultural Subgroup","GET Cultural name suffix revisions",2024-01-23 12:00:00,"D. Faber-Langendoen"
884101,"Tropical & Temperate Urban & Recreational Pond Cultural Subgroup","GET Cultural name suffix revisions",2024-01-23 04:58:08,"D. Faber-Langendoen"
902979,"Casuarina equisetifolia - Casuarina glauca - Eucalyptus spp. Forest Plantation Cultural Subgroup","Type is not limited to those species.",2020-09-03 12:00:00,"D. Faber-Langendoen"
684544,"Betula populifolia / Schizachyrium scoparium - Ionactis linariifolius Ruderal Sparse Vegetation","remaining edits for V3.0 release",2025-08-14 05:41:13,"D. Faber-Langendoen"
687090,"Eroding Great Plains Badlands Sparse Vegetation","remaining edits for V3.0 release",2025-08-14 05:41:14,"D. Faber-Langendoen"
837809,"Artemisia tridentata ssp. wyomingensis - Artemisia tridentata ssp. tridentata Semi-desert Shrubland Group","remaining edits for V3.0 release",2025-08-14 05:41:15,"D. Faber-Langendoen"
687739,"Atriplex obovata Badland Sparse Vegetation","remaining edits for V3.0 release",2025-08-14 05:41:15,"D. Faber-Langendoen"
769027,"Ephedra torreyana - (Atriplex spp.) / Nonvascular Gypsum Sparse Vegetation","remaining edits for V3.0 release",2025-08-14 05:41:15,"D. Faber-Langendoen"
684582,"Pinus (ponderosa, jeffreyi) Sparse Vegetation","remaining edits for V3.0 release",2025-08-14 05:41:16,"D. Faber-Langendoen"
686984,"Pinus ponderosa Slickrock Sparse Vegetation","remaining edits for V3.0 release",2025-08-14 05:41:16,"D. Faber-Langendoen"
902980,"Temperate & Boreal Plantation Anthro-macrogroup","remaining edits for V3.0 release",2025-08-14 05:41:17,"D. Faber-Langendoen"
884051,"Tropical & Temperate Fallow Field Weed Vegetation Anthro-group","remaining edits for V3.0 release",2025-08-14 05:41:17,"D. Faber-Langendoen"
884054,"Other Tropical & Temperate Weed Field Vegetation Cultural Subgroup","GET Cultural name suffix revisions",2024-01-23 04:58:08,"D. Faber-Langendoen"
684523,"Anemone virginiana var. alba Riverscour Sparse Vegetation","remaining edits for V3.0 release",2025-08-14 05:41:18,"D. Faber-Langendoen"
686802,"Basalt - Conglomerate Bedrock Great Lakes Shore Sparse Vegetation","remaining edits for V3.0 release",2025-08-14 05:41:20,"D. Faber-Langendoen"
684126,"Sandstone Bedrock Great Lakes Shore Sparse Vegetation","remaining edits for V3.0 release",2025-08-14 05:41:20,"D. Faber-Langendoen"
1238803,"Pseudotsuga menziesii / Mahonia repens Southern Rockies Forest","",2025-03-05 02:14:15,"D.Faber-Langendoen"
689520,"Quercus emoryi / Piptochaetium fimbriatum Scrub Woodland","Southwest regional peer review (NM, AZ, CO, UT, NV)",2023-02-17 02:46:34,"E. Muldavin et al."
683251,"Quercus emoryi / Sporobolus flexuosus Scrub Woodland","Southwest regional peer review (NM, AZ, CO, UT, NV)",2023-02-17 02:46:40,"E. Muldavin et al."
683603,"Shepherdia argentea Wet Shrubland","CNVC AB-SK-MB rangelands & MT regional USNVC reviews",2023-03-27 12:00:00,"Cooper, S. et al; Tremblay, Pyle, Downing, DFL"
685073,"Celtis laevigata var. reticulata / Celtis ehrenbergiana Wet Shrubland","The taxon concept of Celtis ehrenbergiana is in dispute, and the preferred species name is Celtis pallida  (Hendrickson 2010, exception to USDA PLANTS).",2025-12-31 03:49:22,"D.Faber-Langendoen"
686800,"Rosa nutkana - Festuca idahoensis Shrubland","TRG 9/27/23: Change the name from ""...Shrubland"" to ""...Grassland""; this is a lush grassland with a sparse shrub layer (<10% cover) beneath (NVC184_GrpMap_v0.9).",2024-06-21 12:00:00,"D.Faber-Langendoen"
688203,"Taxodium ascendens / Paspalum monostachyum - Rhynchospora microcarpa - Cladium mariscus Swamp Woodland","Cladium mariscus ssp. jamaicense refers to sawgrass in the Western Hemisphere following USDA Plants 2016, the standard for the USNVC 3.0. The full species name is not used in the Western Hemisphere.",2026-03-18 01:14:46,"K. Palmquist, Regional Editor"
686469,"Cladium mariscus - Typha domingensis - Fimbristylis caroliniana - Bacopa monnieri Marsh","Cladium mariscus ssp. jamaicense refers to sawgrass in the Western Hemisphere following USDA Plants 2016, the standard for the USNVC 3.0. The full species name is not used in the Western Hemisphere.",2026-03-18 01:14:06,"K. Palmquist, Regional Editor"
866470,"Sarcobatus vermiculatus Intermountain Wet Shrubland Alliance","CNVC AB-SK-MB rangelands & MT regional USNVC reviews",2023-03-27 04:48:58,"Cooper, S. et al; Tremblay, Pyle, Downing, DFL"
728816,"Quercus alba - Acer rubrum - Carya ovata / Viburnum acerifolium / Waldsteinia fragarioides Wet Forest","Vermont",2020-04-29 01:11:57,"D. Faber-Langendoen"
736402,"Rhynchospora (alba, cephalantha) - Muhlenbergia uniflora - Lophiola aurea Wet Meadow","Northeast review 2020",2020-08-10 08:46:12,"D. Faber-Langendoen"
689646,"<i>Cercocarpus montanus / Rhus trilobata var. trilobata</i> Shrubland","",2019-04-29 12:00:00,"M. Reid"
688198,"<i>Empetrum nigrum / Lupinus sellulus var. lobbii</i> Alpine Dwarf-shrubland","",2019-04-29 12:00:00,"M. Reid"
858762,"Miscanthus floridulus - (Pennisetum polystachion, Bothriochloa bladhii) Ruderal Herbaceous Vegetation","physiognomic nomenclature update",2020-10-27 11:44:44,"D. Faber-Langendoen"
858764,"Bothriochloa bladhii - (Dactyloctenium aegyptium, Paspalum conjugatum) Ruderal Herbaceous Vegetation","physiognomic nomenclature update",2020-10-27 11:44:45,"D. Faber-Langendoen"
683709,"<i>Tsuga canadensis - Quercus montana - Liriodendron tulipifera / Kalmia latifolia - (Rhododendron catawbiense)</i> Forest","",2019-01-31 12:00:00,"K. Patterson"
687808,"<i>Dasiphora fruticosa ssp. floribunda / Carex (sterilis, hystericina, flava)</i> Fen","",2019-02-21 12:00:00,"D. Faber-Langendoen"
688520,"<i>Liquidambar styraciflua - Quercus michauxii / Acer rubrum var. drummondii / Packera glabella - Carex tribuloides</i> Wet Ravine Forest","",2019-02-27 12:00:00,"D. Faber-Langendoen"
688844,"<i>Juniperus virginiana var. virginiana - Fraxinus quadrangulata / Polymnia canadensis - (Astranthium integrifolium)</i> Woodland","",2019-02-20 12:00:00,"D. Faber-Langendoen"
683778,"<i>Juniperus virginiana var. virginiana - Fraxinus quadrangulata / Symphyotrichum oblongifolium - Panicum flexile - Sedum pulchellum</i> Woodland","",2019-02-20 12:00:00,"D. Faber-Langendoen"
687166,"<i>Pinus echinata - Pinus taeda - Quercus stellata / Juniperus virginiana var. virginiana / Cornus drummondii</i> Woodland","",2019-02-20 12:00:00,"D. Faber-Langendoen"
683214,"<i>Juniperus virginiana var. virginiana - Quercus</i> spp. Ruderal Forest","",2019-02-20 12:00:00,"D. Faber-Langendoen"
687784,"<i>Juniperus virginiana var. virginiana / Rhus copallinum / Schizachyrium scoparium</i> Ruderal Woodland","",2019-02-20 12:00:00,"D. Faber-Langendoen"
686507,"<i>Juniperus virginiana var. virginiana - Forestiera ligustrina - Rhus aromatica - Hypericum frondosum</i> Shrubland","",2019-02-20 12:00:00,"D. Faber-Langendoen"
899620,"<i>Juniperus osteosperma</i> / Herbaceous Understory Open Woodland Alliance","",2019-01-09 12:00:00,"D. Faber-Langendoen"
899632,"<i>Juniperus monosperma</i> / Shrub Understory Woodland Alliance","",2019-01-09 12:00:00,"D. Faber-Langendoen"
687746,"Quercus alba - Quercus rubra - Carya ovata Glaciated Forest","NVC127_WI state types and NVC",2020-03-23 05:26:50,"D. Faber-Langendoen"
684344,"Picea engelmannii / Cornus sericea Swamp Woodland","Washington NCCN Wetlands",2021-12-26 11:05:01,"Tynan Ramm-Granberg"
684662,"Rosa nutkana / Oenanthe sarmentosa Shrubland","Washington NCCN Wetlands",2021-12-26 11:05:28,"Tynan Ramm-Granberg"
839362,"Cornus sericea Pacific Shrub Swamp","Washington NCCN Wetlands",2021-12-26 11:05:30,"Tynan Ramm-Granberg"
687111,"Eleocharis quinqueflora - Carex scopulorum Wet Meadow","Washington NCCN Wetlands",2021-12-26 11:05:35,"Tynan Ramm-Granberg"
686447,"Betula glandulosa / Carex utriculata Wet Shrubland","Washington NCCN Wetlands",2021-12-26 11:05:40,"Tynan Ramm-Granberg"
688261,"Pinus echinata - Quercus alba - Quercus falcata Forest","NVC163 Central Midwest regional review",2022-04-13 08:34:02,"D. Faber-Langendoen, M. Leahy, et al"
1146928,"Larix laricina - Pinus strobus - Acer rubrum Midwest Swamp Alliance","Peer review project",2021-04-29 10:26:28,""
688617,"Carex oligosperma - Carex pauciflora - Eriophorum vaginatum / Sphagnum spp. Acidic Peatland","Peer review project",2021-04-29 10:26:30,""
1268485,"North Pacific Active Volcanic Rock and Cinder Land Alliance","Adding new Groups, Alliances as part of 2023 Systems to Groups, Alliances review",2023-02-01 07:37:23,"D Faber-Langendoen"
900094,"Festuca hallii Northern Great Plains Grassland Alliance","CNVC Prairie Provinces rangelands-grasslands review",2023-03-27 02:57:21,"Tremblay, M., L. Pyle, D. Downing, D. Faber-Langendoen"
686372,"Igneous - Metamorphic Cobble - Gravel River Shore Sparse Vegetation","Southeast US reg'l review of USNVC, April 2023",2023-05-11 02:41:15,"D. Faber-Langendoen"
684439,"Salix nigra Wet Shrubland","Southeast US reg'l review of USNVC, April 2023",2023-05-11 02:41:29,"D. Faber-Langendoen"
689641,"Umbellularia californica - Quercus agrifolia / Toxicodendron diversilobum Forest","Marin & San Mateo Counties CNPS USNVC review",2023-04-05 05:27:18,"Evens, J., Boul, R., McIntyre, P."
788752,"Salix laevigata - Salix lasiolepis / Baccharis salicifolia Riparian Woodland","Marin & San Mateo Counties CNPS USNVC review",2023-04-05 05:27:33,"Evens, J., Boul, R., McIntyre, P."
684236,"Arctostaphylos glandulosa - Quercus wislizeni Shrubland","Marin & San Mateo Counties CNPS USNVC review",2023-04-05 05:27:49,"Evens, J., Boul, R., McIntyre, P."
899427,"Quercus rubra - Acer saccharum - Betula lenta Forest Alliance","Appalachians",2020-05-05 11:46:25,"D. Faber-Langendoen"
685368,"Betula alleghaniensis - Picea rubens / Dryopteris campyloptera Forest","Northeast review, part 2",2020-12-16 06:38:29,"D. Faber-Langendoen"
683661,"Carex diandra Wet Meadow Fen","Washington updates",2022-08-08 11:05:42,"T. Ramm-Granberg & D. Faber-Langendoen"
964573,"Carex pansa - Carex praegracilis Wet Meadow Alliance","Washington updates",2022-08-08 12:00:00,"T. Ramm-Granberg & D. Faber-Langendoen"
1110179,"Carex luzulina Wet Meadow","WA, ID, OR regional review",2022-08-30 06:09:51,"T. Ramm-Granberg and colleagues"
868477,"Eucalyptus spp. - Mixed Alien Ruderal Forest Plantation","Fixed name by removing ""Ruderal"".",2021-08-18 01:18:43,"D. Faber-Langendoen"
689547,"Pinus discolor / Quercus toumeyi Woodland","Southwest regional peer review (NM, AZ, CO, UT, NV)",2023-02-17 02:46:59,"E. Muldavin et al."
687222,"Pinus edulis - Quercus arizonica / Rhus trilobata Woodland","Southwest regional peer review (NM, AZ, CO, UT, NV)",2023-02-17 02:47:02,"E. Muldavin et al."
689432,"Pinus remota - Juniperus ashei - Quercus spp. Woodland","Southwest regional peer review (NM, AZ, CO, UT, NV)",2023-02-17 02:47:07,"E. Muldavin et al."
899550,"Juniperus scopulorum - Juniperus osteosperma / Grass Understory Rocky Mountain Woodland Alliance","Southwest regional peer review (NM, AZ, CO, UT, NV)",2023-02-17 02:47:17,"E. Muldavin et al."
899052,"Juglans major - Juglans microcarpa Riparian Forest Alliance","Southwest regional peer review (NM, AZ, CO, UT, NV)",2023-02-17 02:47:40,"E. Muldavin et al."
687585,"Artemisia filifolia - Psorothamnus scoparius - Dalea lanata Gypsum Dune Shrubland","Southwest regional peer review (NM, AZ, CO, UT, NV)",2023-02-17 02:48:19,"E. Muldavin et al."
688691,"Salix lucida ssp. lasiandra / Urtica dioica ssp. gracilis Riparian & Swamp Woodland","USNVC California review",2023-02-20 06:55:41,"Evens, J., R. Boul, D. Faber-Langendoen"
907401,"Dendromecon rigida - Diplacus aurantiacus - Eriodictyon californicum Scrub Alliance","USNVC California review",2023-02-20 06:55:45,"Evens, J., R. Boul, D. Faber-Langendoen"
958426,"Brassica nigra - Raphanus spp. Ruderal Annual Forb Meadow Alliance","USNVC California review",2023-02-20 06:55:50,"Evens, J., R. Boul, D. Faber-Langendoen"
899903,"Eleocharis obtusa - Eragrostis hypnoides Intertidal Mudflat Alliance","USNVC California review",2023-02-20 06:56:08,"Evens, J., R. Boul, D. Faber-Langendoen"
935020,"Agropyron cristatum Western Ruderal Perennial Grassland Alliance","USNVC California review",2023-02-20 06:56:27,"Evens, J., R. Boul, D. Faber-Langendoen"
899381,"Centaurea solstitialis - Isatis tinctoria - Salsola tragus Ruderal Annual Forb Alliance","USNVC California review",2023-02-20 06:56:32,"Evens, J., R. Boul, D. Faber-Langendoen"
1271339,"Eichhornia crassipes - Hydrilla verticillata - Myriophyllum spicatum Ruderal Aquatic Vegetation Alliance","California USNVC review",2023-02-27 12:54:28,"Evens, J., R. Boul"
860552,"Tamaulipan Prosopis glandulosa - Celtis ehrenbergiana / Trichloris pluriflora Scrub & Grassland Macrogroup","The taxon concept of Celtis ehrenbergiana is in dispute, and the preferred species name is Celtis pallida (Hendrickson 2010, exception to USDA PLANTS).",2025-12-31 03:49:10,"D.Faber-Langendoen"
860552,"Prosopis glandulosa - Celtis ehrenbergiana / Trichloris pluriflora Tamaulipan Scrub & Grassland Macrogroup","Nomenclature fix (NVC186g)",2025-07-22 04:53:30,"D. Faber-Langendoen"
1281864,"South Atlantic & Gulf Coast Salt Marsh Group","",2025-04-11 07:20:22,"D.Faber-Langendoen"
1298982,"Temperate Conifer Forest & Woodland Formation","Formation to Ecobiome",2025-02-14 07:15:03,"D. Faber-Langendoen"
1275204,"Atriplex gardneri - Atriplex confertifolia / Monolepis nuttalliana Badlands Dwarf-shrubland Alliance","",2025-05-04 04:39:00,"D.Faber-Langendoen"
687652,"Atriplex gardneri / Pascopyrum smithii Dwarf-shrubland","",2025-05-04 04:39:03,"D.Faber-Langendoen"
683770,"Great Lakes Limestone - Dolostone Cliff Sparse Vegetation","USNVC 3.0 pre-release edits",2025-06-23 07:36:02,"D. Faber-Langendoen"
684180,"Bouteloua breviseta Sparse Vegetation","",2025-07-10 04:24:44,"D.Faber-Langendoen"
1363473,"Arctostaphylos uva-ursi - Empetrum nigrum Alpine Dwarf-shrubland Alliance","",2025-07-10 04:24:50,"D.Faber-Langendoen"
899710,"Panicum virgatum Coastal Wet Meadow Alliance","USNVC VA clean-up",2023-12-22 03:04:41,"K. Pattersons, D. Faber-Langendoen"
683268,"Typha angustifolia - Hibiscus moscheutos Salt Marsh","USNVC VA clean-up",2023-12-22 03:04:48,"K. Pattersons, D. Faber-Langendoen"
1233818,"Quercus alba - Quercus nigra - Sabal minor Acidic West Gulf Coastal Forest Alliance","Southeast, Texarkana USNVC reg'l review, June 2023",2023-06-24 08:52:58,"Southeast + TX ecologists, D. Faber-Langendoen"
1279634,"Taxodium distichum - Nyssa aquatica Brownwater Floodplain Forest Alliance","Southeast, Texarkana USNVC reg'l review, June 2023",2023-06-24 08:54:22,"Southeast + TX ecologists, D. Faber-Langendoen"
899157,"Saxifraga michauxii - Carex misera - Schizachyrium scoparium Rocky Grassland Alliance","Southeast, Texarkana USNVC reg'l review, June 2023",2023-06-24 12:00:00,"Southeast + TX ecologists, D. Faber-Langendoen"
686823,"Euthamia leptocephala - Helianthus angustifolius - Boltonia asteroides - Spartina patens Salt Marsh","Southeast, Texarkana USNVC reg'l review, June 2023",2023-06-24 08:57:21,"Southeast + TX ecologists, D. Faber-Langendoen"
899359,"Quercus shumardii - Quercus pagoda - Fraxinus americana Calcareous Mesic Gulf Coastal Plain Forest Alliance","Nomenclature fix (NVC186g)",2025-07-22 04:53:08,"D. Faber-Langendoen"
899359,"Quercus shumardii - Quercus pagoda - Fraxinus americana Coastal Plain Forest Alliance","NVC163 Central Midwest regional review",2022-04-13 08:33:59,"D. Faber-Langendoen, M. Leahy, et al"
1207718,"Acer saccharum - Betula alleghaniensis - Picea rubens Forest Macrogroup","Nomenclature fix (NVC186g)",2025-07-22 04:53:12,"D. Faber-Langendoen"
1150941,"Acer saccharum - Fraxinus americana Rich Acadian-Appalachian Forest Alliance","Nomenclature fix (NVC186g)",2025-07-22 04:53:13,"D. Faber-Langendoen"
838498,"Robinia pseudoacacia - Liriodendron tulipifera - Acer platanoides Ruderal Forest Macrogroup","Nomenclature fix (NVC186g)",2025-07-22 04:53:13,"D. Faber-Langendoen"
1284771,"Northern Great Plains Forest & Woodland Macrogroup","Nomenclature fix (NVC186g)",2025-07-22 04:53:14,"D. Faber-Langendoen"
860343,"Pinus monophylla - Pinus edulis - Juniperus spp. Woodland & Scrub Division","Nomenclature fix (NVC186g)",2025-07-22 04:53:14,"D. Faber-Langendoen"
1085069,"Pinus edulis - Juniperus monosperma Southern Rocky Mountain-Colorado Plateau Woodland Macrogroup","",2019-01-10 12:00:00,""
838618,"Abies concolor - Pseudotsuga menziesii - Picea pungens Forest Macrogroup","Interior West Group & Alliance review",2022-04-12 12:18:18,"J. Triepke"
836537,"Pseudotsuga menziesii - Pinus ponderosa Southern Rocky Mountain Dry Mixed Conifer Forest & Woodland Group","Nomenclature fix (NVC186g)",2025-07-22 04:53:15,"D. Faber-Langendoen"
836647,"Pseudotsuga menziesii - Pinus ponderosa Central Rocky Mountain Dry Mixed Conifer Forest & Woodland Group","Nomenclature fix (NVC186g)",2025-07-22 04:53:16,"D. Faber-Langendoen"
932906,"Californian-North Pacific Dry Foothill Forest & Woodland Macrogroup","Nomenclature fix (NVC186g)",2025-07-22 04:53:16,"D. Faber-Langendoen"
838600,"Abies lasiocarpa - Picea engelmannii - Pinus albicaulis Rocky Mountain Forest Macrogroup","Interior West Group & Alliance review",2022-04-12 12:18:59,"J. Triepke"
860385,"Picea glauca - Picea mariana - Abies balsamea Forest & Woodland Division","Nomenclature fix (NVC186g)",2025-07-22 04:53:17,"D. Faber-Langendoen"
860637,"Polynesian Ruderal Cliff, Scree & Rock Macrogroup","Nomenclature fix (NVC186g)",2025-07-22 04:53:20,"D. Faber-Langendoen"
957919,"Adenostoma fasciculatum - Artemisia californica - Nassella pulchra Scrub & Grassland Division","Nomenclature fix (NVC186g)",2025-07-22 04:53:20,"D. Faber-Langendoen"
835951,"Artemisia californica - Salvia mellifera - Baccharis pilularis Coastal Scrub Macrogroup","Nomenclature fix (NVC186g)",2025-07-22 04:53:20,"D. Faber-Langendoen"
860467,"Serenoa repens - Quercus myrtifolia / Aristida beyrichiana Scrub & Dry Prairie Macrogroup","Nomenclature fix (NVC186g)",2025-07-22 04:53:21,"D. Faber-Langendoen"
1302634,"Schedonorus arundinaceus - Daucus carota - Rubus spp. Grassland & Shrubland Macrogroup","USNVC 3.0 pre-release edits",2025-06-23 07:35:17,"D. Faber-Langendoen"
1285582,"Amelanchier alnifolia - Menziesia ferruginea - Physocarpus malvaceus Shrubland Macrogroup","Nomenclature fix (NVC186g)",2025-07-22 04:53:23,"D. Faber-Langendoen"
860743,"Alnus viridis - Rubus spectabilis - Salix alaxensis Vancouverian Shrubland Group","Nomenclature fix (NVC186g)",2025-07-22 04:53:24,"D. Faber-Langendoen"
866455,"Bromus inermis - Centaurea spp. - Lepidium spp. Western North American Ruderal Grassland & Shrubland Macrogroup","Nomenclature fix (NVC186g)",2025-07-22 04:53:24,"D. Faber-Langendoen"
860386,"Andropogon gerardii - Pascopyrum smithii - Bouteloua gracilis Grassland & Shrubland Division","Nomenclature fix (NVC186g)",2025-07-22 04:53:24,"D. Faber-Langendoen"
1127110,"Northern Great Plains Sand Grassland & Shrubland Group","",2025-04-11 07:19:07,"D.Faber-Langendoen"
881410,"Southern Great Plains-Comanchian Ruderal Grassland & Shrubland Group","Nomenclature fix (NVC186g)",2025-07-22 04:53:26,"D. Faber-Langendoen"
1256086,"Lasallia papulosa - Corydalis sempervirens Central Appalachian-Northeast Cliff, Talus & Rock Outcrop Group","Nomenclature fix (NVC186g)",2025-07-22 04:53:27,"D. Faber-Langendoen"
1256086,"Central Appalachian-Northeast Cliff & Rock Vegetation Group","USNVC 3.0 pre-release edits",2025-06-23 07:35:41,"D. Faber-Langendoen"
837419,"Chrysothamnus viscidiflorus - Ericameria nauseosa - Krascheninnikovia lanata Steppe & Shrubland Group","Nomenclature fix (NVC186g)",2025-07-22 04:53:28,"D. Faber-Langendoen"
860463,"Atriplex confertifolia - Atriplex canescens - Atriplex corrugata Great Basin Scrub Macrogroup","Nomenclature fix (NVC186g)",2025-07-22 04:53:29,"D. Faber-Langendoen"
899367,"Tiquilia hispidissima / Sporobolus nealleyi - Tidestromia carnosa Gypsum Outcrop & Alluvial Flat Desert Scrub Alliance","",2025-07-10 04:24:41,"D.Faber-Langendoen"
833228,"Carnegiea gigantea - Parkinsonia microphylla - Ambrosia deltoidea Mixed Cacti Desert Scrub Group","Nomenclature fix (NVC186g)",2025-07-22 04:53:32,"D. Faber-Langendoen"
860355,"Vaccinium uliginosum - Vaccinium vitis-idaea - Diapensia lapponica Alpine Tundra Division","Nomenclature fix (NVC186g)",2025-07-22 04:53:33,"D. Faber-Langendoen"
860370,"Phyllodoce glanduliflora - Dryas spp. - Festuca altaica Alpine Tundra Division","Nomenclature fix (NVC186g)",2025-07-22 04:53:33,"D. Faber-Langendoen"
849164,"Dryas octopetala - Saxifraga spp. Rocky Mountain Alpine Bedrock & Scree Group","Nomenclature fix (NVC186g)",2025-07-22 04:53:34,"D. Faber-Langendoen"
860619,"North Pacific Coastal Alpine Tundra Macrogroup","Nomenclature fix (NVC186g)",2025-07-22 04:53:34,"D. Faber-Langendoen"
884039,"Permanent Pasture & Mixed Grass - Forbs - Legumes Hay Field Cultural Group","GET Cultural name suffix revisions",2024-01-23 04:58:08,"D. Faber-Langendoen"
838784,"Magnolia virginiana - Persea palustris - Pinus serotina Swamp Forest Macrogroup","Nomenclature fix (NVC186g)",2025-07-22 04:53:35,"D. Faber-Langendoen"
860512,"North American Boreal Conifer Poor Swamp Macrogroup","Nomenclature fix (NVC186g)",2025-07-22 04:53:36,"D. Faber-Langendoen"
860526,"Dasiphora fruticosa - Sanguisorba canadensis / Carex interior Seep Macrogroup","Nomenclature fix (NVC186g)",2025-07-22 04:53:38,"D. Faber-Langendoen"
860526,"<i>Dasiphora fruticosa ssp. floribunda - Sanguisorba canadensis / Carex interior</i> Seep Macrogroup","",2019-02-26 12:00:00,"D. Faber-Langendoen"
860623,"Western North American Ruderal Marsh, Wet Meadow & Shrubland Macrogroup","Nomenclature fix (NVC186g)",2025-07-22 04:53:40,"D. Faber-Langendoen"
860744,"Carex aquatilis - Carex utriculata Boreal Wet Meadow & Marsh Group","Nomenclature fix (NVC186g)",2025-07-22 04:53:41,"D. Faber-Langendoen"
900121,"Salicornia rubra Wet Meadow Alliance","Nomenclature fix (NVC186g)",2025-07-22 04:53:41,"D. Faber-Langendoen"
1176969,"Chamaedaphne - Gaylussacia dumosa / Carex striata Bog & Fen Group","USNVC prelim review Aug 2023",2023-08-29 06:20:45,"D. Faber-Langendoen"
860751,"Carex alligata - Carex echinata - Racomitrium lanuginosum Hawaiian Bog Group","Nomenclature fix (NVC186g)",2025-07-22 04:53:43,"D. Faber-Langendoen"
1361912,"Betula pumila - Carex lasiocarpa / Campylium stellatum Alkaline Fen Macrogroup","Nomenclature fix (NVC186g)",2025-07-22 04:53:43,"D. Faber-Langendoen"
894266,"North American Boreal Freshwater Aquatic Vegetation Group","Nomenclature fix (NVC186g)",2025-07-22 04:53:44,"D. Faber-Langendoen"
860442,"Eichhornia crassipes - Egeria densa - Alternanthera philoxeroides Ruderal Aquatic Vegetation Macrogroup","Nomenclature fix (NVC186g)",2025-07-22 04:53:44,"D. Faber-Langendoen"
860325,"Spartina alterniflora - Spartina cynosuroides - Salicornia spp. Atlantic & Gulf Coastal Salt Marsh Division","Nomenclature fix (NVC186g)",2025-07-22 04:53:45,"D. Faber-Langendoen"
860578,"Arctic Tidal Salt Marsh Macrogroup","Nomenclature fix (NVC186g)",2025-07-22 04:53:46,"D. Faber-Langendoen"
686074,"<i>Pinus elliottii var. elliottii / Serenoa repens - Ilex glabra</i> Woodland","",2019-02-28 12:00:00,"D. Faber-Langendoen"
856875,"<i>Pinus elliottii var. elliottii - Taxodium ascendens / Lyonia lucida / Woodwardia virginica - Sphagnum</i> spp. Swamp Woodland","",2019-02-28 12:00:00,"D. Faber-Langendoen"
899655,"Pascopyrum smithii Wet Meadow Alliance","",2024-06-21 04:42:37,"D.Faber-Langendoen"
788023,"Panicum virgatum - Pascopyrum smithii Southern Wet Meadow","",2024-06-21 04:42:40,"D.Faber-Langendoen"
689576,"Cytisus scoparius Ruderal Shrubland","",2024-06-21 04:43:12,"D.Faber-Langendoen"
688461,"Rhododendron canadense - Chamaedaphne calyculata Acidic Peatland","",2024-06-28 12:22:18,"D.Faber-Langendoen"
1270982,"Dry Mixed Conifer - Shrub Forest & Woodland Alliance","USNVC 3.0 pre-release edits",2025-06-23 07:34:54,"D. Faber-Langendoen"
1270970,"Ponderosa Pine - Oak - Mixed Shrub Woodland Alliance","USNVC 3.0 pre-release edits",2025-06-23 07:34:56,"D. Faber-Langendoen"
1270972,"Ponderosa Pine Herbaceous Forest Alliance","USNVC 3.0 pre-release edits",2025-06-23 07:34:57,"D. Faber-Langendoen"
1270966,"Ponderosa Pine Rocky Woodland Alliance","USNVC 3.0 pre-release edits",2025-06-23 07:34:57,"D. Faber-Langendoen"
860342,"Caribbean-Mesoamerican Lowland Grassland, Savanna & Shrubland Division","USNVC 3.0 pre-release edits",2025-06-23 07:35:08,"D. Faber-Langendoen"
892730,"Californian Annual Grassland & Forb Meadow Group","USNVC 3.0 pre-release edits",2025-06-23 07:35:11,"D. Faber-Langendoen"
905022,"Sporobolus clandestinus - Clinopodium arkansanum - Delphinium carolinianum Nepheline Syenite Bedrock Grassland Alliance","USNVC 3.0 pre-release edits",2025-06-23 07:35:14,"D. Faber-Langendoen"
860626,"Great Plains Badlands Vegetation Macrogroup","USNVC 3.0 pre-release edits",2025-06-23 07:35:22,"D. Faber-Langendoen"
821510,"Coastal Plain Acidic Cliff Vegetation","USNVC 3.0 pre-release edits",2025-06-23 07:35:28,"D. Faber-Langendoen"
684075,"Asplenium montanum - Heuchera parviflora var. parviflora - Silene rotundifolia Cliff Sparse Vegetation","USNVC 3.0 pre-release edits",2025-06-23 07:35:30,"D. Faber-Langendoen"
688861,"(Hydrangea arborescens) / Heuchera villosa - Dicentra eximia - Campanula divaricata Cliff Shrubland","USNVC 3.0 pre-release edits",2025-06-23 07:35:35,"D. Faber-Langendoen"
899966,"Appalachian Wet Cliff Alliance","New Hampshire EIA work & associated NVC refinements",2022-10-17 08:12:44,"W. Nichols, D Faber-Langendoen"
687085,"Juniperus virginiana / Corydalis sempervirens Cliff Sparse Vegetation","USNVC 3.0 pre-release edits",2025-06-23 07:35:43,"D. Faber-Langendoen"
796831,"Lasallia (papulosa, pensylvanica) - Dimelaena oreina - (Melanelia culbersonii) Nonvascular Vegetation","USNVC 3.0 pre-release edits",2025-06-23 07:35:43,"D. Faber-Langendoen"
796838,"Lasallia papulosa - Stereocaulon glaucescens - Chrysothrix chlorina Nonvascular Vegetation","USNVC 3.0 pre-release edits",2025-06-23 07:35:43,"D. Faber-Langendoen"
686487,"Shale Cliff Sparse Vegetation","USNVC 3.0 pre-release edits",2025-06-23 07:35:44,"D. Faber-Langendoen"
959812,"Central Appalachian-Northeast Circumneutral Cliff & Talus Alliance","Southeast US reg'l review of USNVC, April 2023",2023-05-11 02:42:51,"D. Faber-Langendoen"
687641,"Interior Highlands Sandstone Talus Sparse Vegetation","USNVC 3.0 pre-release edits",2025-06-23 07:35:48,"D. Faber-Langendoen"
686634,"Central Midwest-Interior Limestone - Dolostone Moist Cliff Vegetation","USNVC 3.0 pre-release edits",2025-06-23 07:35:50,"D. Faber-Langendoen"
1349448,"Stellaria fontinalis - Hygroamblystegium tenax Limestone Cliff Seep","USNVC 3.0 pre-release edits",2025-06-23 07:35:53,"D. Faber-Langendoen"
686955,"Betula papyrifera - Picea glauca / Acer spicatum - Alnus viridis / Polypodium virginianum Talus Shrubland","Northeast review, part 2c",2020-12-22 09:49:06,"D. Faber-Langendoen"
683257,"Laurentian Dry & Moist Acidic Talus Vegetation","USNVC 3.0 pre-release edits",2025-06-23 07:35:56,"D. Faber-Langendoen"
688099,"Great Lakes Sandstone Cliff Sparse Vegetation","USNVC 3.0 pre-release edits",2025-06-23 07:36:00,"D. Faber-Langendoen"
687950,"Sandstone Great Plains Xeric Butte - Bluff Sparse Vegetation","USNVC 3.0 pre-release edits",2025-06-23 07:36:05,"D. Faber-Langendoen"
899834,"Pinus jeffreyi / Arctostaphylos glauca - Ceanothus leucodermis Sparse Shrubland Alliance","USNVC 3.0 pre-release edits",2025-06-23 07:36:12,"D. Faber-Langendoen"
1277539,"Sedum spathulifolium - Moss Bedrock Vegetation","USNVC 3.0 pre-release edits",2025-06-23 07:36:13,"D. Faber-Langendoen"
899837,"Selaginella bigelovii - Selaginella wallacei Rock Alliance","USNVC 3.0 pre-release edits",2025-06-23 07:36:13,"D. Faber-Langendoen"
728737,"Aquilegia flavescens - Senecio megacephalus Sparse Vegetation","USNVC 3.0 pre-release edits",2025-06-23 07:36:17,"D. Faber-Langendoen"
958946,"Western Boreal Cliff, Scree & Rock Vegetation Group","USNVC 3.0 pre-release edits",2025-06-23 07:36:20,"D. Faber-Langendoen"
1344235,"Aleutian-Kamchatka Cliff, Scree & Rock Group","USNVC 3.0 pre-release edits",2025-06-23 07:36:20,"D. Faber-Langendoen"
1093866,"Appalachian-Northeast Wet Meadow & Shrub Swamp Group","USNVC 3.0 pre-release edits",2025-06-23 07:36:28,"D. Faber-Langendoen"
907585,"Eastern North American Wet Shoreline Vegetation Macrogroup","USNVC 3.0 pre-release edits",2025-06-23 07:36:29,"D. Faber-Langendoen"
907588,"Eastern North American Riverscour Vegetation Macrogroup","USNVC 3.0 pre-release edits",2025-06-23 07:36:34,"D. Faber-Langendoen"
802098,"(Hypericum prolificum, Eubotrys racemosa) / Schizachyrium scoparium - Solidago simplex var. racemosa - Ionactis linariifolius Riverscour Sparse Vegetation","USNVC 3.0 pre-release edits",2025-06-23 07:36:35,"D. Faber-Langendoen"
899559,"Kobresia myosuroides - Kobresia simpliciuscula Alkaline Graminoid Fen Alliance","",2024-06-21 04:43:02,"D.Faber-Langendoen"
860427,"Western Pacific Mangrove Macrogroup","USNVC 3.0 pre-release edits",2025-06-23 07:36:56,"D. Faber-Langendoen"
1277477,"Cakile (edentula, maritima) Ruderal Sparse Beach Vegetation Alliance","USNVC 3.0 pre-release edits",2025-06-23 07:37:01,"D. Faber-Langendoen"
974112,"Dudleya (blochmaniae ssp. insularis, gnoma) - Sparse Herb Rock Vegetation","USNVC 3.0 pre-release edits",2025-06-26 12:42:39,"D. Faber-Langendoen"
885033,"Cladium mariscus - Eleocharis cellulosa - Panicum hemitomon Marsh Macrogroup","Nomenclature fix (NVC186g)",2025-07-22 04:53:36,"D. Faber-Langendoen"
1302656,"Ligustrum spp. - Pueraria montana - Phyllostachys aurea Exotic Vines & Shrubland Alliance","Clarify in name that this is a ruderal type.",2026-03-18 07:21:07,"D.Faber-Langendoen"
858789,"Ipomoea pes-caprae Micronesian Beach Vegetation","",2026-03-20 02:49:52,"D. Faber-Langendoen"
899356,"Liquidambar styraciflua - Celtis laevigata - Quercus nigra Ruderal Forest Alliance","IVC clean-up Dec 2023-Jan 2024",2024-02-23 08:32:22,"D. Faber-Langendoen, P. McIntyre, C. Nordman"
899151,"Yucca glauca - Calamovilfa longifolia  Sand Prairie Scrub Alliance","Further grasslands revisions for AB, SK, MB",2024-04-05 06:03:20,"A Wells, M Tremblay, L Pyle, D Downing, DFL"
686113,"Rhynchospora alba - (Vaccinium oxycoccos) / Sphagnum tenellum Fen","Washington NCCN Wetlands",2021-12-26 11:05:23,"Tynan Ramm-Granberg"
899318,"Artemisia tridentata ssp. tridentata - Artemisia tridentata ssp. xericensis Desert Shrubland Alliance","MT-ID-WY regional review of USNVC, March 2023",2023-04-12 05:28:43,"Cooper,S., others, D. Faber-Langendoen"
899307,"Artemisia tridentata ssp. wyomingensis Shrub Steppe Alliance","MT-ID-WY regional review of USNVC, March 2023",2023-04-12 05:28:45,"Cooper,S., others, D. Faber-Langendoen"
899307,"Artemisia tridentata ssp. wyomingensis Mesic Steppe & Shrubland Alliance","California updates",2022-06-22 05:22:01,"J. Evens, R. Boul, D. Faber-Langendoen"
687207,"Purshia tridentata - Artemisia tridentata / Achnatherum hymenoides Shrubland","MT-ID-WY USNVC reg'l review follow-up, May 2023",2023-08-02 03:57:43,"MT, ID, WY ecologists, D. Faber-Langendoen"
899336,"Juniperus ashei Woodland Alliance","Texas USNVC reg'l review follow-up, May 2023",2023-08-14 06:22:07,"J. Singhurst, TX ecologists, D. Faber-Langendoen"
685878,"<i>Juniperus virginiana var. virginiana / Schizachyrium scoparium</i> Ruderal Forest","",2019-02-20 12:00:00,"D. Faber-Langendoen"
1298998,"Tropical Alpine Grassland & Herbfield Formation","(GET_revisions2)",2024-12-06 12:00:00,"D. Faber-Langendoen"
1299021,"Coastal Marine Shrubland & Grassland Formation","(GET_revisions2)",2024-12-06 12:00:00,"D. Faber-Langendoen"
687527,"Juniperus osteosperma / Hesperostipa comata Wooded Grassland","",2025-03-05 02:14:06,"D.Faber-Langendoen"
1042143,"Arctic Herb Tundra Alliance","",2025-03-05 02:17:59,"D.Faber-Langendoen"
899650,"Acer rubrum - Gleditsia aquatica - Fraxinus profunda Swamp Forest Alliance","KY + TN Southeast USNVC reg'l review follow-up, May 2023",2023-08-25 12:24:42,"C. Elam, KY ecologists, D. Faber-Langendoen"
868499,"Andropogon virginicus Ruderal Lowland Herbaceous Vegetation","USNVC prelim review Aug 2023",2023-08-29 06:18:21,"D. Faber-Langendoen"
684620,"Selaginella rupestris - Schizachyrium scoparium - Hypericum gentianoides - Bulbostylis capillaris Rocky Grassland","USNVC NC revisions",2023-10-18 06:18:54,"M. Schafale, D. Faber-Langendoen"
689832,"Selaginella tortipila - Krigia montana - Houstonia longifolia Rocky Grassland","USNVC NC revisions",2023-10-18 06:18:57,"M. Schafale, D. Faber-Langendoen"
899182,"Polygonum spp. Shoreline Wet Meadow Alliance","USNVC NC revisions",2023-10-18 12:00:00,"M. Schafale, D. Faber-Langendoen"
1298978,"Oceanic Cool Temperate Rainforest Formation","Formation to Ecobiome",2025-02-14 07:15:03,"D. Faber-Langendoen"
1298983,"Tropical Lowland Savanna Formation","Formation to Ecobiome",2025-02-14 07:15:03,"D. Faber-Langendoen"
1299003,"Derived Fallow & Weed Field Formation","Formation to Ecobiome",2025-02-14 07:15:03,"D. Faber-Langendoen"
1299005,"Temperate-Boreal Forested Wetland Formation","Formation to Ecobiome",2025-02-14 07:15:03,"D. Faber-Langendoen"
1299010,"Boreal & Temperate Fen Formation","Formation to Ecobiome",2025-02-14 07:15:03,"D. Faber-Langendoen"
1299011,"Shallow Water Aquatic Vegetation Formation","Formation to Ecobiome",2025-02-14 07:15:03,"D. Faber-Langendoen"
1299014,"Coastal River Delta Formation","Formation to Ecobiome",2025-02-14 07:15:03,"D. Faber-Langendoen"
884111,"Bush Fruit & Berry Crop Cultural Group","GET Cultural name suffix revisions",2024-01-23 04:58:08,"D. Faber-Langendoen"
884108,"Tropical & Temperate Grape Vineyard Cultural Subgroup","GET Cultural name suffix revisions",2024-01-23 04:58:08,"D. Faber-Langendoen"
884064,"Warm-Season Lawn with Trees Cultural Subgroup","GET_revisions",2024-01-23 03:40:39,"D. Faber-Langendoen"
884038,"Permanent Pasture & Legume Hay Field Cultural Group","GET Cultural name suffix revisions",2024-01-23 04:58:08,"D. Faber-Langendoen"
884047,"Fallow Field Cultural Group","GET Cultural name suffix revisions",2024-01-23 04:58:08,"D. Faber-Langendoen"
939239,"Exotic Hawaiian Conifer Plantation Cultural Type","GET Cultural name suffix revisions",2024-01-23 04:58:08,"D. Faber-Langendoen"
860279,"Picea mariana - Larix laricina - Populus balsamifera Boreal Flooded & Swamp Forest Division","""Swamp Forest"" fix (NVC186g)",2025-07-22 07:34:50,"D. Faber-Langendoen"
860588,"Acer rubrum - Acer negundo - Platanus occidentalis Eastern North American Ruderal Flooded & Swamp Forest Macrogroup","""Swamp Forest"" fix (NVC186g)",2025-07-22 07:35:03,"D. Faber-Langendoen"
860509,"North American Boreal Flooded & Rich Swamp Forest Macrogroup","""Swamp Forest"" fix (NVC186g)",2025-07-22 07:35:05,"D. Faber-Langendoen"
836789,"Thuja occidentalis - Fraxinus nigra - Acer rubrum Swamp Forest Group","""Swamp Forest"" fix (NVC186g)",2025-07-22 07:35:15,"D. Faber-Langendoen"
1268493,"Quercus laurifolia - Sabal palmetto Swamp Forest Alliance","""Swamp Forest"" fix (NVC186g)",2025-07-22 07:35:19,"D. Faber-Langendoen"
898980,"Crataegus aestivalis - Crataegus opaca - Crataegus rufula Swamp Forest Alliance","""Swamp Forest"" fix (NVC186g)",2025-07-22 07:35:21,"D. Faber-Langendoen"
898988,"Magnolia virginiana - Nyssa biflora - Quercus laurifolia Swamp Forest Alliance","Appalachians, Piedmont review, part 2",2020-12-09 12:00:00,"D. Faber-Langendoen"
870954,"Acer rubrum - Nyssa sylvatica Swamp Forest Alliance","""Swamp Forest"" fix (NVC186g)",2025-07-22 07:35:25,"D. Faber-Langendoen"
899683,"Liquidambar styraciflua - Fraxinus pennsylvanica - Acer rubrum Flooded & Swamp Forest Alliance","""Swamp Forest"" fix (NVC186g)",2025-07-22 07:35:27,"D. Faber-Langendoen"
899467,"Acer rubrum - Liriodendron tulipifera Ruderal Flooded & Swamp Forest Alliance","""Swamp Forest"" fix (NVC186g)",2025-07-22 07:35:29,"D. Faber-Langendoen"
1302650,"Schinus terebinthifolius - Melaleuca quinquenervia Ruderal Flooded & Swamp Forest Alliance","""Swamp Forest"" fix (NVC186g)",2025-07-22 07:35:31,"D. Faber-Langendoen"
1159151,"Thuja occidentalis - Acer rubrum - Abies balsamea Acadian-Appalachian Swamp Forest Alliance","""Swamp Forest"" fix (NVC186g)",2025-07-22 07:35:38,"D. Faber-Langendoen"
898972,"Picea mariana - Larix laricina / Sphagnum spp. Poor Swamp Forest Alliance","""Swamp Forest"" fix (NVC186g)",2025-07-22 07:35:42,"D. Faber-Langendoen"
683496,"Annona glabra / Crinum americanum - Bacopa caroliniana Swamp Forest","""Swamp Forest"" fix (NVC186g)",2025-07-22 07:35:48,"D. Faber-Langendoen"
689552,"Sabal palmetto - Quercus virginiana - Ficus aurea / Acrostichum danaeifolium - Nephrolepis exaltata Swamp Forest","""Swamp Forest"" fix (NVC186g)",2025-07-22 07:35:51,"D. Faber-Langendoen"
683805,"Liriodendron tulipifera - Nyssa biflora - Magnolia virginiana / Toxicodendron vernix - Morella caroliniensis Swamp Forest","""Swamp Forest"" fix (NVC186g)",2025-07-22 07:36:04,"D. Faber-Langendoen"
684401,"<i>Pinus elliottii var. elliottii - Magnolia virginiana - Taxodium ascendens - Nyssa biflora / Polygala cymosa</i> Swamp Forest","",2019-02-28 12:00:00,"D. Faber-Langendoen"
689775,"Salix caroliniana Swamp Forest","""Swamp Forest"" fix (NVC186g)",2025-07-22 07:36:26,"D. Faber-Langendoen"
683253,"Nyssa aquatica Swamp Forest","""Swamp Forest"" fix (NVC186g)",2025-07-22 07:36:29,"D. Faber-Langendoen"
684512,"Nyssa biflora - (Acer rubrum) / Ilex opaca / Leucothoe axillaris / Carex atlantica ssp. capillacea Swamp Forest","""Swamp Forest"" fix (NVC186g)",2025-07-22 07:36:30,"D. Faber-Langendoen"
689017,"Quercus shumardii - Quercus michauxii - Quercus nigra / Acer floridanum - Tilia americana var. heterophylla Swamp Forest","""Swamp Forest"" fix (NVC186g)",2025-07-22 07:36:33,"D. Faber-Langendoen"
689089,"Larix laricina - Acer rubrum / (Rhamnus alnifolia, Vaccinium corymbosum) Swamp Forest","""Swamp Forest"" fix (NVC186g)",2025-07-22 07:36:44,"D. Faber-Langendoen"
689044,"Larix laricina - Thuja occidentalis Swamp Forest","""Swamp Forest"" fix (NVC186g)",2025-07-22 07:36:45,"D. Faber-Langendoen"
688456,"Thuja occidentalis - Acer rubrum / Cornus sericea Swamp Forest","""Swamp Forest"" fix (NVC186g)",2025-07-22 07:36:50,"D. Faber-Langendoen"
688437,"Picea rubens - Acer rubrum / Ilex mucronata Swamp Forest","""Swamp Forest"" fix (NVC186g)",2025-07-22 07:36:53,"D. Faber-Langendoen"
686502,"Abies lasiocarpa / Caltha leptosepala ssp. howellii Swamp Forest","""Swamp Forest"" fix (NVC186g)",2025-07-22 07:37:00,"D. Faber-Langendoen"
689272,"Pinus contorta / Calamagrostis canadensis Swamp Forest","""Swamp Forest"" fix (NVC186g)",2025-07-22 07:37:03,"D. Faber-Langendoen"
685058,"Populus tremuloides / Calamagrostis canadensis Riparian Forest","Washington NCCN Wetlands",2021-12-26 11:05:11,"Tynan Ramm-Granberg"
683293,"Thuja plicata / Athyrium filix-femina Swamp Forest","""Swamp Forest"" fix (NVC186g)",2025-07-22 07:37:09,"D. Faber-Langendoen"
683293,"Thuja plicata / Athyrium filix-femina Forest","Washington NCCN Wetlands",2021-12-26 11:05:19,"Tynan Ramm-Granberg"
732586,"Thuja plicata / Carex disperma Swamp Forest","""Swamp Forest"" fix (NVC186g)",2025-07-22 07:37:09,"D. Faber-Langendoen"
687336,"Fraxinus latifolia / Spiraea douglasii Riparian Forest","WA NCCN Uplands & Wetlands",2022-02-07 08:52:19,"T. Ramm-Granberg"
683705,"Picea sitchensis / Cornus sericea / Lysichiton americanus Swamp Forest","""Swamp Forest"" fix (NVC186g)",2025-07-22 07:37:17,"D. Faber-Langendoen"
686922,"Picea sitchensis / Rubus spectabilis / Carex obnupta - Lysichiton americanus Swamp Forest","""Swamp Forest"" fix (NVC186g)",2025-07-22 07:37:18,"D. Faber-Langendoen"
685217,"Picea sitchensis - Tsuga heterophylla / Oplopanax horridus / Lysichiton americanus Swamp Forest","""Swamp Forest"" fix (NVC186g)",2025-07-22 07:37:23,"D. Faber-Langendoen"
687148,"Picea sitchensis / Lysichiton americanus Swamp Forest","""Swamp Forest"" fix (NVC186g)",2025-07-22 07:37:24,"D. Faber-Langendoen"
685219,"Tsuga mertensiana - Callitropsis nootkatensis / Lysichiton americanus - Athyrium filix-femina Swamp Forest","""Swamp Forest"" fix (NVC186g)",2025-07-22 07:37:26,"D. Faber-Langendoen"
683077,"Picea mariana / Alnus incana / Sphagnum spp. Swamp Forest","""Swamp Forest"" fix (NVC186g)",2025-07-22 07:37:11,"D. Faber-Langendoen"
884052,"Other Weed Field Vegetation Cultural Subformation","GET_revisions",2024-01-23 03:28:54,"D. Faber-Langendoen"
884085,"Temperate Developed Open Land Cultural Subgroup","GET Cultural name suffix revisions",2024-01-23 04:58:08,"D. Faber-Langendoen"
884065,"Dry-Season Lawn Cultural Group","GET Cultural name suffix revisions",2024-01-23 04:58:08,"D. Faber-Langendoen"
884078,"Shrub & Herb Garden Cultural Group","GET Cultural name suffix revisions",2024-01-23 04:58:08,"D. Faber-Langendoen"
884050,"Fallow Field Weed Vegetation Cultural Group","GET_revisions",2024-01-23 03:40:39,"D. Faber-Langendoen"
884057,"Tropical & Temperate Rice Crop Cultural Subgroup","GET Cultural name suffix revisions",2024-01-23 04:58:08,"D. Faber-Langendoen"
884000,"Other Agroforestry Plantations Cultural Group","GET_revisions",2024-01-23 03:40:38,"D. Faber-Langendoen"
884004,"Wetland Tree Horticultural Crop Cultural Group","GET Cultural name suffix revisions",2024-01-23 04:58:08,"D. Faber-Langendoen"
884008,"Wetland Shrub Horticultural Crop Cultural Group","GET Cultural name suffix revisions",2024-01-23 04:58:08,"D. Faber-Langendoen"
939247,"Exotic Northern Conifer Plantation Cultural Type","GET Cultural name suffix revisions",2024-01-23 04:58:08,"D. Faber-Langendoen"
884060,"Cool-Season Open Lawn Cultural Subgroup","GET Cultural name suffix revisions",2024-01-23 04:58:08,"D. Faber-Langendoen"
884017,"Cotton Crop Cultural Group","GET Cultural name suffix revisions",2024-01-23 04:58:08,"D. Faber-Langendoen"
884068,"Tropical Lawn Cultural Group","GET Cultural name suffix revisions",2024-01-23 04:58:08,"D. Faber-Langendoen"
884115,"Other Tropical & Temperate Bush Crop Cultural Subgroup","GET Cultural name suffix revisions",2024-01-23 04:58:08,"D. Faber-Langendoen"
939240,"Native Hawaiian Hardwood Plantation Cultural Type","GET Cultural name suffix revisions",2024-01-23 04:58:08,"D. Faber-Langendoen"
884081,"Tree Garden Cultural Group","GET Cultural name suffix revisions",2024-01-23 04:58:08,"D. Faber-Langendoen"
884067,"Dry-Season Wooded Lawn Cultural Subgroup","GET Cultural name suffix revisions",2024-01-23 04:58:08,"D. Faber-Langendoen"
884001,"Tropical Agroforestry Plantation Cultural Subgroup","GET Cultural name suffix revisions",2024-01-23 04:58:08,"D. Faber-Langendoen"
688291,"Artemisia longifolia Badlands Sparse Vegetation","remaining edits for V3.0 release",2025-08-14 05:41:14,"D. Faber-Langendoen"
683426,"Pinus ponderosa - (Populus tremuloides) / Fallugia paradoxa - (Holodiscus dumosus) Lava Bed Sparse Vegetation","remaining edits for V3.0 release",2025-08-14 05:41:16,"D. Faber-Langendoen"
688380,"Inland Freshwater Strand Beach Sparse Vegetation","remaining edits for V3.0 release",2025-08-14 05:41:19,"D. Faber-Langendoen"
684071,"Subarctic Marine Cliff Sparse Vegetation","remaining edits for V3.0 release",2025-08-14 05:41:22,"D. Faber-Langendoen"
687548,"Picea mariana - Picea rubens / Pleurozium schreberi Swamp Forest","Vermont",2020-04-29 01:12:00,"D. Faber-Langendoen"
686343,"<i>Conocarpus erectus - (Laguncularia racemosa) / Cladium mariscus ssp. jamaicense </i>Scrub","",2019-02-27 12:00:00,"D. Faber-Langendoen"
686800,"Rosa nutkana - Festuca idahoensis Grassland","MT-ID-WY USNVC reg'l review follow-up, May 2023",2023-08-02 12:00:00,"MT, ID, WY ecologists, D. Faber-Langendoen"
687364,"<i>Cladium mariscus ssp. jamaicense</i> Marsh","",2019-02-27 12:00:00,"D. Faber-Langendoen"
686520,"<i>Juglans microcarpa / Cladium mariscus ssp. jamaicense</i> Flooded Scrub Woodland","",2019-02-27 12:00:00,"D. Faber-Langendoen"
683386,"<i>Panicum virgatum - Andropogon glomeratus - Cladium mariscus ssp. jamaicense</i> Wet Meadow","",2019-02-27 12:00:00,"D. Faber-Langendoen"
687062,"<i>Panicum hemitomon - (Cladium mariscus ssp. jamaicense, Muhlenbergia filipes)</i> Marsh","",2019-02-27 12:00:00,"D. Faber-Langendoen"
687779,"<i>Arundinaria gigantea</i> Shrub Swamp","",2019-01-16 12:00:00,"D. Faber-Langendoen"
736399,"Cladium mariscoides - Panicum rigidulum var. pubescens Wet Meadow","Northeast review 2020",2020-08-10 08:46:12,"D. Faber-Langendoen"
736405,"<i>Muhlenbergia torreyana - Lobelia canbyi - Rhynchospora alba</i> Savanna","",2019-01-09 12:00:00,"D. Faber-Langendoen"
979533,"<i>Pinus albicaulis - (Tsuga mertensiana) / Luzula glabrata var. hitchcockii</i> Woodland","",2019-04-29 12:00:00,"M. Reid"
737595,"<i>Populus deltoides (ssp. wislizeni, ssp. monilifera) / Forestiera pubescens var. pubescens</i> Flooded Forest","",2019-04-29 12:00:00,"M. Reid"
979549,"<i>Tsuga mertensiana - Abies lasiocarpa / Eucephalus ledophyllus - Lupinus arcticus ssp. subalpinus</i> Woodland","",2019-04-29 12:00:00,"M. Reid"
982694,"<i>Tsuga mertensiana / Luzula glabrata var. hitchcockii</i> Forest","",2019-04-29 12:00:00,"M. Reid"
688052,"Pinus caribaea var. hondurensis Planted Forest","physiognomic nomenclature update",2020-10-27 12:00:00,"D. Faber-Langendoen"
685079,"<i>Juniperus virginiana var. virginiana / Schizachyrium scoparium</i> Wooded Grassland","",2019-02-20 12:00:00,"D. Faber-Langendoen"
900098,"<i>Schizachyrium scoparium - Sorghastrum nutans - Bouteloua curtipendula</i> Central Sand &amp; Gravel Grassland Alliance","",2019-01-31 12:00:00,"D. Faber-Langendoen"
899737,"<i>Alnus</i> spp. - <i>Salix</i> spp. Lakeshore &amp; Depression Shrub Swamp Alliance","",2019-02-05 12:00:00,"D. Faber-Langendoen"
686869,"<i>Cephalanthus occidentalis / Carex</i> spp. Northern Shrub Swamp","",2019-02-05 12:00:00,"D. Faber-Langendoen"
686817,"Quercus alba - Quercus velutina - Quercus stellata / Schizachyrium scoparium - Desmodium spp. Woodland","Appalachians",2020-05-05 11:44:58,"D. Faber-Langendoen"
688864,"Pinus (virginiana, taeda) / Juniperus virginiana - Chionanthus virginicus - Ulmus alata Granitic Flatrock Border Forest","Appalachians",2020-05-05 11:45:04,"D. Faber-Langendoen"
687547,"<i>Dasiphora fruticosa ssp. floribunda / Carex lasiocarpa / Campylium stellatum</i> Fen","",2019-02-21 12:00:00,"D. Faber-Langendoen"
683271,"<i>Juniperus virginiana var. virginiana - Pinus taeda - Quercus sinuata var. sinuata</i> Woodland","",2019-02-20 12:00:00,"D. Faber-Langendoen"
683173,"<i>Juniperus virginiana var. virginiana - Ulmus alata / Schizachyrium scoparium</i> Woodland","",2019-02-20 12:00:00,"D. Faber-Langendoen"
689256,"<i>Juniperus virginiana var. virginiana / Morella pensylvanica</i> Woodland","",2019-02-20 12:00:00,"D. Faber-Langendoen"
899462,"<i>Minuartia obtusiloba - Lupinus sellulus var. lobbii</i> Cascade Alpine Fell-field Alliance","",2019-04-29 12:00:00,"M. Reid"
899630,"<i>Pinus edulis - Juniperus osteosperma</i> / Herbaceous Understory Open Woodland Alliance","",2019-01-09 12:00:00,"D. Faber-Langendoen"
687029,"Thuja plicata / Gymnocarpium dryopteris Forest","Washington NCCN Wetlands",2021-12-26 11:04:28,"Tynan Ramm-Granberg"
683195,"Abies lasiocarpa - Picea engelmannii / Mertensia ciliata Swamp Forest","Washington NCCN Wetlands",2021-12-26 11:04:48,"Tynan Ramm-Granberg"
683614,"Carex scopulorum var. bracteosa - Pedicularis groenlandica Wet Meadow","Washington NCCN Wetlands",2021-12-26 11:05:36,"Tynan Ramm-Granberg"
835793,"Populus tremuloides Rocky Mountain Forest & Woodland Group","Interior West Group & Alliance review",2022-04-12 12:19:08,"J. Triepke"
1159133,"Dasiphora fruticosa - Carex flava Alkaline Shrub Fen Alliance","Appalachians, Piedmont review, part 2",2020-12-09 12:37:55,"D. Faber-Langendoen"
688412,"Cornus foemina / Berchemia scandens Wet Scrub","Appalachians, Piedmont review, part 2",2020-12-09 12:38:29,"D. Faber-Langendoen"
686925,"Picea mariana / Chamaedaphne calyculata / Sphagnum spp. Open Bog Woodland","Peer review project",2021-04-29 10:26:31,""
686898,"Picea mariana / Ledum groenlandicum / Carex trisperma / Sphagnum spp. Open Bog Woodland","Peer review project",2021-04-29 10:26:31,""
1146922,"Cladium mariscoides - Rhynchospora capillacea - Solidago ohioensis Shore Fen Alliance","Peer review project. (Note: accepted PLANTS name is <i>Oligoneuron ohioense</i>, not <i>Solidago ohioensis</i>.)",2021-04-29 12:00:00,""
1159085,"Alnus incana / Spartina pectinata - Deschampsia cespitosa Floodplain Vegetation","NVC143 & 128 skeletal edits",2021-07-21 09:41:08,""
899086,"Calamovilfa longifolia - Andropogon hallii - Hesperostipa comata Sand Prairie Alliance","Further grasslands revisions for AB, SK, MB",2024-04-05 06:03:15,"A Wells, M Tremblay, L Pyle, D Downing, DFL"
899086,"Calamovilfa longifolia - Andropogon hallii Sand Prairie Alliance","CNVC Prairie Provinces rangelands-grasslands review",2023-03-27 02:57:23,"Tremblay, M., L. Pyle, D. Downing, D. Faber-Langendoen"
683797,"Artemisia cana ssp. cana / Calamovilfa longifolia Shrub Wet Meadow","CNVC AB-SK-MB rangelands & MT regional USNVC reviews",2023-03-27 04:48:46,"Cooper, S. et al; Tremblay, Pyle, Downing, DFL"
683570,"Artemisia cana ssp. cana / Hesperostipa comata Shrub Wet Meadow","CNVC AB-SK-MB rangelands & MT regional USNVC reviews",2023-03-27 04:48:49,"Cooper, S. et al; Tremblay, Pyle, Downing, DFL"
685837,"Artemisia cana ssp. cana / Pascopyrum smithii Shrub Wet Meadow","CNVC AB-SK-MB rangelands & MT regional USNVC reviews",2023-03-27 04:48:51,"Cooper, S. et al; Tremblay, Pyle, Downing, DFL"
899149,"Artemisia tripartita ssp. tripartita - Artemisia tridentata Shrub Steppe Alliance","CNVC AB-SK-MB rangelands & MT regional USNVC reviews",2023-03-27 04:49:03,"Cooper, S. et al; Tremblay, Pyle, Downing, DFL"
685122,"Populus deltoides (ssp. wislizeni, ssp. monilifera) / Pascopyrum smithii Riparian Woodland","California updates",2022-06-22 12:00:00,"J. Evens, R. Boul, D. Faber-Langendoen"
683948,"Ceratiola ericoides - (Chrysoma pauciflosculosa) / Polygonella polygama / Cladonia leporina Shrubland","Southeast US reg'l review of USNVC, April 2023",2023-05-11 02:40:34,"D. Faber-Langendoen"
899748,"Inland Mud Lakeshore Alliance","Southeast US reg'l review of USNVC, April 2023",2023-05-11 02:41:32,"D. Faber-Langendoen"
684212,"Quercus wislizeni - Quercus chrysolepis Woodland","Marin & San Mateo Counties CNPS USNVC review",2023-04-05 05:27:21,"Evens, J., Boul, R., McIntyre, P."
684971,"Alnus rubra / Salix lasiolepis Riparian Forest","Marin & San Mateo Counties CNPS USNVC review",2023-04-05 05:27:39,"Evens, J., Boul, R., McIntyre, P."
688819,"Arctostaphylos tomentosa ssp. tomentosa Shrubland","Marin & San Mateo Counties CNPS USNVC review",2023-04-05 05:27:57,"Evens, J., Boul, R., McIntyre, P."
688627,"Baccharis pilularis - Frangula californica - Rubus parviflorus Shrubland","Marin & San Mateo Counties CNPS USNVC review",2023-04-05 05:28:02,"Evens, J., Boul, R., McIntyre, P."
688259,"Picea mariana / Ledum groenlandicum - Empetrum nigrum / Cladonia spp. Dwarf-shrubland","Northeast review, part 2",2020-12-16 06:38:26,"D. Faber-Langendoen"
1146920,"Chamaedaphne calyculata - Myrica gale / Carex lasiocarpa Shore Fen Alliance","Northeast review, part 2",2020-12-16 06:39:48,"D. Faber-Langendoen"
687038,"<i>Dasiphora fruticosa ssp. floribunda / Carex interior - Carex flava - Sarracenia purpurea</i> Fen","",2019-02-21 12:00:00,"D. Faber-Langendoen"
899519,"Pseudotsuga menziesii - Pinus ponderosa / Herbaceous Understory Central Rocky Mountain Woodland Alliance","Washington updates",2022-08-08 11:04:32,"T. Ramm-Granberg & D. Faber-Langendoen"
899641,"Abies grandis - Pseudotsuga menziesii Mesic Cascadian Forest Alliance","Washington updates",2022-08-08 11:04:37,"T. Ramm-Granberg & D. Faber-Langendoen"
899791,"Festuca rubra - Calamagrostis nutkaensis Exposed Coastal Headland Grassland Alliance","Washington updates",2022-08-08 11:05:38,"T. Ramm-Granberg & D. Faber-Langendoen"
899069,"Hudsonia tomentosa Dune Dwarf-shrubland Alliance","CT & RI review",2022-08-09 12:04:14,"J. Lundgren, K. Metzler, D. Faber-Langendoen"
687125,"Pistia stratiotes Invasive Aquatic Vegetation","Fixed name by replacing ""Invasive"" with ""Ruderal"".",2021-08-18 01:18:43,"D. Faber-Langendoen"
899549,"Juniperus scopulorum - Juniperus osteosperma / Shrub Understory Rocky Mountain Woodland Alliance","Southwest regional peer review (NM, AZ, CO, UT, NV)",2023-02-17 02:47:21,"E. Muldavin et al."
899547,"Pinus flexilis / Shrub Understory Central Rocky Mountain Woodland Alliance","Southwest regional peer review (NM, AZ, CO, UT, NV)",2023-02-17 02:47:23,"E. Muldavin et al."
899813,"Picea pungens Riparian Forest Alliance","Southwest regional peer review (NM, AZ, CO, UT, NV)",2023-02-17 02:47:34,"E. Muldavin et al."
1238807,"Typha angustifolia Western Marsh","Southwest regional peer review (NM, AZ, CO, UT, NV)",2023-02-17 02:47:52,"E. Muldavin et al."
899952,"Lilaeopsis occidentalis Freshwater Tidal Mudflat Alliance","USNVC California review",2023-02-20 06:56:13,"Evens, J., R. Boul, D. Faber-Langendoen"
899472,"Quercus douglasii - Pinus sabiniana Woodland Alliance","California updates",2022-06-22 12:00:00,"J. Evens, R. Boul, D. Faber-Langendoen"
899459,"Dryas drummondii - Dryas integrifolia Alpine Dwarf-shrubland Alliance","",2025-04-11 07:19:43,"D.Faber-Langendoen"
837149,"<i>Pontederia cordata - Panicum hemitomon</i> River &amp; Basin Freshwater Marsh Group","",2019-01-08 12:00:00,"D. Faber-Langendoen"
683851,"Populus tremuloides - Quercus macrocarpa - Salix spp. / Andropogon gerardii Shrubland","",2025-05-04 04:38:49,"D.Faber-Langendoen"
1275198,"Prunus virginiana - Symphoricarpos occidentalis Northern Plains Shrubland Alliance","",2025-05-04 04:38:58,"D.Faber-Langendoen"
1309263,"Juniperus horizontalis - Arctostaphylos uva-ursi / Calamovilfa longifolia Sand Grassland Alliance","",2025-05-04 04:39:09,"D.Faber-Langendoen"
899113,"Distichlis spicata Alkaline Wet Meadow Alliance","",2025-05-05 08:38:31,"D.Faber-Langendoen"
899592,"Selaginella rupestris Appalachian Basic Clubmoss Alliance","USNVC VA clean-up",2023-12-22 03:04:25,"K. Pattersons, D. Faber-Langendoen"
689954,"Uniola paniculata - (Panicum amarum) - Croton punctatus Grassland","Southeast, Texarkana USNVC reg'l review, June 2023",2023-06-24 08:56:11,"Southeast + TX ecologists, D. Faber-Langendoen"
860335,"Bursera simaruba - Enterolobium cyclocarpum - Ceiba aesculifolia Dry Forest & Woodland Division","Nomenclature fix (NVC186g)",2025-07-22 04:53:07,"D. Faber-Langendoen"
860388,"Pinus palustris - Quercus hemisphaerica - Magnolia grandiflora Forest & Woodland Division","Nomenclature fix (NVC186g)",2025-07-22 04:53:08,"D. Faber-Langendoen"
899357,"Albizia julibrissin - Broussonetia papyrifera - Triadica sebifera Ruderal Forest Alliance","IVC clean-up Dec 2023-Jan 2024",2024-02-23 08:32:26,"D. Faber-Langendoen, P. McIntyre, C. Nordman"
899256,"Pinus cembroides - Pinus discolor - Pinus edulis / Shrub Understory Woodland Alliance","Nomenclature fix (NVC186g)",2025-07-22 04:53:10,"D. Faber-Langendoen"
931836,"Central Midwest Mesic Forest Macrogroup","Nomenclature fix (NVC186g)",2025-07-22 04:53:11,"D. Faber-Langendoen"
1285410,"Quercus alba - Pinus echinata - Quercus stellata Woodland Group","Nomenclature fix (NVC186g)",2025-07-22 04:53:13,"D. Faber-Langendoen"
899374,"Populus tremuloides - Quercus macrocarpa / Corylus spp. Woodland Alliance","",2024-06-21 04:41:55,"D.Faber-Langendoen"
899629,"Pinus edulis - Juniperus osteosperma / Shrub Understory Foothill & Lower Montane Dry-Mesic Woodland Alliance","Nomenclature fix (NVC186g)",2025-07-22 04:53:14,"D. Faber-Langendoen"
838618,"Pinus ponderosa - Pseudotsuga menziesii - Abies concolor Forest & Woodland Macrogroup","Nomenclature fix (NVC186g)",2025-07-22 04:53:15,"D. Faber-Langendoen"
836554,"Abies grandis - Pseudotsuga menziesii - Larix occidentalis Central Rocky Mountain Forest Group","Interior West Group &amp; Alliance review",2022-04-12 12:00:00,"J. Triepke"
877291,"Pinus ponderosa var. ponderosa - Pseudotsuga menziesii - Pinus flexilis Central Rocky Mountain Dry Forest Macrogroup","Interior West Group & Alliance review",2022-04-12 12:18:29,"J. Triepke"
932906,"Southern Vancouverian Dry Foothill Forest & Woodland Macrogroup","USNVC 3.0 pre-release edits",2025-06-23 07:34:59,"D. Faber-Langendoen"
835949,"Abies magnifica - Tsuga mertensiana - Pinus contorta var. murrayana Forest Macrogroup","Nomenclature fix (NVC186g)",2025-07-22 04:53:16,"D. Faber-Langendoen"
1225592,"Pinus flexilis Rocky Mountain Subalpine-Montane Woodland Group","MT-ID-WY regional review of USNVC, March 2023",2023-04-12 12:00:00,"Cooper,S., others, D. Faber-Langendoen"
860848,"Populus tremuloides Alaskan Boreal Dry Forest Group","Nomenclature fix (NVC186g)",2025-07-22 04:53:19,"D. Faber-Langendoen"
860637,"Polynesian Ruderal Cliff, Scree & Rock Vegetation Macrogroup","USNVC 3.0 pre-release edits",2025-06-23 07:35:10,"D. Faber-Langendoen"
860546,"Nassella pulchra - Brodiaea elegans - Plagiobothrys nothofulvus Native Grassland Macrogroup","Nomenclature fix (NVC186g)",2025-07-22 04:53:20,"D. Faber-Langendoen"
1285402,"Serenoa repens - Quercus myrtifolia / Aristida beyrichiana Scrub & Grassland Division","Nomenclature fix (NVC186g)",2025-07-22 04:53:21,"D. Faber-Langendoen"
1285408,"Schizachyrium scoparium - Liatris microcephala - Sporobolus neglectus Grassland Macrogroup","Nomenclature fix (NVC186g)",2025-07-22 04:53:22,"D. Faber-Langendoen"
835984,"Schizachyrium scoparium - Bouteloua curtipendula - Stenaria nigricans Central Glade & Barrens Group","Nomenclature fix (NVC186g)",2025-07-22 04:53:22,"D. Faber-Langendoen"
1285584,"Festuca idahoensis - Festuca viridula - Muhlenbergia montana Grassland & Meadow Macrogroup","Nomenclature fix (NVC186g)",2025-07-22 04:53:23,"D. Faber-Langendoen"
860511,"Southern Vancouverian Lowland Grassland & Shrubland Macrogroup","USNVC 3.0 pre-release edits",2025-06-23 07:35:20,"D. Faber-Langendoen"
860595,"North Pacific Coastal Lowland-Montane Grassland & Shrubland Macrogroup","Nomenclature fix (NVC186g)",2025-07-22 04:53:24,"D. Faber-Langendoen"
1270115,"North American Boreal Shrubland & Grassland Macrogroup","Nomenclature fix (NVC186g)",2025-07-22 04:53:27,"D. Faber-Langendoen"
849149,"Pinus monticola / Arctostaphylos nevadensis Sierran-North Pacific Cliff, Scree & Rock Outcrop Group","Nomenclature fix (NVC186g)",2025-07-22 04:53:28,"D. Faber-Langendoen"
857406,"Atriplex spp. - Cercocarpus spp. - Ephedra spp. Intermountain Basins Sparse Vegetation Group","Nomenclature fix (NVC186g)",2025-07-22 04:53:29,"D. Faber-Langendoen"
860755,"Great Basin-Intermountain Ruderal Dry Shrubland & Grassland Group","USNVC 3.0 pre-release edits",2025-06-23 07:36:20,"D. Faber-Langendoen"
860504,"Larrea tridentata - Flourensia cernua - Prosopis spp. Chihuahuan Desert Scrub Macrogroup","Nomenclature fix (NVC186g)",2025-07-22 04:53:30,"D. Faber-Langendoen"
899366,"Artemisia filifolia / Andropogon hallii - Bouteloua breviseta Gypsum Dune Scrub Grassland Alliance","Nomenclature fix (NVC186g)",2025-07-22 04:53:31,"D. Faber-Langendoen"
837734,"Pleuraphis mutica - Sporobolus airoides - Panicum obtusum Semi-Desert Lowland Grassland Group","Nomenclature fix (NVC186g)",2025-07-22 04:53:31,"D. Faber-Langendoen"
860585,"Carnegiea gigantea - Stenocereus thurberi - Ambrosia dumosa Mojave-Sonoran Semi-Desert Scrub Macrogroup","Nomenclature fix (NVC186g)",2025-07-22 04:53:32,"D. Faber-Langendoen"
856731,"Agave shawii - Fouquieria columnaris - Yucca valida / Dudleya spp. Coastal Succulent Scrub Group","Nomenclature fix (NVC186g)",2025-07-22 04:53:32,"D. Faber-Langendoen"
860456,"North American Warm-Desert Xeric-Riparian Scrub Macrogroup","Nomenclature fix (NVC186g)",2025-07-22 04:53:33,"D. Faber-Langendoen"
879242,"Prosopis glandulosa / Bromus rubens - Eragrostis lehmanniana Desert Ruderal Scrub & Grassland Macrogroup","Nomenclature fix (NVC186g)",2025-07-22 04:53:33,"D. Faber-Langendoen"
953927,"Prosopis glandulosa - Prosopis velutina Warm Desert Ruderal Scrub Group","Nomenclature fix (NVC186g)",2025-07-22 04:53:33,"D. Faber-Langendoen"
860541,"Dryas octopetala - Carex elynoides - Silene acaulis Alpine Tundra Macrogroup","Nomenclature fix (NVC186g)",2025-07-22 04:53:33,"D. Faber-Langendoen"
889361,"Triadica sebifera - Melaleuca quinquenervia - Schinus terebinthifolius Flooded & Swamp Forest Group","USNVC 3.0 pre-release edits",2025-06-23 07:36:21,"D. Faber-Langendoen"
860591,"Interior Warm & Cool Desert Riparian Forest Macrogroup","USNVC 3.0 pre-release edits",2025-06-23 07:36:23,"D. Faber-Langendoen"
933578,"Salix interior / Juncus spp. - Eupatorium perfoliatum Wet Meadow & Shrubland Division","Nomenclature fix (NVC186g)",2025-07-22 04:53:37,"D. Faber-Langendoen"
899529,"Panicum rigidulum - Polygonum hydropiperoides - Polygonum punctatum Southeastern Sandbar Alliance","Nomenclature fix (NVC186g)",2025-07-22 04:53:38,"D. Faber-Langendoen"
860542,"Spartina pectinata - Typha spp. - Schoenoplectus spp. Great Plains Marsh, Wet Meadow, Shrubland & Playa Macrogroup","Nomenclature fix (NVC186g)",2025-07-22 04:53:38,"D. Faber-Langendoen"
860387,"Prosopis glandulosa / Typha domingensis - Schoenoplectus pungens Southwestern North American Warm Desert Freshwater Marsh & Bosque Division","Nomenclature fix (NVC186g)",2025-07-22 04:53:38,"D. Faber-Langendoen"
860350,"Alnus viridis ssp. sinuata - Salix boothii / Carex spp. Western North American Freshwater Marsh, Wet Meadow & Shrubland Division","Nomenclature fix (NVC186g)",2025-07-22 04:53:39,"D. Faber-Langendoen"
860581,"Callitriche marginata - Downingia elegans - Eryngium aristulatum Western North American Vernal Pool Macrogroup","Nomenclature fix (NVC186g)",2025-07-22 04:53:39,"D. Faber-Langendoen"
857252,"Californian Vernal Pool Group","Nomenclature fix (NVC186g)",2025-07-22 04:53:39,"D. Faber-Langendoen"
860697,"Vancouverian Lowland Marsh, Wet Meadow & Shrubland Macrogroup","USNVC 3.0 pre-release edits",2025-06-23 07:36:39,"D. Faber-Langendoen"
893248,"Arctophila fulva - Carex aquatilis - Eriophorum angustifolium Arctic Marsh, Wet Meadow & Shrubland Macrogroup","Nomenclature fix (NVC186g)",2025-07-22 04:53:41,"D. Faber-Langendoen"
1283074,"Great Plains Saline Wet Meadow & Marsh Group","Nomenclature fix (NVC186g)",2025-07-22 04:53:41,"D. Faber-Langendoen"
860331,"Sarcobatus vermiculatus - Allenrolfea occidentalis - Schoenoplectus americanus North American Interior Brackish Marsh, Playa & Shrubland Division","Nomenclature fix (NVC186g)",2025-07-22 04:53:42,"D. Faber-Langendoen"
1299043,"North Pacific Bog & Acidic Fen Macrogroup","Nomenclature fix (NVC186g)",2025-07-22 04:53:42,"D. Faber-Langendoen"
860683,"Lyonia lucida - Ilex glabra - Cyrilla racemiflora Bog & Fen Macrogroup","Nomenclature fix (NVC186g)",2025-07-22 04:53:42,"D. Faber-Langendoen"
856702,"Carex myosuroides - Carex buxbaumii Rocky Mountain Fen Group","USNVC 3.0 pre-release edits",2025-06-23 07:36:47,"D. Faber-Langendoen"
1159179,"Stuckenia pectinata - Zannichellia palustris - Ceratophyllum demersum Northern Freshwater Subtidal Marsh Alliance","Nomenclature fix (NVC186g)",2025-07-22 04:53:44,"D. Faber-Langendoen"
1269138,"Acrostichum aureum - Acrostichum danaeifolium Tidal Salt Marsh Alliance","Nomenclature fix (NVC186g)",2025-07-22 04:53:45,"D. Faber-Langendoen"
861675,"Puccinellia phryganodes - Carex glareosa - Carex subspathacea Salt Marsh Division","Nomenclature fix (NVC186g)",2025-07-22 04:53:46,"D. Faber-Langendoen"
837022,"Scaevola plumieri - Suriana maritima - Ipomoea pes-caprae Caribbean Coastal Beach & Dune Group","Nomenclature fix (NVC186g)",2025-07-22 04:53:46,"D. Faber-Langendoen"
687333,"<i>Pinus albicaulis - Pinus contorta var. latifolia / Penstemon laetus</i> Forest","",2019-02-28 12:00:00,"D. Faber-Langendoen"
687074,"<i>Quercus virginiana - (Pinus elliottii var. elliottii, Sabal palmetto) / Persea borbonia - Callicarpa americana</i> Forest","",2019-02-28 12:00:00,"D. Faber-Langendoen"
688136,"<i>Pinus elliottii var. elliottii</i> Forest Plantation","",2019-02-28 12:00:00,"D. Faber-Langendoen"
1285404,"Southeastern North American Grassland Division","Division extends north into Canada (M555 Eastern Ruderal Grassland & Shrubland).",2024-04-15 12:00:00,"D. Faber-Langendoen"
899092,"Panicum obtusum Wet Meadow Alliance","",2024-06-21 04:42:21,"D.Faber-Langendoen"
1151269,"Pinus pungens - Pinus virginiana - Pinus rigida Woodland & Barrens Group","",2024-06-21 04:43:27,"D.Faber-Langendoen"
833282,"Quercus alba - Quercus falcata - Quercus nigra Forest Group","",2024-06-21 04:43:29,"D.Faber-Langendoen"
798288,"Cornus (amomum, sericea) - Viburnum dentatum - Rosa multiflora Ruderal Shrub Swamp","Northeast review, part 2",2020-12-16 12:00:00,"D. Faber-Langendoen"
948485,"Dasiphora fruticosa - Carex lasiocarpa Eastern Boreal Alkaline Fen Group","USNVC 3.0 pre-release edits",2025-06-17 07:12:00,"D. Faber-Langendoen"
948499,"North-Central Interior & Appalachian Alkaline Fen Group","USNVC 3.0 pre-release edits",2025-06-17 07:12:02,"D. Faber-Langendoen"
1299028,"Pacific Coast Rainforest Division","GET_revisions",2024-01-23 03:28:08,"D. Faber-Langendoen"
1270960,"Dry Mixed Conifer - Dwarf Shrub Forest & Woodland Alliance","MT-ID-WY regional review of USNVC, March 2023",2023-04-12 05:27:56,"Cooper,S., others, D. Faber-Langendoen"
1279630,"Psidium guajava - Lantana camara - Pennisetum Shrubland & Grassland Alliance","USNVC 3.0 pre-release edits",2025-06-23 07:35:09,"D. Faber-Langendoen"
1302505,"Schizachyrium scoparium - Sorghastrum nutans - Dalea spp. - Silphium spp. Dry Prairie Alliance","USNVC 3.0 pre-release edits",2025-06-23 07:35:16,"D. Faber-Langendoen"
1302654,"Eastern Native Ruderal Grassland Alliance","",2025-03-05 02:14:56,"D.Faber-Langendoen"
1222773,"Niphotrichum canescens - (Penstemon davidsonii) Nonvascular Rock Vegetation","USNVC 3.0 pre-release edits",2025-06-23 07:35:21,"D. Faber-Langendoen"
1127118,"Northern Plains Low Shrub Grassland Alliance","USNVC 3.0 pre-release edits",2025-06-23 07:35:22,"D. Faber-Langendoen"
959855,"Great Plains Comanchian Ruderal Shrubland Alliance","USNVC 3.0 pre-release edits",2025-06-23 07:35:23,"D. Faber-Langendoen"
900003,"Prosopis glandulosa Shortgrass Prairie Ruderal Scrub Alliance","ambiguous edits in Great Plants review resolved to ""Prosopis glandulosa Ruderal Scrub Alliance""",2019-11-25 12:00:00,"Don Faber-Langendoen"
878628,"Southern Appalachian Acidic Cliff & Talus Alliance","USNVC 3.0 pre-release edits",2025-06-23 07:35:29,"D. Faber-Langendoen"
878639,"Pellaea atropurpurea - Cystopteris bulbifera Appalachian Circumneutral Cliff Alliance","New Hampshire EIA work & associated NVC refinements",2022-10-17 08:12:41,"W. Nichols, D Faber-Langendoen"
900045,"Southern Appalachian Mafic - Circumneutral Cliff Alliance","USNVC 3.0 pre-release edits",2025-06-23 07:35:34,"D. Faber-Langendoen"
686685,"Adiantum capillus-veneris Cahaba River Bluff Cliff Vegetation","USNVC 3.0 pre-release edits",2025-06-23 07:35:37,"D. Faber-Langendoen"
688038,"Heuchera parviflora var. parviflora - Trichomanes boschianum - Thalictrum mirabile - (Ageratina luciae-brauniae, Solidago albopilosa) Cliff Vegetation","USNVC 3.0 pre-release edits",2025-06-23 07:35:38,"D. Faber-Langendoen"
688837,"Laurentian-Northeast Eroding Bluff Sparse Vegetation","USNVC 3.0 pre-release edits",2025-06-23 07:35:46,"D. Faber-Langendoen"
683257,"Eastern Boreal & Laurentian Basalt - Diabase Dry & Moist Acidic Talus Vegetation","Northeast review, part 2c",2020-12-22 09:49:02,"D. Faber-Langendoen"
785183,"Holodiscus dumosus Rock Outcrop Sparse Vegetation","USNVC 3.0 pre-release edits",2025-06-23 07:36:16,"D. Faber-Langendoen"
728744,"Phacelia hastata - (Penstemon ellipticus) Sparse Vegetation","USNVC 3.0 pre-release edits",2025-06-23 07:36:17,"D. Faber-Langendoen"
684445,"Igneous - Metamorphic Black Hills Butte Sparse Vegetation","USNVC 3.0 pre-release edits",2025-06-23 07:36:17,"D. Faber-Langendoen"
849141,"North Vancouverian Montane Bedrock, Cliff & Talus Vegetation Group","USNVC 3.0 pre-release edits",2025-06-23 07:36:18,"D. Faber-Langendoen"
949976,"Caribbean Ruderal Freshwater Wet Meadow & Marsh Group","USNVC 3.0 pre-release edits",2025-06-23 07:36:25,"D. Faber-Langendoen"
684119,"Osmunda regalis var. spectabilis Seepage Riverbed Vegetation","USNVC 3.0 pre-release edits",2025-06-23 07:36:33,"D. Faber-Langendoen"
899135,"Bolboschoenus robustus - Bolboschoenus maritimus - Atriplex patula Inland Saline Marsh Alliance","USNVC 3.0 pre-release edits",2025-06-23 07:36:43,"D. Faber-Langendoen"
860710,"Warm & Cool Desert Alkali-Saline Marsh, Playa & Shrubland Macrogroup","USNVC 3.0 pre-release edits",2025-06-23 07:36:44,"D. Faber-Langendoen"
1315493,"Salix farriae - Betula glandulosa - Eleocharis quinqueflora Intermediate Fen Alliance","USNVC 3.0 pre-release edits",2025-06-23 07:36:48,"D. Faber-Langendoen"
1302628,"North American Freshwater Coastal Dune & Grassland Macrogroup","USNVC 3.0 pre-release edits",2025-06-23 07:36:56,"D. Faber-Langendoen"
857654,"Eurhynchium sp. - Saxifraga sp. - Xanthoria sp. Coastal Cliff & Bluff Group","",2025-03-05 02:21:02,"D.Faber-Langendoen"
860418,"Central & Southern Polynesian Scrub & Herb Coastal Vegetation Macrogroup","USNVC 3.0 pre-release edits",2025-06-23 07:37:03,"D. Faber-Langendoen"
1162842,"Micronesian Coastal Herbaceous Vegetation Group","USNVC 3.0 pre-release edits",2025-06-23 07:37:03,"D. Faber-Langendoen"
860439,"Polynesian Ruderal Scrub & Herb Coastal Strand Macrogroup","USNVC 3.0 pre-release edits",2025-06-23 07:37:03,"D. Faber-Langendoen"
894262,"Hippuris vulgaris - Mixed Boreal Aquatic Vegetation Macrogroup","Nomenclature fix (NVC186g)",2025-07-22 04:53:44,"D. Faber-Langendoen"
683523,"Urochloa maxima Lowland Dry Ruderal Herbaceous Vegetation","",2025-10-09 08:19:10,"D.Faber-Langendoen"
688271,"Sarcobatus vermiculatus / Invasive Species Wet Shrubland","Clarify in name that this is a ruderal type.",2026-03-18 07:21:29,"D.Faber-Langendoen"
686933,"Brunnichia ovata Ruderal Wet Vine-Shrubland","",2026-03-20 02:55:04,"D. Faber-Langendoen"
1269126,"Populus tremuloides - Betula papyrifera / Festuca hallii Woodland Alliance","CNVC Grasslands revisions, March 2023",2024-02-23 08:18:08,"M. Tremblay, D. Downing, L. Pyle et al."
683308,"Carex interior - Hypericum anagalloides Wet Meadow","",2024-10-29 03:20:18,"D.Faber-Langendoen"
689506,"Carex exsiccata Wet Meadow","",2024-10-29 03:20:25,"D.Faber-Langendoen"
979445,"Picea sitchensis - (Alnus rubra) / Rubus spectabilis / Polystichum munitum Forest","",2024-10-29 03:20:38,"D.Faber-Langendoen"
685719,"Pinus ponderosa / Calamagrostis rubescens Forest","MT-ID-WY regional review of USNVC, March 2023",2023-04-12 05:28:01,"Cooper,S., others, D. Faber-Langendoen"
899587,"Pinus ponderosa Dry-Mesic Black Hills Forest & Woodland Alliance","MT-ID-WY regional review of USNVC, March 2023",2023-04-12 05:28:09,"Cooper,S., others, D. Faber-Langendoen"
902500,"Populus tremuloides Southern Rocky Mountain Woodland & Scrub Alliance","MT-ID-WY regional review of USNVC, March 2023",2023-04-12 05:28:21,"Cooper,S., others, D. Faber-Langendoen"
857460,"Pinus flexilis Rocky Mountain Woodland Alliance","MT-ID-WY regional review of USNVC, March 2023",2023-04-12 05:28:27,"Cooper,S., others, D. Faber-Langendoen"
1225205,"Carex utriculata - Calamagrostis canadensis Basin Marsh & Wet Meadow Alliance","MT-ID-WY USNVC reg'l review follow-up, May 2023",2023-08-02 03:56:13,"MT, ID, WY ecologists, D. Faber-Langendoen"
684395,"Artemisia tridentata / Elymus elymoides Shrubland","MT-ID-WY USNVC reg'l review follow-up, May 2023",2023-08-02 03:57:35,"MT, ID, WY ecologists, D. Faber-Langendoen"
683362,"Bouteloua dactyloides Ruderal Grassland","Texas USNVC reg'l review follow-up, May 2023",2023-08-14 06:22:57,"J. Singhurst, TX ecologists, D. Faber-Langendoen"
1298945,"Temperate Forest & Woodland Subbiome","Added ""Warm"" to distinguish from new subbiome TT2.b Cool Temperate Forest & Woodland (GET_revisions2).",2024-12-06 12:00:00,"D. Faber-Langendoen"
1299012,"Coastal Freshwater Shore & Dune Formation","Formation to Ecobiome",2025-02-14 07:15:03,"D. Faber-Langendoen"
1270938,"Pinus arizonica - Pinus engelmannii - (Pinus ponderosa) Forest Alliance","",2025-03-05 02:13:11,"D.Faber-Langendoen"
1085061,"Pinus edulis - Juniperus osteosperma Woodland Group","",2025-03-05 02:13:49,"D.Faber-Langendoen"
785372,"Juniperus osteosperma / Hesperostipa comata Open Woodland","",2025-03-05 02:14:04,"D.Faber-Langendoen"
1042060,"Arctic Nonacidic Dryas Dwarf-shrub Tundra Alliance","",2025-03-05 02:17:50,"D.Faber-Langendoen"
687040,"Quercus (margarettae, stellata) - Quercus marilandica / Crataegus flava / Schizachyrium scoparium Woodland","KY + TN Southeast USNVC reg'l review follow-up, May 2023",2023-08-25 12:24:20,"C. Elam, KY ecologists, D. Faber-Langendoen"
1233788,"Quercus stellata - Carya texana / Andropogon gerardii Open Woodland Alliance","KY + TN Southeast USNVC reg'l review follow-up, May 2023",2023-08-25 12:25:07,"C. Elam, KY ecologists, D. Faber-Langendoen"
888625,"Pennisetum purpureum Pacific Ruderal Herbaceous Vegetation","USNVC prelim review Aug 2023",2023-08-29 06:19:10,"D. Faber-Langendoen"
689107,"Eragrostis atropioides Subalpine Dry Herbaceous Vegetation","USNVC prelim review Aug 2023",2023-08-29 06:19:25,"D. Faber-Langendoen"
687427,"Fimbristylis spp. Coastal Dry Herbaceous Vegetation","USNVC prelim review Aug 2023",2023-08-29 06:19:49,"D. Faber-Langendoen"
686537,"Lepturus repens Herbaceous Vegetation","USNVC prelim review Aug 2023",2023-08-29 06:20:04,"D. Faber-Langendoen"
1277734,"Cotula coronopifolia Wet Meadow","USNVC prelim review Aug 2023",2023-08-29 06:20:36,"D. Faber-Langendoen"
685202,"Saxifraga michauxii - Cheilanthes lanosa - Hylotelephium telephioides Grassland","USNVC NC revisions",2023-10-18 06:18:39,"M. Schafale, D. Faber-Langendoen"
684226,"Juncus effusus - Chelone glabra - Scirpus spp. Southern Blue Ridge Beaver Pond Ruderal Marsh","USNVC NC revisions",2023-10-18 12:00:00,"M. Schafale, D. Faber-Langendoen"
1298988,"Oceanic Cool Temperate Heathland Formation","Formation to Ecobiome",2025-02-14 07:15:03,"D. Faber-Langendoen"
1299000,"Sown Pasture & Field Formation","Formation to Ecobiome",2025-02-14 07:15:03,"D. Faber-Langendoen"
1299007,"Episodic Arid Floodplain Formation","Formation to Ecobiome",2025-02-14 07:15:03,"D. Faber-Langendoen"
939243,"Native Northern Spruce-Fir Plantation Cultural Type","GET Cultural name suffix revisions",2024-01-23 04:58:08,"D. Faber-Langendoen"
939237,"Exotic Caribbean Hardwood Plantation Cultural Type","GET Cultural name suffix revisions",2024-01-23 04:58:08,"D. Faber-Langendoen"
860353,"Polynesian Flooded & Swamp Forest Division","""Swamp Forest"" fix (NVC186g)",2025-07-22 07:34:46,"D. Faber-Langendoen"
833074,"Annona glabra / Chrysobalanus icaco Swamp Forest Group","""Swamp Forest"" fix (NVC186g)",2025-07-22 07:35:06,"D. Faber-Langendoen"
860812,"Micronesian Lowland Swamp Forest Group","""Swamp Forest"" fix (NVC186g)",2025-07-22 07:35:07,"D. Faber-Langendoen"
860856,"Aleurites moluccanus - Hibiscus tiliaceus Ruderal Flooded & Swamp Forest Group","""Swamp Forest"" fix (NVC186g)",2025-07-22 07:35:08,"D. Faber-Langendoen"
1041526,"Tsuga heterophylla - Tsuga mertensiana / Lysichiton americanus Swamp Forest Group","""Swamp Forest"" fix (NVC186g)",2025-07-22 07:35:17,"D. Faber-Langendoen"
899474,"Sabal palmetto - Quercus virginiana - Magnolia virginiana Swamp Forest Alliance","""Swamp Forest"" fix (NVC186g)",2025-07-22 07:35:24,"D. Faber-Langendoen"
899539,"Chamaecyparis thyoides Mid-Atlantic Streamside Swamp Forest Alliance","""Swamp Forest"" fix (NVC186g)",2025-07-22 07:35:25,"D. Faber-Langendoen"
899692,"Quercus virginiana - Quercus pagoda - Quercus nigra Coastal Plain Swamp Forest Alliance","""Swamp Forest"" fix (NVC186g)",2025-07-22 07:35:27,"D. Faber-Langendoen"
899653,"Taxodium distichum - Nyssa biflora Tidal Swamp Forest Alliance","""Swamp Forest"" fix (NVC186g)",2025-07-22 07:35:28,"D. Faber-Langendoen"
1159137,"Acer rubrum - Fraxinus pennsylvanica Northeast Alkaline Swamp Forest Alliance","""Swamp Forest"" fix (NVC186g)",2025-07-22 07:35:33,"D. Faber-Langendoen"
1159151,"Thuja occidentalis - Acer rubrum - Larix laricina Acadian-Appalachian Swamp Forest Alliance","Northeast review, part 2",2020-12-16 06:39:03,"D. Faber-Langendoen"
899828,"Thuja plicata - Tsuga heterophylla Rocky Mountain Swamp Forest Alliance","""Swamp Forest"" fix (NVC186g)",2025-07-22 07:35:42,"D. Faber-Langendoen"
899880,"Picea mariana - Larix laricina / Alnus incana Swamp Forest Alliance","""Swamp Forest"" fix (NVC186g)",2025-07-22 07:35:43,"D. Faber-Langendoen"
685008,"Roystonea regia - Taxodium distichum - Quercus laurifolia / Psychotria nervosa / Nephrolepis spp. Swamp Forest","""Swamp Forest"" fix (NVC186g)",2025-07-22 07:35:51,"D. Faber-Langendoen"
688901,"Taxodium ascendens / Annona glabra / Bacopa caroliniana Swamp Forest","""Swamp Forest"" fix (NVC186g)",2025-07-22 07:35:52,"D. Faber-Langendoen"
683580,"Taxodium ascendens / (Nyssa biflora) / Eubotrys racemosa - Lyonia lucida - Morella cerifera Swamp Forest","""Swamp Forest"" fix (NVC186g)",2025-07-22 07:35:54,"D. Faber-Langendoen"
688856,"Taxodium ascendens / Ilex myrtifolia Swamp Forest","""Swamp Forest"" fix (NVC186g)",2025-07-22 07:35:54,"D. Faber-Langendoen"
689611,"Crataegus rufula Swamp Forest","""Swamp Forest"" fix (NVC186g)",2025-07-22 07:35:56,"D. Faber-Langendoen"
688673,"Chamaecyparis thyoides / Persea palustris / Lyonia lucida - Ilex coriacea Swamp Forest","""Swamp Forest"" fix (NVC186g)",2025-07-22 07:36:02,"D. Faber-Langendoen"
684834,"Nyssa biflora - Magnolia virginiana - (Pinus elliottii) / Morella (caroliniensis, inodora) Swamp Forest","""Swamp Forest"" fix (NVC186g)",2025-07-22 07:36:07,"D. Faber-Langendoen"
687297,"Magnolia virginiana - Nyssa sylvatica - Acer rubrum / Morella caroliniensis / Woodwardia areolata Swamp Forest","""Swamp Forest"" fix (NVC186g)",2025-07-22 07:36:11,"D. Faber-Langendoen"
687352,"Acer rubrum - Nyssa sylvatica - Liquidambar styraciflua - Populus heterophylla Swamp Forest","""Swamp Forest"" fix (NVC186g)",2025-07-22 07:36:14,"D. Faber-Langendoen"
686944,"Acer rubrum - Nyssa sylvatica - Magnolia virginiana / Viburnum nudum var. nudum / Osmunda cinnamomea Swamp Forest","""Swamp Forest"" fix (NVC186g)",2025-07-22 07:36:14,"D. Faber-Langendoen"
687145,"Liquidambar styraciflua - Acer rubrum - Quercus phellos / Eubotrys racemosa Swamp Forest","""Swamp Forest"" fix (NVC186g)",2025-07-22 07:36:18,"D. Faber-Langendoen"
731157,"Taxodium distichum - Liquidambar styraciflua / Cephalanthus occidentalis / Boehmeria cylindrica - Ceratophyllum muricatum Swamp Forest","""Swamp Forest"" fix (NVC186g)",2025-07-22 07:36:19,"D. Faber-Langendoen"
688311,"Chamaecyparis thyoides - Pinus elliottii / Nyssa biflora - Acer rubrum var. trilobum / Serenoa repens Swamp Forest","""Swamp Forest"" fix (NVC186g)",2025-07-22 07:36:22,"D. Faber-Langendoen"
689340,"Fraxinus caroliniana Swamp Forest","""Swamp Forest"" fix (NVC186g)",2025-07-22 07:36:28,"D. Faber-Langendoen"
684943,"Salix nigra / Sagittaria lancifolia Swamp Forest","""Swamp Forest"" fix (NVC186g)",2025-07-22 07:36:31,"D. Faber-Langendoen"
688749,"Liquidambar styraciflua - Quercus michauxii - Carya laciniosa / Fagus grandifolia - (Aesculus flava) Swamp Forest","""Swamp Forest"" fix (NVC186g)",2025-07-22 07:36:34,"D. Faber-Langendoen"
688103,"Acer rubrum - Nyssa sylvatica - Betula alleghaniensis / Sphagnum spp. Swamp Forest","""Swamp Forest"" fix (NVC186g)",2025-07-22 07:36:37,"D. Faber-Langendoen"
688268,"Acer rubrum / Ilex mucronata - Vaccinium corymbosum Swamp Forest","""Swamp Forest"" fix (NVC186g)",2025-07-22 07:36:37,"D. Faber-Langendoen"
687138,"Tsuga canadensis - Betula alleghaniensis / Veratrum viride - Carex scabrata - Oclemena acuminata Swamp Forest","""Swamp Forest"" fix (NVC186g)",2025-07-22 07:36:39,"D. Faber-Langendoen"
688675,"Acer rubrum - Fraxinus (pennsylvanica, americana) / Lindera benzoin / Symplocarpus foetidus Swamp Forest","""Swamp Forest"" fix (NVC186g)",2025-07-22 07:36:40,"D. Faber-Langendoen"
689867,"Acer rubrum / Alnus incana - Ilex verticillata / Osmunda regalis Woodland","New York NVC peer review",2021-04-29 04:21:32,"D. Faber-Langendoen & NYHP"
683857,"Betula alleghaniensis - Acer rubrum - (Tsuga canadensis, Abies balsamea) / Osmunda cinnamomea Swamp Forest","""Swamp Forest"" fix (NVC186g)",2025-07-22 07:36:49,"D. Faber-Langendoen"
683188,"Thuja occidentalis / Sphagnum (girgensohnii, warnstorfii) Swamp Forest","""Swamp Forest"" fix (NVC186g)",2025-07-22 07:36:50,"D. Faber-Langendoen"
800140,"Picea rubens / Carex trisperma / Sphagnum spp. - Polytrichum spp. Swamp Forest","""Swamp Forest"" fix (NVC186g)",2025-07-22 07:36:56,"D. Faber-Langendoen"
688216,"Abies lasiocarpa / Carex aquatilis Swamp Forest","""Swamp Forest"" fix (NVC186g)",2025-07-22 07:37:00,"D. Faber-Langendoen"
685058,"Populus tremuloides / Calamagrostis canadensis Swamp Forest","""Swamp Forest"" fix (NVC186g)",2025-07-22 07:37:06,"D. Faber-Langendoen"
690056,"Fraxinus latifolia / Carex obnupta Swamp Forest","""Swamp Forest"" fix (NVC186g)",2025-07-22 07:37:13,"D. Faber-Langendoen"
1228073,"Tsuga heterophylla - Thuja plicata / Vaccinium ovalifolium - Gaultheria shallon / Lysichiton americanus Swamp Forest","""Swamp Forest"" fix (NVC186g)",2025-07-22 07:37:20,"D. Faber-Langendoen"
687102,"Cliftonia monophylla / Lyonia lucida - Smilax laurifolia Swamp Forest","""Swamp Forest"" fix (NVC186g)",2025-07-22 07:37:28,"D. Faber-Langendoen"
907532,"Southeastern Great Plains Floodplain Forest Group","",2025-07-28 01:09:24,"D.Faber-Langendoen"
836508,"Northern Atlantic Coastal Plain Heathland & Grassland Group","",2025-07-28 01:09:26,"D.Faber-Langendoen"
860501,"Sibbaldiopsis tridentata - Polypodium virginianum / Cladonia spp. Eastern North American Cliff & Rock Vegetation Macrogroup","USNVC 3.0 pre-release edits",2025-06-23 07:35:27,"D. Faber-Langendoen"
857662,"Fouquieria splendens - Nolina spp. - Atriplex hymenelytra Rock Vegetation Group","Nomenclature fix (NVC186g)",2025-07-22 04:53:32,"D. Faber-Langendoen"
1159157,"Acer rubrum - Fraxinus spp. - Betula papyrifera Laurentian Swamp Forest Alliance","""Swamp Forest"" fix (NVC186g)",2025-07-22 07:35:36,"D. Faber-Langendoen"
926768,"<i>Carex</i> spp. - <i>Calamagrostis canadensis</i> Northeastern Wet Meadow Alliance","",2019-02-05 12:00:00,"D. Faber-Langendoen"
884080,"Temperate Shrub & Herb Garden Cultural Subgroup","GET Cultural name suffix revisions",2024-01-23 04:58:08,"D. Faber-Langendoen"
884028,"Close Grain Crop Cultural Group","GET Cultural name suffix revisions",2024-01-23 04:58:08,"D. Faber-Langendoen"
884027,"Close Grain Crop Cultural Subformation","GET Cultural name suffix revisions",2024-01-23 04:58:08,"D. Faber-Langendoen"
884103,"Fruit Orchard Cultural Group","GET Cultural name suffix revisions",2024-01-23 04:58:08,"D. Faber-Langendoen"
884110,"Bush Fruit & Berry Cultural Subformation","GET_revisions",2024-01-23 03:28:53,"D. Faber-Langendoen"
884031,"Cultivated Pasture & Hay Grass Cultural Group","GET Cultural name suffix revisions",2024-01-23 04:58:08,"D. Faber-Langendoen"
884095,"Temperate Tree Developed Wetland Vegetation Cultural Subgroup","GET_revisions",2024-01-23 03:40:40,"D. Faber-Langendoen"
884034,"Cultivated Legume - Grass Cultural Group","GET Cultural name suffix revisions",2024-01-23 04:58:08,"D. Faber-Langendoen"
884079,"Tropical Shrub & Herb Garden Cultural Subgroup","GET Cultural name suffix revisions",2024-01-23 04:58:08,"D. Faber-Langendoen"
884025,"Other Row Crops Cultural Group","GET Cultural name suffix revisions",2024-01-23 04:58:08,"D. Faber-Langendoen"
884082,"Tropical Shrub & Herb Developed Vegetation Cultural Subgroup","GET_revisions",2024-01-23 03:40:40,"D. Faber-Langendoen"
884041,"Permanent Planted Grassland Cultural Group","GET Cultural name suffix revisions",2024-01-23 04:58:08,"D. Faber-Langendoen"
688693,"Tetradymia tetrameres Dune Sparse Vegetation","remaining edits for V3.0 release",2025-08-14 05:41:15,"D. Faber-Langendoen"
687262,"Eriogonum corymbosum Badlands Sparse Vegetation","remaining edits for V3.0 release",2025-08-14 05:41:15,"D. Faber-Langendoen"
900104,"Eriogonum ovalifolium - Fallugia paradoxa - Andropogon hallii Lava & Cinder Sparse Vegetation Alliance","remaining edits for V3.0 release",2025-08-14 05:41:16,"D. Faber-Langendoen"
792225,"Atriplex spp. Desert Pavement Sparse Vegetation","remaining edits for V3.0 release",2025-08-14 05:41:16,"D. Faber-Langendoen"
684600,"Eriogonum deserticola Sand Dune Sparse Vegetation","remaining edits for V3.0 release",2025-08-14 05:41:16,"D. Faber-Langendoen"
800094,"Intertidal Mudflats Sparse Vegetation","remaining edits for V3.0 release",2025-08-14 05:41:21,"D. Faber-Langendoen"
688881,"Pinus jeffreyi - Pinus monticola / Arctostaphylos nevadensis Woodland","This name change was accidental; another type should have been updated instead.",2020-10-28 12:00:00,""
687364,"Cladium mariscus Marsh","Cladium mariscus ssp. jamaicense refers to sawgrass in the Western Hemisphere following USDA Plants 2016, the standard for the USNVC 3.0. The full species name is not used in the Western Hemisphere.",2026-03-18 01:14:21,"K. Palmquist, Regional Editor"
688472,"<i>Cladium mariscus ssp. jamaicense - Fimbristylis castanea - Symphyotrichum tenuifolium</i> Marsh","",2019-02-27 12:00:00,"D. Faber-Langendoen"
688635,"Cladium mariscus - Bacopa caroliniana Marsh","Cladium mariscus ssp. jamaicense refers to sawgrass in the Western Hemisphere following USDA Plants 2016, the standard for the USNVC 3.0. The full species name is not used in the Western Hemisphere.",2026-03-18 01:14:58,"K. Palmquist, Regional Editor"
688096,"<i>Cladium mariscus ssp. jamaicense</i> Tidal Salt Marsh","",2019-02-27 12:00:00,"D. Faber-Langendoen"
736399,"<i>Cladium mariscoides - Panicum rigidulum var. pubescens</i> Savanna","",2019-01-09 12:00:00,"D. Faber-Langendoen"
688334,"Juniperus virginiana - Fraxinus americana / Danthonia spicata - Poa compressa Woodland","Northeast review 2020",2020-08-10 08:46:15,"D. Faber-Langendoen"
736389,"Chamaecyparis thyoides / Narthecium americanum - Sarracenia purpurea - Drosera filiformis / Sphagnum pulchrum Swamp Woodland","Northeast review 2020",2020-08-10 08:46:24,"D. Faber-Langendoen"
685857,"<i>Abies concolor - Pseudotsuga menziesii / Lathyrus lanszwertii var. leucanthus</i> Forest","",2019-04-29 12:00:00,"M. Reid"
737495,"<i>Juglans major / Forestiera pubescens var. pubescens</i> Flooded Forest","",2019-04-29 12:00:00,"M. Reid"
685079,"Juniperus virginiana / Schizachyrium scoparium Woodland","Peer Review",2019-11-04 12:00:00,"Don Faber-Langendoen"
685100,"<i>Quercus stellata / Schizachyrium scoparium - Sorghastrum nutans - Pycnanthemum tenuifolium - Packera paupercula</i> Wooded Grassland","",2019-01-31 12:00:00,"K. Patterson"
835830,"<i>Dasiphora fruticosa ssp. floribunda / Carex sterilis - Cladium mariscoides</i> Alkaline Fen Group","",2019-02-21 12:00:00,"D. Faber-Langendoen"
899756,"<i>Dasiphora fruticosa ssp. floribunda / Oligoneuron riddellii - Andropogon gerardii</i> Graminoid Fen Alliance","",2019-02-21 12:00:00,"D. Faber-Langendoen"
860767,"<i>Dasiphora fruticosa ssp. floribunda - Carex lasiocarpa</i> Western Boreal Alkaline Fen Group","",2019-02-21 12:00:00,"D. Faber-Langendoen"
893479,"<i>Betula pumila - Dasiphora fruticosa ssp. floribunda / Carex lasiocarpa / Sphagnum</i> spp. Water Track Rich Fen","",2019-02-21 12:00:00,"D. Faber-Langendoen"
689617,"<i>Betula pumila - Toxicodendron vernix - Dasiphora fruticosa ssp. floribunda</i> Fen","",2019-02-21 12:00:00,"D. Faber-Langendoen"
689410,"<i>Dasiphora fruticosa ssp. floribunda / Rhynchospora capillacea - Scleria verticillata</i> Fen","",2019-02-26 12:00:00,"D. Faber-Langendoen"
734442,"<i>Dasiphora fruticosa ssp. floribunda</i> Subalpine Wet Shrubland","",2019-02-26 12:00:00,"D. Faber-Langendoen"
683735,"<i>Juniperus virginiana var. virginiana</i> - (<i>Quercus</i> spp.) Ruderal Forest","",2019-02-20 12:00:00,"D. Faber-Langendoen"
687566,"<i>Juniperus virginiana var. virginiana - Pinus echinata - Ulmus alata / Rhus glabra</i> Ruderal Forest","",2019-02-20 12:00:00,"D. Faber-Langendoen"
899005,"Sapindus saponaria Prairie Scrub Alliance","straggler edits, multiple projects",2020-05-28 05:31:57,"D. Faber-Langendoen"
972885,"<i>Yucca brevifolia / (Yucca baccata) / Pleuraphis (rigida, jamesii)</i> Wooded Shrubland","",2019-01-11 12:00:00,"J. Evens"
899004,"Quercus macrocarpa / Corylus spp. / Mixedgrass Woodland Alliance","Peer Review",2019-09-17 11:04:32,"Don Faber-Langendoen"
689526,"Abies lasiocarpa - Picea engelmannii / Alnus incana Swamp Forest","Washington NCCN Wetlands",2021-12-26 11:04:31,"Tynan Ramm-Granberg"
683500,"Abies lasiocarpa - Picea engelmannii / Alnus viridis ssp. sinuata Swamp Forest","Washington NCCN Wetlands",2021-12-26 11:04:33,"Tynan Ramm-Granberg"
688656,"Abies lasiocarpa - Picea engelmannii / Salix drummondiana Swamp Forest","Washington NCCN Wetlands",2021-12-26 11:04:50,"Tynan Ramm-Granberg"
688761,"Picea engelmannii - Populus angustifolia / Heracleum maximum Swamp Forest","Washington NCCN Wetlands",2021-12-26 11:04:59,"Tynan Ramm-Granberg"
687905,"Salix planifolia / Carex scopulorum Wet Shrubland","Washington NCCN Wetlands",2021-12-26 11:05:44,"Tynan Ramm-Granberg"
683102,"Fagus grandifolia - Quercus alba - Liquidambar styraciflua / Magnolia grandiflora / Smilax pumila Forest","NVC163 Central Midwest regional review",2022-04-13 12:00:00,"D. Faber-Langendoen, M. Leahy, et al"
689545,"Carya (glabra, tomentosa) - Fraxinus americana - (Juniperus virginiana) Woodland","Appalachians, Piedmont review, part 2",2020-12-09 12:00:00,"D. Faber-Langendoen"
686307,"Salix caroliniana / Sacciolepis striata - Boehmeria cylindrica Swamp Woodland","Appalachians, Piedmont review, part 2",2020-12-09 12:37:03,"D. Faber-Langendoen"
1269132,"North American Warm Desert Bedrock Cliff and Outcrop Alliance","Adding new Groups, Alliances as part of 2023 Systems to Groups, Alliances review",2023-02-01 07:37:14,"D Faber-Langendoen"
899586,"Pseudotsuga menziesii Middle Rocky Mountain Mesic-Wet Forest Alliance","Interior West Group & Alliance review",2022-04-12 12:18:43,"J. Triepke"
898981,"Nyssa biflora - Nyssa aquatica Floodplain Forest Alliance","Southeast US reg'l review of USNVC, April 2023",2023-05-11 02:39:59,"D. Faber-Langendoen"
686780,"<i>Quercus stellata - Ulmus alata - (Juniperus virginiana var. virginiana) / Sporobolus clandestinus - Monarda stipitatoglandulosa</i> Woodland","",2019-02-20 12:00:00,"D. Faber-Langendoen"
1151289,"Quercus stellata Hardpan Woodland Alliance","final review of revisions to NVC in Appalachians / Mid-Atlantic",2021-06-07 12:00:00,"D. Faber-Langendoen"
788695,"Quercus agrifolia / Adenostoma fasciculatum Woodland","Marin & San Mateo Counties CNPS USNVC review",2023-04-05 05:27:16,"Evens, J., Boul, R., McIntyre, P."
683893,"Pseudotsuga menziesii - Sequoia sempervirens / Polystichum munitum Forest","Marin & San Mateo Counties CNPS USNVC review",2023-04-05 05:27:30,"Evens, J., Boul, R., McIntyre, P."
684456,"Acer macrophyllum / Rubus ursinus Riparian Forest","Marin & San Mateo Counties CNPS USNVC review",2023-04-05 05:27:36,"Evens, J., Boul, R., McIntyre, P."
685979,"Adenostoma fasciculatum - Ceanothus cuneatus Sierran Chaparral Shrubland","Marin & San Mateo Counties CNPS USNVC review",2023-04-05 05:27:42,"Evens, J., Boul, R., McIntyre, P."
899911,"Quercus wislizeni var. frutescens - Arctostaphylos glandulosa Pre-montane Chaparral Alliance","Marin & San Mateo Counties CNPS USNVC review",2023-04-05 05:27:44,"Evens, J., Boul, R., McIntyre, P."
683959,"Arctostaphylos nummularia - Vaccinium ovatum - Chrysolepis chrysophylla var. minor Shrubland","Marin & San Mateo Counties CNPS USNVC review",2023-04-05 05:27:54,"Evens, J., Boul, R., McIntyre, P."
1225596,"Pinus ponderosa / Herbaceous Understory Central Rocky Mountain Open Woodland Alliance","Washington updates",2022-08-08 12:00:00,"T. Ramm-Granberg & D. Faber-Langendoen"
899510,"Abies amabilis - Tsuga heterophylla / Achlys triphylla Forest Alliance","Washington updates",2022-08-08 11:04:50,"T. Ramm-Granberg & D. Faber-Langendoen"
899800,"Salix lucida Riparian Scrub Alliance","Washington updates",2022-08-08 11:04:57,"T. Ramm-Granberg & D. Faber-Langendoen"
899946,"Schoenoplectus americanus - Schoenoplectus acutus - Schoenoplectus californicus Marsh Alliance","Washington updates",2022-08-08 11:05:52,"T. Ramm-Granberg & D. Faber-Langendoen"
969517,"Bromus carinatus Mesic Meadow","WA, ID, OR regional review",2022-08-30 12:00:00,"T. Ramm-Granberg and colleagues"
1110176,"Carex lenticularis Wet Meadow","WA, ID, OR regional review",2022-08-30 12:00:00,"T. Ramm-Granberg and colleagues"
860815,"Prosopis pallida - Pithecellobium dulce / Pennisetum setaceum Woodland & Scrub Group","Fixed name by adding ""Ruderal"".",2021-08-18 12:00:00,"D. Faber-Langendoen"
688730,"Pinus taeda - Quercus (alba, falcata, stellata) Successional Coastal Plain Forest","Fixed name by replacing ""Successional"" with ""Ruderal"".",2021-08-18 01:18:42,"D. Faber-Langendoen"
687785,"Pinus discolor / Quercus rugosa Woodland","Southwest regional peer review (NM, AZ, CO, UT, NV)",2023-02-17 02:46:57,"E. Muldavin et al."
899550,"Juniperus osteosperma - Juniperus scopulorum / Grass Understory Central Rocky Mountain Woodland Alliance","Interior West Group & Alliance review",2022-04-12 12:18:48,"J. Triepke"
899633,"<i>Juniperus monosperma</i> / Herbaceous Understory Open Woodland Alliance","",2019-01-09 12:00:00,"D. Faber-Langendoen"
899633,"Juniperus monosperma Wooded Grassland Alliance","Southwest regional peer review (NM, AZ, CO, UT, NV)",2023-02-17 02:47:29,"E. Muldavin et al."
688199,"Carnegiea gigantea / Prosopis velutina Wooded Shrubland","Southwest regional peer review (NM, AZ, CO, UT, NV)",2023-02-17 02:48:25,"E. Muldavin et al."
874101,"Anthoxanthum odoratum - Holcus lanatus Ruderal Coastal Grassland Alliance","USNVC California review",2023-02-20 06:55:59,"Evens, J., R. Boul, D. Faber-Langendoen"
1225600,"Pinus ponderosa East Cascade Forest & Woodland Alliance","California updates",2022-06-22 05:21:25,"J. Evens, R. Boul, D. Faber-Langendoen"
899627,"Elaeagnus angustifolia Ruderal Riparian Scrub Alliance","California updates",2022-06-22 05:21:37,"J. Evens, R. Boul, D. Faber-Langendoen"
1302489,"Interior Low Plateau Prairie Group","",2025-04-11 07:18:41,"D.Faber-Langendoen"
1041825,"Betula nana Alpine Shrubland Alliance","",2025-04-11 07:19:47,"D.Faber-Langendoen"
1041514,"Picea sitchensis - Populus balsamifera ssp. trichocarpa Alaskan Riparian Woodland Group","",2025-04-11 07:19:57,"D.Faber-Langendoen"
900082,"Pascopyrum smithii - Nassella viridula Northwestern Great Plains Grassland Alliance","",2025-05-04 04:38:54,"D.Faber-Langendoen"
934599,"Carex interior - Carex pellita Central Plains Graminoid Fen Alliance","",2025-05-04 04:39:16,"D.Faber-Langendoen"
899728,"Pinus jeffreyi - Pinus ponderosa var. washoensis Mixed Conifer Woodland Alliance","",2025-05-05 08:37:59,"D.Faber-Langendoen"
899802,"Platanus racemosa - Quercus agrifolia - Juglans californica Riparian Woodland Alliance","",2025-05-05 08:38:22,"D.Faber-Langendoen"
683770,"Laurentian Dry Alkaline Cliff","edits in prep for USNVC v3.0 release",2025-06-26 05:27:53,"D. Faber-Langendoen"
900028,"Sporobolus cryptandrus - Aristida purpurea var. longiseta - Poa secunda Sandy Stream Terrace Grassland Alliance","",2025-07-10 04:24:37,"D.Faber-Langendoen"
684463,"Tidestromia carnosa - Kallstroemia grandiflora Sparse Vegetation","",2025-07-10 04:24:46,"D.Faber-Langendoen"
899593,"Southern Appalachian Mafic Shrubland Alliance","USNVC VA clean-up",2023-12-22 03:04:27,"K. Pattersons, D. Faber-Langendoen"
686580,"Quercus stellata / Forestiera ligustrina - Symphoricarpos orbiculatus / Carex cherokeensis - Schizachyrium scoparium Woodland","Southeast, Texarkana USNVC reg'l review, June 2023",2023-06-24 08:53:41,"Southeast + TX ecologists, D. Faber-Langendoen"
899552,"Quercus phellos - Quercus lyrata - Quercus nigra Interior Pond Forest Alliance","Southeast, Texarkana USNVC reg'l review, June 2023",2023-06-24 08:53:53,"Southeast + TX ecologists, D. Faber-Langendoen"
952647,"Ilex cassine - Morella cerifera / Woodwardia areolata - Sphagnum sp. Flotant Shrub Swamp","Southeast, Texarkana USNVC reg'l review, June 2023",2023-06-24 08:56:56,"Southeast + TX ecologists, D. Faber-Langendoen"
838405,"Pinus palustris / Aristida stricta Woodland Macrogroup","",2025-04-11 07:18:25,"D.Faber-Langendoen"
835942,"Quercus agrifolia - Umbellularia californica - Hesperocyparis spp. Forest & Woodland Macrogroup","Nomenclature fix (NVC186g)",2025-07-22 04:53:10,"D. Faber-Langendoen"
877316,"Appalachian Oak - Pine Forest & Woodland Macrogroup","Nomenclature fix (NVC186g)",2025-07-22 04:53:11,"D. Faber-Langendoen"
877316,"Appalachian-Northeastern Oak - Hardwood - Pine Forest & Woodland Macrogroup","USNVC 3.0 pre-release edits",2025-06-23 07:34:46,"D. Faber-Langendoen"
1132392,"Great Plains Ruderal Woodland Macrogroup","Nomenclature fix (NVC186g)",2025-07-22 04:53:14,"D. Faber-Langendoen"
835947,"Calocedrus decurrens - Pinus jeffreyi - Abies lowiana Forest Macrogroup","Nomenclature fix (NVC186g)",2025-07-22 04:53:16,"D. Faber-Langendoen"
1225592,"Pinus flexilis Rocky Mountain Subalpine-Montane Woodland Group","Nomenclature fix (NVC186g)",2025-07-22 04:53:17,"D. Faber-Langendoen"
899895,"Betula papyrifera - Abies balsamea - Populus tremuloides Ontario-Québec Boreal Mesic Forest Group","Nomenclature fix (NVC186g)",2025-07-22 04:53:17,"D. Faber-Langendoen"
860801,"Dodonaea viscosa - Styphelia tameiameiae / Dicranopteris linearis Lowland Mesic-Wet Shrubland & Grassland Group","Nomenclature fix (NVC186g)",2025-07-22 04:53:20,"D. Faber-Langendoen"
860858,"Micronesian Ruderal Lowland Shrub, Grassland & Savanna Group","Nomenclature fix (NVC186g)",2025-07-22 04:53:20,"D. Faber-Langendoen"
836040,"Arctostaphylos patula - Ceanothus velutinus - Quercus vacciniifolia Montane Chaparral Macrogroup","Nomenclature fix (NVC186g)",2025-07-22 04:53:21,"D. Faber-Langendoen"
877355,"Rhododendron catawbiense / Saxifraga michauxii - Danthonia compressa Felsic & Mafic Scrub & Grassland Macrogroup","Nomenclature fix (NVC186g)",2025-07-22 04:53:21,"D. Faber-Langendoen"
1279614,"Andropogon gerardii - Sorghastrum nutans - Eryngium yuccifolium Tallgrass Prairie Macrogroup","Nomenclature fix (NVC186g)",2025-07-22 04:53:22,"D. Faber-Langendoen"
1279614,"Southeastern Prairies Macrogroup","",2025-04-11 07:18:39,"D.Faber-Langendoen"
877354,"Laurentian-Acadian Acidic Rocky Scrub & Grassland Macrogroup","Nomenclature fix (NVC186g)",2025-07-22 04:53:22,"D. Faber-Langendoen"
836914,"Festuca campestris - Festuca idahoensis - Pseudoroegneria spicata Central Rocky Mountain Foothill Grassland Group","Nomenclature fix (NVC186g)",2025-07-22 04:53:23,"D. Faber-Langendoen"
899111,"Leucopoa kingii - Carex elynoides - Phlox pulvinata Central Rocky Mountain Subalpine-Alpine Grassland Alliance","Nomenclature fix (NVC186g)",2025-07-22 04:53:24,"D. Faber-Langendoen"
837646,"Festuca viridula - Deschampsia cespitosa - Ligusticum spp. Rocky Mountain-Vancouverian Grassland & Meadow Group","Nomenclature fix (NVC186g)",2025-07-22 04:53:24,"D. Faber-Langendoen"
860511,"Sierran-North Pacific Lowland Grassland & Shrubland Macrogroup","Nomenclature fix (NVC186g)",2025-07-22 04:53:24,"D. Faber-Langendoen"
838450,"Juniperus ashei - Juniperus pinchotii - Quercus mohriana Scrub & Open Vegetation Macrogroup","Nomenclature fix (NVC186g)",2025-07-22 04:53:25,"D. Faber-Langendoen"
856963,"Pascopyrum smithii - Hesperostipa comata - Schizachyrium scoparium Mixedgrass Prairie Group","Nomenclature fix (NVC186g)",2025-07-22 04:53:25,"D. Faber-Langendoen"
860326,"Artemisia tridentata - Atriplex confertifolia / Hesperostipa comata Cool Semi-Desert Scrub & Grassland Division","Nomenclature fix (NVC186g)",2025-07-22 04:53:28,"D. Faber-Langendoen"
835909,"Artemisia tridentata ssp. spiciformis - Artemisia tridentata ssp. vaseyana - Artemisia cana ssp. viscidula Steppe & Shrubland Group","Nomenclature fix (NVC186g)",2025-07-22 04:53:29,"D. Faber-Langendoen"
837711,"Larrea tridentata - Flourensia cernua - Acacia neovernicosa Chihuahuan Mixed Desert Scrub Group","Nomenclature fix (NVC186g)",2025-07-22 04:53:30,"D. Faber-Langendoen"
860641,"Fouquieria splendens - Atriplex hymenelytra - Amaranthus watsonii North American Rock Vegetation Macrogroup","Nomenclature fix (NVC186g)",2025-07-22 04:53:32,"D. Faber-Langendoen"
860477,"Festuca altaica - Cassiope tetragona Boreal Alpine Tundra Macrogroup","Nomenclature fix (NVC186g)",2025-07-22 04:53:34,"D. Faber-Langendoen"
860564,"Vancouverian Flooded & Swamp Forest Macrogroup","USNVC 3.0 pre-release edits",2025-06-23 07:36:25,"D. Faber-Langendoen"
933574,"Zizania aquatica - Spartina patens - Rhynchospora spp. Freshwater Marsh, Wet Meadow & Shrubland Division","Nomenclature fix (NVC186g)",2025-07-22 04:53:37,"D. Faber-Langendoen"
860693,"Zizania aquatica - Spartina patens - Pontederia cordata Fresh-Oligohaline Tidal Marsh Macrogroup","Nomenclature fix (NVC186g)",2025-07-22 04:53:37,"D. Faber-Langendoen"
932976,"Arid West Freshwater Marsh & Wet Meadow Macrogroup","Nomenclature fix (NVC186g)",2025-07-22 04:53:39,"D. Faber-Langendoen"
860697,"North Pacific Lowland Marsh, Wet Meadow & Shrubland Macrogroup","Nomenclature fix (NVC186g)",2025-07-22 04:53:39,"D. Faber-Langendoen"
1041690,"Alnus incana - Carex utriculata Boreal Marsh, Wet Meadow & Shrubland Macrogroup","Nomenclature fix (NVC186g)",2025-07-22 04:53:41,"D. Faber-Langendoen"
860569,"Great Plains Saline Wet Meadow & Marsh Macrogroup","GET_revisions",2024-01-23 03:39:19,"D. Faber-Langendoen"
933582,"Lyonia lucida - Ilex glabra - Cyrilla racemiflora Shrub Peatland Division","Nomenclature fix (NVC186g)",2025-07-22 04:53:42,"D. Faber-Langendoen"
860642,"Hawaiian Bog Macrogroup","Nomenclature fix (NVC186g)",2025-07-22 04:53:43,"D. Faber-Langendoen"
860604,"Ceratophyllum spp. - Nuphar spp. - Potamogeton spp. Eastern North American Shallow Water Wetland Macrogroup","Nomenclature fix (NVC186g)",2025-07-22 04:53:43,"D. Faber-Langendoen"
688924,"<i>Pinus palustris - Pinus elliottii var. elliottii / Styrax americanus / Sporobolus floridanus</i> Woodland","",2019-02-28 12:00:00,"D. Faber-Langendoen"
688772,"<i>Pinus palustris - (Pinus elliottii var. elliottii) / Sporobolus pinetorum - Oclemena reticulata - (Sporobolus curtissii)</i> Woodland","",2019-02-28 12:00:00,"D. Faber-Langendoen"
686942,"Populus tremuloides / Prunus virginiana Woodland","",2024-06-04 05:42:35,"D.Faber-Langendoen"
685995,"Panicum obtusum - Helianthus ciliaris Wet Meadow","",2024-06-21 04:42:29,"D.Faber-Langendoen"
685161,"Pascopyrum smithii - Bouteloua dactyloides - (Phyla cuneifolia, Oenothera canescens) Wet Meadow","",2024-06-21 04:42:43,"D.Faber-Langendoen"
1277485,"Juncus (effusus, patens) - Carex (pansa, praegracilis) Wet Meadow Alliance","California USNVC updates Aug 2023",2023-08-25 12:00:00,"R. Boul, J. Evens, D. Faber-Langendoen"
946354,"Pinus taeda - Quercus laurifolia - Quercus phellos West Gulf Coastal Plain Wet Flatwoods Forest Alliance","",2024-06-21 04:43:22,"D.Faber-Langendoen"
899606,"Gaylussacia spp. / Trichophorum cespitosum / Sphagnum spp. Maritime Acidic Graminoid Bog & Fen Alliance","",2024-06-28 12:22:21,"D.Faber-Langendoen"
685813,"Thuja occidentalis Limestone Bedrock Woodland","USNVC 3.0 pre-release edits",2025-06-17 07:11:59,"D. Faber-Langendoen"
948485,"<i>Dasiphora fruticosa ssp. floribunda - Carex lasiocarpa</i> Eastern Boreal Alkaline Fen Group","",2019-02-21 12:00:00,"D. Faber-Langendoen"
860412,"Central & Southern Polynesian Lowland Rainforest Macrogroup","USNVC 3.0 pre-release edits",2025-06-23 07:34:41,"D. Faber-Langendoen"
1132407,"Great Plains Native Ruderal Woodland Group","USNVC 3.0 pre-release edits",2025-06-23 07:34:49,"D. Faber-Langendoen"
1132405,"Great Plains Exotic Ruderal Woodland Group","USNVC 3.0 pre-release edits",2025-06-23 07:34:50,"D. Faber-Langendoen"
1270984,"Dry Mixed Conifer - Herbaceous Forest & Woodland Alliance","USNVC 3.0 pre-release edits",2025-06-23 07:34:53,"D. Faber-Langendoen"
881435,"Caribbean-Mesoamerican Lowland Ruderal Grassland & Shrubland Group","USNVC 3.0 pre-release edits",2025-06-23 07:35:08,"D. Faber-Langendoen"
1281890,"Catahoula & Weches Glade Alliance","USNVC 3.0 pre-release edits",2025-06-23 07:35:13,"D. Faber-Langendoen"
905016,"Southern Coastal Plain Acidic Bedrock Scrub & Grassland Alliance","USNVC 3.0 pre-release edits",2025-06-23 07:35:13,"D. Faber-Langendoen"
1345194,"Southeastern Ruderal Meadow & Shrubland Group","USNVC 3.0 pre-release edits",2025-06-23 07:35:18,"D. Faber-Langendoen"
900003,"Prosopis glandulosa Prairie Ruderal Scrub Alliance","Great Plains Peer Review",2019-11-18 12:00:00,"D. Faber-Langendoen"
1302640,"Great Plains Native Planted Grassland & Shrubland Group","USNVC 3.0 pre-release edits",2025-06-23 07:35:24,"D. Faber-Langendoen"
1302652,"Great Plains Native Planted Grassland Alliance","USNVC 3.0 pre-release edits",2025-06-23 07:35:25,"D. Faber-Langendoen"
900047,"Southeast Coastal Plain Cliff Alliance","USNVC 3.0 pre-release edits",2025-06-23 07:35:28,"D. Faber-Langendoen"
683486,"Asplenium montanum - Heuchera villosa Felsic Cliff Vegetation","USNVC 3.0 pre-release edits",2025-06-23 07:35:30,"D. Faber-Langendoen"
689684,"(Hydrangea arborescens, Toxicodendron radicans) / Heuchera americana - (Dichanthelium depauperatum, Woodsia obtusa) Cliff Shrubland","USNVC 3.0 pre-release edits",2025-06-23 07:35:35,"D. Faber-Langendoen"
688801,"Trichophorum cespitosum - Osmunda cinnamomea - Carex barrattii - Carex buxbaumii Cliff Vegetation","USNVC 3.0 pre-release edits",2025-06-23 07:35:39,"D. Faber-Langendoen"
686453,"Piedmont Mafic Cliff Sparse Vegetation","USNVC 3.0 pre-release edits",2025-06-23 07:35:41,"D. Faber-Langendoen"
959812,"Appalachian-Northeastern Acidic Talus Alliance","New Hampshire EIA work & associated NVC refinements",2022-10-17 08:12:59,"W. Nichols, D Faber-Langendoen"
685775,"Central Midwest-Interior Limestone - Dolostone Dry Cliff Sparse Vegetation","USNVC 3.0 pre-release edits",2025-06-23 07:35:50,"D. Faber-Langendoen"
685883,"Ozark Chert Dry Cliff Vegetation","USNVC 3.0 pre-release edits",2025-06-23 07:35:53,"D. Faber-Langendoen"
686455,"Quartzite - Granite Rock Outcrop Sparse Vegetation","USNVC 3.0 pre-release edits",2025-06-23 07:35:55,"D. Faber-Langendoen"
687150,"Eastern Boreal & Laurentian Sandstone Talus Vegetation","Northeast review, part 2c",2020-12-22 09:48:57,"D. Faber-Langendoen"
687913,"Subboreal Glaciere Talus Sparse Vegetation","USNVC 3.0 pre-release edits",2025-06-23 07:35:58,"D. Faber-Langendoen"
688771,"Acer spicatum - Cornus rugosa Alkaline Talus Vegetation","USNVC 3.0 pre-release edits",2025-06-23 07:35:58,"D. Faber-Langendoen"
689335,"Redbeds (Siltstone, Sandstone, Gypsum) Sparse Vegetation","USNVC 3.0 pre-release edits",2025-06-23 07:36:05,"D. Faber-Langendoen"
686373,"Shale Barren Slopes Sparse Vegetation","USNVC 3.0 pre-release edits",2025-06-23 07:36:06,"D. Faber-Langendoen"
684088,"Limestone - Dolostone Great Plains Xeric Cliff Sparse Vegetation","USNVC 3.0 pre-release edits",2025-06-23 07:36:07,"D. Faber-Langendoen"
899835,"Allium spp. - Streptanthus spp. - Hesperolinon spp. Serpentinite Sparse Rock Vegetation Alliance","",2025-03-05 02:16:19,"D.Faber-Langendoen"
1277563,"Streptanthus glandulosus - Dudleya abramsii / Lichen - Moss","USNVC 3.0 pre-release edits",2025-06-23 07:36:11,"D. Faber-Langendoen"
685709,"Claytonia megarhiza Rock Vegetation","USNVC 3.0 pre-release edits",2025-06-23 07:36:15,"D. Faber-Langendoen"
877402,"Northeastern Forest Vernal Pool Group","USNVC 3.0 pre-release edits",2025-06-23 07:36:22,"D. Faber-Langendoen"
687087,"Riverine Sand Flats - Bars Sparse Vegetation","USNVC 3.0 pre-release edits",2025-06-23 07:36:30,"D. Faber-Langendoen"
1292372,"Piedmont-Central Appalachian Bedrock Riverscour Woodland Alliance","USNVC 3.0 pre-release edits",2025-06-23 07:36:35,"D. Faber-Langendoen"
1277541,"Phalaris aquatica Wet Meadow","USNVC 3.0 pre-release edits",2025-06-23 07:36:40,"D. Faber-Langendoen"
1302628,"North American Freshwater Coastal Dune, Grassland & Rocky Headland Macrogroup","",2025-04-11 07:20:17,"D.Faber-Langendoen"
684784,"Algal Periphyton Vegetation","USNVC 3.0 pre-release edits",2025-06-23 07:36:58,"D. Faber-Langendoen"
686255,"Ipomoea pes-caprae - Cakile lanceolata Sparse Beach Vegetation","USNVC 3.0 pre-release edits",2025-06-23 07:36:59,"D. Faber-Langendoen"
860321,"Polynesian Scrub & Herb Coastal Vegetation Division","USNVC 3.0 pre-release edits",2025-06-23 07:37:02,"D. Faber-Langendoen"
688939,"Taxodium ascendens - Cliftonia monophylla - Chamaecyparis thyoides / Hypericum nitidum - Cladium mariscus Tidal Forest","Cladium mariscus ssp. jamaicense refers to sawgrass in the Western Hemisphere following USDA Plants 2016, the standard for the USNVC 3.0. The full species name is not used in the Western Hemisphere.",2026-03-18 01:15:12,"K. Palmquist, Regional Editor"
689315,"Ludwigia peploides Aquatic Vegetation","",2026-03-20 02:49:32,"D. Faber-Langendoen"
858746,"Ipomoea indica Beach Vegetation","",2026-03-20 02:49:48,"D. Faber-Langendoen"
858789,"Ipomoea pes-caprae Micronesian Ruderal Beach Vegetation","",2026-03-20 02:55:23,"D. Faber-Langendoen"
683306,"Triadica sebifera Ruderal Forest","IVC clean-up Dec 2023-Jan 2024",2024-02-23 08:32:28,"D. Faber-Langendoen, P. McIntyre, C. Nordman"
685728,"Cladium mariscoides - (Carex lasiocarpa, Hypericum kalmianum, Oligoneuron riddellii, Eleocharis elliptica) Fen","NVC163 Midwest - last Indiana revisions",2024-02-23 12:34:04,"W. Williams, S. Namestnik, D. Faber-Langendoen"
687036,"Deschampsia cespitosa - Danthonia californica Marsh","",2024-10-29 03:20:15,"D.Faber-Langendoen"
686113,"Rhynchospora alba - (Vaccinium oxycoccos) / Sphagnum spp. Bog & Acidic Fen","",2024-10-29 03:20:30,"D.Faber-Langendoen"
1298959,"Derived Land Subbiome","""Derived"" by itself is not intuitive. Use same name as the single Formation instead.",2024-11-22 12:00:00,"D. Faber-Langendoen"
899672,"Abies lasiocarpa - Picea engelmannii Rocky Mountain Moist Forest Alliance","MT-ID-WY regional review of USNVC, March 2023",2023-04-12 05:28:16,"Cooper,S., others, D. Faber-Langendoen"
948182,"Rumex crispus Ruderal Grassland","MT-ID-WY USNVC reg'l review follow-up, May 2023",2023-08-02 03:56:10,"MT, ID, WY ecologists, D. Faber-Langendoen"
685360,"Artemisia tridentata / Achnatherum hymenoides Shrubland","MT-ID-WY USNVC reg'l review follow-up, May 2023",2023-08-02 03:57:15,"MT, ID, WY ecologists, D. Faber-Langendoen"
688557,"Artemisia tridentata - (Ericameria nauseosa) / Bromus tectorum Ruderal Shrubland","MT-ID-WY USNVC reg'l review follow-up, May 2023",2023-08-02 03:57:59,"MT, ID, WY ecologists, D. Faber-Langendoen"
685878,"Juniperus virginiana / Schizachyrium scoparium Ruderal Forest","Texas USNVC reg'l review follow-up, May 2023",2023-08-14 06:22:16,"J. Singhurst, TX ecologists, D. Faber-Langendoen"
801783,"Quercus stellata - (Quercus marilandica, Ulmus crassifolia) / Schizachyrium scoparium Woodland","Texas USNVC reg'l review follow-up, May 2023",2023-08-14 06:22:20,"J. Singhurst, TX ecologists, D. Faber-Langendoen"
899894,"Celtis laevigata - Ulmus crassifolia / Urvillea ulmacea Tamaulipan Riparian Scrub Alliance","Texas USNVC reg'l review follow-up, May 2023",2023-08-14 06:22:30,"J. Singhurst, TX ecologists, D. Faber-Langendoen"
683362,"Bouteloua dactyloides Modified Grassland","Fixed name by replacing ""Modified"" with ""Ruderal"".",2021-08-18 01:18:42,"D. Faber-Langendoen"
899225,"Eragrostis lehmanniana - Eragrostis curvula Ruderal Desert Grassland Alliance","Texas USNVC reg'l review follow-up, May 2023",2023-08-14 06:23:16,"J. Singhurst, TX ecologists, D. Faber-Langendoen"
1042125,"Arctic Dwarf Birch Low Shrub Tundra Alliance","",2025-03-05 02:17:35,"D.Faber-Langendoen"
1042030,"Arctic Acidic Lichen - Sparse Dwarf-shrub Tundra Alliance","",2025-03-05 02:17:45,"D.Faber-Langendoen"
1042190,"Arctic Rush/Grass, Forb, Cryptogam Tundra Alliance","",2025-03-05 02:18:04,"D.Faber-Langendoen"
898979,"Populus balsamifera ssp. trichocarpa Northern Rocky Mountain Riparian Forest Alliance","",2025-03-05 02:18:36,"D.Faber-Langendoen"
1279626,"Eastern North American Riverine Sand-Gravel Bar Group","",2025-03-07 03:36:38,"D.Faber-Langendoen"
1233826,"Quercus stellata - Carya texana / Andropogon gerardii Open Woodland","KY + TN Southeast USNVC reg'l review follow-up, May 2023",2023-08-25 12:25:09,"C. Elam, KY ecologists, D. Faber-Langendoen"
899596,"Cephalanthus occidentalis Central Interior Pond Shrubland Alliance","KY + TN Southeast USNVC reg'l review follow-up, May 2023",2023-08-25 12:25:24,"C. Elam, KY ecologists, D. Faber-Langendoen"
687889,"Eragrostis variabilis Lowland Mesic Herbaceous Vegetation","USNVC prelim review Aug 2023",2023-08-29 06:18:11,"D. Faber-Langendoen"
838073,"Paspalum vaginatum Ruderal Herbaceous Vegetation","USNVC prelim review Aug 2023",2023-08-29 06:18:55,"D. Faber-Langendoen"
866515,"Acer rubrum / Alnus serrulata - Lindera benzoin / Glyceria striata - Impatiens capensis Seep Forest","USNVC NC revisions",2023-10-18 06:18:10,"M. Schafale, D. Faber-Langendoen"
683368,"Polygonum glabrum - (Saccharum giganteum) Shoreline Wet Meadow","USNVC NC revisions",2023-10-18 06:19:21,"M. Schafale, D. Faber-Langendoen"
817153,"Polygonum punctatum - Bidens laevis Shoreline Wet Meadow","USNVC NC revisions",2023-10-18 06:19:23,"M. Schafale, D. Faber-Langendoen"
1298964,"Supralittoral Freshwater Coast","""Supralittoral"" doesn't apply to freshwater.",2025-02-25 12:00:00,"D. Faber-Langendoen"
1298990,"Temperate-Boreal Cliff & Rock Outcrop Formation","Formation to Ecobiome",2025-02-14 07:15:03,"D. Faber-Langendoen"
1298999,"Annual Cropland Formation","Formation to Ecobiome",2025-02-14 07:15:03,"D. Faber-Langendoen"
1299002,"Urban & Industrial Land Formation","Formation to Ecobiome",2025-02-14 07:15:03,"D. Faber-Langendoen"
1299013,"Developed Freshwater Shoreline Formation","Formation to Ecobiome",2025-02-14 07:15:03,"D. Faber-Langendoen"
1299023,"Developed Marine Shoreline Formation","Formation to Ecobiome",2025-02-14 07:15:03,"D. Faber-Langendoen"
884061,"Cool-Season Lawn with Trees Cultural Subgroup","GET_revisions",2024-01-23 03:40:39,"D. Faber-Langendoen"
884083,"Temperate Tree Garden Cultural Subgroup","GET Cultural name suffix revisions",2024-01-23 04:58:08,"D. Faber-Langendoen"
939234,"Native Caribbean Conifer Plantation Cultural Type","GET Cultural name suffix revisions",2024-01-23 04:58:08,"D. Faber-Langendoen"
884005,"Tropical Wetland Tree Crop Cultural Subgroup","GET Cultural name suffix revisions",2024-01-23 04:58:08,"D. Faber-Langendoen"
884012,"Corn Crop Cultural Group","GET Cultural name suffix revisions",2024-01-23 04:58:08,"D. Faber-Langendoen"
980037,"North American Desert Tree Garden Cultural Type","GET Cultural name suffix revisions",2024-01-23 04:58:08,"D. Faber-Langendoen"
884044,"Flower Horticultural Crop Cultural Group","GET Cultural name suffix revisions",2024-01-23 04:58:08,"D. Faber-Langendoen"
884018,"Tropical & Temperate Cotton Crop Cultural Subgroup","GET Cultural name suffix revisions",2024-01-23 04:58:08,"D. Faber-Langendoen"
884107,"Grape Vineyard Cultural Group","GET Cultural name suffix revisions",2024-01-23 04:58:08,"D. Faber-Langendoen"
884091,"Tropical Developed Open Wetland Cultural Subgroup","GET Cultural name suffix revisions",2024-01-23 04:58:08,"D. Faber-Langendoen"
884066,"Dry-Season Open Lawn Cultural Subgroup","GET Cultural name suffix revisions",2024-01-23 04:58:08,"D. Faber-Langendoen"
902982,"Western North American Temperate Forest Plantation Cultural Subgroup","GET Cultural name suffix revisions",2024-01-23 04:58:08,"D. Faber-Langendoen"
884059,"Cool-Season Lawn Cultural Group","GET Cultural name suffix revisions",2024-01-23 04:58:08,"D. Faber-Langendoen"
899705,"Carex torta Riverbed Alliance","Northeast review, part 2",2020-12-16 06:40:06,"D. Faber-Langendoen"
899879,"Spartina pectinata - Apocynum cannabinum Riverscour Alliance","Northeast review, part 2",2020-12-16 06:40:15,"D. Faber-Langendoen"
683265,"Spartina alterniflora Carolinian Zone Salt Marsh","Northeast review, part 2",2020-12-16 06:40:34,"D. Faber-Langendoen"
877320,"Laurentian-Acadian-North Atlantic Coastal Flooded & Swamp Forest","",2019-02-01 12:00:00,"D. Faber-Langendoen"
848739,"Acer rubrum - Pinus taeda - Liquidambar styraciflua Ruderal Flooded & Swamp Forest Group","""Swamp Forest"" fix (NVC186g)",2025-07-22 07:35:09,"D. Faber-Langendoen"
836789,"Laurentian-Acadian-Appalachian Alkaline Swamp","",2019-01-31 12:00:00,"D. Faber-Langendoen"
899694,"Nyssa biflora - Nyssa ogeche Depressional Swamp Forest Alliance","""Swamp Forest"" fix (NVC186g)",2025-07-22 07:35:22,"D. Faber-Langendoen"
1159161,"Fraxinus nigra - Acer rubrum - Larix laricina Acadian-Appalachian Swamp Forest Alliance","""Swamp Forest"" fix (NVC186g)",2025-07-22 07:35:37,"D. Faber-Langendoen"
899827,"Picea engelmannii Swamp Forest Alliance","""Swamp Forest"" fix (NVC186g)",2025-07-22 07:35:40,"D. Faber-Langendoen"
686144,"Magnolia virginiana - Persea palustris - Chrysobalanus icaco / Acrostichum danaeifolium - Nephrolepis exaltata Swamp Forest","""Swamp Forest"" fix (NVC186g)",2025-07-22 07:35:49,"D. Faber-Langendoen"
685822,"Chamaecyparis thyoides - Sabal palmetto Swamp Forest","""Swamp Forest"" fix (NVC186g)",2025-07-22 07:36:01,"D. Faber-Langendoen"
684504,"Nyssa biflora - Acer rubrum var. trilobum - Liriodendron tulipifera / Ilex coriacea - Lyonia lucida Swamp Forest","""Swamp Forest"" fix (NVC186g)",2025-07-22 07:36:06,"D. Faber-Langendoen"
688892,"Nyssa biflora - Magnolia virginiana - Quercus laurifolia / Cyrilla racemiflora - Rhododendron oblongifolium Swamp Forest","""Swamp Forest"" fix (NVC186g)",2025-07-22 07:36:11,"D. Faber-Langendoen"
688674,"Acer rubrum / Rhododendron maximum Swamp Forest","""Swamp Forest"" fix (NVC186g)",2025-07-22 07:36:15,"D. Faber-Langendoen"
689957,"Acer rubrum / Rhododendron viscosum - Clethra alnifolia Swamp Forest","""Swamp Forest"" fix (NVC186g)",2025-07-22 07:36:15,"D. Faber-Langendoen"
687976,"Liquidambar styraciflua - Acer rubrum - Nyssa biflora / Carex joorii Swamp Forest","""Swamp Forest"" fix (NVC186g)",2025-07-22 07:36:18,"D. Faber-Langendoen"
731157,"Taxodium distichum / Cephalanthus occidentalis / Boehmeria cylindrica - Ceratophyllum muricatum Maritime Swamp Forest","NC NVC peer review",2021-04-29 04:56:06,"D. Faber-Langendoen & M. Schafale"
685450,"Acer rubrum - Fraxinus pennsylvanica / Saururus cernuus Swamp Forest","""Swamp Forest"" fix (NVC186g)",2025-07-22 07:36:20,"D. Faber-Langendoen"
688311,"<i>Chamaecyparis thyoides - Pinus elliottii var. elliottii / Nyssa biflora - Acer rubrum var. trilobum / Serenoa repens</i> Swamp Forest","",2019-02-28 12:00:00,"D. Faber-Langendoen"
687254,"<i>Quercus virginiana - Quercus nigra - Liquidambar styraciflua / Ilex opaca var. opaca / Viburnum dentatum</i> Swamp Forest","",2019-02-19 12:00:00,"D. Faber-Langendoen"
1302668,"Larix laricina / Rhododendron maximum / Sphagnum spp. Swamp Forest","""Swamp Forest"" fix (NVC186g)",2025-07-22 07:36:38,"D. Faber-Langendoen"
688628,"Tsuga canadensis / Rhododendron maximum / Sphagnum spp. Swamp Forest","""Swamp Forest"" fix (NVC186g)",2025-07-22 07:36:40,"D. Faber-Langendoen"
742067,"Fraxinus pennsylvanica - Acer saccharinum - Quercus bicolor / Boehmeria cylindrica Swamp Forest","""Swamp Forest"" fix (NVC186g)",2025-07-22 07:36:42,"D. Faber-Langendoen"
742067,"Fraxinus pennsylvanica - Acer saccharinum - Quercus bicolor / Boehmeria cylindrica Floodplain Forest","New York NVC peer review",2021-04-29 04:21:30,"D. Faber-Langendoen & NYHP"
800146,"Abies balsamea - Picea rubens / Danthonia compressa - Lycopodium spp. / Sphagnum spp. Swamp Forest","""Swamp Forest"" fix (NVC186g)",2025-07-22 07:36:54,"D. Faber-Langendoen"
800184,"Picea rubens / Rhododendron maximum - Kalmia latifolia / Eriophorum virginicum / Sphagnum spp. Swamp Forest","""Swamp Forest"" fix (NVC186g)",2025-07-22 07:36:57,"D. Faber-Langendoen"
686961,"Alnus rubra / Athyrium filix-femina - Asarum caudatum Swamp Forest","""Swamp Forest"" fix (NVC186g)",2025-07-22 07:36:58,"D. Faber-Langendoen"
689343,"Picea engelmannii / Calamagrostis canadensis Swamp Forest","""Swamp Forest"" fix (NVC186g)",2025-07-22 07:37:02,"D. Faber-Langendoen"
688327,"<i>Populus tremuloides / Carex aquatilis var. aquatilis</i> Riparian Forest","",2019-04-29 12:00:00,"M. Reid"
685678,"Populus tremuloides / Carex pellita Swamp Forest","""Swamp Forest"" fix (NVC186g)",2025-07-22 07:37:07,"D. Faber-Langendoen"
892950,"Picea mariana - Larix laricina / Vaccinium oxycoccos / Sphagnum spp. Swamp Forest","""Swamp Forest"" fix (NVC186g)",2025-07-22 07:37:11,"D. Faber-Langendoen"
684732,"Abies amabilis - Tsuga mertensiana / Oplopanax horridus Swamp Forest","""Swamp Forest"" fix (NVC186g)",2025-07-22 07:37:22,"D. Faber-Langendoen"
688775,"Tsuga mertensiana - Callitropsis nootkatensis / Vaccinium parvifolium / Rubus pedatus - Lysichiton americanus Swamp Forest","""Swamp Forest"" fix (NVC186g)",2025-07-22 07:37:26,"D. Faber-Langendoen"
838402,"Bursera simaruba - Coccoloba diversifolia - Eugenia sp. Caribbean Coastal Lowland Dry Forest Macrogroup","Nomenclature fix (NVC186g)",2025-07-22 04:53:08,"D. Faber-Langendoen"
836508,"Quercus ilicifolia - Kalmia angustifolia - Arctostaphylos uva-ursi Sand Barrens Group","This name is ""not great; needs work"".",2024-06-21 12:00:00,"D.Faber-Langendoen"
884032,"Tropical & Temperate Cultivated Pasture & Hay Field Cultural Subgroup","GET Cultural name suffix revisions",2024-01-23 04:58:08,"D. Faber-Langendoen"
884089,"Developed Wetland Cultural Subformation","GET Cultural name suffix revisions",2024-01-23 04:58:08,"D. Faber-Langendoen"
884084,"Developed Open Land Cultural Group","GET Cultural name suffix revisions",2024-01-23 04:58:08,"D. Faber-Langendoen"
939241,"Exotic Hawaiian Hardwood Plantation Cultural Type","GET Cultural name suffix revisions",2024-01-23 04:58:08,"D. Faber-Langendoen"
902981,"Eastern North American Temperate Forest Plantation Cultural Subgroup","GET Cultural name suffix revisions",2024-01-23 04:58:08,"D. Faber-Langendoen"
884024,"Tropical & Temperate Sunflower Crop Cultural Subgroup","GET Cultural name suffix revisions",2024-01-23 04:58:08,"D. Faber-Langendoen"
884007,"Wetland Shrub Horticultural Crop Cultural Subformation","GET Cultural name suffix revisions",2024-01-23 04:58:08,"D. Faber-Langendoen"
884015,"Legume Crop Cultural Group","GET Cultural name suffix revisions",2024-01-23 04:58:08,"D. Faber-Langendoen"
884086,"Developed Wooded Land Cultural Group","GET Cultural name suffix revisions",2024-01-23 04:58:08,"D. Faber-Langendoen"
884112,"Tropical & Temperate Bush Fruit & Berry Crop Cultural Subgroup","GET Cultural name suffix revisions",2024-01-23 04:58:08,"D. Faber-Langendoen"
884077,"Horticultural Garden Vegetation Cultural Subformation","GET_revisions",2024-01-23 03:28:53,"D. Faber-Langendoen"
942816,"Exotic Caribbean Palm Plantation Cultural Type","GET Cultural name suffix revisions",2024-01-23 04:58:08,"D. Faber-Langendoen"
881418,"Caribbean Forest Plantation Cultural Subgroup","GET Cultural name suffix revisions",2024-01-23 04:58:08,"D. Faber-Langendoen"
688651,"Physocarpus opulifolius / Campanula divaricata - Tradescantia subaspera - (Packera plattensis) Cliff Sparse Vegetation","remaining edits for V3.0 release",2025-08-14 05:41:13,"D. Faber-Langendoen"
1352331,"Pascopyrum smithii - Elymus lanceolatus - Bouteloua gracilis Solonetzic Grassland Group","remaining edits for V3.0 release",2025-08-14 05:41:14,"D. Faber-Langendoen"
860636,"Artemisia tridentata - Artemisia tripartita ssp. tripartita - Purshia tridentata Steppe & Shrubland Macrogroup","Nomenclature fix (NVC186g)",2025-07-22 04:53:28,"D. Faber-Langendoen"
688952,"Cercocarpus intricatus Slickrock Sparse Vegetation","remaining edits for V3.0 release",2025-08-14 05:41:16,"D. Faber-Langendoen"
686063,"Cercocarpus montanus Rock Pavement Sparse Vegetation","remaining edits for V3.0 release",2025-08-14 05:41:16,"D. Faber-Langendoen"
857884,"Polemonium viscosum - Castilleja nana Alpine Rock Sparse Vegetation","remaining edits for V3.0 release",2025-08-14 05:41:17,"D. Faber-Langendoen"
902980,"Temperate & Boreal Plantation Cultural Group","GET Cultural name suffix revisions",2024-01-23 04:58:08,"D. Faber-Langendoen"
884051,"Tropical & Temperate Fallow Field Weed Vegetation Cultural Subgroup","GET Cultural name suffix revisions",2024-01-23 04:58:08,"D. Faber-Langendoen"
683809,"Vaccinium spp. / Danthonia spicata - Solidago puberula Riverscour Sparse Vegetation","remaining edits for V3.0 release",2025-08-14 05:41:18,"D. Faber-Langendoen"
685773,"Igneous - Metamorphic Bedrock Inland Lake Shore Sparse Vegetation","remaining edits for V3.0 release",2025-08-14 05:41:19,"D. Faber-Langendoen"
688172,"Basalt - Diabase Cobble - Gravel Great Lakes Shore Sparse Vegetation","remaining edits for V3.0 release",2025-08-14 05:41:20,"D. Faber-Langendoen"
800985,"North Atlantic Maritime Erosional Bluff Sparse Vegetation","remaining edits for V3.0 release",2025-08-14 05:41:21,"D. Faber-Langendoen"
