"kingdom","phylum","class","order","family","genus","type"
"Bacteria","Cyanobacteria","","","Aphralysiaceae","Archaeolithoporella","Cyanobacteria"
"Bacteria","Cyanobacteria","Cyanobacteriia","Cyanobacteriales","","Marpolia","Cyanobacteria"
"Bacteria","Cyanobacteria","Cyanobacteriia","Cyanobacteriales","Aerosakkonemataceae","Aerosakkonema","Cyanobacteria"
"Bacteria","Cyanobacteria","Cyanobacteriia","Cyanobacteriales","Aerosakkonemataceae","Cephalothrix","Cyanobacteria"
"Bacteria","Cyanobacteria","Cyanobacteriia","Cyanobacteriales","Aerosakkonemataceae","Microseira","Cyanobacteria"
"Bacteria","Cyanobacteria","Cyanobacteriia","Cyanobacteriales","Aphanizomenonaceae","Aphanizomenon","Cyanobacteria"
"Bacteria","Cyanobacteria","Cyanobacteriia","Cyanobacteriales","Aphanizomenonaceae","Cyanomargarita","Cyanobacteria"
"Bacteria","Cyanobacteria","Cyanobacteriia","Cyanobacteriales","Aphanizomenonaceae","Cylindrospermopsis","Cyanobacteria"
"Bacteria","Cyanobacteria","Cyanobacteriia","Cyanobacteriales","Aphanizomenonaceae","Dolichospermum","Cyanobacteria"
"Bacteria","Cyanobacteria","Cyanobacteriia","Cyanobacteriales","Aphanizomenonaceae","Gloeotrichia","Cyanobacteria"
"Bacteria","Cyanobacteria","Cyanobacteriia","Cyanobacteriales","Aphanizomenonaceae","Hydrocoryne","Cyanobacteria"
"Bacteria","Cyanobacteria","Cyanobacteriia","Cyanobacteriales","Aphanizomenonaceae","Wollea","Cyanobacteria"
"Bacteria","Cyanobacteria","Cyanobacteriia","Cyanobacteriales","Calotrichaceae","Fulbrightiella","Cyanobacteria"
"Bacteria","Cyanobacteria","Cyanobacteriia","Cyanobacteriales","Calotrichaceae","Sherwoodiella","Cyanobacteria"
"Bacteria","Cyanobacteria","Cyanobacteriia","Cyanobacteriales","Coleofasciculaceae","Symploca","Cyanobacteria"
"Bacteria","Cyanobacteria","Cyanobacteriia","Cyanobacteriales","Cyanobacteriaceae","Limnothrix","Cyanobacteria"
"Bacteria","Cyanobacteria","Cyanobacteriia","Cyanobacteriales","Garwoodiaceae","Ortonella","Cyanobacteria"
"Bacteria","Cyanobacteria","Cyanobacteriia","Cyanobacteriales","Geitleriaceae","Geitleria","Cyanobacteria"
"Bacteria","Cyanobacteria","Cyanobacteriia","Cyanobacteriales","Girvanellaceae","Girvanella","Cyanobacteria"
"Bacteria","Cyanobacteria","Cyanobacteriia","Cyanobacteriales","Hapalosiphonaceae","Fischerellopsis","Cyanobacteria"
"Bacteria","Cyanobacteria","Cyanobacteriia","Cyanobacteriales","Hapalosiphonaceae","Hapalosiphon","Cyanobacteria"
"Bacteria","Cyanobacteria","Cyanobacteriia","Cyanobacteriales","Hapalosiphonaceae","Mastigocladus","Cyanobacteria"
"Bacteria","Cyanobacteria","Cyanobacteriia","Cyanobacteriales","Hapalosiphonaceae","Neowestiellopsis","Cyanobacteria"
"Bacteria","Cyanobacteria","Cyanobacteriia","Cyanobacteriales","Hapalosiphonaceae","Nostochopsis","Cyanobacteria"
"Bacteria","Cyanobacteria","Cyanobacteriia","Cyanobacteriales","Hapalosiphonaceae","Pelatocladus","Cyanobacteria"
"Bacteria","Cyanobacteria","Cyanobacteriia","Cyanobacteriales","Heteroscytonemataceae","Heteroscytonema","Cyanobacteria"
"Bacteria","Cyanobacteria","Cyanobacteriia","Cyanobacteriales","Leptobasaceae","Camptylonemopsis","Cyanobacteria"
"Bacteria","Cyanobacteria","Cyanobacteriia","Cyanobacteriales","Microchaetaceae","Fremyella","Cyanobacteria"
"Bacteria","Cyanobacteria","Cyanobacteriia","Cyanobacteriales","Microcoleaceae","Affixifilum","Cyanobacteria"
"Bacteria","Cyanobacteria","Cyanobacteriia","Cyanobacteriales","Microcoleaceae","Ancylothrix","Cyanobacteria"
"Bacteria","Cyanobacteria","Cyanobacteriia","Cyanobacteriales","Microcoleaceae","Annamia","Cyanobacteria"
"Bacteria","Cyanobacteria","Cyanobacteriia","Cyanobacteriales","Microcoleaceae","Arthrospira","Cyanobacteria"
"Bacteria","Cyanobacteria","Cyanobacteriia","Cyanobacteriales","Microcoleaceae","Blennothrix","Cyanobacteria"
"Bacteria","Cyanobacteria","Cyanobacteriia","Cyanobacteriales","Microcoleaceae","Capilliphycus","Cyanobacteria"
"Bacteria","Cyanobacteria","Cyanobacteriia","Cyanobacteriales","Microcoleaceae","Dapis","Cyanobacteria"
"Bacteria","Cyanobacteria","Cyanobacteriia","Cyanobacteriales","Microcoleaceae","Dasygloea","Cyanobacteria"
"Bacteria","Cyanobacteria","Cyanobacteriia","Cyanobacteriales","Microcoleaceae","Homoeothrix","Cyanobacteria"
"Bacteria","Cyanobacteria","Cyanobacteriia","Cyanobacteriales","Microcoleaceae","Hydrocoleum","Cyanobacteria"
"Bacteria","Cyanobacteria","Cyanobacteriia","Cyanobacteriales","Microcoleaceae","Kamptonema","Cyanobacteria"
"Bacteria","Cyanobacteria","Cyanobacteriia","Cyanobacteriales","Microcoleaceae","Leibleinia","Cyanobacteria"
"Bacteria","Cyanobacteria","Cyanobacteriia","Cyanobacteriales","Microcoleaceae","Leptochromothrix","Cyanobacteria"
"Bacteria","Cyanobacteria","Cyanobacteriia","Cyanobacteriales","Microcoleaceae","Limnoraphis","Cyanobacteria"
"Bacteria","Cyanobacteria","Cyanobacteriia","Cyanobacteriales","Microcoleaceae","Limnospira","Cyanobacteria"
"Bacteria","Cyanobacteria","Cyanobacteriia","Cyanobacteriales","Microcoleaceae","Lyngbya","Cyanobacteria"
"Bacteria","Cyanobacteria","Cyanobacteriia","Cyanobacteriales","Microcoleaceae","Lyngbyopsis","Cyanobacteria"
"Bacteria","Cyanobacteria","Cyanobacteriia","Cyanobacteriales","Microcoleaceae","Microcoleus","Cyanobacteria"
"Bacteria","Cyanobacteria","Cyanobacteriia","Cyanobacteriales","Microcoleaceae","Neolyngbya","Cyanobacteria"
"Bacteria","Cyanobacteria","Cyanobacteriia","Cyanobacteriales","Microcoleaceae","Okeania","Cyanobacteria"
"Bacteria","Cyanobacteria","Cyanobacteriia","Cyanobacteriales","Microcoleaceae","Ophiophycus","Cyanobacteria"
"Bacteria","Cyanobacteria","Cyanobacteriia","Cyanobacteriales","Microcoleaceae","Planktothrix","Cyanobacteria"
"Bacteria","Cyanobacteria","Cyanobacteriia","Cyanobacteriales","Microcoleaceae","Porphyrosiphon","Cyanobacteria"
"Bacteria","Cyanobacteria","Cyanobacteriia","Cyanobacteriales","Microcoleaceae","Sirenicapillaria","Cyanobacteria"
"Bacteria","Cyanobacteria","Cyanobacteriia","Cyanobacteriales","Microcoleaceae","Symplocastrum","Cyanobacteria"
"Bacteria","Cyanobacteria","Cyanobacteriia","Cyanobacteriales","Microcoleaceae","Tenebriella","Cyanobacteria"
"Bacteria","Cyanobacteria","Cyanobacteriia","Cyanobacteriales","Microcoleaceae","Tigrinifilum","Cyanobacteria"
"Bacteria","Cyanobacteria","Cyanobacteriia","Cyanobacteriales","Microcoleaceae","Trichodesmium","Cyanobacteria"
"Bacteria","Cyanobacteria","Cyanobacteriia","Cyanobacteriales","Microcoleaceae","Tychonema","Cyanobacteria"
"Bacteria","Cyanobacteria","Cyanobacteriia","Cyanobacteriales","Nodulariaceae","Desikacharya","Cyanobacteria"
"Bacteria","Cyanobacteria","Cyanobacteriia","Cyanobacteriales","Nodulariaceae","Goleter","Cyanobacteria"
"Bacteria","Cyanobacteria","Cyanobacteriia","Cyanobacteriales","Nodulariaceae","Halotia","Cyanobacteria"
"Bacteria","Cyanobacteria","Cyanobacteriia","Cyanobacteriales","Nostocaceae","Aetokthonos","Cyanobacteria"
"Bacteria","Cyanobacteria","Cyanobacteriia","Cyanobacteriales","Nostocaceae","Anabaena","Cyanobacteria"
"Bacteria","Cyanobacteria","Cyanobacteriia","Cyanobacteriales","Nostocaceae","Anabaenopsis","Cyanobacteria"
"Bacteria","Cyanobacteria","Cyanobacteriia","Cyanobacteriales","Nostocaceae","Atlanticothrix","Cyanobacteria"
"Bacteria","Cyanobacteria","Cyanobacteriia","Cyanobacteriales","Nostocaceae","Aulosira","Cyanobacteria"
"Bacteria","Cyanobacteria","Cyanobacteriia","Cyanobacteriales","Nostocaceae","Brasilonema","Cyanobacteria"
"Bacteria","Cyanobacteria","Cyanobacteriia","Cyanobacteriales","Nostocaceae","Chlorogloeopsis","Cyanobacteria"
"Bacteria","Cyanobacteria","Cyanobacteriia","Cyanobacteriales","Nostocaceae","Compactonostoc","Cyanobacteria"
"Bacteria","Cyanobacteria","Cyanobacteriia","Cyanobacteriales","Nostocaceae","Cuspidothrix","Cyanobacteria"
"Bacteria","Cyanobacteria","Cyanobacteriia","Cyanobacteriales","Nostocaceae","Cylindrospermum","Cyanobacteria"
"Bacteria","Cyanobacteria","Cyanobacteriia","Cyanobacteriales","Nostocaceae","Dendronalium","Cyanobacteria"
"Bacteria","Cyanobacteria","Cyanobacteriia","Cyanobacteriales","Nostocaceae","Desmonostoc","Cyanobacteria"
"Bacteria","Cyanobacteria","Cyanobacteriia","Cyanobacteriales","Nostocaceae","Fischerella","Cyanobacteria"
"Bacteria","Cyanobacteria","Cyanobacteriia","Cyanobacteriales","Nostocaceae","Fortiea","Cyanobacteria"
"Bacteria","Cyanobacteria","Cyanobacteriia","Cyanobacteriales","Nostocaceae","Hassallia","Cyanobacteria"
"Bacteria","Cyanobacteria","Cyanobacteriia","Cyanobacteriales","Nostocaceae","Hormothamnion","Cyanobacteria"
"Bacteria","Cyanobacteria","Cyanobacteriia","Cyanobacteriales","Nostocaceae","Hormothamnium","Cyanobacteria"
"Bacteria","Cyanobacteria","Cyanobacteriia","Cyanobacteriales","Nostocaceae","Iningainema","Cyanobacteria"
"Bacteria","Cyanobacteria","Cyanobacteriia","Cyanobacteriales","Nostocaceae","Isocystis","Cyanobacteria"
"Bacteria","Cyanobacteria","Cyanobacteriia","Cyanobacteriales","Nostocaceae","Komarekiella","Cyanobacteria"
"Bacteria","Cyanobacteria","Cyanobacteriia","Cyanobacteriales","Nostocaceae","Mastigocladopsis","Cyanobacteria"
"Bacteria","Cyanobacteria","Cyanobacteriia","Cyanobacteriales","Nostocaceae","Mojavia","Cyanobacteria"
"Bacteria","Cyanobacteria","Cyanobacteriia","Cyanobacteriales","Nostocaceae","Nodularia","Cyanobacteria"
"Bacteria","Cyanobacteria","Cyanobacteriia","Cyanobacteriales","Nostocaceae","Nostoc","Cyanobacteria"
"Bacteria","Cyanobacteria","Cyanobacteriia","Cyanobacteriales","Nostocaceae","Raphidiopsis","Cyanobacteria"
"Bacteria","Cyanobacteria","Cyanobacteriia","Cyanobacteriales","Nostocaceae","Richelia","Cyanobacteria"
"Bacteria","Cyanobacteria","Cyanobacteriia","Cyanobacteriales","Rivulariaceae","Rivularia","Cyanobacteria"
"Bacteria","Cyanobacteria","Cyanobacteriia","Cyanobacteriales","Nostocaceae","Roholtiella","Cyanobacteria"
"Bacteria","Cyanobacteria","Cyanobacteriia","Cyanobacteriales","Nostocaceae","Spermosira","Cyanobacteria"
"Bacteria","Cyanobacteria","Cyanobacteriia","Cyanobacteriales","Nostocaceae","Sphaerozyga","Cyanobacteria"
"Bacteria","Cyanobacteria","Cyanobacteriia","Cyanobacteriales","Nostocaceae","Trichormus","Cyanobacteria"
"Bacteria","Cyanobacteria","Cyanobacteriia","Cyanobacteriales","Nostocaceae","Umezakia","Cyanobacteria"
"Bacteria","Cyanobacteria","Cyanobacteriia","Cyanobacteriales","Hapalosiphonaceae","Mastigocoleus","Cyanobacteria"
"Bacteria","Cyanobacteria","Cyanobacteriia","Cyanobacteriales","Oscillatoriaceae","Chthonoblastus","Cyanobacteria"
"Bacteria","Cyanobacteria","Cyanobacteriia","Cyanobacteriales","Oscillatoriaceae","Hypheothrix","Cyanobacteria"
"Bacteria","Cyanobacteria","Cyanobacteriia","Cyanobacteriales","Oscillatoriaceae","Leptothrix","Cyanobacteria"
"Bacteria","Cyanobacteria","Cyanobacteriia","Cyanobacteriales","Oscillatoriaceae","Oligoclonium","Cyanobacteria"
"Bacteria","Cyanobacteria","Cyanobacteriia","Cyanobacteriales","Oscillatoriaceae","Oscillaria","Cyanobacteria"
"Bacteria","Cyanobacteria","Cyanobacteriia","Cyanobacteriales","Oscillatoriaceae","Oscillatoria","Cyanobacteria"
"Bacteria","Cyanobacteria","Cyanobacteriia","Cyanobacteriales","Oscillatoriaceae","Oxynema","Cyanobacteria"
"Bacteria","Cyanobacteria","Cyanobacteriia","Cyanobacteriales","Oscillatoriaceae","Phormidium","Cyanobacteria"
"Bacteria","Cyanobacteria","Cyanobacteriia","Cyanobacteriales","Oscillatoriaceae","Planktothricoides","Cyanobacteria"
"Bacteria","Cyanobacteria","Cyanobacteriia","Cyanobacteriales","Oscillatoriaceae","Plectonema","Cyanobacteria"
"Bacteria","Cyanobacteria","Cyanobacteriia","Cyanobacteriales","Rhizonemataceae","Rhizonema","Cyanobacteria"
"Bacteria","Cyanobacteria","Cyanobacteriia","Cyanobacteriales","Rivulariaceae","Amphithrix","Cyanobacteria"
"Bacteria","Cyanobacteria","Cyanobacteriia","Cyanobacteriales","Rivulariaceae","Bija","Cyanobacteria"
"Bacteria","Cyanobacteria","Cyanobacteriia","Cyanobacteriales","Rivulariaceae","Calothrix","Cyanobacteria"
"Bacteria","Cyanobacteria","Cyanobacteriia","Cyanobacteriales","Rivulariaceae","Dasyactis","Cyanobacteria"
"Bacteria","Cyanobacteria","Cyanobacteriia","Cyanobacteriales","Rivulariaceae","Dichothrix","Cyanobacteria"
"Bacteria","Cyanobacteria","Cyanobacteriia","Cyanobacteriales","Rivulariaceae","Hedstroemia","Cyanobacteria"
"Bacteria","Cyanobacteria","Cyanobacteriia","Cyanobacteriales","Rivulariaceae","Isactis","Cyanobacteria"
"Bacteria","Cyanobacteria","Cyanobacteriia","Cyanobacteriales","Rivulariaceae","Kyrtuthrix","Cyanobacteria"
"Bacteria","Cyanobacteria","Cyanobacteriia","Cyanobacteriales","Rivulariaceae","Leptochaete","Cyanobacteria"
"Bacteria","Cyanobacteria","Cyanobacteriia","Cyanobacteriales","Rivulariaceae","Macrochaete","Cyanobacteria"
"Bacteria","Cyanobacteria","Cyanobacteriia","Cyanobacteriales","Rivulariaceae","Mastigonema","Cyanobacteria"
"Bacteria","Cyanobacteria","Cyanobacteriia","Cyanobacteriales","Rivulariaceae","Microchaete","Cyanobacteria"
"Bacteria","Cyanobacteria","Cyanobacteriia","Cyanobacteriales","Rivulariaceae","Nunduva","Cyanobacteria"
"Bacteria","Cyanobacteria","Cyanobacteriia","Cyanobacteriales","Rivulariaceae","Phyllonema","Cyanobacteria"
"Bacteria","Cyanobacteria","Cyanobacteriia","Cyanobacteriales","Schizotrichaceae","Trichocoleus","Cyanobacteria"
"Bacteria","Cyanobacteria","Cyanobacteriia","Cyanobacteriales","Scytonemataceae","Brachytrichia","Cyanobacteria"
"Bacteria","Cyanobacteria","Cyanobacteriia","Cyanobacteriales","Scytonemataceae","Chakia","Cyanobacteria"
"Bacteria","Cyanobacteria","Cyanobacteriia","Cyanobacteriales","Scytonemataceae","Desmonema","Cyanobacteria"
"Bacteria","Cyanobacteria","Cyanobacteriia","Cyanobacteriales","Scytonemataceae","Ewamiania","Cyanobacteria"
"Bacteria","Cyanobacteria","Cyanobacteriia","Cyanobacteriales","Scytonemataceae","Petalonema","Cyanobacteria"
"Bacteria","Cyanobacteria","Cyanobacteriia","Cyanobacteriales","Scytonemataceae","Scytonema","Cyanobacteria"
"Bacteria","Cyanobacteria","Cyanobacteriia","Cyanobacteriales","Scytonemataceae","Scytonematopsis","Cyanobacteria"
"Bacteria","Cyanobacteria","Cyanobacteriia","Cyanobacteriales","Scytonemataceae","Symphyonema","Cyanobacteria"
"Bacteria","Cyanobacteria","Cyanobacteriia","Cyanobacteriales","Spirulinaceae","Spirulina","Cyanobacteria"
"Bacteria","Cyanobacteria","Cyanobacteriia","Cyanobacteriales","Stigonemataceae","Homoeoptyche","Cyanobacteria"
"Bacteria","Cyanobacteria","Cyanobacteriia","Cyanobacteriales","Stigonemataceae","Sirosiphon","Cyanobacteria"
"Bacteria","Cyanobacteria","Cyanobacteriia","Cyanobacteriales","Symphyonemataceae","Loriellopsis","Cyanobacteria"
"Bacteria","Cyanobacteria","Cyanobacteriia","Cyanobacteriales","Tolypothrichaceae","Coleodesmium","Cyanobacteria"
"Bacteria","Cyanobacteria","Cyanobacteriia","Cyanobacteriales","Tolypothrichaceae","Dactylothamnos","Cyanobacteria"
"Bacteria","Cyanobacteria","Cyanobacteriia","Cyanobacteriales","Tolypothrichaceae","Rexia","Cyanobacteria"
"Bacteria","Cyanobacteria","Cyanobacteriia","Cyanobacteriales","Tolypothrichaceae","Spirirestis","Cyanobacteria"
"Bacteria","Cyanobacteria","Cyanobacteriia","Cyanobacteriales","Tolypothrichaceae","Streptostemon","Cyanobacteria"
"Bacteria","Cyanobacteria","Cyanobacteriia","Cyanobacteriales","Tolypothrichaceae","Tolypothrix","Cyanobacteria"
"Bacteria","Cyanobacteria","Cyanobacteriia","Cyanobacteriales","Tolypothrichaceae","Toxopsis","Cyanobacteria"
"Bacteria","Cyanobacteria","Cyanobacteriia","Leptolyngbyales","Leptolyngbyaceae","Heteroleibleinia","Cyanobacteria"
"Bacteria","Cyanobacteria","Cyanobacteriia","Leptolyngbyales","Leptolyngbyaceae","Pseudophormidium","Cyanobacteria"
"Bacteria","Cyanobacteria","Cyanobacteriia","Leptolyngbyales","Trichocoleusaceae","Schizothrix","Cyanobacteria"
"Bacteria","Cyanobacteria","Cyanobacteriia","Pseudanabaenales","Pseudanabaenaceae","Spirocoleus","Cyanobacteria"
"Bacteria","Cyanobacteria","Cyanobacteriia","Synechococcales","Merismopediaceae","Polycystis","Cyanobacteria"
"Bacteria","Cyanobacteria","Cyanobacteriia","Synechococcales","Synechococcaceae","Synechococcus","Cyanobacteria"
"Chromista","Ochrophyta","Phaeophyceae","","","Astropolithon","brown algae"
"Chromista","Ochrophyta","Phaeophyceae","","Platysiphonaceae","Arcticophycus","brown algae"
"Chromista","Ochrophyta","Phaeophyceae","Cutleriales","Cutleriaceae","Cutleria","brown algae"
"Chromista","Ochrophyta","Phaeophyceae","Cutleriales","Cutleriaceae","Mutimo","brown algae"
"Chromista","Ochrophyta","Phaeophyceae","Desmarestiales","Arthrocladiaceae","Arthrocladia","brown algae"
"Chromista","Ochrophyta","Phaeophyceae","Desmarestiales","Desmarestiaceae","Desmarestia","brown algae"
"Chromista","Ochrophyta","Phaeophyceae","Desmarestiales","Desmarestiaceae","Hippurina","brown algae"
"Chromista","Ochrophyta","Phaeophyceae","Desmarestiales","Desmarestiaceae","Phaeurus","brown algae"
"Chromista","Ochrophyta","Phaeophyceae","Dictyotales","Dictyotaceae","Canistrocarpus","brown algae"
"Chromista","Ochrophyta","Phaeophyceae","Dictyotales","Dictyotaceae","Dictyopteris","brown algae"
"Chromista","Ochrophyta","Phaeophyceae","Dictyotales","Dictyotaceae","Dictyota","brown algae"
"Chromista","Ochrophyta","Phaeophyceae","Dictyotales","Dictyotaceae","Distromium","brown algae"
"Chromista","Ochrophyta","Phaeophyceae","Dictyotales","Dictyotaceae","Lobophora","brown algae"
"Chromista","Ochrophyta","Phaeophyceae","Dictyotales","Dictyotaceae","Pachydictyon","brown algae"
"Chromista","Ochrophyta","Phaeophyceae","Dictyotales","Dictyotaceae","Padina","brown algae"
"Chromista","Ochrophyta","Phaeophyceae","Dictyotales","Dictyotaceae","Spatoglossum","brown algae"
"Chromista","Ochrophyta","Phaeophyceae","Dictyotales","Dictyotaceae","Stoechospermum","brown algae"
"Chromista","Ochrophyta","Phaeophyceae","Dictyotales","Dictyotaceae","Stypopodium","brown algae"
"Chromista","Ochrophyta","Phaeophyceae","Dictyotales","Dictyotaceae","Taonia","brown algae"
"Chromista","Ochrophyta","Phaeophyceae","Dictyotales","Dictyotaceae","Vaughaniella","brown algae"
"Chromista","Ochrophyta","Phaeophyceae","Dictyotales","Dictyotaceae","Zonaria","brown algae"
"Chromista","Ochrophyta","Phaeophyceae","Discosporangiales","Choristocarpaceae","Discosporangium","brown algae"
"Chromista","Ochrophyta","Phaeophyceae","Ectocarpales","Acinetosporaceae","Acinetospora","brown algae"
"Chromista","Ochrophyta","Phaeophyceae","Ectocarpales","Acinetosporaceae","Feldmannia","brown algae"
"Chromista","Ochrophyta","Phaeophyceae","Ectocarpales","Acinetosporaceae","Geminocarpus","brown algae"
"Chromista","Ochrophyta","Phaeophyceae","Ectocarpales","Acinetosporaceae","Herponema","brown algae"
"Chromista","Ochrophyta","Phaeophyceae","Ectocarpales","Acinetosporaceae","Hincksia","brown algae"
"Chromista","Ochrophyta","Phaeophyceae","Ectocarpales","Acinetosporaceae","Internoretia","brown algae"
"Chromista","Ochrophyta","Phaeophyceae","Ectocarpales","Acinetosporaceae","Kuetzingiella","brown algae"
"Chromista","Ochrophyta","Phaeophyceae","Ectocarpales","Acinetosporaceae","Pogotrichum","brown algae"
"Chromista","Ochrophyta","Phaeophyceae","Ectocarpales","Acinetosporaceae","Pylaiella","brown algae"
"Chromista","Ochrophyta","Phaeophyceae","Ectocarpales","Adenocystaceae","Adenocystis","brown algae"
"Chromista","Ochrophyta","Phaeophyceae","Ectocarpales","Chordariaceae","Acrothrix","brown algae"
"Chromista","Ochrophyta","Phaeophyceae","Ectocarpales","Chordariaceae","Ascocyclus","brown algae"
"Chromista","Ochrophyta","Phaeophyceae","Ectocarpales","Chordariaceae","Asperococcus","brown algae"
"Chromista","Ochrophyta","Phaeophyceae","Ectocarpales","Chordariaceae","Castagnea","brown algae"
"Chromista","Ochrophyta","Phaeophyceae","Ectocarpales","Chordariaceae","Chordaria","brown algae"
"Chromista","Ochrophyta","Phaeophyceae","Ectocarpales","Chordariaceae","Cladosiphon","brown algae"
"Chromista","Ochrophyta","Phaeophyceae","Ectocarpales","Chordariaceae","Coelocladia","brown algae"
"Chromista","Ochrophyta","Phaeophyceae","Ectocarpales","Chordariaceae","Coilodesme","brown algae"
"Chromista","Ochrophyta","Phaeophyceae","Ectocarpales","Chordariaceae","Corycus","brown algae"
"Chromista","Ochrophyta","Phaeophyceae","Ectocarpales","Chordariaceae","Delamarea","brown algae"
"Chromista","Ochrophyta","Phaeophyceae","Ectocarpales","Chordariaceae","Dictyosiphon","brown algae"
"Chromista","Ochrophyta","Phaeophyceae","Ectocarpales","Chordariaceae","Elachista","brown algae"
"Chromista","Ochrophyta","Phaeophyceae","Ectocarpales","Chordariaceae","Entonema","brown algae"
"Chromista","Ochrophyta","Phaeophyceae","Ectocarpales","Chordariaceae","Eudesme","brown algae"
"Chromista","Ochrophyta","Phaeophyceae","Ectocarpales","Chordariaceae","Fosliea","brown algae"
"Chromista","Ochrophyta","Phaeophyceae","Ectocarpales","Chordariaceae","Gononema","brown algae"
"Chromista","Ochrophyta","Phaeophyceae","Ectocarpales","Chordariaceae","Halodictyon","brown algae"
"Chromista","Ochrophyta","Phaeophyceae","Ectocarpales","Chordariaceae","Halorhipis","brown algae"
"Chromista","Ochrophyta","Phaeophyceae","Ectocarpales","Chordariaceae","Halothrix","brown algae"
"Chromista","Ochrophyta","Phaeophyceae","Ectocarpales","Chordariaceae","Haplogloia","brown algae"
"Chromista","Ochrophyta","Phaeophyceae","Ectocarpales","Chordariaceae","Hecatonema","brown algae"
"Chromista","Ochrophyta","Phaeophyceae","Ectocarpales","Chordariaceae","Heterosaundersella","brown algae"
"Chromista","Ochrophyta","Phaeophyceae","Ectocarpales","Chordariaceae","Hummia","brown algae"
"Chromista","Ochrophyta","Phaeophyceae","Ectocarpales","Chordariaceae","Isthmoplea","brown algae"
"Chromista","Ochrophyta","Phaeophyceae","Ectocarpales","Chordariaceae","Laminariocolax","brown algae"
"Chromista","Ochrophyta","Phaeophyceae","Ectocarpales","Chordariaceae","Laminarionema","brown algae"
"Chromista","Ochrophyta","Phaeophyceae","Ectocarpales","Chordariaceae","Leathesia","brown algae"
"Chromista","Ochrophyta","Phaeophyceae","Ectocarpales","Chordariaceae","Litosiphon","brown algae"
"Chromista","Ochrophyta","Phaeophyceae","Ectocarpales","Chordariaceae","Melanosiphon","brown algae"
"Chromista","Ochrophyta","Phaeophyceae","Ectocarpales","Chordariaceae","Mesogloia","brown algae"
"Chromista","Ochrophyta","Phaeophyceae","Ectocarpales","Chordariaceae","Microspongium","brown algae"
"Chromista","Ochrophyta","Phaeophyceae","Ectocarpales","Chordariaceae","Microsporangium","brown algae"
"Chromista","Ochrophyta","Phaeophyceae","Ectocarpales","Chordariaceae","Mikrosyphar","brown algae"
"Chromista","Ochrophyta","Phaeophyceae","Ectocarpales","Chordariaceae","Myriactula","brown algae"
"Chromista","Ochrophyta","Phaeophyceae","Ectocarpales","Chordariaceae","Myriocladia","brown algae"
"Chromista","Ochrophyta","Phaeophyceae","Ectocarpales","Chordariaceae","Myriogloea","brown algae"
"Chromista","Ochrophyta","Phaeophyceae","Ectocarpales","Chordariaceae","Myrionema","brown algae"
"Chromista","Ochrophyta","Phaeophyceae","Ectocarpales","Chordariaceae","Myriotrichia","brown algae"
"Chromista","Ochrophyta","Phaeophyceae","Ectocarpales","Chordariaceae","Nemacystus","brown algae"
"Chromista","Ochrophyta","Phaeophyceae","Ectocarpales","Chordariaceae","Papenfussiella","brown algae"
"Chromista","Ochrophyta","Phaeophyceae","Ectocarpales","Chordariaceae","Phycocelis","brown algae"
"Chromista","Ochrophyta","Phaeophyceae","Ectocarpales","Chordariaceae","Pilocladus","brown algae"
"Chromista","Ochrophyta","Phaeophyceae","Ectocarpales","Chordariaceae","Platysiphon","brown algae"
"Chromista","Ochrophyta","Phaeophyceae","Ectocarpales","Chordariaceae","Polycerea","brown algae"
"Chromista","Ochrophyta","Phaeophyceae","Ectocarpales","Chordariaceae","Punctaria","brown algae"
"Chromista","Ochrophyta","Phaeophyceae","Ectocarpales","Chordariaceae","Rhadinocladia","brown algae"
"Chromista","Ochrophyta","Phaeophyceae","Ectocarpales","Chordariaceae","Saundersella","brown algae"
"Chromista","Ochrophyta","Phaeophyceae","Ectocarpales","Chordariaceae","Sauvageaugloia","brown algae"
"Chromista","Ochrophyta","Phaeophyceae","Ectocarpales","Chordariaceae","Soranthera","brown algae"
"Chromista","Ochrophyta","Phaeophyceae","Ectocarpales","Chordariaceae","Sphaerotrichia","brown algae"
"Chromista","Ochrophyta","Phaeophyceae","Ectocarpales","Chordariaceae","Stictyosiphon","brown algae"
"Chromista","Ochrophyta","Phaeophyceae","Ectocarpales","Chordariaceae","Stilophora","brown algae"
"Chromista","Ochrophyta","Phaeophyceae","Ectocarpales","Chordariaceae","Strepsithalia","brown algae"
"Chromista","Ochrophyta","Phaeophyceae","Ectocarpales","Chordariaceae","Striaria","brown algae"
"Chromista","Ochrophyta","Phaeophyceae","Ectocarpales","Chordariaceae","Trachynema","brown algae"
"Chromista","Ochrophyta","Phaeophyceae","Ectocarpales","Chordariaceae","Vimineoleathesia","brown algae"
"Chromista","Ochrophyta","Phaeophyceae","Ectocarpales","Ectocarpaceae","Ectocarpus","brown algae"
"Chromista","Ochrophyta","Phaeophyceae","Ectocarpales","Ectocarpaceae","Kuckuckia","brown algae"
"Chromista","Ochrophyta","Phaeophyceae","Ectocarpales","Ectocarpaceae","Phaeostroma","brown algae"
"Chromista","Ochrophyta","Phaeophyceae","Ectocarpales","Ectocarpaceae","Pilinia","brown algae"
"Chromista","Ochrophyta","Phaeophyceae","Ectocarpales","Ectocarpaceae","Spongonema","brown algae"
"Chromista","Ochrophyta","Phaeophyceae","Ectocarpales","Ectocarpaceae","Xanthosiphonia","brown algae"
"Chromista","Ochrophyta","Phaeophyceae","Ectocarpales","Lithodermataceae","Lithoderma","brown algae"
"Chromista","Ochrophyta","Phaeophyceae","Ectocarpales","Lithodermataceae","Pseudolithoderma","brown algae"
"Chromista","Ochrophyta","Phaeophyceae","Ectocarpales","Petrospongiaceae","Petrospongium","brown algae"
"Chromista","Ochrophyta","Phaeophyceae","Fucales","Durvillaeaceae","Durvillaea","brown algae"
"Chromista","Ochrophyta","Phaeophyceae","Fucales","Fucaceae","Ascophyllum","brown algae"
"Chromista","Ochrophyta","Phaeophyceae","Fucales","Fucaceae","Fucus","brown algae"
"Chromista","Ochrophyta","Phaeophyceae","Fucales","Fucaceae","Hesperophycus","brown algae"
"Chromista","Ochrophyta","Phaeophyceae","Fucales","Fucaceae","Pelvetia","brown algae"
"Chromista","Ochrophyta","Phaeophyceae","Fucales","Fucaceae","Pelvetiopsis","brown algae"
"Chromista","Ochrophyta","Phaeophyceae","Fucales","Fucaceae","Silvetia","brown algae"
"Chromista","Ochrophyta","Phaeophyceae","Fucales","Himanthaliaceae","Himanthalia","brown algae"
"Chromista","Ochrophyta","Phaeophyceae","Fucales","Sargassaceae","Bifurcaria","brown algae"
"Chromista","Ochrophyta","Phaeophyceae","Fucales","Sargassaceae","Cladophyllum","brown algae"
"Chromista","Ochrophyta","Phaeophyceae","Fucales","Sargassaceae","Cystophora","brown algae"
"Chromista","Ochrophyta","Phaeophyceae","Fucales","Sargassaceae","Cystoseira","brown algae"
"Chromista","Ochrophyta","Phaeophyceae","Fucales","Sargassaceae","Halidrys","brown algae"
"Chromista","Ochrophyta","Phaeophyceae","Fucales","Sargassaceae","Myriodesma","brown algae"
"Chromista","Ochrophyta","Phaeophyceae","Fucales","Sargassaceae","Palaeohalidrys","brown algae"
"Chromista","Ochrophyta","Phaeophyceae","Fucales","Sargassaceae","Paleocystophora","brown algae"
"Chromista","Ochrophyta","Phaeophyceae","Fucales","Sargassaceae","Paleohalidrys","brown algae"
"Chromista","Ochrophyta","Phaeophyceae","Fucales","Sargassaceae","Platythalia","brown algae"
"Chromista","Ochrophyta","Phaeophyceae","Fucales","Sargassaceae","Sargassum","brown algae"
"Chromista","Ochrophyta","Phaeophyceae","Fucales","Sargassaceae","Stephanocystis","brown algae"
"Chromista","Ochrophyta","Phaeophyceae","Fucales","Sargassaceae","Stolonophora","brown algae"
"Chromista","Ochrophyta","Phaeophyceae","Fucales","Sargassaceae","Turbinaria","brown algae"
"Chromista","Ochrophyta","Phaeophyceae","Fucales","Seirococcaceae","Phyllospora","brown algae"
"Chromista","Ochrophyta","Phaeophyceae","Ishigeales","Ishigeaceae","Ishige","brown algae"
"Chromista","Ochrophyta","Phaeophyceae","Laminariales","Agaraceae","Neoagarum","brown algae"
"Chromista","Ochrophyta","Phaeophyceae","Laminariales","Alariaceae","Alaria","brown algae"
"Chromista","Ochrophyta","Phaeophyceae","Laminariales","Alariaceae","Aureophycus","brown algae"
"Chromista","Ochrophyta","Phaeophyceae","Laminariales","Alariaceae","Eualaria","brown algae"
"Chromista","Ochrophyta","Phaeophyceae","Laminariales","Alariaceae","Lessoniopsis","brown algae"
"Chromista","Ochrophyta","Phaeophyceae","Laminariales","Alariaceae","Pleurophycus","brown algae"
"Chromista","Ochrophyta","Phaeophyceae","Laminariales","Alariaceae","Pterygophora","brown algae"
"Chromista","Ochrophyta","Phaeophyceae","Laminariales","Alariaceae","Undaria","brown algae"
"Chromista","Ochrophyta","Phaeophyceae","Laminariales","Chordaceae","Chorda","brown algae"
"Chromista","Ochrophyta","Phaeophyceae","Laminariales","Costariaceae","Agarum","brown algae"
"Chromista","Ochrophyta","Phaeophyceae","Laminariales","Costariaceae","Costaria","brown algae"
"Chromista","Ochrophyta","Phaeophyceae","Laminariales","Costariaceae","Dictyoneurum","brown algae"
"Chromista","Ochrophyta","Phaeophyceae","Laminariales","Costariaceae","Thalassiophyllum","brown algae"
"Chromista","Ochrophyta","Phaeophyceae","Laminariales","Laminariaceae","Arthrothamnus","brown algae"
"Chromista","Ochrophyta","Phaeophyceae","Laminariales","Laminariaceae","Cymathaere","brown algae"
"Chromista","Ochrophyta","Phaeophyceae","Laminariales","Laminariaceae","Cymathere","brown algae"
"Chromista","Ochrophyta","Phaeophyceae","Laminariales","Laminariaceae","Hedophyllum","brown algae"
"Chromista","Ochrophyta","Phaeophyceae","Laminariales","Laminariaceae","Kjellmaniella","brown algae"
"Chromista","Ochrophyta","Phaeophyceae","Laminariales","Laminariaceae","Laminaria","brown algae"
"Chromista","Ochrophyta","Phaeophyceae","Laminariales","Laminariaceae","Macrocystis","brown algae"
"Chromista","Ochrophyta","Phaeophyceae","Laminariales","Laminariaceae","Nereocystis","brown algae"
"Chromista","Ochrophyta","Phaeophyceae","Laminariales","Laminariaceae","Pelagophycus","brown algae"
"Chromista","Ochrophyta","Phaeophyceae","Laminariales","Laminariaceae","Phyllariella","brown algae"
"Chromista","Ochrophyta","Phaeophyceae","Laminariales","Laminariaceae","Postelsia","brown algae"
"Chromista","Ochrophyta","Phaeophyceae","Laminariales","Laminariaceae","Renfrewia","brown algae"
"Chromista","Ochrophyta","Phaeophyceae","Laminariales","Laminariaceae","Saccharina","brown algae"
"Chromista","Ochrophyta","Phaeophyceae","Laminariales","Lessoniaceae","Ecklonia","brown algae"
"Chromista","Ochrophyta","Phaeophyceae","Laminariales","Lessoniaceae","Egregia","brown algae"
"Chromista","Ochrophyta","Phaeophyceae","Laminariales","Lessoniaceae","Eisenia","brown algae"
"Chromista","Ochrophyta","Phaeophyceae","Laminariales","Lessoniaceae","Lessonia","brown algae"
"Chromista","Ochrophyta","Phaeophyceae","Nemodermatales","Nemodermataceae","Nemoderma","brown algae"
"Chromista","Ochrophyta","Phaeophyceae","Onslowiales","Onslowiaceae","Verosphacela","brown algae"
"Chromista","Ochrophyta","Phaeophyceae","Ralfsiales","Pseudoralfsiaceae","Pseudoralfsia","brown algae"
"Chromista","Ochrophyta","Phaeophyceae","Ralfsiales","Ralfsiaceae","Endoplura","brown algae"
"Chromista","Ochrophyta","Phaeophyceae","Ralfsiales","Ralfsiaceae","Hapalospongidion","brown algae"
"Chromista","Ochrophyta","Phaeophyceae","Ralfsiales","Ralfsiaceae","Hapterophycus","brown algae"
"Chromista","Ochrophyta","Phaeophyceae","Ralfsiales","Ralfsiaceae","Porterinema","brown algae"
"Chromista","Ochrophyta","Phaeophyceae","Ralfsiales","Ralfsiaceae","Ralfsia","brown algae"
"Chromista","Ochrophyta","Phaeophyceae","Ralfsiales","Ralfsiaceae","Analipus","brown algae"
"Chromista","Ochrophyta","Phaeophyceae","Scytosiphonales","Scytosiphonaceae","Chnoospora","brown algae"
"Chromista","Ochrophyta","Phaeophyceae","Scytosiphonales","Scytosiphonaceae","Colpomenia","brown algae"
"Chromista","Ochrophyta","Phaeophyceae","Scytosiphonales","Scytosiphonaceae","Compsonema","brown algae"
"Chromista","Ochrophyta","Phaeophyceae","Scytosiphonales","Scytosiphonaceae","Dactylosiphon","brown algae"
"Chromista","Ochrophyta","Phaeophyceae","Scytosiphonales","Scytosiphonaceae","Diplura","brown algae"
"Chromista","Ochrophyta","Phaeophyceae","Scytosiphonales","Scytosiphonaceae","Encephalophycus","brown algae"
"Chromista","Ochrophyta","Phaeophyceae","Scytosiphonales","Scytosiphonaceae","Endarachne","brown algae"
"Chromista","Ochrophyta","Phaeophyceae","Scytosiphonales","Scytosiphonaceae","Hydroclathrus","brown algae"
"Chromista","Ochrophyta","Phaeophyceae","Scytosiphonales","Scytosiphonaceae","Petalonia","brown algae"
"Chromista","Ochrophyta","Phaeophyceae","Scytosiphonales","Scytosiphonaceae","Planosiphon","brown algae"
"Chromista","Ochrophyta","Phaeophyceae","Scytosiphonales","Scytosiphonaceae","Rosenvingea","brown algae"
"Chromista","Ochrophyta","Phaeophyceae","Scytosiphonales","Scytosiphonaceae","Scytosiphon","brown algae"
"Chromista","Ochrophyta","Phaeophyceae","Scytosiphonales","Scytosiphonaceae","Stragularia","brown algae"
"Chromista","Ochrophyta","Phaeophyceae","Scytothamnales","Asteronemataceae","Asteronema","brown algae"
"Chromista","Ochrophyta","Phaeophyceae","Scytothamnales","Bachelotiaceae","Bachelotia","brown algae"
"Chromista","Ochrophyta","Phaeophyceae","Sphacelariales","Cladostephaceae","Cladostephus","brown algae"
"Chromista","Ochrophyta","Phaeophyceae","Sphacelariales","Phaeostrophiaceae","Heribaudiella","brown algae"
"Chromista","Ochrophyta","Phaeophyceae","Sphacelariales","Sphacelariaceae","Battersia","brown algae"
"Chromista","Ochrophyta","Phaeophyceae","Sphacelariales","Sphacelariaceae","Chaetopteris","brown algae"
"Chromista","Ochrophyta","Phaeophyceae","Sphacelariales","Sphacelariaceae","Onslowia","brown algae"
"Chromista","Ochrophyta","Phaeophyceae","Sphacelariales","Sphacelariaceae","Sphacelaria","brown algae"
"Chromista","Ochrophyta","Phaeophyceae","Sphacelariales","Sphacelariaceae","Sphacelorbus","brown algae"
"Chromista","Ochrophyta","Phaeophyceae","Sphacelariales","Stypocaulaceae","Halopteris","brown algae"
"Chromista","Ochrophyta","Phaeophyceae","Sphacelariales","Stypocaulaceae","Protohalopteris","brown algae"
"Chromista","Ochrophyta","Phaeophyceae","Sporochnales","Sporochnaceae","Carpomitra","brown algae"
"Chromista","Ochrophyta","Phaeophyceae","Sporochnales","Sporochnaceae","Nereia","brown algae"
"Chromista","Ochrophyta","Phaeophyceae","Sporochnales","Sporochnaceae","Sporochnus","brown algae"
"Chromista","Ochrophyta","Phaeophyceae","Syringodermatales","Syringodermataceae","Microzonia","brown algae"
"Chromista","Ochrophyta","Phaeophyceae","Syringodermatales","Syringodermataceae","Syringoderma","brown algae"
"Chromista","Ochrophyta","Phaeophyceae","Tilopteridales","Halosiphonaceae","Halosiphon","brown algae"
"Chromista","Ochrophyta","Phaeophyceae","Tilopteridales","Masonophycaceae","Masonophycus","brown algae"
"Chromista","Ochrophyta","Phaeophyceae","Tilopteridales","Phyllariaceae","Saccorhiza","brown algae"
"Chromista","Ochrophyta","Phaeophyceae","Tilopteridales","Tilopteridaceae","Haplospora","brown algae"
"Chromista","Ochrophyta","Xanthophyceae","Botrydiales","Botrydiaceae","Asterosiphon","yellow-green algae"
"Chromista","Ochrophyta","Xanthophyceae","Botrydiales","Botrydiaceae","Botrydium","yellow-green algae"
"Chromista","Ochrophyta","Xanthophyceae","Phyllosiphonales","Phyllosiphonaceae","Phyllosiphon","yellow-green algae"
"Chromista","Ochrophyta","Xanthophyceae","Vaucheriales","Vaucheriaceae","Vaucheria","yellow-green algae"
"Chromista","Ochrophyta","Xanthophyceae","Vaucheriales","Vaucheriaceae","Vaucheriopsis","yellow-green algae"
"Fungi","Ascomycota","","Vezdaeales","Vezdaeaceae","Vezdaea","lichen"
"Fungi","Ascomycota","Arthoniomycetes","Arthoniales","Arthoniaceae","Allarthothelium","lichen"
"Fungi","Ascomycota","Arthoniomycetes","Arthoniales","Arthoniaceae","Arthonia","lichen"
"Fungi","Ascomycota","Arthoniomycetes","Arthoniales","Arthoniaceae","Arthothelium","lichen"
"Fungi","Ascomycota","Arthoniomycetes","Arthoniales","Arthoniaceae","Bryostigma","lichen"
"Fungi","Ascomycota","Arthoniomycetes","Arthoniales","Arthoniaceae","Coniarthonia","lichen"
"Fungi","Ascomycota","Arthoniomycetes","Arthoniales","Arthoniaceae","Conidia","lichen"
"Fungi","Ascomycota","Arthoniomycetes","Arthoniales","Arthoniaceae","Coniocarpon","lichen"
"Fungi","Ascomycota","Arthoniomycetes","Arthoniales","Arthoniaceae","Crypthonia","lichen"
"Fungi","Ascomycota","Arthoniomycetes","Arthoniales","Arthoniaceae","Cryptothecia","lichen"
"Fungi","Ascomycota","Arthoniomycetes","Arthoniales","Arthoniaceae","Dermatina","lichen"
"Fungi","Ascomycota","Arthoniomycetes","Arthoniales","Arthoniaceae","Herpothallon","lichen"
"Fungi","Ascomycota","Arthoniomycetes","Arthoniales","Arthoniaceae","Lecideopsis","lichen"
"Fungi","Ascomycota","Arthoniomycetes","Arthoniales","Arthoniaceae","Naevia","lichen"
"Fungi","Ascomycota","Arthoniomycetes","Arthoniales","Arthoniaceae","Pachnolepia","lichen"
"Fungi","Ascomycota","Arthoniomycetes","Arthoniales","Arthoniaceae","Staurospora","lichen"
"Fungi","Ascomycota","Arthoniomycetes","Arthoniales","Arthoniaceae","Stirtonia","lichen"
"Fungi","Ascomycota","Arthoniomycetes","Arthoniales","Arthoniaceae","Tylophoron","lichen"
"Fungi","Ascomycota","Arthoniomycetes","Arthoniales","Chrysotrichaceae","Byssocaulon","lichen"
"Fungi","Ascomycota","Arthoniomycetes","Arthoniales","Chrysotrichaceae","Chrysothrix","lichen"
"Fungi","Ascomycota","Arthoniomycetes","Arthoniales","Lecanographaceae","Alyxoria","lichen"
"Fungi","Ascomycota","Arthoniomycetes","Arthoniales","Lecanographaceae","Heterocyphelium","lichen"
"Fungi","Ascomycota","Arthoniomycetes","Arthoniales","Lecanographaceae","Lecanographa","lichen"
"Fungi","Ascomycota","Arthoniomycetes","Arthoniales","Lecanographaceae","Plectocarpon","lichen"
"Fungi","Ascomycota","Arthoniomycetes","Arthoniales","Lecanographaceae","Zwackhia","lichen"
"Fungi","Ascomycota","Arthoniomycetes","Arthoniales","Opegraphaceae","Combea","lichen"
"Fungi","Ascomycota","Arthoniomycetes","Arthoniales","Opegraphaceae","Cresponea","lichen"
"Fungi","Ascomycota","Arthoniomycetes","Arthoniales","Opegraphaceae","Dictyographa","lichen"
"Fungi","Ascomycota","Arthoniomycetes","Arthoniales","Opegraphaceae","Llimonaea","lichen"
"Fungi","Ascomycota","Arthoniomycetes","Arthoniales","Opegraphaceae","Opegrapha","lichen"
"Fungi","Ascomycota","Arthoniomycetes","Arthoniales","Opegraphaceae","Paraschismatomma","lichen"
"Fungi","Ascomycota","Arthoniomycetes","Arthoniales","Opegraphaceae","Schizopelte","lichen"
"Fungi","Ascomycota","Arthoniomycetes","Arthoniales","Opegraphaceae","Sclerophyton","lichen"
"Fungi","Ascomycota","Arthoniomycetes","Arthoniales","Roccellaceae","Ancistrosporella","lichen"
"Fungi","Ascomycota","Arthoniomycetes","Arthoniales","Roccellaceae","Arthoniactis","lichen"
"Fungi","Ascomycota","Arthoniomycetes","Arthoniales","Roccellaceae","Bactrospora","lichen"
"Fungi","Ascomycota","Arthoniomycetes","Arthoniales","Roccellaceae","Chiodecton","lichen"
"Fungi","Ascomycota","Arthoniomycetes","Arthoniales","Roccellaceae","Dendrographa","lichen"
"Fungi","Ascomycota","Arthoniomycetes","Arthoniales","Roccellaceae","Dirina","lichen"
"Fungi","Ascomycota","Arthoniomycetes","Arthoniales","Roccellaceae","Enterographa","lichen"
"Fungi","Ascomycota","Arthoniomycetes","Arthoniales","Roccellaceae","Graphidastra","lichen"
"Fungi","Ascomycota","Arthoniomycetes","Arthoniales","Roccellaceae","Hubbsia","lichen"
"Fungi","Ascomycota","Arthoniomycetes","Arthoniales","Roccellaceae","Lecanactis","lichen"
"Fungi","Ascomycota","Arthoniomycetes","Arthoniales","Roccellaceae","Leciographa","lichen"
"Fungi","Ascomycota","Arthoniomycetes","Arthoniales","Roccellaceae","Mazosia","lichen"
"Fungi","Ascomycota","Arthoniomycetes","Arthoniales","Roccellaceae","Minksia","lichen"
"Fungi","Ascomycota","Arthoniomycetes","Arthoniales","Roccellaceae","Pyrenotea","lichen"
"Fungi","Ascomycota","Arthoniomycetes","Arthoniales","Roccellaceae","Reinkella","lichen"
"Fungi","Ascomycota","Arthoniomycetes","Arthoniales","Roccellaceae","Roccella","lichen"
"Fungi","Ascomycota","Arthoniomycetes","Arthoniales","Roccellaceae","Roccellina","lichen"
"Fungi","Ascomycota","Arthoniomycetes","Arthoniales","Roccellaceae","Schismatomma","lichen"
"Fungi","Ascomycota","Arthoniomycetes","Arthoniales","Roccellaceae","Sigridea","lichen"
"Fungi","Ascomycota","Arthoniomycetes","Arthoniales","Roccellaceae","Simonyella","lichen"
"Fungi","Ascomycota","Arthoniomycetes","Arthoniales","Roccellaceae","Stigmatidium","lichen"
"Fungi","Ascomycota","Arthoniomycetes","Arthoniales","Roccellaceae","Syncesia","lichen"
"Fungi","Ascomycota","Arthoniomycetes","Arthoniales","Roccellographaceae","Dimidiographa","lichen"
"Fungi","Ascomycota","Arthoniomycetes","Arthoniales","Roccellographaceae","Fulvophyton","lichen"
"Fungi","Ascomycota","Candelariomycetes","Candelariales","Candelariaceae","Candelaria","lichen"
"Fungi","Ascomycota","Candelariomycetes","Candelariales","Candelariaceae","Candelariella","lichen"
"Fungi","Ascomycota","Candelariomycetes","Candelariales","Candelariaceae","Candelina","lichen"
"Fungi","Ascomycota","Candelariomycetes","Candelariales","Candelariaceae","Placomaronea","lichen"
"Fungi","Ascomycota","Candelariomycetes","Candelariales","Pycnoraceae","Pycnora","lichen"
"Fungi","Ascomycota","Coniocybomycetes","Coniocybales","Coniocybaceae","Chaenotheca","lichen"
"Fungi","Ascomycota","Coniocybomycetes","Coniocybales","Coniocybaceae","Coniocybe","lichen"
"Fungi","Ascomycota","Coniocybomycetes","Coniocybales","Coniocybaceae","Sclerophora","lichen"
"Fungi","Ascomycota","Dothideomycetes","Monoblastiales","Monoblastiaceae","Acrocordia","lichen"
"Fungi","Ascomycota","Dothideomycetes","Monoblastiales","Monoblastiaceae","Anisomeridium","lichen"
"Fungi","Ascomycota","Dothideomycetes","Monoblastiales","Monoblastiaceae","Megalotremis","lichen"
"Fungi","Ascomycota","Dothideomycetes","Monoblastiales","Monoblastiaceae","Microthelia","lichen"
"Fungi","Ascomycota","Dothideomycetes","Strigulales","Strigulaceae","Strigula","lichen"
"Fungi","Ascomycota","Dothideomycetes","Trypetheliales","Trypetheliaceae","Architrypethelium","lichen"
"Fungi","Ascomycota","Dothideomycetes","Trypetheliales","Trypetheliaceae","Arthopyrenia","lichen"
"Fungi","Ascomycota","Dothideomycetes","Trypetheliales","Trypetheliaceae","Astrothelium","lichen"
"Fungi","Ascomycota","Dothideomycetes","Trypetheliales","Trypetheliaceae","Bathelium","lichen"
"Fungi","Ascomycota","Dothideomycetes","Trypetheliales","Trypetheliaceae","Campylothelium","lichen"
"Fungi","Ascomycota","Dothideomycetes","Trypetheliales","Trypetheliaceae","Constrictolumina","lichen"
"Fungi","Ascomycota","Dothideomycetes","Trypetheliales","Trypetheliaceae","Laurera","lichen"
"Fungi","Ascomycota","Dothideomycetes","Trypetheliales","Trypetheliaceae","Mycomicrothelia","lichen"
"Fungi","Ascomycota","Dothideomycetes","Trypetheliales","Trypetheliaceae","Nigrovothelium","lichen"
"Fungi","Ascomycota","Dothideomycetes","Trypetheliales","Trypetheliaceae","Polymeridium","lichen"
"Fungi","Ascomycota","Dothideomycetes","Trypetheliales","Trypetheliaceae","Pseudopyrenula","lichen"
"Fungi","Ascomycota","Dothideomycetes","Trypetheliales","Trypetheliaceae","Trypethelium","lichen"
"Fungi","Ascomycota","Dothideomycetes","Trypetheliales","Trypetheliaceae","Viridothelium","lichen"
"Fungi","Ascomycota","Eurotiomycetes","Pyrenulales","Pyrenulaceae","Anthracothecium","lichen"
"Fungi","Ascomycota","Eurotiomycetes","Pyrenulales","Pyrenulaceae","Blastodesmia","lichen"
"Fungi","Ascomycota","Eurotiomycetes","Pyrenulales","Pyrenulaceae","Distopyrenis","lichen"
"Fungi","Ascomycota","Eurotiomycetes","Pyrenulales","Pyrenulaceae","Granulopyrenis","lichen"
"Fungi","Ascomycota","Eurotiomycetes","Pyrenulales","Pyrenulaceae","Lithothelium","lichen"
"Fungi","Ascomycota","Eurotiomycetes","Pyrenulales","Pyrenulaceae","Mazaediothecium","lichen"
"Fungi","Ascomycota","Eurotiomycetes","Pyrenulales","Pyrenulaceae","Plagiocarpa","lichen"
"Fungi","Ascomycota","Eurotiomycetes","Pyrenulales","Pyrenulaceae","Pleurotrema","lichen"
"Fungi","Ascomycota","Eurotiomycetes","Pyrenulales","Pyrenulaceae","Pyrenastrum","lichen"
"Fungi","Ascomycota","Eurotiomycetes","Pyrenulales","Pyrenulaceae","Pyrenula","lichen"
"Fungi","Ascomycota","Eurotiomycetes","Pyrenulales","Pyrenulaceae","Pyrgillus","lichen"
"Fungi","Ascomycota","Eurotiomycetes","Verrucariales","Verrucariaceae","Agonimia","lichen"
"Fungi","Ascomycota","Eurotiomycetes","Verrucariales","Verrucariaceae","Anthracocarpon","lichen"
"Fungi","Ascomycota","Eurotiomycetes","Verrucariales","Verrucariaceae","Atla","lichen"
"Fungi","Ascomycota","Eurotiomycetes","Verrucariales","Verrucariaceae","Bagliettoa","lichen"
"Fungi","Ascomycota","Eurotiomycetes","Verrucariales","Verrucariaceae","Bogoriella","lichen"
"Fungi","Ascomycota","Eurotiomycetes","Verrucariales","Verrucariaceae","Catapyrenium","lichen"
"Fungi","Ascomycota","Eurotiomycetes","Verrucariales","Verrucariaceae","Clavascidium","lichen"
"Fungi","Ascomycota","Eurotiomycetes","Verrucariales","Verrucariaceae","Dermatocarpon","lichen"
"Fungi","Ascomycota","Eurotiomycetes","Verrucariales","Verrucariaceae","Endocarpon","lichen"
"Fungi","Ascomycota","Eurotiomycetes","Verrucariales","Verrucariaceae","Endopyrenium","lichen"
"Fungi","Ascomycota","Eurotiomycetes","Verrucariales","Verrucariaceae","Flakea","lichen"
"Fungi","Ascomycota","Eurotiomycetes","Verrucariales","Verrucariaceae","Heterocarpon","lichen"
"Fungi","Ascomycota","Eurotiomycetes","Verrucariales","Verrucariaceae","Heteroplacidium","lichen"
"Fungi","Ascomycota","Eurotiomycetes","Verrucariales","Verrucariaceae","Hydropunctaria","lichen"
"Fungi","Ascomycota","Eurotiomycetes","Verrucariales","Verrucariaceae","Involucropyrenium","lichen"
"Fungi","Ascomycota","Eurotiomycetes","Verrucariales","Verrucariaceae","Mastodia","lichen"
"Fungi","Ascomycota","Eurotiomycetes","Verrucariales","Verrucariaceae","Melanotheca","lichen"
"Fungi","Ascomycota","Eurotiomycetes","Verrucariales","Verrucariaceae","Merismatium","lichen"
"Fungi","Ascomycota","Eurotiomycetes","Verrucariales","Verrucariaceae","Moriola","lichen"
"Fungi","Ascomycota","Eurotiomycetes","Verrucariales","Verrucariaceae","Muellerella","lichen"
"Fungi","Ascomycota","Eurotiomycetes","Verrucariales","Verrucariaceae","Normandina","lichen"
"Fungi","Ascomycota","Eurotiomycetes","Verrucariales","Verrucariaceae","Parabagliettoa","lichen"
"Fungi","Ascomycota","Eurotiomycetes","Verrucariales","Verrucariaceae","Parmentaria","lichen"
"Fungi","Ascomycota","Eurotiomycetes","Verrucariales","Verrucariaceae","Placidiopsis","lichen"
"Fungi","Ascomycota","Eurotiomycetes","Verrucariales","Verrucariaceae","Placidium","lichen"
"Fungi","Ascomycota","Eurotiomycetes","Verrucariales","Verrucariaceae","Placocarpus","lichen"
"Fungi","Ascomycota","Eurotiomycetes","Verrucariales","Verrucariaceae","Placopyrenium","lichen"
"Fungi","Ascomycota","Eurotiomycetes","Verrucariales","Verrucariaceae","Pleurotheliopsis","lichen"
"Fungi","Ascomycota","Eurotiomycetes","Verrucariales","Verrucariaceae","Polyblastia","lichen"
"Fungi","Ascomycota","Eurotiomycetes","Verrucariales","Verrucariaceae","Psoroglaena","lichen"
"Fungi","Ascomycota","Eurotiomycetes","Verrucariales","Verrucariaceae","Pyrenothamnia","lichen"
"Fungi","Ascomycota","Eurotiomycetes","Verrucariales","Verrucariaceae","Sporodictyon","lichen"
"Fungi","Ascomycota","Eurotiomycetes","Verrucariales","Verrucariaceae","Staurothele","lichen"
"Fungi","Ascomycota","Eurotiomycetes","Verrucariales","Verrucariaceae","Telogalla","lichen"
"Fungi","Ascomycota","Eurotiomycetes","Verrucariales","Verrucariaceae","Thelidium","lichen"
"Fungi","Ascomycota","Eurotiomycetes","Verrucariales","Verrucariaceae","Tichothecium","lichen"
"Fungi","Ascomycota","Eurotiomycetes","Verrucariales","Verrucariaceae","Trimmatothele","lichen"
"Fungi","Ascomycota","Eurotiomycetes","Verrucariales","Verrucariaceae","Verrucaria","lichen"
"Fungi","Ascomycota","Eurotiomycetes","Verrucariales","Verrucariaceae","Verrucula","lichen"
"Fungi","Ascomycota","Eurotiomycetes","Verrucariales","Verrucariaceae","Verruculopsis","lichen"
"Fungi","Ascomycota","Eurotiomycetes","Verrucariales","Verrucariaceae","Wahlenbergiella","lichen"
"Fungi","Ascomycota","Eurotiomycetes","Verrucariales","Verrucariaceae","Willeya","lichen"
"Fungi","Ascomycota","Lecanoromycetes","","","Bachmanniomyces","lichen"
"Fungi","Ascomycota","Lecanoromycetes","","","Dictyocatenulata","lichen"
"Fungi","Ascomycota","Lecanoromycetes","","Epigloeaceae","Epigloea","lichen"
"Fungi","Ascomycota","Lecanoromycetes","Acarosporales","Acarosporaceae","Acarospora","lichen"
"Fungi","Ascomycota","Lecanoromycetes","Acarosporales","Acarosporaceae","Eiglera","lichen"
"Fungi","Ascomycota","Lecanoromycetes","Acarosporales","Acarosporaceae","Glypholecia","lichen"
"Fungi","Ascomycota","Lecanoromycetes","Acarosporales","Acarosporaceae","Lithoglypha","lichen"
"Fungi","Ascomycota","Lecanoromycetes","Acarosporales","Acarosporaceae","Myriospora","lichen"
"Fungi","Ascomycota","Lecanoromycetes","Acarosporales","Acarosporaceae","Pleopsidium","lichen"
"Fungi","Ascomycota","Lecanoromycetes","Acarosporales","Acarosporaceae","Polysporina","lichen"
"Fungi","Ascomycota","Lecanoromycetes","Acarosporales","Acarosporaceae","Sarcogyne","lichen"
"Fungi","Ascomycota","Lecanoromycetes","Acarosporales","Acarosporaceae","Silobia","lichen"
"Fungi","Ascomycota","Lecanoromycetes","Acarosporales","Acarosporaceae","Trimmatothelopsis","lichen"
"Fungi","Ascomycota","Lecanoromycetes","Arctomiales","Arctomiaceae","Arctomia","lichen"
"Fungi","Ascomycota","Lecanoromycetes","Baeomycetales","Baeomycetaceae","Ainoa","lichen"
"Fungi","Ascomycota","Lecanoromycetes","Baeomycetales","Baeomycetaceae","Baeomyces","lichen"
"Fungi","Ascomycota","Lecanoromycetes","Baeomycetales","Baeomycetaceae","Phyllobaeis","lichen"
"Fungi","Ascomycota","Lecanoromycetes","Baeomycetales","Trapeliaceae","Lambiella","lichen"
"Fungi","Ascomycota","Lecanoromycetes","Baeomycetales","Trapeliaceae","Placopsis","lichen"
"Fungi","Ascomycota","Lecanoromycetes","Baeomycetales","Trapeliaceae","Placynthiella","lichen"
"Fungi","Ascomycota","Lecanoromycetes","Baeomycetales","Trapeliaceae","Rimularia","lichen"
"Fungi","Ascomycota","Lecanoromycetes","Baeomycetales","Trapeliaceae","Sarea","lichen"
"Fungi","Ascomycota","Lecanoromycetes","Baeomycetales","Trapeliaceae","Trapelia","lichen"
"Fungi","Ascomycota","Lecanoromycetes","Baeomycetales","Trapeliaceae","Trapeliopsis","lichen"
"Fungi","Ascomycota","Lecanoromycetes","Baeomycetales","Xylographaceae","Lithographa","lichen"
"Fungi","Ascomycota","Lecanoromycetes","Baeomycetales","Xylographaceae","Ptychographa","lichen"
"Fungi","Ascomycota","Lecanoromycetes","Caliciales","Caliciaceae","Acolium","lichen"
"Fungi","Ascomycota","Lecanoromycetes","Caliciales","Caliciaceae","Allocalicium","lichen"
"Fungi","Ascomycota","Lecanoromycetes","Caliciales","Caliciaceae","Amandinea","lichen"
"Fungi","Ascomycota","Lecanoromycetes","Caliciales","Caliciaceae","Baculifera","lichen"
"Fungi","Ascomycota","Lecanoromycetes","Caliciales","Caliciaceae","Buellia","lichen"
"Fungi","Ascomycota","Lecanoromycetes","Caliciales","Caliciaceae","Buelliopsis","lichen"
"Fungi","Ascomycota","Lecanoromycetes","Caliciales","Caliciaceae","Calicium","lichen"
"Fungi","Ascomycota","Lecanoromycetes","Caliciales","Caliciaceae","Cratiria","lichen"
"Fungi","Ascomycota","Lecanoromycetes","Caliciales","Caliciaceae","Cypheliopsis","lichen"
"Fungi","Ascomycota","Lecanoromycetes","Caliciales","Caliciaceae","Cyphelium","lichen"
"Fungi","Ascomycota","Lecanoromycetes","Caliciales","Caliciaceae","Dermatiscum","lichen"
"Fungi","Ascomycota","Lecanoromycetes","Caliciales","Caliciaceae","Dermiscellum","lichen"
"Fungi","Ascomycota","Lecanoromycetes","Caliciales","Caliciaceae","Dimelaena","lichen"
"Fungi","Ascomycota","Lecanoromycetes","Caliciales","Caliciaceae","Diploicia","lichen"
"Fungi","Ascomycota","Lecanoromycetes","Caliciales","Caliciaceae","Diplotomma","lichen"
"Fungi","Ascomycota","Lecanoromycetes","Caliciales","Caliciaceae","Dirinaria","lichen"
"Fungi","Ascomycota","Lecanoromycetes","Caliciales","Caliciaceae","Endohyalina","lichen"
"Fungi","Ascomycota","Lecanoromycetes","Caliciales","Caliciaceae","Gassicurtia","lichen"
"Fungi","Ascomycota","Lecanoromycetes","Caliciales","Caliciaceae","Hafellia","lichen"
"Fungi","Ascomycota","Lecanoromycetes","Caliciales","Caliciaceae","Monerolechia","lichen"
"Fungi","Ascomycota","Lecanoromycetes","Caliciales","Caliciaceae","Pseudothelomma","lichen"
"Fungi","Ascomycota","Lecanoromycetes","Caliciales","Caliciaceae","Pyxine","lichen"
"Fungi","Ascomycota","Lecanoromycetes","Caliciales","Caliciaceae","Tetramelas","lichen"
"Fungi","Ascomycota","Lecanoromycetes","Caliciales","Caliciaceae","Texosporium","lichen"
"Fungi","Ascomycota","Lecanoromycetes","Caliciales","Caliciaceae","Thelomma","lichen"
"Fungi","Ascomycota","Lecanoromycetes","Caliciales","Caliciaceae","Tholurna","lichen"
"Fungi","Ascomycota","Lecanoromycetes","Caliciales","Caliciaceae","Trachylia","lichen"
"Fungi","Ascomycota","Lecanoromycetes","Caliciales","Physciaceae","Anaptychia","lichen"
"Fungi","Ascomycota","Lecanoromycetes","Caliciales","Physciaceae","Heterodermia","lichen"
"Fungi","Ascomycota","Lecanoromycetes","Caliciales","Physciaceae","Hyperphyscia","lichen"
"Fungi","Ascomycota","Lecanoromycetes","Caliciales","Physciaceae","Imbricaria","lichen"
"Fungi","Ascomycota","Lecanoromycetes","Caliciales","Physciaceae","Leucodermia","lichen"
"Fungi","Ascomycota","Lecanoromycetes","Caliciales","Physciaceae","Mobergia","lichen"
"Fungi","Ascomycota","Lecanoromycetes","Caliciales","Physciaceae","Oxnerella","lichen"
"Fungi","Ascomycota","Lecanoromycetes","Caliciales","Physciaceae","Phaeophyscia","lichen"
"Fungi","Ascomycota","Lecanoromycetes","Caliciales","Physciaceae","Phaeorrhiza","lichen"
"Fungi","Ascomycota","Lecanoromycetes","Caliciales","Physciaceae","Physcia","lichen"
"Fungi","Ascomycota","Lecanoromycetes","Caliciales","Physciaceae","Physciella","lichen"
"Fungi","Ascomycota","Lecanoromycetes","Caliciales","Physciaceae","Physconia","lichen"
"Fungi","Ascomycota","Lecanoromycetes","Caliciales","Physciaceae","Polyblastidium","lichen"
"Fungi","Ascomycota","Lecanoromycetes","Caliciales","Physciaceae","Pseudophyscia","lichen"
"Fungi","Ascomycota","Lecanoromycetes","Caliciales","Physciaceae","Rinodina","lichen"
"Fungi","Ascomycota","Lecanoromycetes","Caliciales","Physciaceae","Rinodinella","lichen"
"Fungi","Ascomycota","Lecanoromycetes","Gyalectales","Gyalectaceae","Gyalecta","lichen"
"Fungi","Ascomycota","Lecanoromycetes","Gyalectales","Gyalectaceae","Pachyphiale","lichen"
"Fungi","Ascomycota","Lecanoromycetes","Gyalectales","Gyalectaceae","Ramonia","lichen"
"Fungi","Ascomycota","Lecanoromycetes","Hymeneliales","Hymeneliaceae","Hymenelia","lichen"
"Fungi","Ascomycota","Lecanoromycetes","Hymeneliales","Hymeneliaceae","Ionaspis","lichen"
"Fungi","Ascomycota","Lecanoromycetes","Hymeneliales","Hymeneliaceae","Pachyospora","lichen"
"Fungi","Ascomycota","Lecanoromycetes","Hymeneliales","Hymeneliaceae","Tremolechia","lichen"
"Fungi","Ascomycota","Lecanoromycetes","Hymeneliales","Hymeneliaceae","Tremolecia","lichen"
"Fungi","Ascomycota","Lecanoromycetes","Lecanorales","","Aspilidea","lichen"
"Fungi","Ascomycota","Lecanoromycetes","Lecanorales","","Biatoridium","lichen"
"Fungi","Ascomycota","Lecanoromycetes","Lecanorales","","Corticifraga","lichen"
"Fungi","Ascomycota","Lecanoromycetes","Lecanorales","","Scutellaria","lichen"
"Fungi","Ascomycota","Lecanoromycetes","Lecanorales","","Sphaerocarpus","lichen"
"Fungi","Ascomycota","Lecanoromycetes","Lecanorales","Biatorellaceae","Biatorella","lichen"
"Fungi","Ascomycota","Lecanoromycetes","Lecanorales","Biatorellaceae","Piccolia","lichen"
"Fungi","Ascomycota","Lecanoromycetes","Lecanorales","Byssolomataceae","Byssolecania","lichen"
"Fungi","Ascomycota","Lecanoromycetes","Lecanorales","Byssolomataceae","Byssoloma","lichen"
"Fungi","Ascomycota","Lecanoromycetes","Lecanorales","Byssolomataceae","Calopadia","lichen"
"Fungi","Ascomycota","Lecanoromycetes","Lecanorales","Byssolomataceae","Fellhanera","lichen"
"Fungi","Ascomycota","Lecanoromycetes","Lecanorales","Byssolomataceae","Fellhaneropsis","lichen"
"Fungi","Ascomycota","Lecanoromycetes","Lecanorales","Byssolomataceae","Leimonis","lichen"
"Fungi","Ascomycota","Lecanoromycetes","Lecanorales","Byssolomataceae","Loflammiopsis","lichen"
"Fungi","Ascomycota","Lecanoromycetes","Lecanorales","Byssolomataceae","Micarea","lichen"
"Fungi","Ascomycota","Lecanoromycetes","Lecanorales","Byssolomataceae","Scutula","lichen"
"Fungi","Ascomycota","Lecanoromycetes","Lecanorales","Byssolomataceae","Sporopodium","lichen"
"Fungi","Ascomycota","Lecanoromycetes","Lecanorales","Byssolomataceae","Tapellaria","lichen"
"Fungi","Ascomycota","Lecanoromycetes","Lecanorales","Carbonicolaceae","Carbonicola","lichen"
"Fungi","Ascomycota","Lecanoromycetes","Lecanorales","Catillariaceae","Catillaria","lichen"
"Fungi","Ascomycota","Lecanoromycetes","Lecanorales","Catillariaceae","Solenopsora","lichen"
"Fungi","Ascomycota","Lecanoromycetes","Lecanorales","Cladoniaceae","Cetradonia","lichen"
"Fungi","Ascomycota","Lecanoromycetes","Lecanorales","Cladoniaceae","Cladia","lichen"
"Fungi","Ascomycota","Lecanoromycetes","Lecanorales","Cladoniaceae","Cladina","lichen"
"Fungi","Ascomycota","Lecanoromycetes","Lecanorales","Cladoniaceae","Cladonia","lichen"
"Fungi","Ascomycota","Lecanoromycetes","Lecanorales","Cladoniaceae","Gymnoderma","lichen"
"Fungi","Ascomycota","Lecanoromycetes","Lecanorales","Cladoniaceae","Pilophoron","lichen"
"Fungi","Ascomycota","Lecanoromycetes","Lecanorales","Cladoniaceae","Pilophorus","lichen"
"Fungi","Ascomycota","Lecanoromycetes","Lecanorales","Cladoniaceae","Pycnothelia","lichen"
"Fungi","Ascomycota","Lecanoromycetes","Lecanorales","Dactylosporaceae","Dactylospora","lichen"
"Fungi","Ascomycota","Lecanoromycetes","Lecanorales","Ectolechiaceae","Heterothecium","lichen"
"Fungi","Ascomycota","Lecanoromycetes","Lecanorales","Ectolechiaceae","Pyrenotrichum","lichen"
"Fungi","Ascomycota","Lecanoromycetes","Lecanorales","Gypsoplacaceae","Gypsoplaca","lichen"
"Fungi","Ascomycota","Lecanoromycetes","Lecanorales","Haematommataceae","Haematomma","lichen"
"Fungi","Ascomycota","Lecanoromycetes","Lecanorales","Helocarpaceae","Helocarpon","lichen"
"Fungi","Ascomycota","Lecanoromycetes","Lecanorales","Heterodeaceae","Heterodea","lichen"
"Fungi","Ascomycota","Lecanoromycetes","Lecanorales","Lecanoraceae","Adelolecia","lichen"
"Fungi","Ascomycota","Lecanoromycetes","Lecanorales","Lecanoraceae","Bryonora","lichen"
"Fungi","Ascomycota","Lecanoromycetes","Lecanorales","Lecanoraceae","Carbonea","lichen"
"Fungi","Ascomycota","Lecanoromycetes","Lecanorales","Lecanoraceae","Cladidium","lichen"
"Fungi","Ascomycota","Lecanoromycetes","Lecanorales","Lecanoraceae","Japewia","lichen"
"Fungi","Ascomycota","Lecanoromycetes","Lecanorales","Lecanoraceae","Japewiella","lichen"
"Fungi","Ascomycota","Lecanoromycetes","Lecanorales","Lecanoraceae","Lecanora","lichen"
"Fungi","Ascomycota","Lecanoromycetes","Lecanorales","Lecanoraceae","Lecanoropsis","lichen"
"Fungi","Ascomycota","Lecanoromycetes","Lecanorales","Lecanoraceae","Lecidella","lichen"
"Fungi","Ascomycota","Lecanoromycetes","Lecanorales","Lecanoraceae","Miriquidica","lichen"
"Fungi","Ascomycota","Lecanoromycetes","Lecanorales","Lecanoraceae","Myriolecis","lichen"
"Fungi","Ascomycota","Lecanoromycetes","Lecanorales","Lecanoraceae","Protoparmeliopsis","lichen"
"Fungi","Ascomycota","Lecanoromycetes","Lecanorales","Lecanoraceae","Pulvinora","lichen"
"Fungi","Ascomycota","Lecanoromycetes","Lecanorales","Lecanoraceae","Pyrrhospora","lichen"
"Fungi","Ascomycota","Lecanoromycetes","Lecanorales","Lecanoraceae","Rhizoplaca","lichen"
"Fungi","Ascomycota","Lecanoromycetes","Lecanorales","Lecanoraceae","Traponora","lichen"
"Fungi","Ascomycota","Lecanoromycetes","Lecanorales","Lecanoraceae","Tylothallia","lichen"
"Fungi","Ascomycota","Lecanoromycetes","Lecanorales","Lecanoraceae","Vainionora","lichen"
"Fungi","Ascomycota","Lecanoromycetes","Lecanorales","Lecanoraceae","Zeora","lichen"
"Fungi","Ascomycota","Lecanoromycetes","Lecanorales","Malmideaceae","Cheiromycina","lichen"
"Fungi","Ascomycota","Lecanoromycetes","Lecanorales","Malmideaceae","Malmidea","lichen"
"Fungi","Ascomycota","Lecanoromycetes","Lecanorales","Parmeliaceae","Ahtiana","lichen"
"Fungi","Ascomycota","Lecanoromycetes","Lecanorales","Parmeliaceae","Alectoria","lichen"
"Fungi","Ascomycota","Lecanoromycetes","Lecanorales","Parmeliaceae","Allantoparmelia","lichen"
"Fungi","Ascomycota","Lecanoromycetes","Lecanorales","Parmeliaceae","Allocetraria","lichen"
"Fungi","Ascomycota","Lecanoromycetes","Lecanorales","Parmeliaceae","Anzia","lichen"
"Fungi","Ascomycota","Lecanoromycetes","Lecanorales","Parmeliaceae","Arctoparmelia","lichen"
"Fungi","Ascomycota","Lecanoromycetes","Lecanorales","Parmeliaceae","Asahinea","lichen"
"Fungi","Ascomycota","Lecanoromycetes","Lecanorales","Parmeliaceae","Brodoa","lichen"
"Fungi","Ascomycota","Lecanoromycetes","Lecanorales","Parmeliaceae","Bryocaulon","lichen"
"Fungi","Ascomycota","Lecanoromycetes","Lecanorales","Parmeliaceae","Bryoria","lichen"
"Fungi","Ascomycota","Lecanoromycetes","Lecanorales","Parmeliaceae","Bulbothrix","lichen"
"Fungi","Ascomycota","Lecanoromycetes","Lecanorales","Parmeliaceae","Canoparmelia","lichen"
"Fungi","Ascomycota","Lecanoromycetes","Lecanorales","Parmeliaceae","Cetraria","lichen"
"Fungi","Ascomycota","Lecanoromycetes","Lecanorales","Parmeliaceae","Cetrariastrum","lichen"
"Fungi","Ascomycota","Lecanoromycetes","Lecanorales","Parmeliaceae","Cetrariella","lichen"
"Fungi","Ascomycota","Lecanoromycetes","Lecanorales","Parmeliaceae","Cetrelia","lichen"
"Fungi","Ascomycota","Lecanoromycetes","Lecanorales","Parmeliaceae","Cornicularia","lichen"
"Fungi","Ascomycota","Lecanoromycetes","Lecanorales","Parmeliaceae","Crespoa","lichen"
"Fungi","Ascomycota","Lecanoromycetes","Lecanorales","Parmeliaceae","Dactylina","lichen"
"Fungi","Ascomycota","Lecanoromycetes","Lecanorales","Parmeliaceae","Dolichousnea","lichen"
"Fungi","Ascomycota","Lecanoromycetes","Lecanorales","Parmeliaceae","Esslingeriana","lichen"
"Fungi","Ascomycota","Lecanoromycetes","Lecanorales","Parmeliaceae","Evernia","lichen"
"Fungi","Ascomycota","Lecanoromycetes","Lecanorales","Parmeliaceae","Everniastrum","lichen"
"Fungi","Ascomycota","Lecanoromycetes","Lecanorales","Parmeliaceae","Everniopsis","lichen"
"Fungi","Ascomycota","Lecanoromycetes","Lecanorales","Parmeliaceae","Flavocetraria","lichen"
"Fungi","Ascomycota","Lecanoromycetes","Lecanorales","Parmeliaceae","Flavoparmelia","lichen"
"Fungi","Ascomycota","Lecanoromycetes","Lecanorales","Parmeliaceae","Flavopunctelia","lichen"
"Fungi","Ascomycota","Lecanoromycetes","Lecanorales","Parmeliaceae","Gowardia","lichen"
"Fungi","Ascomycota","Lecanoromycetes","Lecanorales","Parmeliaceae","Hypogymnia","lichen"
"Fungi","Ascomycota","Lecanoromycetes","Lecanorales","Parmeliaceae","Hypotrachyna","lichen"
"Fungi","Ascomycota","Lecanoromycetes","Lecanorales","Parmeliaceae","Imshaugia","lichen"
"Fungi","Ascomycota","Lecanoromycetes","Lecanorales","Parmeliaceae","Kaernefeltia","lichen"
"Fungi","Ascomycota","Lecanoromycetes","Lecanorales","Parmeliaceae","Letharia","lichen"
"Fungi","Ascomycota","Lecanoromycetes","Lecanorales","Parmeliaceae","Lichen","lichen"
"Fungi","Ascomycota","Lecanoromycetes","Lecanorales","Parmeliaceae","Masonhalea","lichen"
"Fungi","Ascomycota","Lecanoromycetes","Lecanorales","Parmeliaceae","Melanelia","lichen"
"Fungi","Ascomycota","Lecanoromycetes","Lecanorales","Parmeliaceae","Melanelixia","lichen"
"Fungi","Ascomycota","Lecanoromycetes","Lecanorales","Parmeliaceae","Melanohalea","lichen"
"Fungi","Ascomycota","Lecanoromycetes","Lecanorales","Parmeliaceae","Menegazzia","lichen"
"Fungi","Ascomycota","Lecanoromycetes","Lecanorales","Parmeliaceae","Montanelia","lichen"
"Fungi","Ascomycota","Lecanoromycetes","Lecanorales","Parmeliaceae","Myelochroa","lichen"
"Fungi","Ascomycota","Lecanoromycetes","Lecanorales","Parmeliaceae","Neofuscelia","lichen"
"Fungi","Ascomycota","Lecanoromycetes","Lecanorales","Parmeliaceae","Nephromopsis","lichen"
"Fungi","Ascomycota","Lecanoromycetes","Lecanorales","Parmeliaceae","Nesolechia","lichen"
"Fungi","Ascomycota","Lecanoromycetes","Lecanorales","Parmeliaceae","Nodobryoria","lichen"
"Fungi","Ascomycota","Lecanoromycetes","Lecanorales","Parmeliaceae","Omphalodium","lichen"
"Fungi","Ascomycota","Lecanoromycetes","Lecanorales","Parmeliaceae","Omphalora","lichen"
"Fungi","Ascomycota","Lecanoromycetes","Lecanorales","Parmeliaceae","Oropogon","lichen"
"Fungi","Ascomycota","Lecanoromycetes","Lecanorales","Parmeliaceae","Paraparmelia","lichen"
"Fungi","Ascomycota","Lecanoromycetes","Lecanorales","Parmeliaceae","Parmelaria","lichen"
"Fungi","Ascomycota","Lecanoromycetes","Lecanorales","Parmeliaceae","Parmelia","lichen"
"Fungi","Ascomycota","Lecanoromycetes","Lecanorales","Parmeliaceae","Parmelina","lichen"
"Fungi","Ascomycota","Lecanoromycetes","Lecanorales","Parmeliaceae","Parmelinella","lichen"
"Fungi","Ascomycota","Lecanoromycetes","Lecanorales","Parmeliaceae","Parmelinopsis","lichen"
"Fungi","Ascomycota","Lecanoromycetes","Lecanorales","Parmeliaceae","Parmeliopsis","lichen"
"Fungi","Ascomycota","Lecanoromycetes","Lecanorales","Parmeliaceae","Parmotrema","lichen"
"Fungi","Ascomycota","Lecanoromycetes","Lecanorales","Parmeliaceae","Phacopsis","lichen"
"Fungi","Ascomycota","Lecanoromycetes","Lecanorales","Parmeliaceae","Platismatia","lichen"
"Fungi","Ascomycota","Lecanoromycetes","Lecanorales","Parmeliaceae","Protoparmelia","lichen"
"Fungi","Ascomycota","Lecanoromycetes","Lecanorales","Parmeliaceae","Pseudephebe","lichen"
"Fungi","Ascomycota","Lecanoromycetes","Lecanorales","Parmeliaceae","Pseudevernia","lichen"
"Fungi","Ascomycota","Lecanoromycetes","Lecanorales","Parmeliaceae","Pseudoparmelia","lichen"
"Fungi","Ascomycota","Lecanoromycetes","Lecanorales","Parmeliaceae","Punctelia","lichen"
"Fungi","Ascomycota","Lecanoromycetes","Lecanorales","Parmeliaceae","Relicina","lichen"
"Fungi","Ascomycota","Lecanoromycetes","Lecanorales","Parmeliaceae","Rimelia","lichen"
"Fungi","Ascomycota","Lecanoromycetes","Lecanorales","Parmeliaceae","Rimeliella","lichen"
"Fungi","Ascomycota","Lecanoromycetes","Lecanorales","Parmeliaceae","Tuckermanella","lichen"
"Fungi","Ascomycota","Lecanoromycetes","Lecanorales","Parmeliaceae","Tuckermannopsis","lichen"
"Fungi","Ascomycota","Lecanoromycetes","Lecanorales","Parmeliaceae","Tuckermanopsis","lichen"
"Fungi","Ascomycota","Lecanoromycetes","Lecanorales","Parmeliaceae","Usnea","lichen"
"Fungi","Ascomycota","Lecanoromycetes","Lecanorales","Parmeliaceae","Usnocetraria","lichen"
"Fungi","Ascomycota","Lecanoromycetes","Lecanorales","Parmeliaceae","Vulpicida","lichen"
"Fungi","Ascomycota","Lecanoromycetes","Lecanorales","Parmeliaceae","Xanthoparmelia","lichen"
"Fungi","Ascomycota","Lecanoromycetes","Lecanorales","Pilocarpaceae","Malcolmiella","lichen"
"Fungi","Ascomycota","Lecanoromycetes","Lecanorales","Psilolechiaceae","Psilolechia","lichen"
"Fungi","Ascomycota","Lecanoromycetes","Lecanorales","Psoraceae","Brianaria","lichen"
"Fungi","Ascomycota","Lecanoromycetes","Lecanorales","Psoraceae","Protoblastenia","lichen"
"Fungi","Ascomycota","Lecanoromycetes","Lecanorales","Psoraceae","Protomicarea","lichen"
"Fungi","Ascomycota","Lecanoromycetes","Lecanorales","Psoraceae","Psora","lichen"
"Fungi","Ascomycota","Lecanoromycetes","Lecanorales","Psoraceae","Psorula","lichen"
"Fungi","Ascomycota","Lecanoromycetes","Lecanorales","Ramalinaceae","Arthrospora","lichen"
"Fungi","Ascomycota","Lecanoromycetes","Lecanorales","Ramalinaceae","Bacidia","lichen"
"Fungi","Ascomycota","Lecanoromycetes","Lecanorales","Ramalinaceae","Bacidina","lichen"
"Fungi","Ascomycota","Lecanoromycetes","Lecanorales","Ramalinaceae","Bacidiopsora","lichen"
"Fungi","Ascomycota","Lecanoromycetes","Lecanorales","Ramalinaceae","Biatora","lichen"
"Fungi","Ascomycota","Lecanoromycetes","Lecanorales","Ramalinaceae","Biatorina","lichen"
"Fungi","Ascomycota","Lecanoromycetes","Lecanorales","Ramalinaceae","Bilimbia","lichen"
"Fungi","Ascomycota","Lecanoromycetes","Lecanorales","Ramalinaceae","Catillochroma","lichen"
"Fungi","Ascomycota","Lecanoromycetes","Lecanorales","Ramalinaceae","Catinaria","lichen"
"Fungi","Ascomycota","Lecanoromycetes","Lecanorales","Ramalinaceae","Cliostomum","lichen"
"Fungi","Ascomycota","Lecanoromycetes","Lecanorales","Ramalinaceae","Crocynia","lichen"
"Fungi","Ascomycota","Lecanoromycetes","Lecanorales","Ramalinaceae","Desmazieria","lichen"
"Fungi","Ascomycota","Lecanoromycetes","Lecanorales","Ramalinaceae","Eschatogonia","lichen"
"Fungi","Ascomycota","Lecanoromycetes","Lecanorales","Ramalinaceae","Herteliana","lichen"
"Fungi","Ascomycota","Lecanoromycetes","Lecanorales","Ramalinaceae","Lecania","lichen"
"Fungi","Ascomycota","Lecanoromycetes","Lecanorales","Ramalinaceae","Lopezaria","lichen"
"Fungi","Ascomycota","Lecanoromycetes","Lecanorales","Ramalinaceae","Lueckingia","lichen"
"Fungi","Ascomycota","Lecanoromycetes","Lecanorales","Ramalinaceae","Megalaria","lichen"
"Fungi","Ascomycota","Lecanoromycetes","Lecanorales","Ramalinaceae","Mycobilimbia","lichen"
"Fungi","Ascomycota","Lecanoromycetes","Lecanorales","Ramalinaceae","Niebla","lichen"
"Fungi","Ascomycota","Lecanoromycetes","Lecanorales","Ramalinaceae","Phyllopsora","lichen"
"Fungi","Ascomycota","Lecanoromycetes","Lecanorales","Ramalinaceae","Ramalina","lichen"
"Fungi","Ascomycota","Lecanoromycetes","Lecanorales","Ramalinaceae","Schadonia","lichen"
"Fungi","Ascomycota","Lecanoromycetes","Lecanorales","Ramalinaceae","Thalloidima","lichen"
"Fungi","Ascomycota","Lecanoromycetes","Lecanorales","Ramalinaceae","Toninia","lichen"
"Fungi","Ascomycota","Lecanoromycetes","Lecanorales","Ramalinaceae","Trichoramalina","lichen"
"Fungi","Ascomycota","Lecanoromycetes","Lecanorales","Ramalinaceae","Vermilacinia","lichen"
"Fungi","Ascomycota","Lecanoromycetes","Lecanorales","Ramalinaceae","Waynea","lichen"
"Fungi","Ascomycota","Lecanoromycetes","Lecanorales","Ramboldiaceae","Ramboldia","lichen"
"Fungi","Ascomycota","Lecanoromycetes","Lecanorales","Sarrameanaceae","Loxospora","lichen"
"Fungi","Ascomycota","Lecanoromycetes","Lecanorales","Scoliciosporaceae","Scoliciosporum","lichen"
"Fungi","Ascomycota","Lecanoromycetes","Lecanorales","Sphaerophoraceae","Bunodophoron","lichen"
"Fungi","Ascomycota","Lecanoromycetes","Lecanorales","Sphaerophoraceae","Sphaerophoron","lichen"
"Fungi","Ascomycota","Lecanoromycetes","Lecanorales","Sphaerophoraceae","Sphaerophorus","lichen"
"Fungi","Ascomycota","Lecanoromycetes","Lecanorales","Stereocaulaceae","Lepraria","lichen"
"Fungi","Ascomycota","Lecanoromycetes","Lecanorales","Stereocaulaceae","Leproloma","lichen"
"Fungi","Ascomycota","Lecanoromycetes","Lecanorales","Stereocaulaceae","Squamarina","lichen"
"Fungi","Ascomycota","Lecanoromycetes","Lecanorales","Stereocaulaceae","Stereocaulon","lichen"
"Fungi","Ascomycota","Lecanoromycetes","Lecanorales","Stereocaulaceae","Xyleborus","lichen"
"Fungi","Ascomycota","Lecanoromycetes","Lecanorales","Strangosporaceae","Strangospora","lichen"
"Fungi","Ascomycota","Lecanoromycetes","Lecanorales","Tephromelataceae","Calvitimela","lichen"
"Fungi","Ascomycota","Lecanoromycetes","Lecanorales","Tephromelataceae","Mycoblastus","lichen"
"Fungi","Ascomycota","Lecanoromycetes","Lecanorales","Tephromelataceae","Tephromela","lichen"
"Fungi","Ascomycota","Lecanoromycetes","Lecanorales","Tephromelataceae","Violella","lichen"
"Fungi","Ascomycota","Lecanoromycetes","Lecideales","Lecideaceae","Amygdalaria","lichen"
"Fungi","Ascomycota","Lecanoromycetes","Lecideales","Lecideaceae","Bellemerea","lichen"
"Fungi","Ascomycota","Lecanoromycetes","Lecideales","Lecideaceae","Bryobilimbia","lichen"
"Fungi","Ascomycota","Lecanoromycetes","Lecideales","Lecideaceae","Cecidonia","lichen"
"Fungi","Ascomycota","Lecanoromycetes","Lecideales","Lecideaceae","Clauzadea","lichen"
"Fungi","Ascomycota","Lecanoromycetes","Lecideales","Lecideaceae","Farnoldia","lichen"
"Fungi","Ascomycota","Lecanoromycetes","Lecideales","Lecideaceae","Immersaria","lichen"
"Fungi","Ascomycota","Lecanoromycetes","Lecideales","Lecideaceae","Lecidea","lichen"
"Fungi","Ascomycota","Lecanoromycetes","Lecideales","Lecideaceae","Lecidoma","lichen"
"Fungi","Ascomycota","Lecanoromycetes","Lecideales","Lecideaceae","Melanolecia","lichen"
"Fungi","Ascomycota","Lecanoromycetes","Lecideales","Lecideaceae","Pachyphysis","lichen"
"Fungi","Ascomycota","Lecanoromycetes","Lecideales","Lecideaceae","Porpidia","lichen"
"Fungi","Ascomycota","Lecanoromycetes","Lecideales","Lopadiaceae","Lopadium","lichen"
"Fungi","Ascomycota","Lecanoromycetes","Ostropales","","Cryptolechia","lichen"
"Fungi","Ascomycota","Lecanoromycetes","Ostropales","","Gloeolecta","lichen"
"Fungi","Ascomycota","Lecanoromycetes","Ostropales","Coenogoniaceae","Coenogonium","lichen"
"Fungi","Ascomycota","Lecanoromycetes","Ostropales","Coenogoniaceae","Dimerella","lichen"
"Fungi","Ascomycota","Lecanoromycetes","Ostropales","Coenogoniaceae","Microphiale","lichen"
"Fungi","Ascomycota","Lecanoromycetes","Ostropales","Gomphillaceae","Asterothyrium","lichen"
"Fungi","Ascomycota","Lecanoromycetes","Ostropales","Gomphillaceae","Aulaxina","lichen"
"Fungi","Ascomycota","Lecanoromycetes","Ostropales","Gomphillaceae","Calenia","lichen"
"Fungi","Ascomycota","Lecanoromycetes","Ostropales","Gomphillaceae","Echinoplaca","lichen"
"Fungi","Ascomycota","Lecanoromycetes","Ostropales","Gomphillaceae","Gomphillus","lichen"
"Fungi","Ascomycota","Lecanoromycetes","Ostropales","Gomphillaceae","Gyalectidium","lichen"
"Fungi","Ascomycota","Lecanoromycetes","Ostropales","Gomphillaceae","Gyalidea","lichen"
"Fungi","Ascomycota","Lecanoromycetes","Ostropales","Gomphillaceae","Gyalideopsis","lichen"
"Fungi","Ascomycota","Lecanoromycetes","Ostropales","Gomphillaceae","Jamesiella","lichen"
"Fungi","Ascomycota","Lecanoromycetes","Ostropales","Gomphillaceae","Psorotheciopsis","lichen"
"Fungi","Ascomycota","Lecanoromycetes","Ostropales","Gomphillaceae","Spinomyces","lichen"
"Fungi","Ascomycota","Lecanoromycetes","Ostropales","Gomphillaceae","Tricharia","lichen"
"Fungi","Ascomycota","Lecanoromycetes","Ostropales","Graphidaceae","Acanthothecis","lichen"
"Fungi","Ascomycota","Lecanoromycetes","Ostropales","Graphidaceae","Allographa","lichen"
"Fungi","Ascomycota","Lecanoromycetes","Ostropales","Graphidaceae","Ascidium","lichen"
"Fungi","Ascomycota","Lecanoromycetes","Ostropales","Graphidaceae","Carbacanthographis","lichen"
"Fungi","Ascomycota","Lecanoromycetes","Ostropales","Graphidaceae","Chapsa","lichen"
"Fungi","Ascomycota","Lecanoromycetes","Ostropales","Graphidaceae","Chroodiscus","lichen"
"Fungi","Ascomycota","Lecanoromycetes","Ostropales","Graphidaceae","Diorygma","lichen"
"Fungi","Ascomycota","Lecanoromycetes","Ostropales","Graphidaceae","Diploschistes","lichen"
"Fungi","Ascomycota","Lecanoromycetes","Ostropales","Graphidaceae","Dyplolabia","lichen"
"Fungi","Ascomycota","Lecanoromycetes","Ostropales","Graphidaceae","Fissurina","lichen"
"Fungi","Ascomycota","Lecanoromycetes","Ostropales","Graphidaceae","Glyphis","lichen"
"Fungi","Ascomycota","Lecanoromycetes","Ostropales","Graphidaceae","Graphina","lichen"
"Fungi","Ascomycota","Lecanoromycetes","Ostropales","Graphidaceae","Graphis","lichen"
"Fungi","Ascomycota","Lecanoromycetes","Ostropales","Graphidaceae","Gymnographopsis","lichen"
"Fungi","Ascomycota","Lecanoromycetes","Ostropales","Graphidaceae","Gyrostomum","lichen"
"Fungi","Ascomycota","Lecanoromycetes","Ostropales","Graphidaceae","Halegrapha","lichen"
"Fungi","Ascomycota","Lecanoromycetes","Ostropales","Graphidaceae","Helminthocarpon","lichen"
"Fungi","Ascomycota","Lecanoromycetes","Ostropales","Graphidaceae","Hemithecium","lichen"
"Fungi","Ascomycota","Lecanoromycetes","Ostropales","Graphidaceae","Leiorreuma","lichen"
"Fungi","Ascomycota","Lecanoromycetes","Ostropales","Graphidaceae","Leptotrema","lichen"
"Fungi","Ascomycota","Lecanoromycetes","Ostropales","Graphidaceae","Leucodecton","lichen"
"Fungi","Ascomycota","Lecanoromycetes","Ostropales","Graphidaceae","Myriotrema","lichen"
"Fungi","Ascomycota","Lecanoromycetes","Ostropales","Graphidaceae","Nadvornikia","lichen"
"Fungi","Ascomycota","Lecanoromycetes","Ostropales","Graphidaceae","Ocellularia","lichen"
"Fungi","Ascomycota","Lecanoromycetes","Ostropales","Graphidaceae","Phaeographina","lichen"
"Fungi","Ascomycota","Lecanoromycetes","Ostropales","Graphidaceae","Phaeographis","lichen"
"Fungi","Ascomycota","Lecanoromycetes","Ostropales","Graphidaceae","Phaeotrema","lichen"
"Fungi","Ascomycota","Lecanoromycetes","Ostropales","Graphidaceae","Platygramme","lichen"
"Fungi","Ascomycota","Lecanoromycetes","Ostropales","Graphidaceae","Platygrapha","lichen"
"Fungi","Ascomycota","Lecanoromycetes","Ostropales","Graphidaceae","Platythecium","lichen"
"Fungi","Ascomycota","Lecanoromycetes","Ostropales","Graphidaceae","Reimnitzia","lichen"
"Fungi","Ascomycota","Lecanoromycetes","Ostropales","Graphidaceae","Sanguinotrema","lichen"
"Fungi","Ascomycota","Lecanoromycetes","Ostropales","Graphidaceae","Sarcographa","lichen"
"Fungi","Ascomycota","Lecanoromycetes","Ostropales","Graphidaceae","Schistophoron","lichen"
"Fungi","Ascomycota","Lecanoromycetes","Ostropales","Graphidaceae","Thalloloma","lichen"
"Fungi","Ascomycota","Lecanoromycetes","Ostropales","Graphidaceae","Thelotrema","lichen"
"Fungi","Ascomycota","Lecanoromycetes","Ostropales","Graphidaceae","Xalocoa","lichen"
"Fungi","Ascomycota","Lecanoromycetes","Ostropales","Odontotremataceae","Beloniella","lichen"
"Fungi","Ascomycota","Lecanoromycetes","Ostropales","Odontotremataceae","Odontotrema","lichen"
"Fungi","Ascomycota","Lecanoromycetes","Ostropales","Odontotremataceae","Sphaeropezia","lichen"
"Fungi","Ascomycota","Lecanoromycetes","Ostropales","Odontotremataceae","Xerotrema","lichen"
"Fungi","Ascomycota","Lecanoromycetes","Ostropales","Phaneromycetaceae","Phaneromyces","lichen"
"Fungi","Ascomycota","Lecanoromycetes","Ostropales","Phlyctidaceae","Phlyctella","lichen"
"Fungi","Ascomycota","Lecanoromycetes","Ostropales","Phlyctidaceae","Phlyctidia","lichen"
"Fungi","Ascomycota","Lecanoromycetes","Ostropales","Phlyctidaceae","Phlyctis","lichen"
"Fungi","Ascomycota","Lecanoromycetes","Ostropales","Porinaceae","Clathroporina","lichen"
"Fungi","Ascomycota","Lecanoromycetes","Ostropales","Porinaceae","Porina","lichen"
"Fungi","Ascomycota","Lecanoromycetes","Ostropales","Porinaceae","Pseudosagedia","lichen"
"Fungi","Ascomycota","Lecanoromycetes","Ostropales","Porinaceae","Trichothelium","lichen"
"Fungi","Ascomycota","Lecanoromycetes","Ostropales","Protothelenellaceae","Protothelenella","lichen"
"Fungi","Ascomycota","Lecanoromycetes","Ostropales","Protothelenellaceae","Thrombium","lichen"
"Fungi","Ascomycota","Lecanoromycetes","Ostropales","Sagiolechiaceae","Sagiolechia","lichen"
"Fungi","Ascomycota","Lecanoromycetes","Ostropales","Spirographaceae","Spirographa","lichen"
"Fungi","Ascomycota","Lecanoromycetes","Ostropales","Stictidaceae","Absconditella","lichen"
"Fungi","Ascomycota","Lecanoromycetes","Ostropales","Stictidaceae","Acarosporina","lichen"
"Fungi","Ascomycota","Lecanoromycetes","Ostropales","Stictidaceae","Cryptodiscus","lichen"
"Fungi","Ascomycota","Lecanoromycetes","Ostropales","Stictidaceae","Cyanodermella","lichen"
"Fungi","Ascomycota","Lecanoromycetes","Ostropales","Stictidaceae","Glomerobolus","lichen"
"Fungi","Ascomycota","Lecanoromycetes","Ostropales","Stictidaceae","Karstenia","lichen"
"Fungi","Ascomycota","Lecanoromycetes","Ostropales","Stictidaceae","Nanostictis","lichen"
"Fungi","Ascomycota","Lecanoromycetes","Ostropales","Stictidaceae","Ostropa","lichen"
"Fungi","Ascomycota","Lecanoromycetes","Ostropales","Stictidaceae","Petractis","lichen"
"Fungi","Ascomycota","Lecanoromycetes","Ostropales","Stictidaceae","Plejobolus","lichen"
"Fungi","Ascomycota","Lecanoromycetes","Ostropales","Stictidaceae","Robergea","lichen"
"Fungi","Ascomycota","Lecanoromycetes","Ostropales","Stictidaceae","Schizoxylon","lichen"
"Fungi","Ascomycota","Lecanoromycetes","Ostropales","Stictidaceae","Stictis","lichen"
"Fungi","Ascomycota","Lecanoromycetes","Ostropales","Stictidaceae","Stictophacidium","lichen"
"Fungi","Ascomycota","Lecanoromycetes","Ostropales","Stictidaceae","Thelopsis","lichen"
"Fungi","Ascomycota","Lecanoromycetes","Ostropales","Stictidaceae","Topelia","lichen"
"Fungi","Ascomycota","Lecanoromycetes","Ostropales","Stictidaceae","Trinathotrema","lichen"
"Fungi","Ascomycota","Lecanoromycetes","Ostropales","Thelenellaceae","Julella","lichen"
"Fungi","Ascomycota","Lecanoromycetes","Ostropales","Thelenellaceae","Microglaena","lichen"
"Fungi","Ascomycota","Lecanoromycetes","Ostropales","Thelenellaceae","Polyblastiopsis","lichen"
"Fungi","Ascomycota","Lecanoromycetes","Ostropales","Thelenellaceae","Thelenella","lichen"
"Fungi","Ascomycota","Lecanoromycetes","Ostropales","Thelotremataceae","Enterostigma","lichen"
"Fungi","Ascomycota","Lecanoromycetes","Peltigerales","Coccocarpiaceae","Coccocarpia","lichen"
"Fungi","Ascomycota","Lecanoromycetes","Peltigerales","Coccocarpiaceae","Peltularia","lichen"
"Fungi","Ascomycota","Lecanoromycetes","Peltigerales","Coccocarpiaceae","Spilonema","lichen"
"Fungi","Ascomycota","Lecanoromycetes","Peltigerales","Coccocarpiaceae","Spilonemella","lichen"
"Fungi","Ascomycota","Lecanoromycetes","Peltigerales","Collemataceae","Blennothallia","lichen"
"Fungi","Ascomycota","Lecanoromycetes","Peltigerales","Collemataceae","Collema","lichen"
"Fungi","Ascomycota","Lecanoromycetes","Peltigerales","Collemataceae","Enchylium","lichen"
"Fungi","Ascomycota","Lecanoromycetes","Peltigerales","Collemataceae","Lathagrium","lichen"
"Fungi","Ascomycota","Lecanoromycetes","Peltigerales","Collemataceae","Leptogium","lichen"
"Fungi","Ascomycota","Lecanoromycetes","Peltigerales","Collemataceae","Scytinium","lichen"
"Fungi","Ascomycota","Lecanoromycetes","Peltigerales","Collemataceae","Synechoblastus","lichen"
"Fungi","Ascomycota","Lecanoromycetes","Peltigerales","Koerberiaceae","Koerberia","lichen"
"Fungi","Ascomycota","Lecanoromycetes","Peltigerales","Koerberiaceae","Steinera","lichen"
"Fungi","Ascomycota","Lecanoromycetes","Peltigerales","Koerberiaceae","Vestergrenopsis","lichen"
"Fungi","Ascomycota","Lecanoromycetes","Peltigerales","Lobariaceae","Cyanisticta","lichen"
"Fungi","Ascomycota","Lecanoromycetes","Peltigerales","Lobariaceae","Lobaria","lichen"
"Fungi","Ascomycota","Lecanoromycetes","Peltigerales","Lobariaceae","Lobariella","lichen"
"Fungi","Ascomycota","Lecanoromycetes","Peltigerales","Lobariaceae","Lobarina","lichen"
"Fungi","Ascomycota","Lecanoromycetes","Peltigerales","Lobariaceae","Pseudocyphellaria","lichen"
"Fungi","Ascomycota","Lecanoromycetes","Peltigerales","Lobariaceae","Pulmonaria","lichen"
"Fungi","Ascomycota","Lecanoromycetes","Peltigerales","Lobariaceae","Ricasolia","lichen"
"Fungi","Ascomycota","Lecanoromycetes","Peltigerales","Lobariaceae","Sticta","lichen"
"Fungi","Ascomycota","Lecanoromycetes","Peltigerales","Lobariaceae","Yoshimuriella","lichen"
"Fungi","Ascomycota","Lecanoromycetes","Peltigerales","Massalongiaceae","Leptochidium","lichen"
"Fungi","Ascomycota","Lecanoromycetes","Peltigerales","Massalongiaceae","Massalongia","lichen"
"Fungi","Ascomycota","Lecanoromycetes","Peltigerales","Massalongiaceae","Polychidium","lichen"
"Fungi","Ascomycota","Lecanoromycetes","Peltigerales","Nephromataceae","Nephroma","lichen"
"Fungi","Ascomycota","Lecanoromycetes","Peltigerales","Nephromataceae","Nephromium","lichen"
"Fungi","Ascomycota","Lecanoromycetes","Peltigerales","Pannariaceae","Degelia","lichen"
"Fungi","Ascomycota","Lecanoromycetes","Peltigerales","Pannariaceae","Erioderma","lichen"
"Fungi","Ascomycota","Lecanoromycetes","Peltigerales","Pannariaceae","Fuscopannaria","lichen"
"Fungi","Ascomycota","Lecanoromycetes","Peltigerales","Pannariaceae","Leciophysma","lichen"
"Fungi","Ascomycota","Lecanoromycetes","Peltigerales","Pannariaceae","Leioderma","lichen"
"Fungi","Ascomycota","Lecanoromycetes","Peltigerales","Pannariaceae","Lepidocollema","lichen"
"Fungi","Ascomycota","Lecanoromycetes","Peltigerales","Pannariaceae","Leptogidium","lichen"
"Fungi","Ascomycota","Lecanoromycetes","Peltigerales","Pannariaceae","Moelleropsis","lichen"
"Fungi","Ascomycota","Lecanoromycetes","Peltigerales","Pannariaceae","Pannaria","lichen"
"Fungi","Ascomycota","Lecanoromycetes","Peltigerales","Pannariaceae","Parmeliella","lichen"
"Fungi","Ascomycota","Lecanoromycetes","Peltigerales","Pannariaceae","Pectenia","lichen"
"Fungi","Ascomycota","Lecanoromycetes","Peltigerales","Pannariaceae","Physma","lichen"
"Fungi","Ascomycota","Lecanoromycetes","Peltigerales","Pannariaceae","Protopannaria","lichen"
"Fungi","Ascomycota","Lecanoromycetes","Peltigerales","Pannariaceae","Psoroma","lichen"
"Fungi","Ascomycota","Lecanoromycetes","Peltigerales","Pannariaceae","Santessoniella","lichen"
"Fungi","Ascomycota","Lecanoromycetes","Peltigerales","Peltigeraceae","Dendriscocaulon","lichen"
"Fungi","Ascomycota","Lecanoromycetes","Peltigerales","Peltigeraceae","Peltigera","lichen"
"Fungi","Ascomycota","Lecanoromycetes","Peltigerales","Peltigeraceae","Solorina","lichen"
"Fungi","Ascomycota","Lecanoromycetes","Peltigerales","Placynthiaceae","Pannularia","lichen"
"Fungi","Ascomycota","Lecanoromycetes","Peltigerales","Placynthiaceae","Placynthium","lichen"
"Fungi","Ascomycota","Lecanoromycetes","Peltigerales","Vahliellaceae","Vahliella","lichen"
"Fungi","Ascomycota","Lecanoromycetes","Pertusariales","Agyriaceae","Agyrium","lichen"
"Fungi","Ascomycota","Lecanoromycetes","Pertusariales","Coccotremataceae","Coccotrema","lichen"
"Fungi","Ascomycota","Lecanoromycetes","Pertusariales","Icmadophilaceae","Dibaeis","lichen"
"Fungi","Ascomycota","Lecanoromycetes","Pertusariales","Icmadophilaceae","Icmadophila","lichen"
"Fungi","Ascomycota","Lecanoromycetes","Pertusariales","Icmadophilaceae","Siphula","lichen"
"Fungi","Ascomycota","Lecanoromycetes","Pertusariales","Icmadophilaceae","Thamnolia","lichen"
"Fungi","Ascomycota","Lecanoromycetes","Pertusariales","Megasporaceae","Agrestia","lichen"
"Fungi","Ascomycota","Lecanoromycetes","Pertusariales","Megasporaceae","Aspicilia","lichen"
"Fungi","Ascomycota","Lecanoromycetes","Pertusariales","Megasporaceae","Circinaria","lichen"
"Fungi","Ascomycota","Lecanoromycetes","Pertusariales","Megasporaceae","Lobothallia","lichen"
"Fungi","Ascomycota","Lecanoromycetes","Pertusariales","Megasporaceae","Megaspora","lichen"
"Fungi","Ascomycota","Lecanoromycetes","Pertusariales","Megasporaceae","Sagedia","lichen"
"Fungi","Ascomycota","Lecanoromycetes","Pertusariales","Microcaliciaceae","Microcalicium","lichen"
"Fungi","Ascomycota","Lecanoromycetes","Pertusariales","Ochrolechiaceae","Ochrolechia","lichen"
"Fungi","Ascomycota","Lecanoromycetes","Pertusariales","Pertusariaceae","Lecanidium","lichen"
"Fungi","Ascomycota","Lecanoromycetes","Pertusariales","Pertusariaceae","Lepra","lichen"
"Fungi","Ascomycota","Lecanoromycetes","Pertusariales","Pertusariaceae","Loxosporopsis","lichen"
"Fungi","Ascomycota","Lecanoromycetes","Pertusariales","Pertusariaceae","Melanaria","lichen"
"Fungi","Ascomycota","Lecanoromycetes","Pertusariales","Pertusariaceae","Pertusaria","lichen"
"Fungi","Ascomycota","Lecanoromycetes","Pertusariales","Pertusariaceae","Variolaria","lichen"
"Fungi","Ascomycota","Lecanoromycetes","Pertusariales","Pertusariaceae","Zamenhofia","lichen"
"Fungi","Ascomycota","Lecanoromycetes","Pertusariales","Varicellariaceae","Varicellaria","lichen"
"Fungi","Ascomycota","Lecanoromycetes","Rhizocarpales","Rhizocarpaceae","Catolechia","lichen"
"Fungi","Ascomycota","Lecanoromycetes","Rhizocarpales","Rhizocarpaceae","Epilichen","lichen"
"Fungi","Ascomycota","Lecanoromycetes","Rhizocarpales","Rhizocarpaceae","Poeltinula","lichen"
"Fungi","Ascomycota","Lecanoromycetes","Rhizocarpales","Rhizocarpaceae","Rehmia","lichen"
"Fungi","Ascomycota","Lecanoromycetes","Rhizocarpales","Rhizocarpaceae","Rhizocarpon","lichen"
"Fungi","Ascomycota","Lecanoromycetes","Rhizocarpales","Sporastatiaceae","Sporastatia","lichen"
"Fungi","Ascomycota","Lecanoromycetes","Schaereriales","Schaereriaceae","Schaereria","lichen"
"Fungi","Ascomycota","Lecanoromycetes","Teloschistales","Brigantiaeaceae","Brigantiaea","lichen"
"Fungi","Ascomycota","Lecanoromycetes","Teloschistales","Leprocaulaceae","Halecania","lichen"
"Fungi","Ascomycota","Lecanoromycetes","Teloschistales","Leprocaulaceae","Leprocaulon","lichen"
"Fungi","Ascomycota","Lecanoromycetes","Teloschistales","Leprocaulaceae","Speerschneidera","lichen"
"Fungi","Ascomycota","Lecanoromycetes","Teloschistales","Letrouitiaceae","Letrouitia","lichen"
"Fungi","Ascomycota","Lecanoromycetes","Teloschistales","Megalosporaceae","Bombyliospora","lichen"
"Fungi","Ascomycota","Lecanoromycetes","Teloschistales","Megalosporaceae","Megalospora","lichen"
"Fungi","Ascomycota","Lecanoromycetes","Teloschistales","Teloschistaceae","Athallia","lichen"
"Fungi","Ascomycota","Lecanoromycetes","Teloschistales","Teloschistaceae","Blastenia","lichen"
"Fungi","Ascomycota","Lecanoromycetes","Teloschistales","Teloschistaceae","Borrera","lichen"
"Fungi","Ascomycota","Lecanoromycetes","Teloschistales","Teloschistaceae","Bryoplaca","lichen"
"Fungi","Ascomycota","Lecanoromycetes","Teloschistales","Teloschistaceae","Calogaya","lichen"
"Fungi","Ascomycota","Lecanoromycetes","Teloschistales","Teloschistaceae","Caloplaca","lichen"
"Fungi","Ascomycota","Lecanoromycetes","Teloschistales","Teloschistaceae","Dufourea","lichen"
"Fungi","Ascomycota","Lecanoromycetes","Teloschistales","Teloschistaceae","Flavoplaca","lichen"
"Fungi","Ascomycota","Lecanoromycetes","Teloschistales","Teloschistaceae","Fulgensia","lichen"
"Fungi","Ascomycota","Lecanoromycetes","Teloschistales","Teloschistaceae","Gasparrinia","lichen"
"Fungi","Ascomycota","Lecanoromycetes","Teloschistales","Teloschistaceae","Gyalolechia","lichen"
"Fungi","Ascomycota","Lecanoromycetes","Teloschistales","Teloschistaceae","Haloplaca","lichen"
"Fungi","Ascomycota","Lecanoromycetes","Teloschistales","Teloschistaceae","Leproplaca","lichen"
"Fungi","Ascomycota","Lecanoromycetes","Teloschistales","Teloschistaceae","Loekoesia","lichen"
"Fungi","Ascomycota","Lecanoromycetes","Teloschistales","Teloschistaceae","Obscuroplaca","lichen"
"Fungi","Ascomycota","Lecanoromycetes","Teloschistales","Teloschistaceae","Parvoplaca","lichen"
"Fungi","Ascomycota","Lecanoromycetes","Teloschistales","Teloschistaceae","Placodium","lichen"
"Fungi","Ascomycota","Lecanoromycetes","Teloschistales","Teloschistaceae","Polycauliona","lichen"
"Fungi","Ascomycota","Lecanoromycetes","Teloschistales","Teloschistaceae","Pyrenodesmia","lichen"
"Fungi","Ascomycota","Lecanoromycetes","Teloschistales","Teloschistaceae","Rufoplaca","lichen"
"Fungi","Ascomycota","Lecanoromycetes","Teloschistales","Teloschistaceae","Rusavskia","lichen"
"Fungi","Ascomycota","Lecanoromycetes","Teloschistales","Teloschistaceae","Solitaria","lichen"
"Fungi","Ascomycota","Lecanoromycetes","Teloschistales","Teloschistaceae","Squamulea","lichen"
"Fungi","Ascomycota","Lecanoromycetes","Teloschistales","Teloschistaceae","Teloschistes","lichen"
"Fungi","Ascomycota","Lecanoromycetes","Teloschistales","Teloschistaceae","Variospora","lichen"
"Fungi","Ascomycota","Lecanoromycetes","Teloschistales","Teloschistaceae","Wetmoreana","lichen"
"Fungi","Ascomycota","Lecanoromycetes","Teloschistales","Teloschistaceae","Xanthocarpia","lichen"
"Fungi","Ascomycota","Lecanoromycetes","Teloschistales","Teloschistaceae","Xanthomendoza","lichen"
"Fungi","Ascomycota","Lecanoromycetes","Teloschistales","Teloschistaceae","Xanthoria","lichen"
"Fungi","Ascomycota","Lecanoromycetes","Umbilicariales","Arthrorhaphidaceae","Arthrorhaphis","lichen"
"Fungi","Ascomycota","Lecanoromycetes","Umbilicariales","Elixiaceae","Elixia","lichen"
"Fungi","Ascomycota","Lecanoromycetes","Umbilicariales","Fuscideaceae","Fuscidea","lichen"
"Fungi","Ascomycota","Lecanoromycetes","Umbilicariales","Fuscideaceae","Maronea","lichen"
"Fungi","Ascomycota","Lecanoromycetes","Umbilicariales","Fuscideaceae","Orphniospora","lichen"
"Fungi","Ascomycota","Lecanoromycetes","Umbilicariales","Ophioparmaceae","Hypocenomyce","lichen"
"Fungi","Ascomycota","Lecanoromycetes","Umbilicariales","Ophioparmaceae","Ophioparma","lichen"
"Fungi","Ascomycota","Lecanoromycetes","Umbilicariales","Ropalosporaceae","Ropalospora","lichen"
"Fungi","Ascomycota","Lecanoromycetes","Umbilicariales","Umbilicariaceae","Fulgidea","lichen"
"Fungi","Ascomycota","Lecanoromycetes","Umbilicariales","Umbilicariaceae","Lasallia","lichen"
"Fungi","Ascomycota","Lecanoromycetes","Umbilicariales","Umbilicariaceae","Umbilicaria","lichen"
"Fungi","Ascomycota","Lecanoromycetes","Umbilicariales","Umbilicariaceae","Xylopsora","lichen"
"Fungi","Ascomycota","Lichinomycetes","Lichinales","Gloeoheppiaceae","Gloeoheppia","lichen"
"Fungi","Ascomycota","Lichinomycetes","Lichinales","Lichinaceae","Cryptothele","lichen"
"Fungi","Ascomycota","Lichinomycetes","Lichinales","Lichinaceae","Endocarpiscum","lichen"
"Fungi","Ascomycota","Lichinomycetes","Lichinales","Lichinaceae","Ephebe","lichen"
"Fungi","Ascomycota","Lichinomycetes","Lichinales","Lichinaceae","Forssellia","lichen"
"Fungi","Ascomycota","Lichinomycetes","Lichinales","Lichinaceae","Gonionema","lichen"
"Fungi","Ascomycota","Lichinomycetes","Lichinales","Lichinaceae","Gonohymenia","lichen"
"Fungi","Ascomycota","Lichinomycetes","Lichinales","Lichinaceae","Gyrocollema","lichen"
"Fungi","Ascomycota","Lichinomycetes","Lichinales","Lichinaceae","Harpidium","lichen"
"Fungi","Ascomycota","Lichinomycetes","Lichinales","Lichinaceae","Heppia","lichen"
"Fungi","Ascomycota","Lichinomycetes","Lichinales","Lichinaceae","Lemmopsis","lichen"
"Fungi","Ascomycota","Lichinomycetes","Lichinales","Lichinaceae","Lempholemma","lichen"
"Fungi","Ascomycota","Lichinomycetes","Lichinales","Lichinaceae","Leprocollema","lichen"
"Fungi","Ascomycota","Lichinomycetes","Lichinales","Lichinaceae","Lichina","lichen"
"Fungi","Ascomycota","Lichinomycetes","Lichinales","Lichinaceae","Lichinella","lichen"
"Fungi","Ascomycota","Lichinomycetes","Lichinales","Lichinaceae","Metamelaena","lichen"
"Fungi","Ascomycota","Lichinomycetes","Lichinales","Lichinaceae","Metamelanea","lichen"
"Fungi","Ascomycota","Lichinomycetes","Lichinales","Lichinaceae","Omphalaria","lichen"
"Fungi","Ascomycota","Lichinomycetes","Lichinales","Lichinaceae","Paulia","lichen"
"Fungi","Ascomycota","Lichinomycetes","Lichinales","Lichinaceae","Peccania","lichen"
"Fungi","Ascomycota","Lichinomycetes","Lichinales","Lichinaceae","Phloeopeccania","lichen"
"Fungi","Ascomycota","Lichinomycetes","Lichinales","Lichinaceae","Phylliscum","lichen"
"Fungi","Ascomycota","Lichinomycetes","Lichinales","Lichinaceae","Porocyphus","lichen"
"Fungi","Ascomycota","Lichinomycetes","Lichinales","Lichinaceae","Psorotichia","lichen"
"Fungi","Ascomycota","Lichinomycetes","Lichinales","Lichinaceae","Pterygiopsis","lichen"
"Fungi","Ascomycota","Lichinomycetes","Lichinales","Lichinaceae","Pyrenocarpon","lichen"
"Fungi","Ascomycota","Lichinomycetes","Lichinales","Lichinaceae","Pyrenopsis","lichen"
"Fungi","Ascomycota","Lichinomycetes","Lichinales","Lichinaceae","Rechingeria","lichen"
"Fungi","Ascomycota","Lichinomycetes","Lichinales","Lichinaceae","Synalissa","lichen"
"Fungi","Ascomycota","Lichinomycetes","Lichinales","Lichinaceae","Thermutis","lichen"
"Fungi","Ascomycota","Lichinomycetes","Lichinales","Lichinaceae","Thyrea","lichen"
"Fungi","Ascomycota","Lichinomycetes","Lichinales","Lichinaceae","Zahlbrucknerella","lichen"
"Fungi","Ascomycota","Lichinomycetes","Lichinales","Peltulaceae","Peltula","lichen"
"Plantae","Anthocerotophyta","Anthocerotopsida","Anthocerotales","Anthocerotaceae","Anthoceros","bryophyte"
"Plantae","Anthocerotophyta","Anthocerotopsida","Anthocerotales","Anthocerotaceae","Aspiromitus","bryophyte"
"Plantae","Anthocerotophyta","Anthocerotopsida","Anthocerotales","Anthocerotaceae","Folioceros","bryophyte"
"Plantae","Anthocerotophyta","Anthocerotopsida","Anthocerotales","Anthocerotaceae","Foraminisporis","bryophyte"
"Plantae","Anthocerotophyta","Anthocerotopsida","Anthocerotales","Anthocerotaceae","Leiosporoceros","bryophyte"
"Plantae","Anthocerotophyta","Anthocerotopsida","Dendrocerotales","Dendrocerotaceae","Dendroceros","bryophyte"
"Plantae","Anthocerotophyta","Anthocerotopsida","Dendrocerotales","Dendrocerotaceae","Megaceros","bryophyte"
"Plantae","Anthocerotophyta","Anthocerotopsida","Dendrocerotales","Dendrocerotaceae","Nothoceros","bryophyte"
"Plantae","Anthocerotophyta","Anthocerotopsida","Dendrocerotales","Dendrocerotaceae","Phaeomegaceros","bryophyte"
"Plantae","Anthocerotophyta","Anthocerotopsida","Notothyladales","Notothyladaceae","Notothylas","bryophyte"
"Plantae","Anthocerotophyta","Anthocerotopsida","Notothyladales","Notothyladaceae","Paraphymatoceros","bryophyte"
"Plantae","Anthocerotophyta","Anthocerotopsida","Notothyladales","Notothyladaceae","Phaeoceros","bryophyte"
"Plantae","Anthocerotophyta","Anthocerotopsida","Phymatocerotales","Phymatocerotaceae","Phymatoceros","bryophyte"
"Plantae","Bryophyta","","","","Anapiculatisporites","bryophyte"
"Plantae","Bryophyta","","","","Annulispora","bryophyte"
"Plantae","Bryophyta","","","","Cingutriletes","bryophyte"
"Plantae","Bryophyta","","","","Couperisporites","bryophyte"
"Plantae","Bryophyta","","","","Emphanisporites","bryophyte"
"Plantae","Bryophyta","","","","Interulobites","bryophyte"
"Plantae","Bryophyta","","","","Nevesisporites","bryophyte"
"Plantae","Bryophyta","","","","Sporogonites","bryophyte"
"Plantae","Bryophyta","","","","Staplinisporites","bryophyte"
"Plantae","Bryophyta","","","","Stoverisporites","bryophyte"
"Plantae","Bryophyta","Andreaeobryopsida","Andreaeobryales","Andreaeobryaceae","Andreaeobryum","bryophyte"
"Plantae","Bryophyta","Andreaeopsida","Andreaeales","Andreaeaceae","Andreaea","bryophyte"
"Plantae","Bryophyta","Bryopsida","","","Bryopsida","bryophyte"
"Plantae","Bryophyta","Bryopsida","","","Stereisporites","bryophyte"
"Plantae","Bryophyta","Bryopsida","Archidiales","Archidiaceae","Archidium","bryophyte"
"Plantae","Bryophyta","Bryopsida","Aulacomniales","Aulacomniaceae","Aulacomnium","bryophyte"
"Plantae","Bryophyta","Bryopsida","Aulacomniales","Aulacomniaceae","Hymenodontopsis","bryophyte"
"Plantae","Bryophyta","Bryopsida","Aulacomniales","Aulacomniaceae","Mesochaete","bryophyte"
"Plantae","Bryophyta","Bryopsida","Bartramiales","Bartramiaceae","Anacolia","bryophyte"
"Plantae","Bryophyta","Bryopsida","Bartramiales","Bartramiaceae","Bartramia","bryophyte"
"Plantae","Bryophyta","Bryopsida","Bartramiales","Bartramiaceae","Bartramidula","bryophyte"
"Plantae","Bryophyta","Bryopsida","Bartramiales","Bartramiaceae","Breutelia","bryophyte"
"Plantae","Bryophyta","Bryopsida","Bartramiales","Bartramiaceae","Conostomum","bryophyte"
"Plantae","Bryophyta","Bryopsida","Bartramiales","Bartramiaceae","Fleischerobryum","bryophyte"
"Plantae","Bryophyta","Bryopsida","Bartramiales","Bartramiaceae","Flowersia","bryophyte"
"Plantae","Bryophyta","Bryopsida","Bartramiales","Bartramiaceae","Leiomela","bryophyte"
"Plantae","Bryophyta","Bryopsida","Bartramiales","Bartramiaceae","Philonotis","bryophyte"
"Plantae","Bryophyta","Bryopsida","Bartramiales","Bartramiaceae","Plagiopus","bryophyte"
"Plantae","Bryophyta","Bryopsida","Bryales","","Merceria","bryophyte"
"Plantae","Bryophyta","Bryopsida","Bryales","Bryaceae","Acidodontium","bryophyte"
"Plantae","Bryophyta","Bryopsida","Bryales","Bryaceae","Anomobryum","bryophyte"
"Plantae","Bryophyta","Bryopsida","Bryales","Bryaceae","Brachymenium","bryophyte"
"Plantae","Bryophyta","Bryopsida","Bryales","Bryaceae","Bryum","bryophyte"
"Plantae","Bryophyta","Bryopsida","Bryales","Bryaceae","Gemmabryum","bryophyte"
"Plantae","Bryophyta","Bryopsida","Bryales","Bryaceae","Haplodontium","bryophyte"
"Plantae","Bryophyta","Bryopsida","Bryales","Bryaceae","Imbribryum","bryophyte"
"Plantae","Bryophyta","Bryopsida","Bryales","Bryaceae","Leptobryum","bryophyte"
"Plantae","Bryophyta","Bryopsida","Bryales","Bryaceae","Leptostomopsis","bryophyte"
"Plantae","Bryophyta","Bryopsida","Bryales","Bryaceae","Ochiobryum","bryophyte"
"Plantae","Bryophyta","Bryopsida","Bryales","Bryaceae","Perssonia","bryophyte"
"Plantae","Bryophyta","Bryopsida","Bryales","Bryaceae","Plagiobryoides","bryophyte"
"Plantae","Bryophyta","Bryopsida","Bryales","Bryaceae","Plagiobryum","bryophyte"
"Plantae","Bryophyta","Bryopsida","Bryales","Bryaceae","Ptychostomum","bryophyte"
"Plantae","Bryophyta","Bryopsida","Bryales","Bryaceae","Rhodobryum","bryophyte"
"Plantae","Bryophyta","Bryopsida","Bryales","Bryaceae","Roellobryon","bryophyte"
"Plantae","Bryophyta","Bryopsida","Bryales","Bryaceae","Rosulabryum","bryophyte"
"Plantae","Bryophyta","Bryopsida","Bryales","Bryaceae","Stableria","bryophyte"
"Plantae","Bryophyta","Bryopsida","Bryales","Leptostomataceae","Leptostomum","bryophyte"
"Plantae","Bryophyta","Bryopsida","Bryales","Mniaceae","Cinclidium","bryophyte"
"Plantae","Bryophyta","Bryopsida","Bryales","Mniaceae","Cyrtomnium","bryophyte"
"Plantae","Bryophyta","Bryopsida","Bryales","Mniaceae","Epipterygium","bryophyte"
"Plantae","Bryophyta","Bryopsida","Bryales","Mniaceae","Leucolepis","bryophyte"
"Plantae","Bryophyta","Bryopsida","Bryales","Mniaceae","Mielichhoferia","bryophyte"
"Plantae","Bryophyta","Bryopsida","Bryales","Mniaceae","Mniobryum","bryophyte"
"Plantae","Bryophyta","Bryopsida","Bryales","Mniaceae","Mnium","bryophyte"
"Plantae","Bryophyta","Bryopsida","Bryales","Mniaceae","Orthomnion","bryophyte"
"Plantae","Bryophyta","Bryopsida","Bryales","Mniaceae","Orthomnium","bryophyte"
"Plantae","Bryophyta","Bryopsida","Bryales","Mniaceae","Plagiomnium","bryophyte"
"Plantae","Bryophyta","Bryopsida","Bryales","Mniaceae","Pohlia","bryophyte"
"Plantae","Bryophyta","Bryopsida","Bryales","Mniaceae","Pseudobryum","bryophyte"
"Plantae","Bryophyta","Bryopsida","Bryales","Mniaceae","Pseudopohlia","bryophyte"
"Plantae","Bryophyta","Bryopsida","Bryales","Mniaceae","Rhizomnium","bryophyte"
"Plantae","Bryophyta","Bryopsida","Bryales","Mniaceae","Schizymenium","bryophyte"
"Plantae","Bryophyta","Bryopsida","Bryales","Mniaceae","Trachycystis","bryophyte"
"Plantae","Bryophyta","Bryopsida","Bryales","Mniaceae","Uskatia","bryophyte"
"Plantae","Bryophyta","Bryopsida","Bryales","Mniaceae","Webera","bryophyte"
"Plantae","Bryophyta","Bryopsida","Bryales","Phyllodrepaniaceae","Mniomalia","bryophyte"
"Plantae","Bryophyta","Bryopsida","Bryales","Phyllodrepaniaceae","Phyllodrepanium","bryophyte"
"Plantae","Bryophyta","Bryopsida","Bryales","Pulchrinodaceae","Pulchrinodus","bryophyte"
"Plantae","Bryophyta","Bryopsida","Bryoxiphiales","Bryoxiphiaceae","Bryoxiphium","bryophyte"
"Plantae","Bryophyta","Bryopsida","Buxbaumiales","Buxbaumiaceae","Buxbaumia","bryophyte"
"Plantae","Bryophyta","Bryopsida","Buxbaumiales","Buxbaumiaceae","Theriotia","bryophyte"
"Plantae","Bryophyta","Bryopsida","Catoscopiales","Catoscopiaceae","Catoscopium","bryophyte"
"Plantae","Bryophyta","Bryopsida","Dicranales","Amphidiaceae","Amphidium","bryophyte"
"Plantae","Bryophyta","Bryopsida","Dicranales","Aongstroemiaceae","Aongstroemia","bryophyte"
"Plantae","Bryophyta","Bryopsida","Dicranales","Aongstroemiaceae","Aongstroemiopsis","bryophyte"
"Plantae","Bryophyta","Bryopsida","Dicranales","Aongstroemiaceae","Dichodontium","bryophyte"
"Plantae","Bryophyta","Bryopsida","Dicranales","Aongstroemiaceae","Diobelonella","bryophyte"
"Plantae","Bryophyta","Bryopsida","Dicranales","Aongstroemiaceae","Hygrodicranum","bryophyte"
"Plantae","Bryophyta","Bryopsida","Dicranales","Bruchiaceae","Bruchia","bryophyte"
"Plantae","Bryophyta","Bryopsida","Dicranales","Bruchiaceae","Trematodon","bryophyte"
"Plantae","Bryophyta","Bryopsida","Dicranales","Bryowijkiaceae","Bryowijkia","bryophyte"
"Plantae","Bryophyta","Bryopsida","Dicranales","Calymperaceae","Arthrocormus","bryophyte"
"Plantae","Bryophyta","Bryopsida","Dicranales","Calymperaceae","Calymperes","bryophyte"
"Plantae","Bryophyta","Bryopsida","Dicranales","Calymperaceae","Calymperopsis","bryophyte"
"Plantae","Bryophyta","Bryopsida","Dicranales","Calymperaceae","Exodictyon","bryophyte"
"Plantae","Bryophyta","Bryopsida","Dicranales","Calymperaceae","Exostratum","bryophyte"
"Plantae","Bryophyta","Bryopsida","Dicranales","Calymperaceae","Leucophanes","bryophyte"
"Plantae","Bryophyta","Bryopsida","Dicranales","Calymperaceae","Mitthyridium","bryophyte"
"Plantae","Bryophyta","Bryopsida","Dicranales","Calymperaceae","Syrrhopodon","bryophyte"
"Plantae","Bryophyta","Bryopsida","Dicranales","Dicranaceae","Braunfelsia","bryophyte"
"Plantae","Bryophyta","Bryopsida","Dicranales","Dicranaceae","Brotherobryum","bryophyte"
"Plantae","Bryophyta","Bryopsida","Dicranales","Dicranaceae","Chorisodontium","bryophyte"
"Plantae","Bryophyta","Bryopsida","Dicranales","Dicranaceae","Cryptodicranum","bryophyte"
"Plantae","Bryophyta","Bryopsida","Dicranales","Dicranaceae","Dicnemon","bryophyte"
"Plantae","Bryophyta","Bryopsida","Dicranales","Dicranaceae","Dicranoloma","bryophyte"
"Plantae","Bryophyta","Bryopsida","Dicranales","Dicranaceae","Dicranum","bryophyte"
"Plantae","Bryophyta","Bryopsida","Dicranales","Dicranaceae","Eucamptodontopsis","bryophyte"
"Plantae","Bryophyta","Bryopsida","Dicranales","Dicranaceae","Hollia","bryophyte"
"Plantae","Bryophyta","Bryopsida","Dicranales","Dicranaceae","Holomitrium","bryophyte"
"Plantae","Bryophyta","Bryopsida","Dicranales","Dicranaceae","Hygodicranum","bryophyte"
"Plantae","Bryophyta","Bryopsida","Dicranales","Dicranaceae","Leucoloma","bryophyte"
"Plantae","Bryophyta","Bryopsida","Dicranales","Dicranaceae","Macrodictyum","bryophyte"
"Plantae","Bryophyta","Bryopsida","Dicranales","Dicranaceae","Mesotus","bryophyte"
"Plantae","Bryophyta","Bryopsida","Dicranales","Dicranaceae","Nanomitriopsis","bryophyte"
"Plantae","Bryophyta","Bryopsida","Dicranales","Dicranaceae","Orthodicranum","bryophyte"
"Plantae","Bryophyta","Bryopsida","Dicranales","Dicranaceae","Paraleucobryum","bryophyte"
"Plantae","Bryophyta","Bryopsida","Dicranales","Dicranaceae","Parisia","bryophyte"
"Plantae","Bryophyta","Bryopsida","Dicranales","Dicranaceae","Platyneuron","bryophyte"
"Plantae","Bryophyta","Bryopsida","Dicranales","Dicranaceae","Schliephackea","bryophyte"
"Plantae","Bryophyta","Bryopsida","Dicranales","Dicranaceae","Sclerodontium","bryophyte"
"Plantae","Bryophyta","Bryopsida","Dicranales","Dicranaceae","Wardia","bryophyte"
"Plantae","Bryophyta","Bryopsida","Dicranales","Dicranellaceae","Anisothecium","bryophyte"
"Plantae","Bryophyta","Bryopsida","Dicranales","Dicranellaceae","Bryotestua","bryophyte"
"Plantae","Bryophyta","Bryopsida","Dicranales","Dicranellaceae","Campylopodium","bryophyte"
"Plantae","Bryophyta","Bryopsida","Dicranales","Dicranellaceae","Cladophascum","bryophyte"
"Plantae","Bryophyta","Bryopsida","Dicranales","Dicranellaceae","Dicranella","bryophyte"
"Plantae","Bryophyta","Bryopsida","Dicranales","Dicranellaceae","Eccremidium","bryophyte"
"Plantae","Bryophyta","Bryopsida","Dicranales","Dicranellaceae","Garckea","bryophyte"
"Plantae","Bryophyta","Bryopsida","Dicranales","Dicranellaceae","Leptotrichella","bryophyte"
"Plantae","Bryophyta","Bryopsida","Dicranales","Dicranellaceae","Microcampylopus","bryophyte"
"Plantae","Bryophyta","Bryopsida","Dicranales","Ditrichaceae","Astomiopsis","bryophyte"
"Plantae","Bryophyta","Bryopsida","Dicranales","Ditrichaceae","Ceratodon","bryophyte"
"Plantae","Bryophyta","Bryopsida","Dicranales","Ditrichaceae","Cheilothela","bryophyte"
"Plantae","Bryophyta","Bryopsida","Dicranales","Ditrichaceae","Cladastomum","bryophyte"
"Plantae","Bryophyta","Bryopsida","Dicranales","Ditrichaceae","Cleistocarpidium","bryophyte"
"Plantae","Bryophyta","Bryopsida","Dicranales","Ditrichaceae","Cynontodium","bryophyte"
"Plantae","Bryophyta","Bryopsida","Dicranales","Ditrichaceae","Ditrichopsis","bryophyte"
"Plantae","Bryophyta","Bryopsida","Dicranales","Ditrichaceae","Ditrichum","bryophyte"
"Plantae","Bryophyta","Bryopsida","Dicranales","Ditrichaceae","Leptotrichum","bryophyte"
"Plantae","Bryophyta","Bryopsida","Dicranales","Ditrichaceae","Pleuridium","bryophyte"
"Plantae","Bryophyta","Bryopsida","Dicranales","Ditrichaceae","Pseudephemerum","bryophyte"
"Plantae","Bryophyta","Bryopsida","Dicranales","Ditrichaceae","Rhamphidium","bryophyte"
"Plantae","Bryophyta","Bryopsida","Dicranales","Ditrichaceae","Skottsbergia","bryophyte"
"Plantae","Bryophyta","Bryopsida","Dicranales","Ditrichaceae","Swartzia","bryophyte"
"Plantae","Bryophyta","Bryopsida","Dicranales","Ditrichaceae","Trichodon","bryophyte"
"Plantae","Bryophyta","Bryopsida","Dicranales","Ditrichaceae","Wilsoniella","bryophyte"
"Plantae","Bryophyta","Bryopsida","Dicranales","Erpodiaceae","Aulacopilum","bryophyte"
"Plantae","Bryophyta","Bryopsida","Dicranales","Erpodiaceae","Erpodium","bryophyte"
"Plantae","Bryophyta","Bryopsida","Dicranales","Erpodiaceae","Solmsiella","bryophyte"
"Plantae","Bryophyta","Bryopsida","Dicranales","Erpodiaceae","Tricherpodium","bryophyte"
"Plantae","Bryophyta","Bryopsida","Dicranales","Erpodiaceae","Venturiella","bryophyte"
"Plantae","Bryophyta","Bryopsida","Dicranales","Eustichiaceae","Eustichia","bryophyte"
"Plantae","Bryophyta","Bryopsida","Dicranales","Fissidentaceae","Conomitrium","bryophyte"
"Plantae","Bryophyta","Bryopsida","Dicranales","Fissidentaceae","Fissidens","bryophyte"
"Plantae","Bryophyta","Bryopsida","Dicranales","Hypodontiaceae","Hypodontium","bryophyte"
"Plantae","Bryophyta","Bryopsida","Dicranales","Leucobryaceae","Atractylocarpus","bryophyte"
"Plantae","Bryophyta","Bryopsida","Dicranales","Leucobryaceae","Brothera","bryophyte"
"Plantae","Bryophyta","Bryopsida","Dicranales","Leucobryaceae","Campylopodiella","bryophyte"
"Plantae","Bryophyta","Bryopsida","Dicranales","Leucobryaceae","Campylopus","bryophyte"
"Plantae","Bryophyta","Bryopsida","Dicranales","Leucobryaceae","Cladopodanthus","bryophyte"
"Plantae","Bryophyta","Bryopsida","Dicranales","Leucobryaceae","Dicranodontium","bryophyte"
"Plantae","Bryophyta","Bryopsida","Dicranales","Leucobryaceae","Holomitriopsis","bryophyte"
"Plantae","Bryophyta","Bryopsida","Dicranales","Leucobryaceae","Leucobryum","bryophyte"
"Plantae","Bryophyta","Bryopsida","Dicranales","Leucobryaceae","Ochrobryum","bryophyte"
"Plantae","Bryophyta","Bryopsida","Dicranales","Leucobryaceae","Pilopogon","bryophyte"
"Plantae","Bryophyta","Bryopsida","Dicranales","Leucobryaceae","Schistomitrium","bryophyte"
"Plantae","Bryophyta","Bryopsida","Dicranales","Leucobryaceae","Thysanomitrion","bryophyte"
"Plantae","Bryophyta","Bryopsida","Dicranales","Micromitriaceae","Micromitrium","bryophyte"
"Plantae","Bryophyta","Bryopsida","Dicranales","Octoblepharaceae","Octoblepharum","bryophyte"
"Plantae","Bryophyta","Bryopsida","Dicranales","Rhabdoweisiaceae","Arctoa","bryophyte"
"Plantae","Bryophyta","Bryopsida","Dicranales","Rhabdoweisiaceae","Brideliella","bryophyte"
"Plantae","Bryophyta","Bryopsida","Dicranales","Rhabdoweisiaceae","Camptodontium","bryophyte"
"Plantae","Bryophyta","Bryopsida","Dicranales","Rhabdoweisiaceae","Cnestrum","bryophyte"
"Plantae","Bryophyta","Bryopsida","Dicranales","Rhabdoweisiaceae","Cynodontium","bryophyte"
"Plantae","Bryophyta","Bryopsida","Dicranales","Rhabdoweisiaceae","Dicranoweisia","bryophyte"
"Plantae","Bryophyta","Bryopsida","Dicranales","Rhabdoweisiaceae","Eucamptodon","bryophyte"
"Plantae","Bryophyta","Bryopsida","Dicranales","Rhabdoweisiaceae","Glyphomitrium","bryophyte"
"Plantae","Bryophyta","Bryopsida","Dicranales","Rhabdoweisiaceae","Notocynodontium","bryophyte"
"Plantae","Bryophyta","Bryopsida","Dicranales","Rhabdoweisiaceae","Oncophorus","bryophyte"
"Plantae","Bryophyta","Bryopsida","Dicranales","Rhabdoweisiaceae","Oreas","bryophyte"
"Plantae","Bryophyta","Bryopsida","Dicranales","Rhabdoweisiaceae","Pseudoblindia","bryophyte"
"Plantae","Bryophyta","Bryopsida","Dicranales","Rhabdoweisiaceae","Rhabdoweisia","bryophyte"
"Plantae","Bryophyta","Bryopsida","Dicranales","Rhabdoweisiaceae","Symblepharis","bryophyte"
"Plantae","Bryophyta","Bryopsida","Dicranales","Rhachitheciaceae","Jonesiobryum","bryophyte"
"Plantae","Bryophyta","Bryopsida","Dicranales","Rhachitheciaceae","Rhachithecium","bryophyte"
"Plantae","Bryophyta","Bryopsida","Dicranales","Rhachitheciaceae","Ulea","bryophyte"
"Plantae","Bryophyta","Bryopsida","Dicranales","Schistostegaceae","Schistostega","bryophyte"
"Plantae","Bryophyta","Bryopsida","Dicranales","Serpotortellaceae","Serpotortella","bryophyte"
"Plantae","Bryophyta","Bryopsida","Dicranales","Viridivelleraceae","Viridivellus","bryophyte"
"Plantae","Bryophyta","Bryopsida","Diphysciales","Diphysciaceae","Diphyscium","bryophyte"
"Plantae","Bryophyta","Bryopsida","Disceliales","Disceliaceae","Discelium","bryophyte"
"Plantae","Bryophyta","Bryopsida","Encalyptales","Encalyptaceae","Bryobrittonia","bryophyte"
"Plantae","Bryophyta","Bryopsida","Encalyptales","Encalyptaceae","Encalypta","bryophyte"
"Plantae","Bryophyta","Bryopsida","Funariales","Funariaceae","Entosthodon","bryophyte"
"Plantae","Bryophyta","Bryopsida","Funariales","Funariaceae","Funaria","bryophyte"
"Plantae","Bryophyta","Bryopsida","Funariales","Funariaceae","Funariella","bryophyte"
"Plantae","Bryophyta","Bryopsida","Funariales","Funariaceae","Goniomitrium","bryophyte"
"Plantae","Bryophyta","Bryopsida","Funariales","Funariaceae","Physcomitrellopsis","bryophyte"
"Plantae","Bryophyta","Bryopsida","Funariales","Funariaceae","Physcomitrium","bryophyte"
"Plantae","Bryophyta","Bryopsida","Funariales","Funariaceae","Pyramidula","bryophyte"
"Plantae","Bryophyta","Bryopsida","Gigaspermales","Gigaspermaceae","Chamaebryum","bryophyte"
"Plantae","Bryophyta","Bryopsida","Gigaspermales","Gigaspermaceae","Costesia","bryophyte"
"Plantae","Bryophyta","Bryopsida","Gigaspermales","Gigaspermaceae","Gigaspermum","bryophyte"
"Plantae","Bryophyta","Bryopsida","Gigaspermales","Gigaspermaceae","Lorentziella","bryophyte"
"Plantae","Bryophyta","Bryopsida","Gigaspermales","Gigaspermaceae","Oedipodiella","bryophyte"
"Plantae","Bryophyta","Bryopsida","Grimmiales","Grimmiaceae","Bucklandiella","bryophyte"
"Plantae","Bryophyta","Bryopsida","Grimmiales","Grimmiaceae","Codriophorus","bryophyte"
"Plantae","Bryophyta","Bryopsida","Grimmiales","Grimmiaceae","Coscinodon","bryophyte"
"Plantae","Bryophyta","Bryopsida","Grimmiales","Grimmiaceae","Dilutineuron","bryophyte"
"Plantae","Bryophyta","Bryopsida","Grimmiales","Grimmiaceae","Frisvollia","bryophyte"
"Plantae","Bryophyta","Bryopsida","Grimmiales","Grimmiaceae","Grimmia","bryophyte"
"Plantae","Bryophyta","Bryopsida","Grimmiales","Grimmiaceae","Niphotrichum","bryophyte"
"Plantae","Bryophyta","Bryopsida","Grimmiales","Grimmiaceae","Racomitrium","bryophyte"
"Plantae","Bryophyta","Bryopsida","Grimmiales","Grimmiaceae","Schistidium","bryophyte"
"Plantae","Bryophyta","Bryopsida","Grimmiales","Ptychomitriaceae","Aligrimmia","bryophyte"
"Plantae","Bryophyta","Bryopsida","Grimmiales","Ptychomitriaceae","Aulacomitrium","bryophyte"
"Plantae","Bryophyta","Bryopsida","Grimmiales","Ptychomitriaceae","Brachydontium","bryophyte"
"Plantae","Bryophyta","Bryopsida","Grimmiales","Ptychomitriaceae","Brachysteleum","bryophyte"
"Plantae","Bryophyta","Bryopsida","Grimmiales","Ptychomitriaceae","Campylostelium","bryophyte"
"Plantae","Bryophyta","Bryopsida","Grimmiales","Ptychomitriaceae","Indusiella","bryophyte"
"Plantae","Bryophyta","Bryopsida","Grimmiales","Ptychomitriaceae","Jaffueliobryum","bryophyte"
"Plantae","Bryophyta","Bryopsida","Grimmiales","Ptychomitriaceae","Ptychomitrium","bryophyte"
"Plantae","Bryophyta","Bryopsida","Grimmiales","Saelaniaceae","Saelania","bryophyte"
"Plantae","Bryophyta","Bryopsida","Grimmiales","Seligeriaceae","Blindia","bryophyte"
"Plantae","Bryophyta","Bryopsida","Grimmiales","Seligeriaceae","Blindiadelphus","bryophyte"
"Plantae","Bryophyta","Bryopsida","Grimmiales","Seligeriaceae","Brachyodus","bryophyte"
"Plantae","Bryophyta","Bryopsida","Grimmiales","Seligeriaceae","Hymenolomopsis","bryophyte"
"Plantae","Bryophyta","Bryopsida","Grimmiales","Seligeriaceae","Seligeria","bryophyte"
"Plantae","Bryophyta","Bryopsida","Grimmiales","Seligeriaceae","Valdonia","bryophyte"
"Plantae","Bryophyta","Bryopsida","Grimmiales","Seligeriaceae","Verrucidens","bryophyte"
"Plantae","Bryophyta","Bryopsida","Hedwigiales","Hedwigiaceae","Braunia","bryophyte"
"Plantae","Bryophyta","Bryopsida","Hedwigiales","Hedwigiaceae","Hedwigia","bryophyte"
"Plantae","Bryophyta","Bryopsida","Hedwigiales","Hedwigiaceae","Hedwigidium","bryophyte"
"Plantae","Bryophyta","Bryopsida","Hedwigiales","Hedwigiaceae","Pseudobraunia","bryophyte"
"Plantae","Bryophyta","Bryopsida","Hedwigiales","Hedwigiaceae","Rhacocarpus","bryophyte"
"Plantae","Bryophyta","Bryopsida","Helicophyllales","Helicophyllaceae","Helicophyllum","bryophyte"
"Plantae","Bryophyta","Bryopsida","Hookeriales","Daltoniaceae","Achrophyllum","bryophyte"
"Plantae","Bryophyta","Bryopsida","Hookeriales","Daltoniaceae","Adelothecium","bryophyte"
"Plantae","Bryophyta","Bryopsida","Hookeriales","Daltoniaceae","Benitotania","bryophyte"
"Plantae","Bryophyta","Bryopsida","Hookeriales","Daltoniaceae","Bryobrothera","bryophyte"
"Plantae","Bryophyta","Bryopsida","Hookeriales","Daltoniaceae","Calyptrochaeta","bryophyte"
"Plantae","Bryophyta","Bryopsida","Hookeriales","Daltoniaceae","Crosbya","bryophyte"
"Plantae","Bryophyta","Bryopsida","Hookeriales","Daltoniaceae","Cyathophorella","bryophyte"
"Plantae","Bryophyta","Bryopsida","Hookeriales","Daltoniaceae","Daltonia","bryophyte"
"Plantae","Bryophyta","Bryopsida","Hookeriales","Daltoniaceae","Distichophyllidium","bryophyte"
"Plantae","Bryophyta","Bryopsida","Hookeriales","Daltoniaceae","Distichophyllum","bryophyte"
"Plantae","Bryophyta","Bryopsida","Hookeriales","Daltoniaceae","Ephemeropsis","bryophyte"
"Plantae","Bryophyta","Bryopsida","Hookeriales","Daltoniaceae","Eriopus","bryophyte"
"Plantae","Bryophyta","Bryopsida","Hookeriales","Daltoniaceae","Leskeodon","bryophyte"
"Plantae","Bryophyta","Bryopsida","Hookeriales","Hookeriaceae","Chaetomitriopsis","bryophyte"
"Plantae","Bryophyta","Bryopsida","Hookeriales","Hookeriaceae","Crossomitrium","bryophyte"
"Plantae","Bryophyta","Bryopsida","Hookeriales","Hookeriaceae","Hepaticina","bryophyte"
"Plantae","Bryophyta","Bryopsida","Hookeriales","Hookeriaceae","Holoblepharum","bryophyte"
"Plantae","Bryophyta","Bryopsida","Hookeriales","Hookeriaceae","Hookeria","bryophyte"
"Plantae","Bryophyta","Bryopsida","Hookeriales","Hookeriaceae","Pterigophyllum","bryophyte"
"Plantae","Bryophyta","Bryopsida","Hookeriales","Hookeriaceae","Pterygophyllum","bryophyte"
"Plantae","Bryophyta","Bryopsida","Hookeriales","Leucomiaceae","Leucomium","bryophyte"
"Plantae","Bryophyta","Bryopsida","Hookeriales","Leucomiaceae","Rhynchostegiopsis","bryophyte"
"Plantae","Bryophyta","Bryopsida","Hookeriales","Leucomiaceae","Tetrastichium","bryophyte"
"Plantae","Bryophyta","Bryopsida","Hookeriales","Pilotrichaceae","Actinodontium","bryophyte"
"Plantae","Bryophyta","Bryopsida","Hookeriales","Pilotrichaceae","Amblytropis","bryophyte"
"Plantae","Bryophyta","Bryopsida","Hookeriales","Pilotrichaceae","Brymela","bryophyte"
"Plantae","Bryophyta","Bryopsida","Hookeriales","Pilotrichaceae","Callicostella","bryophyte"
"Plantae","Bryophyta","Bryopsida","Hookeriales","Pilotrichaceae","Callicostellopsis","bryophyte"
"Plantae","Bryophyta","Bryopsida","Hookeriales","Pilotrichaceae","Cyclodictyon","bryophyte"
"Plantae","Bryophyta","Bryopsida","Hookeriales","Pilotrichaceae","Helicoblepharum","bryophyte"
"Plantae","Bryophyta","Bryopsida","Hookeriales","Pilotrichaceae","Hemiragis","bryophyte"
"Plantae","Bryophyta","Bryopsida","Hookeriales","Pilotrichaceae","Hookeriopsis","bryophyte"
"Plantae","Bryophyta","Bryopsida","Hookeriales","Pilotrichaceae","Hypnella","bryophyte"
"Plantae","Bryophyta","Bryopsida","Hookeriales","Pilotrichaceae","Lepidopilidium","bryophyte"
"Plantae","Bryophyta","Bryopsida","Hookeriales","Pilotrichaceae","Lepidopilum","bryophyte"
"Plantae","Bryophyta","Bryopsida","Hookeriales","Pilotrichaceae","Neohypnella","bryophyte"
"Plantae","Bryophyta","Bryopsida","Hookeriales","Pilotrichaceae","Philophyllum","bryophyte"
"Plantae","Bryophyta","Bryopsida","Hookeriales","Pilotrichaceae","Pilotrichidium","bryophyte"
"Plantae","Bryophyta","Bryopsida","Hookeriales","Pilotrichaceae","Pilotrichum","bryophyte"
"Plantae","Bryophyta","Bryopsida","Hookeriales","Pilotrichaceae","Stenodesmus","bryophyte"
"Plantae","Bryophyta","Bryopsida","Hookeriales","Pilotrichaceae","Stenodictyon","bryophyte"
"Plantae","Bryophyta","Bryopsida","Hookeriales","Pilotrichaceae","Thamniopsis","bryophyte"
"Plantae","Bryophyta","Bryopsida","Hookeriales","Pilotrichaceae","Trachyxiphium","bryophyte"
"Plantae","Bryophyta","Bryopsida","Hookeriales","Saulomataceae","Ancistrodes","bryophyte"
"Plantae","Bryophyta","Bryopsida","Hookeriales","Saulomataceae","Sauloma","bryophyte"
"Plantae","Bryophyta","Bryopsida","Hookeriales","Saulomataceae","Vesiculariopsis","bryophyte"
"Plantae","Bryophyta","Bryopsida","Hookeriales","Schimperobryaceae","Schimperobryum","bryophyte"
"Plantae","Bryophyta","Bryopsida","Hypnales","Acrocladiaceae","Acrocladium","bryophyte"
"Plantae","Bryophyta","Bryopsida","Hypnales","Amblystegiaceae","Amblystegium","bryophyte"
"Plantae","Bryophyta","Bryopsida","Hypnales","Amblystegiaceae","Anacamptodon","bryophyte"
"Plantae","Bryophyta","Bryopsida","Hypnales","Amblystegiaceae","Arvernella","bryophyte"
"Plantae","Bryophyta","Bryopsida","Hypnales","Amblystegiaceae","Campylium","bryophyte"
"Plantae","Bryophyta","Bryopsida","Hypnales","Amblystegiaceae","Campylophyllopsis","bryophyte"
"Plantae","Bryophyta","Bryopsida","Hypnales","Amblystegiaceae","Campylophyllum","bryophyte"
"Plantae","Bryophyta","Bryopsida","Hypnales","Amblystegiaceae","Conardia","bryophyte"
"Plantae","Bryophyta","Bryopsida","Hypnales","Amblystegiaceae","Cratoneuron","bryophyte"
"Plantae","Bryophyta","Bryopsida","Hypnales","Amblystegiaceae","Cratoneuropsis","bryophyte"
"Plantae","Bryophyta","Bryopsida","Hypnales","Amblystegiaceae","Drepanium","bryophyte"
"Plantae","Bryophyta","Bryopsida","Hypnales","Amblystegiaceae","Drepanocladus","bryophyte"
"Plantae","Bryophyta","Bryopsida","Hypnales","Amblystegiaceae","Hygroamblystegium","bryophyte"
"Plantae","Bryophyta","Bryopsida","Hypnales","Amblystegiaceae","Hygrohypnum","bryophyte"
"Plantae","Bryophyta","Bryopsida","Hypnales","Amblystegiaceae","Kandaea","bryophyte"
"Plantae","Bryophyta","Bryopsida","Hypnales","Amblystegiaceae","Koponenia","bryophyte"
"Plantae","Bryophyta","Bryopsida","Hypnales","Amblystegiaceae","Leptodictyum","bryophyte"
"Plantae","Bryophyta","Bryopsida","Hypnales","Amblystegiaceae","Limbella","bryophyte"
"Plantae","Bryophyta","Bryopsida","Hypnales","Amblystegiaceae","Microhypnum","bryophyte"
"Plantae","Bryophyta","Bryopsida","Hypnales","Amblystegiaceae","Palustriella","bryophyte"
"Plantae","Bryophyta","Bryopsida","Hypnales","Amblystegiaceae","Platyhypnum","bryophyte"
"Plantae","Bryophyta","Bryopsida","Hypnales","Amblystegiaceae","Pseudoamblystegium","bryophyte"
"Plantae","Bryophyta","Bryopsida","Hypnales","Amblystegiaceae","Pseudocampylium","bryophyte"
"Plantae","Bryophyta","Bryopsida","Hypnales","Amblystegiaceae","Serpoleskea","bryophyte"
"Plantae","Bryophyta","Bryopsida","Hypnales","Amblystegiaceae","Tomentypnum","bryophyte"
"Plantae","Bryophyta","Bryopsida","Hypnales","Amblystegiaceae","Vittia","bryophyte"
"Plantae","Bryophyta","Bryopsida","Hypnales","Anomodontaceae","Anomodon","bryophyte"
"Plantae","Bryophyta","Bryopsida","Hypnales","Anomodontaceae","Anomodontella","bryophyte"
"Plantae","Bryophyta","Bryopsida","Hypnales","Anomodontaceae","Anomodontopsis","bryophyte"
"Plantae","Bryophyta","Bryopsida","Hypnales","Anomodontaceae","Bryonorrisia","bryophyte"
"Plantae","Bryophyta","Bryopsida","Hypnales","Anomodontaceae","Curviramea","bryophyte"
"Plantae","Bryophyta","Bryopsida","Hypnales","Anomodontaceae","Haplohymenium","bryophyte"
"Plantae","Bryophyta","Bryopsida","Hypnales","Antitrichiaceae","Antitrichia","bryophyte"
"Plantae","Bryophyta","Bryopsida","Hypnales","Brachytheciaceae","Aerobryum","bryophyte"
"Plantae","Bryophyta","Bryopsida","Hypnales","Brachytheciaceae","Aerolindigia","bryophyte"
"Plantae","Bryophyta","Bryopsida","Hypnales","Brachytheciaceae","Brachytheciastrum","bryophyte"
"Plantae","Bryophyta","Bryopsida","Hypnales","Brachytheciaceae","Brachythecium","bryophyte"
"Plantae","Bryophyta","Bryopsida","Hypnales","Brachytheciaceae","Bryhnia","bryophyte"
"Plantae","Bryophyta","Bryopsida","Hypnales","Brachytheciaceae","Bryoandersonia","bryophyte"
"Plantae","Bryophyta","Bryopsida","Hypnales","Brachytheciaceae","Camptothecium","bryophyte"
"Plantae","Bryophyta","Bryopsida","Hypnales","Brachytheciaceae","Cirriphyllum","bryophyte"
"Plantae","Bryophyta","Bryopsida","Hypnales","Brachytheciaceae","Claopodium","bryophyte"
"Plantae","Bryophyta","Bryopsida","Hypnales","Brachytheciaceae","Clasmatodon","bryophyte"
"Plantae","Bryophyta","Bryopsida","Hypnales","Brachytheciaceae","Donrichardsia","bryophyte"
"Plantae","Bryophyta","Bryopsida","Hypnales","Brachytheciaceae","Eurhynchiastrum","bryophyte"
"Plantae","Bryophyta","Bryopsida","Hypnales","Brachytheciaceae","Eurhynchiella","bryophyte"
"Plantae","Bryophyta","Bryopsida","Hypnales","Brachytheciaceae","Eurhynchium","bryophyte"
"Plantae","Bryophyta","Bryopsida","Hypnales","Brachytheciaceae","Hedenaesia","bryophyte"
"Plantae","Bryophyta","Bryopsida","Hypnales","Brachytheciaceae","Helicodontium","bryophyte"
"Plantae","Bryophyta","Bryopsida","Hypnales","Brachytheciaceae","Homalotheciella","bryophyte"
"Plantae","Bryophyta","Bryopsida","Hypnales","Brachytheciaceae","Homalothecium","bryophyte"
"Plantae","Bryophyta","Bryopsida","Hypnales","Brachytheciaceae","Kindbergia","bryophyte"
"Plantae","Bryophyta","Bryopsida","Hypnales","Brachytheciaceae","Lindigia","bryophyte"
"Plantae","Bryophyta","Bryopsida","Hypnales","Brachytheciaceae","Meteoridium","bryophyte"
"Plantae","Bryophyta","Bryopsida","Hypnales","Brachytheciaceae","Microeurhynchium","bryophyte"
"Plantae","Bryophyta","Bryopsida","Hypnales","Brachytheciaceae","Myuroclada","bryophyte"
"Plantae","Bryophyta","Bryopsida","Hypnales","Brachytheciaceae","Okamuraea","bryophyte"
"Plantae","Bryophyta","Bryopsida","Hypnales","Brachytheciaceae","Oxyrrhynchium","bryophyte"
"Plantae","Bryophyta","Bryopsida","Hypnales","Brachytheciaceae","Palamocladium","bryophyte"
"Plantae","Bryophyta","Bryopsida","Hypnales","Brachytheciaceae","Plasteurhynchium","bryophyte"
"Plantae","Bryophyta","Bryopsida","Hypnales","Brachytheciaceae","Platyhypnidium","bryophyte"
"Plantae","Bryophyta","Bryopsida","Hypnales","Brachytheciaceae","Pseudopleuropus","bryophyte"
"Plantae","Bryophyta","Bryopsida","Hypnales","Brachytheciaceae","Pseudoscleropodium","bryophyte"
"Plantae","Bryophyta","Bryopsida","Hypnales","Brachytheciaceae","Rhynchostegiella","bryophyte"
"Plantae","Bryophyta","Bryopsida","Hypnales","Brachytheciaceae","Rhynchostegium","bryophyte"
"Plantae","Bryophyta","Bryopsida","Hypnales","Brachytheciaceae","Schimperella","bryophyte"
"Plantae","Bryophyta","Bryopsida","Hypnales","Brachytheciaceae","Sciuro-hypnum","bryophyte"
"Plantae","Bryophyta","Bryopsida","Hypnales","Brachytheciaceae","Scleropodium","bryophyte"
"Plantae","Bryophyta","Bryopsida","Hypnales","Brachytheciaceae","Scorpiurium","bryophyte"
"Plantae","Bryophyta","Bryopsida","Hypnales","Brachytheciaceae","Squamidium","bryophyte"
"Plantae","Bryophyta","Bryopsida","Hypnales","Brachytheciaceae","Zelometeorium","bryophyte"
"Plantae","Bryophyta","Bryopsida","Hypnales","Callicladiaceae","Callicladium","bryophyte"
"Plantae","Bryophyta","Bryopsida","Hypnales","Calliergonaceae","Calliergon","bryophyte"
"Plantae","Bryophyta","Bryopsida","Hypnales","Calliergonaceae","Loeskypnum","bryophyte"
"Plantae","Bryophyta","Bryopsida","Hypnales","Calliergonaceae","Sarmentypnum","bryophyte"
"Plantae","Bryophyta","Bryopsida","Hypnales","Calliergonaceae","Straminergon","bryophyte"
"Plantae","Bryophyta","Bryopsida","Hypnales","Calliergonaceae","Warnstorfia","bryophyte"
"Plantae","Bryophyta","Bryopsida","Hypnales","Catagoniaceae","Catagonium","bryophyte"
"Plantae","Bryophyta","Bryopsida","Hypnales","Climaciaceae","Climacium","bryophyte"
"Plantae","Bryophyta","Bryopsida","Hypnales","Climaciaceae","Pleuroziopsis","bryophyte"
"Plantae","Bryophyta","Bryopsida","Hypnales","Cryphaeaceae","Cryphaea","bryophyte"
"Plantae","Bryophyta","Bryopsida","Hypnales","Cryphaeaceae","Cryphidium","bryophyte"
"Plantae","Bryophyta","Bryopsida","Hypnales","Cryphaeaceae","Cyptodon","bryophyte"
"Plantae","Bryophyta","Bryopsida","Hypnales","Cryphaeaceae","Cyptodontopsis","bryophyte"
"Plantae","Bryophyta","Bryopsida","Hypnales","Cryphaeaceae","Dendroalsia","bryophyte"
"Plantae","Bryophyta","Bryopsida","Hypnales","Cryphaeaceae","Dendrocryphaea","bryophyte"
"Plantae","Bryophyta","Bryopsida","Hypnales","Cryphaeaceae","Dendropogonella","bryophyte"
"Plantae","Bryophyta","Bryopsida","Hypnales","Cryphaeaceae","Pilotrichopsis","bryophyte"
"Plantae","Bryophyta","Bryopsida","Hypnales","Cryphaeaceae","Schoenobryum","bryophyte"
"Plantae","Bryophyta","Bryopsida","Hypnales","Cryphaeaceae","Sphaerotheciella","bryophyte"
"Plantae","Bryophyta","Bryopsida","Hypnales","Echinodiaceae","Echinodium","bryophyte"
"Plantae","Bryophyta","Bryopsida","Hypnales","Entodontaceae","Entodon","bryophyte"
"Plantae","Bryophyta","Bryopsida","Hypnales","Entodontaceae","Erythrodontium","bryophyte"
"Plantae","Bryophyta","Bryopsida","Hypnales","Entodontaceae","Mesonodon","bryophyte"
"Plantae","Bryophyta","Bryopsida","Hypnales","Entodontaceae","Pylaisiobryum","bryophyte"
"Plantae","Bryophyta","Bryopsida","Hypnales","Fabroniaceae","Dimerodontium","bryophyte"
"Plantae","Bryophyta","Bryopsida","Hypnales","Fabroniaceae","Fabronia","bryophyte"
"Plantae","Bryophyta","Bryopsida","Hypnales","Fabroniaceae","Ischyrodon","bryophyte"
"Plantae","Bryophyta","Bryopsida","Hypnales","Fabroniaceae","Levierella","bryophyte"
"Plantae","Bryophyta","Bryopsida","Hypnales","Fontinalaceae","Brachelyma","bryophyte"
"Plantae","Bryophyta","Bryopsida","Hypnales","Fontinalaceae","Dichelyma","bryophyte"
"Plantae","Bryophyta","Bryopsida","Hypnales","Fontinalaceae","Fontinalis","bryophyte"
"Plantae","Bryophyta","Bryopsida","Hypnales","Habrodontaceae","Habrodon","bryophyte"
"Plantae","Bryophyta","Bryopsida","Hypnales","Helodiaceae","Actinothuidium","bryophyte"
"Plantae","Bryophyta","Bryopsida","Hypnales","Helodiaceae","Helodium","bryophyte"
"Plantae","Bryophyta","Bryopsida","Hypnales","Heterocladiellaceae","Heterocladiella","bryophyte"
"Plantae","Bryophyta","Bryopsida","Hypnales","Hylocomiaceae","Hylocomiadelphus","bryophyte"
"Plantae","Bryophyta","Bryopsida","Hypnales","Hylocomiaceae","Hylocomiastrum","bryophyte"
"Plantae","Bryophyta","Bryopsida","Hypnales","Hylocomiaceae","Hylocomium","bryophyte"
"Plantae","Bryophyta","Bryopsida","Hypnales","Hylocomiaceae","Leptocladiella","bryophyte"
"Plantae","Bryophyta","Bryopsida","Hypnales","Hylocomiaceae","Leptohymenium","bryophyte"
"Plantae","Bryophyta","Bryopsida","Hypnales","Hylocomiaceae","Loeskeobryum","bryophyte"
"Plantae","Bryophyta","Bryopsida","Hypnales","Hylocomiaceae","Macrothamnium","bryophyte"
"Plantae","Bryophyta","Bryopsida","Hypnales","Hylocomiaceae","Meteoriella","bryophyte"
"Plantae","Bryophyta","Bryopsida","Hypnales","Hylocomiaceae","Neodolichomitra","bryophyte"
"Plantae","Bryophyta","Bryopsida","Hypnales","Hylocomiaceae","Pleurozium","bryophyte"
"Plantae","Bryophyta","Bryopsida","Hypnales","Hylocomiaceae","Rhytidiadelphus","bryophyte"
"Plantae","Bryophyta","Bryopsida","Hypnales","Hylocomiaceae","Rhytidiopsis","bryophyte"
"Plantae","Bryophyta","Bryopsida","Hypnales","Hypnaceae","Acritodon","bryophyte"
"Plantae","Bryophyta","Bryopsida","Hypnales","Hypnaceae","Austrohondaella","bryophyte"
"Plantae","Bryophyta","Bryopsida","Hypnales","Hypnaceae","Bryosedgwickia","bryophyte"
"Plantae","Bryophyta","Bryopsida","Hypnales","Hypnaceae","Chryso-hypnum","bryophyte"
"Plantae","Bryophyta","Bryopsida","Hypnales","Hypnaceae","Ctenidiadelphus","bryophyte"
"Plantae","Bryophyta","Bryopsida","Hypnales","Hypnaceae","Dacryophyllum","bryophyte"
"Plantae","Bryophyta","Bryopsida","Hypnales","Hypnaceae","Ectropotheciella","bryophyte"
"Plantae","Bryophyta","Bryopsida","Hypnales","Hypnaceae","Ectropotheciopsis","bryophyte"
"Plantae","Bryophyta","Bryopsida","Hypnales","Hypnaceae","Ectropothecium","bryophyte"
"Plantae","Bryophyta","Bryopsida","Hypnales","Hypnaceae","Elmeriobryum","bryophyte"
"Plantae","Bryophyta","Bryopsida","Hypnales","Hypnaceae","Entodontella","bryophyte"
"Plantae","Bryophyta","Bryopsida","Hypnales","Hypnaceae","Eurohypnum","bryophyte"
"Plantae","Bryophyta","Bryopsida","Hypnales","Hypnaceae","Foreauella","bryophyte"
"Plantae","Bryophyta","Bryopsida","Hypnales","Hypnaceae","Glossadelphus","bryophyte"
"Plantae","Bryophyta","Bryopsida","Hypnales","Hypnaceae","Gollania","bryophyte"
"Plantae","Bryophyta","Bryopsida","Hypnales","Hypnaceae","Hypnum","bryophyte"
"Plantae","Bryophyta","Bryopsida","Hypnales","Hypnaceae","Leiodontium","bryophyte"
"Plantae","Bryophyta","Bryopsida","Hypnales","Hypnaceae","Microctenidium","bryophyte"
"Plantae","Bryophyta","Bryopsida","Hypnales","Hypnaceae","Microthamnium","bryophyte"
"Plantae","Bryophyta","Bryopsida","Hypnales","Hypnaceae","Mittenothamnium","bryophyte"
"Plantae","Bryophyta","Bryopsida","Hypnales","Hypnaceae","Neoptychophyllum","bryophyte"
"Plantae","Bryophyta","Bryopsida","Hypnales","Hypnaceae","Plagiotheciopsis","bryophyte"
"Plantae","Bryophyta","Bryopsida","Hypnales","Hypnaceae","Platygyriella","bryophyte"
"Plantae","Bryophyta","Bryopsida","Hypnales","Hypnaceae","Podperaea","bryophyte"
"Plantae","Bryophyta","Bryopsida","Hypnales","Hypnaceae","Pseudohypnella","bryophyte"
"Plantae","Bryophyta","Bryopsida","Hypnales","Hypnaceae","Pylaisaea","bryophyte"
"Plantae","Bryophyta","Bryopsida","Hypnales","Hypnaceae","Rhacopilopsis","bryophyte"
"Plantae","Bryophyta","Bryopsida","Hypnales","Hypnaceae","Rhizohypnella","bryophyte"
"Plantae","Bryophyta","Bryopsida","Hypnales","Hypnaceae","Stereodontopsis","bryophyte"
"Plantae","Bryophyta","Bryopsida","Hypnales","Hypnaceae","Syringothecium","bryophyte"
"Plantae","Bryophyta","Bryopsida","Hypnales","Hypnaceae","Vesicularia","bryophyte"
"Plantae","Bryophyta","Bryopsida","Hypnales","Jocheniaceae","Jochenia","bryophyte"
"Plantae","Bryophyta","Bryopsida","Hypnales","Lembophyllaceae","Bestia","bryophyte"
"Plantae","Bryophyta","Bryopsida","Hypnales","Lembophyllaceae","Bryolawtonia","bryophyte"
"Plantae","Bryophyta","Bryopsida","Hypnales","Lembophyllaceae","Camptochaete","bryophyte"
"Plantae","Bryophyta","Bryopsida","Hypnales","Lembophyllaceae","Dolichomitra","bryophyte"
"Plantae","Bryophyta","Bryopsida","Hypnales","Lembophyllaceae","Dolichomitriopsis","bryophyte"
"Plantae","Bryophyta","Bryopsida","Hypnales","Lembophyllaceae","Fallaciella","bryophyte"
"Plantae","Bryophyta","Bryopsida","Hypnales","Lembophyllaceae","Heterocladium","bryophyte"
"Plantae","Bryophyta","Bryopsida","Hypnales","Lembophyllaceae","Isothecium","bryophyte"
"Plantae","Bryophyta","Bryopsida","Hypnales","Lembophyllaceae","Lembophyllum","bryophyte"
"Plantae","Bryophyta","Bryopsida","Hypnales","Lembophyllaceae","Neobarbella","bryophyte"
"Plantae","Bryophyta","Bryopsida","Hypnales","Lembophyllaceae","Nogopterium","bryophyte"
"Plantae","Bryophyta","Bryopsida","Hypnales","Lembophyllaceae","Pilotrichella","bryophyte"
"Plantae","Bryophyta","Bryopsida","Hypnales","Lembophyllaceae","Pseudisothecium","bryophyte"
"Plantae","Bryophyta","Bryopsida","Hypnales","Lembophyllaceae","Rigodium","bryophyte"
"Plantae","Bryophyta","Bryopsida","Hypnales","Lembophyllaceae","Tripterocladium","bryophyte"
"Plantae","Bryophyta","Bryopsida","Hypnales","Lembophyllaceae","Weymouthia","bryophyte"
"Plantae","Bryophyta","Bryopsida","Hypnales","Lepyrodontaceae","Lepyrodon","bryophyte"
"Plantae","Bryophyta","Bryopsida","Hypnales","Leskeaceae","Haplocladium","bryophyte"
"Plantae","Bryophyta","Bryopsida","Hypnales","Leskeaceae","Hylocomiopsis","bryophyte"
"Plantae","Bryophyta","Bryopsida","Hypnales","Leskeaceae","Iwatsukiella","bryophyte"
"Plantae","Bryophyta","Bryopsida","Hypnales","Leskeaceae","Leskea","bryophyte"
"Plantae","Bryophyta","Bryopsida","Hypnales","Leskeaceae","Leskeadelphus","bryophyte"
"Plantae","Bryophyta","Bryopsida","Hypnales","Leskeaceae","Leskeella","bryophyte"
"Plantae","Bryophyta","Bryopsida","Hypnales","Leskeaceae","Lindbergia","bryophyte"
"Plantae","Bryophyta","Bryopsida","Hypnales","Leskeaceae","Orthoamblystegium","bryophyte"
"Plantae","Bryophyta","Bryopsida","Hypnales","Leskeaceae","Platylomella","bryophyte"
"Plantae","Bryophyta","Bryopsida","Hypnales","Leskeaceae","Pseudoleskeopsis","bryophyte"
"Plantae","Bryophyta","Bryopsida","Hypnales","Leskeaceae","Rozea","bryophyte"
"Plantae","Bryophyta","Bryopsida","Hypnales","Leskeaceae","Schwetschkea","bryophyte"
"Plantae","Bryophyta","Bryopsida","Hypnales","Leucodontaceae","Dozya","bryophyte"
"Plantae","Bryophyta","Bryopsida","Hypnales","Leucodontaceae","Leucodon","bryophyte"
"Plantae","Bryophyta","Bryopsida","Hypnales","Leucodontaceae","Leucodoniopsis","bryophyte"
"Plantae","Bryophyta","Bryopsida","Hypnales","Leucodontaceae","Pterogoniadelphus","bryophyte"
"Plantae","Bryophyta","Bryopsida","Hypnales","Meteoriaceae","Aerobryidium","bryophyte"
"Plantae","Bryophyta","Bryopsida","Hypnales","Meteoriaceae","Aerobryopsis","bryophyte"
"Plantae","Bryophyta","Bryopsida","Hypnales","Meteoriaceae","Barbella","bryophyte"
"Plantae","Bryophyta","Bryopsida","Hypnales","Meteoriaceae","Barbellopsis","bryophyte"
"Plantae","Bryophyta","Bryopsida","Hypnales","Meteoriaceae","Chrysocladium","bryophyte"
"Plantae","Bryophyta","Bryopsida","Hypnales","Meteoriaceae","Cryptopapillaria","bryophyte"
"Plantae","Bryophyta","Bryopsida","Hypnales","Meteoriaceae","Diaphanodon","bryophyte"
"Plantae","Bryophyta","Bryopsida","Hypnales","Meteoriaceae","Duthiella","bryophyte"
"Plantae","Bryophyta","Bryopsida","Hypnales","Meteoriaceae","Floribundaria","bryophyte"
"Plantae","Bryophyta","Bryopsida","Hypnales","Meteoriaceae","Lepyrodontopsis","bryophyte"
"Plantae","Bryophyta","Bryopsida","Hypnales","Meteoriaceae","Meteoriopsis","bryophyte"
"Plantae","Bryophyta","Bryopsida","Hypnales","Meteoriaceae","Meteorium","bryophyte"
"Plantae","Bryophyta","Bryopsida","Hypnales","Meteoriaceae","Neodicladiella","bryophyte"
"Plantae","Bryophyta","Bryopsida","Hypnales","Meteoriaceae","Papillaria","bryophyte"
"Plantae","Bryophyta","Bryopsida","Hypnales","Meteoriaceae","Pseudospiridentopsis","bryophyte"
"Plantae","Bryophyta","Bryopsida","Hypnales","Meteoriaceae","Pseudotrachypus","bryophyte"
"Plantae","Bryophyta","Bryopsida","Hypnales","Meteoriaceae","Sinskea","bryophyte"
"Plantae","Bryophyta","Bryopsida","Hypnales","Meteoriaceae","Toloxis","bryophyte"
"Plantae","Bryophyta","Bryopsida","Hypnales","Meteoriaceae","Trachycladiella","bryophyte"
"Plantae","Bryophyta","Bryopsida","Hypnales","Meteoriaceae","Trachypodopsis","bryophyte"
"Plantae","Bryophyta","Bryopsida","Hypnales","Meteoriaceae","Trachypus","bryophyte"
"Plantae","Bryophyta","Bryopsida","Hypnales","Microtheciellaceae","Microtheciella","bryophyte"
"Plantae","Bryophyta","Bryopsida","Hypnales","Miyabeaceae","Homaliadelphus","bryophyte"
"Plantae","Bryophyta","Bryopsida","Hypnales","Miyabeaceae","Miyabea","bryophyte"
"Plantae","Bryophyta","Bryopsida","Hypnales","Myriniaceae","Austinia","bryophyte"
"Plantae","Bryophyta","Bryopsida","Hypnales","Myriniaceae","Macgregorella","bryophyte"
"Plantae","Bryophyta","Bryopsida","Hypnales","Myriniaceae","Myrinia","bryophyte"
"Plantae","Bryophyta","Bryopsida","Hypnales","Myuriaceae","Andoa","bryophyte"
"Plantae","Bryophyta","Bryopsida","Hypnales","Myuriaceae","Ctenidium","bryophyte"
"Plantae","Bryophyta","Bryopsida","Hypnales","Myuriaceae","Eumyurium","bryophyte"
"Plantae","Bryophyta","Bryopsida","Hypnales","Myuriaceae","Hyocomium","bryophyte"
"Plantae","Bryophyta","Bryopsida","Hypnales","Myuriaceae","Myurium","bryophyte"
"Plantae","Bryophyta","Bryopsida","Hypnales","Myuriaceae","Oedicladium","bryophyte"
"Plantae","Bryophyta","Bryopsida","Hypnales","Myuriaceae","Palisadula","bryophyte"
"Plantae","Bryophyta","Bryopsida","Hypnales","Neckeraceae","Alleniella","bryophyte"
"Plantae","Bryophyta","Bryopsida","Hypnales","Neckeraceae","Austrothamnium","bryophyte"
"Plantae","Bryophyta","Bryopsida","Hypnales","Neckeraceae","Baldwiniella","bryophyte"
"Plantae","Bryophyta","Bryopsida","Hypnales","Neckeraceae","Bissetia","bryophyte"
"Plantae","Bryophyta","Bryopsida","Hypnales","Neckeraceae","Caduciella","bryophyte"
"Plantae","Bryophyta","Bryopsida","Hypnales","Neckeraceae","Circulifolium","bryophyte"
"Plantae","Bryophyta","Bryopsida","Hypnales","Neckeraceae","Dannorrisia","bryophyte"
"Plantae","Bryophyta","Bryopsida","Hypnales","Neckeraceae","Echinodiopsis","bryophyte"
"Plantae","Bryophyta","Bryopsida","Hypnales","Neckeraceae","Exsertotheca","bryophyte"
"Plantae","Bryophyta","Bryopsida","Hypnales","Neckeraceae","Forsstroemia","bryophyte"
"Plantae","Bryophyta","Bryopsida","Hypnales","Neckeraceae","Handeliobryum","bryophyte"
"Plantae","Bryophyta","Bryopsida","Hypnales","Neckeraceae","Himantocladium","bryophyte"
"Plantae","Bryophyta","Bryopsida","Hypnales","Neckeraceae","Homalia","bryophyte"
"Plantae","Bryophyta","Bryopsida","Hypnales","Neckeraceae","Homaliodendron","bryophyte"
"Plantae","Bryophyta","Bryopsida","Hypnales","Neckeraceae","Hydrocryphaea","bryophyte"
"Plantae","Bryophyta","Bryopsida","Hypnales","Neckeraceae","Isodrepanium","bryophyte"
"Plantae","Bryophyta","Bryopsida","Hypnales","Neckeraceae","Leptodon","bryophyte"
"Plantae","Bryophyta","Bryopsida","Hypnales","Neckeraceae","Metaneckera","bryophyte"
"Plantae","Bryophyta","Bryopsida","Hypnales","Neckeraceae","Neckera","bryophyte"
"Plantae","Bryophyta","Bryopsida","Hypnales","Neckeraceae","Neckeromnion","bryophyte"
"Plantae","Bryophyta","Bryopsida","Hypnales","Neckeraceae","Neckeropsis","bryophyte"
"Plantae","Bryophyta","Bryopsida","Hypnales","Neckeraceae","Pendulothecium","bryophyte"
"Plantae","Bryophyta","Bryopsida","Hypnales","Neckeraceae","Pinnatella","bryophyte"
"Plantae","Bryophyta","Bryopsida","Hypnales","Neckeraceae","Porotrichum","bryophyte"
"Plantae","Bryophyta","Bryopsida","Hypnales","Neckeraceae","Pseudanomodon","bryophyte"
"Plantae","Bryophyta","Bryopsida","Hypnales","Neckeraceae","Pseudoparaphysanthus","bryophyte"
"Plantae","Bryophyta","Bryopsida","Hypnales","Neckeraceae","Taiwanobryum","bryophyte"
"Plantae","Bryophyta","Bryopsida","Hypnales","Neckeraceae","Thamnium","bryophyte"
"Plantae","Bryophyta","Bryopsida","Hypnales","Neckeraceae","Thamnobryum","bryophyte"
"Plantae","Bryophyta","Bryopsida","Hypnales","Neckeraceae","Touwia","bryophyte"
"Plantae","Bryophyta","Bryopsida","Hypnales","Orthostichellaceae","Dixonia","bryophyte"
"Plantae","Bryophyta","Bryopsida","Hypnales","Orthostichellaceae","Orthostichella","bryophyte"
"Plantae","Bryophyta","Bryopsida","Hypnales","Phyllogoniaceae","Phyllogonium","bryophyte"
"Plantae","Bryophyta","Bryopsida","Hypnales","Plagiotheciaceae","Campylidium","bryophyte"
"Plantae","Bryophyta","Bryopsida","Hypnales","Plagiotheciaceae","Herzogiella","bryophyte"
"Plantae","Bryophyta","Bryopsida","Hypnales","Plagiotheciaceae","Isopterygiella","bryophyte"
"Plantae","Bryophyta","Bryopsida","Hypnales","Plagiotheciaceae","Isopterygiopsis","bryophyte"
"Plantae","Bryophyta","Bryopsida","Hypnales","Plagiotheciaceae","Myurella","bryophyte"
"Plantae","Bryophyta","Bryopsida","Hypnales","Plagiotheciaceae","Ortholimnobium","bryophyte"
"Plantae","Bryophyta","Bryopsida","Hypnales","Plagiotheciaceae","Orthothecium","bryophyte"
"Plantae","Bryophyta","Bryopsida","Hypnales","Plagiotheciaceae","Plagiothecium","bryophyte"
"Plantae","Bryophyta","Bryopsida","Hypnales","Plagiotheciaceae","Platydictya","bryophyte"
"Plantae","Bryophyta","Bryopsida","Hypnales","Plagiotheciaceae","Pseudotaxiphyllum","bryophyte"
"Plantae","Bryophyta","Bryopsida","Hypnales","Plagiotheciaceae","Rectithecium","bryophyte"
"Plantae","Bryophyta","Bryopsida","Hypnales","Plagiotheciaceae","Struckia","bryophyte"
"Plantae","Bryophyta","Bryopsida","Hypnales","Prionodontaceae","Prionodon","bryophyte"
"Plantae","Bryophyta","Bryopsida","Hypnales","Pseudoleskeaceae","Lescuraea","bryophyte"
"Plantae","Bryophyta","Bryopsida","Hypnales","Pseudoleskeaceae","Pseudoleskea","bryophyte"
"Plantae","Bryophyta","Bryopsida","Hypnales","Pseudoleskeaceae","Rigodiadelphus","bryophyte"
"Plantae","Bryophyta","Bryopsida","Hypnales","Pseudoleskeellaceae","Pseudoleskeella","bryophyte"
"Plantae","Bryophyta","Bryopsida","Hypnales","Pterigynandraceae","Pterigynandrum","bryophyte"
"Plantae","Bryophyta","Bryopsida","Hypnales","Pterobryaceae","Calyptothecium","bryophyte"
"Plantae","Bryophyta","Bryopsida","Hypnales","Pterobryaceae","Cryptogonium","bryophyte"
"Plantae","Bryophyta","Bryopsida","Hypnales","Pterobryaceae","Endotrichella","bryophyte"
"Plantae","Bryophyta","Bryopsida","Hypnales","Pterobryaceae","Endotrichum","bryophyte"
"Plantae","Bryophyta","Bryopsida","Hypnales","Pterobryaceae","Esenbeckia","bryophyte"
"Plantae","Bryophyta","Bryopsida","Hypnales","Pterobryaceae","Henicodium","bryophyte"
"Plantae","Bryophyta","Bryopsida","Hypnales","Pterobryaceae","Hildebrandtiella","bryophyte"
"Plantae","Bryophyta","Bryopsida","Hypnales","Pterobryaceae","Jaegerina","bryophyte"
"Plantae","Bryophyta","Bryopsida","Hypnales","Pterobryaceae","Muellerobryum","bryophyte"
"Plantae","Bryophyta","Bryopsida","Hypnales","Pterobryaceae","Neolindbergia","bryophyte"
"Plantae","Bryophyta","Bryopsida","Hypnales","Pterobryaceae","Orthorrhynchidium","bryophyte"
"Plantae","Bryophyta","Bryopsida","Hypnales","Pterobryaceae","Orthostichidium","bryophyte"
"Plantae","Bryophyta","Bryopsida","Hypnales","Pterobryaceae","Orthostichopsis","bryophyte"
"Plantae","Bryophyta","Bryopsida","Hypnales","Pterobryaceae","Penzigiella","bryophyte"
"Plantae","Bryophyta","Bryopsida","Hypnales","Pterobryaceae","Pireella","bryophyte"
"Plantae","Bryophyta","Bryopsida","Hypnales","Pterobryaceae","Pterobryidium","bryophyte"
"Plantae","Bryophyta","Bryopsida","Hypnales","Pterobryaceae","Pterobryon","bryophyte"
"Plantae","Bryophyta","Bryopsida","Hypnales","Pterobryaceae","Pterobryopsis","bryophyte"
"Plantae","Bryophyta","Bryopsida","Hypnales","Pterobryaceae","Renauldia","bryophyte"
"Plantae","Bryophyta","Bryopsida","Hypnales","Pterobryaceae","Spiridentopsis","bryophyte"
"Plantae","Bryophyta","Bryopsida","Hypnales","Pterobryaceae","Symphysodon","bryophyte"
"Plantae","Bryophyta","Bryopsida","Hypnales","Pterobryaceae","Symphysodontella","bryophyte"
"Plantae","Bryophyta","Bryopsida","Hypnales","Pylaisiaceae","Aquilonium","bryophyte"
"Plantae","Bryophyta","Bryopsida","Hypnales","Pylaisiaceae","Buckia","bryophyte"
"Plantae","Bryophyta","Bryopsida","Hypnales","Pylaisiaceae","Calliergonella","bryophyte"
"Plantae","Bryophyta","Bryopsida","Hypnales","Pylaisiaceae","Calohypnum","bryophyte"
"Plantae","Bryophyta","Bryopsida","Hypnales","Pylaisiaceae","Homomallium","bryophyte"
"Plantae","Bryophyta","Bryopsida","Hypnales","Pylaisiaceae","Pseudohygrohypnum","bryophyte"
"Plantae","Bryophyta","Bryopsida","Hypnales","Pylaisiaceae","Pseudostereodon","bryophyte"
"Plantae","Bryophyta","Bryopsida","Hypnales","Pylaisiaceae","Ptilium","bryophyte"
"Plantae","Bryophyta","Bryopsida","Hypnales","Pylaisiaceae","Pylaisia","bryophyte"
"Plantae","Bryophyta","Bryopsida","Hypnales","Pylaisiaceae","Roaldia","bryophyte"
"Plantae","Bryophyta","Bryopsida","Hypnales","Pylaisiadelphaceae","Aptychella","bryophyte"
"Plantae","Bryophyta","Bryopsida","Hypnales","Pylaisiadelphaceae","Brotherella","bryophyte"
"Plantae","Bryophyta","Bryopsida","Hypnales","Pylaisiadelphaceae","Clastobryum","bryophyte"
"Plantae","Bryophyta","Bryopsida","Hypnales","Pylaisiadelphaceae","Gammiella","bryophyte"
"Plantae","Bryophyta","Bryopsida","Hypnales","Pylaisiadelphaceae","Hageniella","bryophyte"
"Plantae","Bryophyta","Bryopsida","Hypnales","Pylaisiadelphaceae","Heterophyllium","bryophyte"
"Plantae","Bryophyta","Bryopsida","Hypnales","Pylaisiadelphaceae","Isocladiella","bryophyte"
"Plantae","Bryophyta","Bryopsida","Hypnales","Pylaisiadelphaceae","Isopterygium","bryophyte"
"Plantae","Bryophyta","Bryopsida","Hypnales","Pylaisiadelphaceae","Mastopoma","bryophyte"
"Plantae","Bryophyta","Bryopsida","Hypnales","Pylaisiadelphaceae","Notohypnum","bryophyte"
"Plantae","Bryophyta","Bryopsida","Hypnales","Pylaisiadelphaceae","Platygyrium","bryophyte"
"Plantae","Bryophyta","Bryopsida","Hypnales","Pylaisiadelphaceae","Pseudotrismegistia","bryophyte"
"Plantae","Bryophyta","Bryopsida","Hypnales","Pylaisiadelphaceae","Pterogonidium","bryophyte"
"Plantae","Bryophyta","Bryopsida","Hypnales","Pylaisiadelphaceae","Pylaisiadelpha","bryophyte"
"Plantae","Bryophyta","Bryopsida","Hypnales","Pylaisiadelphaceae","Taxitheliella","bryophyte"
"Plantae","Bryophyta","Bryopsida","Hypnales","Pylaisiadelphaceae","Taxithelium","bryophyte"
"Plantae","Bryophyta","Bryopsida","Hypnales","Pylaisiadelphaceae","Trachyphyllum","bryophyte"
"Plantae","Bryophyta","Bryopsida","Hypnales","Pylaisiadelphaceae","Trismegistia","bryophyte"
"Plantae","Bryophyta","Bryopsida","Hypnales","Pylaisiadelphaceae","Trochophyllohypnum","bryophyte"
"Plantae","Bryophyta","Bryopsida","Hypnales","Pylaisiadelphaceae","Wijkia","bryophyte"
"Plantae","Bryophyta","Bryopsida","Hypnales","Pylaisiadelphaceae","Yakushimabryum","bryophyte"
"Plantae","Bryophyta","Bryopsida","Hypnales","Regmatodontaceae","Regmatodon","bryophyte"
"Plantae","Bryophyta","Bryopsida","Hypnales","Rhizofabroniaceae","Rhizofabronia","bryophyte"
"Plantae","Bryophyta","Bryopsida","Hypnales","Rhytidiaceae","Rhytidium","bryophyte"
"Plantae","Bryophyta","Bryopsida","Hypnales","Rutenbergiaceae","Neorutenbergia","bryophyte"
"Plantae","Bryophyta","Bryopsida","Hypnales","Rutenbergiaceae","Pseudocryphaea","bryophyte"
"Plantae","Bryophyta","Bryopsida","Hypnales","Rutenbergiaceae","Rutenbergia","bryophyte"
"Plantae","Bryophyta","Bryopsida","Hypnales","Scorpidiaceae","Hamatocaulis","bryophyte"
"Plantae","Bryophyta","Bryopsida","Hypnales","Scorpidiaceae","Hygrohypnella","bryophyte"
"Plantae","Bryophyta","Bryopsida","Hypnales","Scorpidiaceae","Sanionia","bryophyte"
"Plantae","Bryophyta","Bryopsida","Hypnales","Scorpidiaceae","Scorpidium","bryophyte"
"Plantae","Bryophyta","Bryopsida","Hypnales","Sematophyllaceae","Acanthorrhynchium","bryophyte"
"Plantae","Bryophyta","Bryopsida","Hypnales","Sematophyllaceae","Acroporium","bryophyte"
"Plantae","Bryophyta","Bryopsida","Hypnales","Sematophyllaceae","Aptychopsis","bryophyte"
"Plantae","Bryophyta","Bryopsida","Hypnales","Sematophyllaceae","Brittonodoxa","bryophyte"
"Plantae","Bryophyta","Bryopsida","Hypnales","Sematophyllaceae","Chionostomum","bryophyte"
"Plantae","Bryophyta","Bryopsida","Hypnales","Sematophyllaceae","Clastobryophilum","bryophyte"
"Plantae","Bryophyta","Bryopsida","Hypnales","Sematophyllaceae","Colobodontium","bryophyte"
"Plantae","Bryophyta","Bryopsida","Hypnales","Sematophyllaceae","Donnellia","bryophyte"
"Plantae","Bryophyta","Bryopsida","Hypnales","Sematophyllaceae","Heterophyllum","bryophyte"
"Plantae","Bryophyta","Bryopsida","Hypnales","Sematophyllaceae","Hydropogon","bryophyte"
"Plantae","Bryophyta","Bryopsida","Hypnales","Sematophyllaceae","Hydropogonella","bryophyte"
"Plantae","Bryophyta","Bryopsida","Hypnales","Sematophyllaceae","Jirivanaea","bryophyte"
"Plantae","Bryophyta","Bryopsida","Hypnales","Sematophyllaceae","Macrohymenium","bryophyte"
"Plantae","Bryophyta","Bryopsida","Hypnales","Sematophyllaceae","Meiotheciopsis","bryophyte"
"Plantae","Bryophyta","Bryopsida","Hypnales","Sematophyllaceae","Meiothecium","bryophyte"
"Plantae","Bryophyta","Bryopsida","Hypnales","Sematophyllaceae","Microcalpe","bryophyte"
"Plantae","Bryophyta","Bryopsida","Hypnales","Sematophyllaceae","Papillidiopsis","bryophyte"
"Plantae","Bryophyta","Bryopsida","Hypnales","Sematophyllaceae","Piloecium","bryophyte"
"Plantae","Bryophyta","Bryopsida","Hypnales","Sematophyllaceae","Radulina","bryophyte"
"Plantae","Bryophyta","Bryopsida","Hypnales","Sematophyllaceae","Rhaphidorrhynchium","bryophyte"
"Plantae","Bryophyta","Bryopsida","Hypnales","Sematophyllaceae","Rhaphidostegium","bryophyte"
"Plantae","Bryophyta","Bryopsida","Hypnales","Sematophyllaceae","Rhaphidostichum","bryophyte"
"Plantae","Bryophyta","Bryopsida","Hypnales","Sematophyllaceae","Schraderella","bryophyte"
"Plantae","Bryophyta","Bryopsida","Hypnales","Sematophyllaceae","Sematophyllum","bryophyte"
"Plantae","Bryophyta","Bryopsida","Hypnales","Sematophyllaceae","Trichosteleum","bryophyte"
"Plantae","Bryophyta","Bryopsida","Hypnales","Sematophyllaceae","Warburgiella","bryophyte"
"Plantae","Bryophyta","Bryopsida","Hypnales","Stereodontaceae","Stereodon","bryophyte"
"Plantae","Bryophyta","Bryopsida","Hypnales","Stereophyllaceae","Catagoniopsis","bryophyte"
"Plantae","Bryophyta","Bryopsida","Hypnales","Stereophyllaceae","Entodontopsis","bryophyte"
"Plantae","Bryophyta","Bryopsida","Hypnales","Stereophyllaceae","Euglossophyllum","bryophyte"
"Plantae","Bryophyta","Bryopsida","Hypnales","Stereophyllaceae","Juratzkaea","bryophyte"
"Plantae","Bryophyta","Bryopsida","Hypnales","Stereophyllaceae","Pilosium","bryophyte"
"Plantae","Bryophyta","Bryopsida","Hypnales","Stereophyllaceae","Stereophyllum","bryophyte"
"Plantae","Bryophyta","Bryopsida","Hypnales","Symphyodontaceae","Bryocrumia","bryophyte"
"Plantae","Bryophyta","Bryopsida","Hypnales","Symphyodontaceae","Chaetomitrium","bryophyte"
"Plantae","Bryophyta","Bryopsida","Hypnales","Symphyodontaceae","Phyllodon","bryophyte"
"Plantae","Bryophyta","Bryopsida","Hypnales","Symphyodontaceae","Symphyodon","bryophyte"
"Plantae","Bryophyta","Bryopsida","Hypnales","Symphyodontaceae","Trachythecium","bryophyte"
"Plantae","Bryophyta","Bryopsida","Hypnales","Taxiphyllaceae","Caribaeohypnum","bryophyte"
"Plantae","Bryophyta","Bryopsida","Hypnales","Taxiphyllaceae","Hondaella","bryophyte"
"Plantae","Bryophyta","Bryopsida","Hypnales","Taxiphyllaceae","Schwetschkeopsis","bryophyte"
"Plantae","Bryophyta","Bryopsida","Hypnales","Taxiphyllaceae","Taxiphyllum","bryophyte"
"Plantae","Bryophyta","Bryopsida","Hypnales","Theliaceae","Thelia","bryophyte"
"Plantae","Bryophyta","Bryopsida","Hypnales","Thuidiaceae","Abietinella","bryophyte"
"Plantae","Bryophyta","Bryopsida","Hypnales","Thuidiaceae","Boulaya","bryophyte"
"Plantae","Bryophyta","Bryopsida","Hypnales","Thuidiaceae","Bryonoguchia","bryophyte"
"Plantae","Bryophyta","Bryopsida","Hypnales","Thuidiaceae","Fauriella","bryophyte"
"Plantae","Bryophyta","Bryopsida","Hypnales","Thuidiaceae","Herpetineuron","bryophyte"
"Plantae","Bryophyta","Bryopsida","Hypnales","Thuidiaceae","Leptopterigynandrum","bryophyte"
"Plantae","Bryophyta","Bryopsida","Hypnales","Thuidiaceae","Pelekium","bryophyte"
"Plantae","Bryophyta","Bryopsida","Hypnales","Thuidiaceae","Rauiella","bryophyte"
"Plantae","Bryophyta","Bryopsida","Hypnales","Thuidiaceae","Thuidiopsis","bryophyte"
"Plantae","Bryophyta","Bryopsida","Hypnales","Thuidiaceae","Thuidium","bryophyte"
"Plantae","Bryophyta","Bryopsida","Hypnales","Trachylomataceae","Trachyloma","bryophyte"
"Plantae","Bryophyta","Bryopsida","Hypnodendrales","Braithwaiteaceae","Braithwaitea","bryophyte"
"Plantae","Bryophyta","Bryopsida","Hypnodendrales","Pterobryellaceae","Pterobryella","bryophyte"
"Plantae","Bryophyta","Bryopsida","Hypnodendrales","Pterobryellaceae","Sciadocladus","bryophyte"
"Plantae","Bryophyta","Bryopsida","Hypnodendrales","Racopilaceae","Powellia","bryophyte"
"Plantae","Bryophyta","Bryopsida","Hypnodendrales","Racopilaceae","Powelliopsis","bryophyte"
"Plantae","Bryophyta","Bryopsida","Hypnodendrales","Racopilaceae","Racopilum","bryophyte"
"Plantae","Bryophyta","Bryopsida","Hypnodendrales","Spiridentaceae","Bescherellia","bryophyte"
"Plantae","Bryophyta","Bryopsida","Hypnodendrales","Spiridentaceae","Dendro-hypnum","bryophyte"
"Plantae","Bryophyta","Bryopsida","Hypnodendrales","Spiridentaceae","Hypnodendron","bryophyte"
"Plantae","Bryophyta","Bryopsida","Hypnodendrales","Spiridentaceae","Mniodendron","bryophyte"
"Plantae","Bryophyta","Bryopsida","Hypnodendrales","Spiridentaceae","Spiridens","bryophyte"
"Plantae","Bryophyta","Bryopsida","Hypnodendrales","Spiridentaceae","Touwiodendron","bryophyte"
"Plantae","Bryophyta","Bryopsida","Hypopterygiales","Hypopterygiaceae","Canalohypopterygium","bryophyte"
"Plantae","Bryophyta","Bryopsida","Hypopterygiales","Hypopterygiaceae","Catharomnion","bryophyte"
"Plantae","Bryophyta","Bryopsida","Hypopterygiales","Hypopterygiaceae","Cyathophorum","bryophyte"
"Plantae","Bryophyta","Bryopsida","Hypopterygiales","Hypopterygiaceae","Dendrocyathophorum","bryophyte"
"Plantae","Bryophyta","Bryopsida","Hypopterygiales","Hypopterygiaceae","Dendrohypopterygium","bryophyte"
"Plantae","Bryophyta","Bryopsida","Hypopterygiales","Hypopterygiaceae","Hypopterygium","bryophyte"
"Plantae","Bryophyta","Bryopsida","Orthodontiales","Orthodontiaceae","Hymenodon","bryophyte"
"Plantae","Bryophyta","Bryopsida","Orthodontiales","Orthodontiaceae","Leptotheca","bryophyte"
"Plantae","Bryophyta","Bryopsida","Orthodontiales","Orthodontiaceae","Orthodontium","bryophyte"
"Plantae","Bryophyta","Bryopsida","Orthotrichales","Orthotrichaceae","Amphoridium","bryophyte"
"Plantae","Bryophyta","Bryopsida","Orthotrichales","Orthotrichaceae","Cardotiella","bryophyte"
"Plantae","Bryophyta","Bryopsida","Orthotrichales","Orthotrichaceae","Codonoblepharon","bryophyte"
"Plantae","Bryophyta","Bryopsida","Orthotrichales","Orthotrichaceae","Groutiella","bryophyte"
"Plantae","Bryophyta","Bryopsida","Orthotrichales","Orthotrichaceae","Kleioweisiopsis","bryophyte"
"Plantae","Bryophyta","Bryopsida","Orthotrichales","Orthotrichaceae","Leiomitrium","bryophyte"
"Plantae","Bryophyta","Bryopsida","Orthotrichales","Orthotrichaceae","Leratia","bryophyte"
"Plantae","Bryophyta","Bryopsida","Orthotrichales","Orthotrichaceae","Lewinskya","bryophyte"
"Plantae","Bryophyta","Bryopsida","Orthotrichales","Orthotrichaceae","Macrocoma","bryophyte"
"Plantae","Bryophyta","Bryopsida","Orthotrichales","Orthotrichaceae","Macromitrium","bryophyte"
"Plantae","Bryophyta","Bryopsida","Orthotrichales","Orthotrichaceae","Matteria","bryophyte"
"Plantae","Bryophyta","Bryopsida","Orthotrichales","Orthotrichaceae","Nyholmiella","bryophyte"
"Plantae","Bryophyta","Bryopsida","Orthotrichales","Orthotrichaceae","Orthotrichum","bryophyte"
"Plantae","Bryophyta","Bryopsida","Orthotrichales","Orthotrichaceae","Pentastichella","bryophyte"
"Plantae","Bryophyta","Bryopsida","Orthotrichales","Orthotrichaceae","Plenogemma","bryophyte"
"Plantae","Bryophyta","Bryopsida","Orthotrichales","Orthotrichaceae","Pulvigera","bryophyte"
"Plantae","Bryophyta","Bryopsida","Orthotrichales","Orthotrichaceae","Schlotheimia","bryophyte"
"Plantae","Bryophyta","Bryopsida","Orthotrichales","Orthotrichaceae","Ulota","bryophyte"
"Plantae","Bryophyta","Bryopsida","Orthotrichales","Orthotrichaceae","Zygodon","bryophyte"
"Plantae","Bryophyta","Bryopsida","Pottiales","Ephemeraceae","Ephemerum","bryophyte"
"Plantae","Bryophyta","Bryopsida","Pottiales","Ephemeraceae","Nanomitrium","bryophyte"
"Plantae","Bryophyta","Bryopsida","Pottiales","Mitteniaceae","Mittenia","bryophyte"
"Plantae","Bryophyta","Bryopsida","Pottiales","Pleurophascaceae","Pleurophascum","bryophyte"
"Plantae","Bryophyta","Bryopsida","Pottiales","Pottiaceae","Acaulon","bryophyte"
"Plantae","Bryophyta","Bryopsida","Pottiales","Pottiaceae","Algaria","bryophyte"
"Plantae","Bryophyta","Bryopsida","Pottiales","Pottiaceae","Aloina","bryophyte"
"Plantae","Bryophyta","Bryopsida","Pottiales","Pottiaceae","Aloinella","bryophyte"
"Plantae","Bryophyta","Bryopsida","Pottiales","Pottiaceae","Anictangium","bryophyte"
"Plantae","Bryophyta","Bryopsida","Pottiales","Pottiaceae","Anoectangium","bryophyte"
"Plantae","Bryophyta","Bryopsida","Pottiales","Pottiaceae","Aschisma","bryophyte"
"Plantae","Bryophyta","Bryopsida","Pottiales","Pottiaceae","Astomum","bryophyte"
"Plantae","Bryophyta","Bryopsida","Pottiales","Pottiaceae","Barbula","bryophyte"
"Plantae","Bryophyta","Bryopsida","Pottiales","Pottiaceae","Bellibarbula","bryophyte"
"Plantae","Bryophyta","Bryopsida","Pottiales","Pottiaceae","Bryoerythrophyllum","bryophyte"
"Plantae","Bryophyta","Bryopsida","Pottiales","Pottiaceae","Chenia","bryophyte"
"Plantae","Bryophyta","Bryopsida","Pottiales","Pottiaceae","Chionoloma","bryophyte"
"Plantae","Bryophyta","Bryopsida","Pottiales","Pottiaceae","Cinclidotus","bryophyte"
"Plantae","Bryophyta","Bryopsida","Pottiales","Pottiaceae","Crossidium","bryophyte"
"Plantae","Bryophyta","Bryopsida","Pottiales","Pottiaceae","Crumia","bryophyte"
"Plantae","Bryophyta","Bryopsida","Pottiales","Pottiaceae","Dialytrichia","bryophyte"
"Plantae","Bryophyta","Bryopsida","Pottiales","Pottiaceae","Didymodon","bryophyte"
"Plantae","Bryophyta","Bryopsida","Pottiales","Pottiaceae","Dolotortula","bryophyte"
"Plantae","Bryophyta","Bryopsida","Pottiales","Pottiaceae","Entosthymenium","bryophyte"
"Plantae","Bryophyta","Bryopsida","Pottiales","Pottiaceae","Erythrophyllopsis","bryophyte"
"Plantae","Bryophyta","Bryopsida","Pottiales","Pottiaceae","Eucladium","bryophyte"
"Plantae","Bryophyta","Bryopsida","Pottiales","Pottiaceae","Geheebia","bryophyte"
"Plantae","Bryophyta","Bryopsida","Pottiales","Pottiaceae","Gertrudiella","bryophyte"
"Plantae","Bryophyta","Bryopsida","Pottiales","Pottiaceae","Globulinella","bryophyte"
"Plantae","Bryophyta","Bryopsida","Pottiales","Pottiaceae","Gymnostomiella","bryophyte"
"Plantae","Bryophyta","Bryopsida","Pottiales","Pottiaceae","Gymnostomum","bryophyte"
"Plantae","Bryophyta","Bryopsida","Pottiales","Pottiaceae","Gyroweisia","bryophyte"
"Plantae","Bryophyta","Bryopsida","Pottiales","Pottiaceae","Hennediella","bryophyte"
"Plantae","Bryophyta","Bryopsida","Pottiales","Pottiaceae","Hilpertia","bryophyte"
"Plantae","Bryophyta","Bryopsida","Pottiales","Pottiaceae","Husnotiella","bryophyte"
"Plantae","Bryophyta","Bryopsida","Pottiales","Pottiaceae","Hydrogonium","bryophyte"
"Plantae","Bryophyta","Bryopsida","Pottiales","Pottiaceae","Hymenostomum","bryophyte"
"Plantae","Bryophyta","Bryopsida","Pottiales","Pottiaceae","Hymenostylium","bryophyte"
"Plantae","Bryophyta","Bryopsida","Pottiales","Pottiaceae","Hyophila","bryophyte"
"Plantae","Bryophyta","Bryopsida","Pottiales","Pottiaceae","Hyophiladelphus","bryophyte"
"Plantae","Bryophyta","Bryopsida","Pottiales","Pottiaceae","Leptobarbula","bryophyte"
"Plantae","Bryophyta","Bryopsida","Pottiales","Pottiaceae","Leptodontium","bryophyte"
"Plantae","Bryophyta","Bryopsida","Pottiales","Pottiaceae","Merceyopsis","bryophyte"
"Plantae","Bryophyta","Bryopsida","Pottiales","Pottiaceae","Microbryum","bryophyte"
"Plantae","Bryophyta","Bryopsida","Pottiales","Pottiaceae","Mironia","bryophyte"
"Plantae","Bryophyta","Bryopsida","Pottiales","Pottiaceae","Molendoa","bryophyte"
"Plantae","Bryophyta","Bryopsida","Pottiales","Pottiaceae","Oxystegus","bryophyte"
"Plantae","Bryophyta","Bryopsida","Pottiales","Pottiaceae","Pachylomidium","bryophyte"
"Plantae","Bryophyta","Bryopsida","Pottiales","Pottiaceae","Pararhexophyllum","bryophyte"
"Plantae","Bryophyta","Bryopsida","Pottiales","Pottiaceae","Phascopsis","bryophyte"
"Plantae","Bryophyta","Bryopsida","Pottiales","Pottiaceae","Phascum","bryophyte"
"Plantae","Bryophyta","Bryopsida","Pottiales","Pottiaceae","Plaubelia","bryophyte"
"Plantae","Bryophyta","Bryopsida","Pottiales","Pottiaceae","Pleurochaete","bryophyte"
"Plantae","Bryophyta","Bryopsida","Pottiales","Pottiaceae","Pottia","bryophyte"
"Plantae","Bryophyta","Bryopsida","Pottiales","Pottiaceae","Pottiopsis","bryophyte"
"Plantae","Bryophyta","Bryopsida","Pottiales","Pottiaceae","Pseudocrossidium","bryophyte"
"Plantae","Bryophyta","Bryopsida","Pottiales","Pottiaceae","Pterygoneurum","bryophyte"
"Plantae","Bryophyta","Bryopsida","Pottiales","Pottiaceae","Reimersia","bryophyte"
"Plantae","Bryophyta","Bryopsida","Pottiales","Pottiaceae","Rhexophyllum","bryophyte"
"Plantae","Bryophyta","Bryopsida","Pottiales","Pottiaceae","Sagenotortula","bryophyte"
"Plantae","Bryophyta","Bryopsida","Pottiales","Pottiaceae","Saitobryum","bryophyte"
"Plantae","Bryophyta","Bryopsida","Pottiales","Pottiaceae","Scopelophila","bryophyte"
"Plantae","Bryophyta","Bryopsida","Pottiales","Pottiaceae","Stegonia","bryophyte"
"Plantae","Bryophyta","Bryopsida","Pottiales","Pottiaceae","Stonea","bryophyte"
"Plantae","Bryophyta","Bryopsida","Pottiales","Pottiaceae","Streblotrichum","bryophyte"
"Plantae","Bryophyta","Bryopsida","Pottiales","Pottiaceae","Streptocalypta","bryophyte"
"Plantae","Bryophyta","Bryopsida","Pottiales","Pottiaceae","Streptopogon","bryophyte"
"Plantae","Bryophyta","Bryopsida","Pottiales","Pottiaceae","Streptotrichum","bryophyte"
"Plantae","Bryophyta","Bryopsida","Pottiales","Pottiaceae","Syntrichia","bryophyte"
"Plantae","Bryophyta","Bryopsida","Pottiales","Pottiaceae","Tetracoscinodon","bryophyte"
"Plantae","Bryophyta","Bryopsida","Pottiales","Pottiaceae","Tetrapterum","bryophyte"
"Plantae","Bryophyta","Bryopsida","Pottiales","Pottiaceae","Tortella","bryophyte"
"Plantae","Bryophyta","Bryopsida","Pottiales","Pottiaceae","Tortula","bryophyte"
"Plantae","Bryophyta","Bryopsida","Pottiales","Pottiaceae","Trachycarpidium","bryophyte"
"Plantae","Bryophyta","Bryopsida","Pottiales","Pottiaceae","Trichostomopsis","bryophyte"
"Plantae","Bryophyta","Bryopsida","Pottiales","Pottiaceae","Trichostomum","bryophyte"
"Plantae","Bryophyta","Bryopsida","Pottiales","Pottiaceae","Tridontium","bryophyte"
"Plantae","Bryophyta","Bryopsida","Pottiales","Pottiaceae","Triquetrella","bryophyte"
"Plantae","Bryophyta","Bryopsida","Pottiales","Pottiaceae","Tuerckheimia","bryophyte"
"Plantae","Bryophyta","Bryopsida","Pottiales","Pottiaceae","Uleobryum","bryophyte"
"Plantae","Bryophyta","Bryopsida","Pottiales","Pottiaceae","Vinealobryum","bryophyte"
"Plantae","Bryophyta","Bryopsida","Pottiales","Pottiaceae","Weisiopsis","bryophyte"
"Plantae","Bryophyta","Bryopsida","Pottiales","Pottiaceae","Weissia","bryophyte"
"Plantae","Bryophyta","Bryopsida","Pottiales","Splachnobryaceae","Splachnobryum","bryophyte"
"Plantae","Bryophyta","Bryopsida","Pseudoditrichales","Chrysoblastellaceae","Chrysoblastella","bryophyte"
"Plantae","Bryophyta","Bryopsida","Pseudoditrichales","Pseudoditrichaceae","Pseudoditrichum","bryophyte"
"Plantae","Bryophyta","Bryopsida","Ptychomniales","Orthorrhynchiaceae","Orthorrhynchium","bryophyte"
"Plantae","Bryophyta","Bryopsida","Ptychomniales","Ptychomniaceae","Cladomnion","bryophyte"
"Plantae","Bryophyta","Bryopsida","Ptychomniales","Ptychomniaceae","Cladomniopsis","bryophyte"
"Plantae","Bryophyta","Bryopsida","Ptychomniales","Ptychomniaceae","Dichelodontium","bryophyte"
"Plantae","Bryophyta","Bryopsida","Ptychomniales","Ptychomniaceae","Euptychium","bryophyte"
"Plantae","Bryophyta","Bryopsida","Ptychomniales","Ptychomniaceae","Garovaglia","bryophyte"
"Plantae","Bryophyta","Bryopsida","Ptychomniales","Ptychomniaceae","Glyphothecium","bryophyte"
"Plantae","Bryophyta","Bryopsida","Ptychomniales","Ptychomniaceae","Glyptothecium","bryophyte"
"Plantae","Bryophyta","Bryopsida","Ptychomniales","Ptychomniaceae","Hampeella","bryophyte"
"Plantae","Bryophyta","Bryopsida","Ptychomniales","Ptychomniaceae","Ptychomnion","bryophyte"
"Plantae","Bryophyta","Bryopsida","Ptychomniales","Ptychomniaceae","Tetraphidopsis","bryophyte"
"Plantae","Bryophyta","Bryopsida","Rhizogoniales","Calomniaceae","Calomnion","bryophyte"
"Plantae","Bryophyta","Bryopsida","Rhizogoniales","Calomniaceae","Cryptopodium","bryophyte"
"Plantae","Bryophyta","Bryopsida","Rhizogoniales","Calomniaceae","Pyrrhobryum","bryophyte"
"Plantae","Bryophyta","Bryopsida","Rhizogoniales","Cyrtopoaceae","Cyrtopus","bryophyte"
"Plantae","Bryophyta","Bryopsida","Rhizogoniales","Rhizogoniaceae","Goniobryum","bryophyte"
"Plantae","Bryophyta","Bryopsida","Rhizogoniales","Rhizogoniaceae","Rhizogonium","bryophyte"
"Plantae","Bryophyta","Bryopsida","Scouleriales","Distichiaceae","Distichium","bryophyte"
"Plantae","Bryophyta","Bryopsida","Scouleriales","Drummondiaceae","Drummondia","bryophyte"
"Plantae","Bryophyta","Bryopsida","Scouleriales","Flexitrichaceae","Flexitrichum","bryophyte"
"Plantae","Bryophyta","Bryopsida","Scouleriales","Hymenolomataceae","Hymenoloma","bryophyte"
"Plantae","Bryophyta","Bryopsida","Scouleriales","Scouleriaceae","Scouleria","bryophyte"
"Plantae","Bryophyta","Bryopsida","Scouleriales","Timmiellaceae","Luisierella","bryophyte"
"Plantae","Bryophyta","Bryopsida","Scouleriales","Timmiellaceae","Timmiella","bryophyte"
"Plantae","Bryophyta","Bryopsida","Splachnales","Meesiaceae","Amblyodon","bryophyte"
"Plantae","Bryophyta","Bryopsida","Splachnales","Meesiaceae","Meesia","bryophyte"
"Plantae","Bryophyta","Bryopsida","Splachnales","Meesiaceae","Paludella","bryophyte"
"Plantae","Bryophyta","Bryopsida","Splachnales","Splachnaceae","Aplodon","bryophyte"
"Plantae","Bryophyta","Bryopsida","Splachnales","Splachnaceae","Brachymitrion","bryophyte"
"Plantae","Bryophyta","Bryopsida","Splachnales","Splachnaceae","Haplodon","bryophyte"
"Plantae","Bryophyta","Bryopsida","Splachnales","Splachnaceae","Splachnum","bryophyte"
"Plantae","Bryophyta","Bryopsida","Splachnales","Splachnaceae","Tayloria","bryophyte"
"Plantae","Bryophyta","Bryopsida","Splachnales","Splachnaceae","Tetraplodon","bryophyte"
"Plantae","Bryophyta","Bryopsida","Splachnales","Splachnaceae","Voitia","bryophyte"
"Plantae","Bryophyta","Bryopsida","Timmiales","Timmiaceae","Timmia","bryophyte"
"Plantae","Bryophyta","Polytrichopsida","Oedipodiales","Oedipodiaceae","Oedipodium","bryophyte"
"Plantae","Bryophyta","Polytrichopsida","Polytrichales","Polytrichaceae","Alophosia","bryophyte"
"Plantae","Bryophyta","Polytrichopsida","Polytrichales","Polytrichaceae","Atrichopsis","bryophyte"
"Plantae","Bryophyta","Polytrichopsida","Polytrichales","Polytrichaceae","Atrichum","bryophyte"
"Plantae","Bryophyta","Polytrichopsida","Polytrichales","Polytrichaceae","Bartramiopsis","bryophyte"
"Plantae","Bryophyta","Polytrichopsida","Polytrichales","Polytrichaceae","Dawsonia","bryophyte"
"Plantae","Bryophyta","Polytrichopsida","Polytrichales","Polytrichaceae","Dendroligotrichum","bryophyte"
"Plantae","Bryophyta","Polytrichopsida","Polytrichales","Polytrichaceae","Itatiella","bryophyte"
"Plantae","Bryophyta","Polytrichopsida","Polytrichales","Polytrichaceae","Lyellia","bryophyte"
"Plantae","Bryophyta","Polytrichopsida","Polytrichales","Polytrichaceae","Meiotrichum","bryophyte"
"Plantae","Bryophyta","Polytrichopsida","Polytrichales","Polytrichaceae","Oligotrichum","bryophyte"
"Plantae","Bryophyta","Polytrichopsida","Polytrichales","Polytrichaceae","Pogonatum","bryophyte"
"Plantae","Bryophyta","Polytrichopsida","Polytrichales","Polytrichaceae","Polytrichadelphus","bryophyte"
"Plantae","Bryophyta","Polytrichopsida","Polytrichales","Polytrichaceae","Polytrichastrum","bryophyte"
"Plantae","Bryophyta","Polytrichopsida","Polytrichales","Polytrichaceae","Polytrichum","bryophyte"
"Plantae","Bryophyta","Polytrichopsida","Polytrichales","Polytrichaceae","Psilopilum","bryophyte"
"Plantae","Bryophyta","Polytrichopsida","Polytrichales","Polytrichaceae","Steereobryon","bryophyte"
"Plantae","Bryophyta","Polytrichopsida","Tetraphidales","Tetraphidaceae","Tetraphis","bryophyte"
"Plantae","Bryophyta","Polytrichopsida","Tetraphidales","Tetraphidaceae","Tetrodontium","bryophyte"
"Plantae","Bryophyta","Sphagnopsida","Sphagnales","Ambuchananiaceae","Eosphagnum","bryophyte"
"Plantae","Bryophyta","Sphagnopsida","Sphagnales","Flatbergiaceae","Flatbergium","bryophyte"
"Plantae","Bryophyta","Sphagnopsida","Sphagnales","Sphagnaceae","Sphagnum","bryophyte"
"Plantae","Bryophyta","Sphagnopsida","Sphagnales","Sphagnaceae","Sphagnumsporites","bryophyte"
"Plantae","Bryophyta","Takakiopsida","Takakiales","Takakiaceae","Takakia","bryophyte"
"Plantae","Charophyta","Charophyceae","Charales","Characeae","Aclistochara","green algae"
"Plantae","Charophyta","Charophyceae","Charales","Characeae","Brachychara","green algae"
"Plantae","Charophyta","Charophyceae","Charales","Characeae","Chara","green algae"
"Plantae","Charophyta","Charophyceae","Charales","Characeae","Charites","green algae"
"Plantae","Charophyta","Charophyceae","Charales","Characeae","Croftiella","green algae"
"Plantae","Charophyta","Charophyceae","Charales","Characeae","Lamprothamnium","green algae"
"Plantae","Charophyta","Charophyceae","Charales","Characeae","Latochara","green algae"
"Plantae","Charophyta","Charophyceae","Charales","Characeae","Lychnothamnus","green algae"
"Plantae","Charophyta","Charophyceae","Charales","Characeae","Mesochara","green algae"
"Plantae","Charophyta","Charophyceae","Charales","Characeae","Microchara","green algae"
"Plantae","Charophyta","Charophyceae","Charales","Characeae","Nitella","green algae"
"Plantae","Charophyta","Charophyceae","Charales","Characeae","Nitellopsis","green algae"
"Plantae","Charophyta","Charophyceae","Charales","Characeae","Obtusochara","green algae"
"Plantae","Charophyta","Charophyceae","Charales","Characeae","Palaeonitella","green algae"
"Plantae","Charophyta","Charophyceae","Charales","Characeae","Peckichara","green algae"
"Plantae","Charophyta","Charophyceae","Charales","Characeae","Sphaerochara","green algae"
"Plantae","Charophyta","Charophyceae","Charales","Characeae","Tectochara","green algae"
"Plantae","Charophyta","Charophyceae","Charales","Characeae","Tolypella","green algae"
"Plantae","Charophyta","Charophyceae","Charales","Clavatoraceae","Clavator","green algae"
"Plantae","Charophyta","Charophyceae","Charales","Clavatoraceae","Globator","green algae"
"Plantae","Charophyta","Charophyceae","Charales","Porocharaceae","Altochara","green algae"
"Plantae","Charophyta","Charophyceae","Charales","Porocharaceae","Stellatochara","green algae"
"Plantae","Charophyta","Charophyceae","Coleochaetales","Coleochaetaceae","Coleochaete","green algae"
"Plantae","Charophyta","Charophyceae","Moellerinales","Moellerinaceae","Moellerina","green algae"
"Plantae","Charophyta","Charophyceae","Sycidiales","Sycidiaceae","Sycidium","green algae"
"Plantae","Charophyta","Charophyceae","Sycidiales","Trochiliscaceae","Trochiliscus","green algae"
"Plantae","Charophyta","Conjugatophyceae","Desmidiales","","Bambusina","green algae"
"Plantae","Charophyta","Conjugatophyceae","Desmidiales","","Docidium","green algae"
"Plantae","Charophyta","Conjugatophyceae","Desmidiales","","Onychonema","green algae"
"Plantae","Charophyta","Conjugatophyceae","Desmidiales","","Oocardium","green algae"
"Plantae","Charophyta","Conjugatophyceae","Desmidiales","","Sphaerozosma","green algae"
"Plantae","Charophyta","Conjugatophyceae","Desmidiales","Gonatozygaceae","Gonatozygon","green algae"
"Plantae","Charophyta","Klebsormidiophyceae","Klebsormidiales","Elakatotrichaceae","Elakatothrix","green algae"
"Plantae","Charophyta","Klebsormidiophyceae","Klebsormidiales","Klebsormidiaceae","Hormidiella","green algae"
"Plantae","Charophyta","Klebsormidiophyceae","Klebsormidiales","Klebsormidiaceae","Klebsormidium","green algae"
"Plantae","Charophyta","Klebsormidiophyceae","Klebsormidiales","Klebsormidiaceae","Streptofilum","green algae"
"Plantae","Charophyta","Klebsormidiophyceae","Klebsormidiales","Stichococcaceae","Pseudostichococcus","green algae"
"Plantae","Charophyta","Klebsormidiophyceae","Klebsormidiales","Stichococcaceae","Tritostichococcus","green algae"
"Plantae","Charophyta","Mesostigmatophyceae","Chaetosphaeridiales","Chaetosphaeridiaceae","Chaetosphaeridium","green algae"
"Plantae","Charophyta","Zygnematophyceae","Zygnematales","","Reduviasporonites","green algae"
"Plantae","Charophyta","Zygnematophyceae","Zygnematales","Closteriaceae","Closterium","green algae"
"Plantae","Charophyta","Zygnematophyceae","Zygnematales","Desmidiaceae","Actinotaenium","green algae"
"Plantae","Charophyta","Zygnematophyceae","Zygnematales","Desmidiaceae","Arthrodesmus","green algae"
"Plantae","Charophyta","Zygnematophyceae","Zygnematales","Desmidiaceae","Cosmarium","green algae"
"Plantae","Charophyta","Zygnematophyceae","Zygnematales","Desmidiaceae","Cosmocladium","green algae"
"Plantae","Charophyta","Zygnematophyceae","Zygnematales","Desmidiaceae","Didymoprium","green algae"
"Plantae","Charophyta","Zygnematophyceae","Zygnematales","Desmidiaceae","Euastrum","green algae"
"Plantae","Charophyta","Zygnematophyceae","Zygnematales","Desmidiaceae","Hyalotheca","green algae"
"Plantae","Charophyta","Zygnematophyceae","Zygnematales","Desmidiaceae","Micrasterias","green algae"
"Plantae","Charophyta","Zygnematophyceae","Zygnematales","Desmidiaceae","Pleurotaenium","green algae"
"Plantae","Charophyta","Zygnematophyceae","Zygnematales","Desmidiaceae","Spondylosium","green algae"
"Plantae","Charophyta","Zygnematophyceae","Zygnematales","Desmidiaceae","Staurastrum","green algae"
"Plantae","Charophyta","Zygnematophyceae","Zygnematales","Desmidiaceae","Staurodesmus","green algae"
"Plantae","Charophyta","Zygnematophyceae","Zygnematales","Desmidiaceae","Teilingia","green algae"
"Plantae","Charophyta","Zygnematophyceae","Zygnematales","Desmidiaceae","Tetmemorus","green algae"
"Plantae","Charophyta","Zygnematophyceae","Zygnematales","Mesotaeniaceae","Cylindrocystis","green algae"
"Plantae","Charophyta","Zygnematophyceae","Zygnematales","Mesotaeniaceae","Mesotaenium","green algae"
"Plantae","Charophyta","Zygnematophyceae","Zygnematales","Mesotaeniaceae","Netrium","green algae"
"Plantae","Charophyta","Zygnematophyceae","Zygnematales","Mesotaeniaceae","Spirotaenia","green algae"
"Plantae","Charophyta","Zygnematophyceae","Zygnematales","Mesotaeniaceae","Temnogyra","green algae"
"Plantae","Charophyta","Zygnematophyceae","Zygnematales","Peniaceae","Penium","green algae"
"Plantae","Charophyta","Zygnematophyceae","Zygnematales","Zygnemataceae","Mesocarpus","green algae"
"Plantae","Charophyta","Zygnematophyceae","Zygnematales","Zygnemataceae","Mougeotia","green algae"
"Plantae","Charophyta","Zygnematophyceae","Zygnematales","Zygnemataceae","Ovoidites","green algae"
"Plantae","Charophyta","Zygnematophyceae","Zygnematales","Zygnemataceae","Pleurocarpus","green algae"
"Plantae","Charophyta","Zygnematophyceae","Zygnematales","Zygnemataceae","Rhynchonema","green algae"
"Plantae","Charophyta","Zygnematophyceae","Zygnematales","Zygnemataceae","Sirocladium","green algae"
"Plantae","Charophyta","Zygnematophyceae","Zygnematales","Zygnemataceae","Sirogonium","green algae"
"Plantae","Charophyta","Zygnematophyceae","Zygnematales","Zygnemataceae","Spirogyra","green algae"
"Plantae","Charophyta","Zygnematophyceae","Zygnematales","Zygnemataceae","Temnogametum","green algae"
"Plantae","Charophyta","Zygnematophyceae","Zygnematales","Zygnemataceae","Tetraporina","green algae"
"Plantae","Charophyta","Zygnematophyceae","Zygnematales","Zygnemataceae","Transeauina","green algae"
"Plantae","Charophyta","Zygnematophyceae","Zygnematales","Zygnemataceae","Tyndaridea","green algae"
"Plantae","Charophyta","Zygnematophyceae","Zygnematales","Zygnemataceae","Zygnema","green algae"
"Plantae","Charophyta","Zygnematophyceae","Zygnematales","Zygnemataceae","Zygnemopsis","green algae"
"Plantae","Charophyta","Zygnematophyceae","Zygnematales","Zygnemataceae","Zygogonium","green algae"
"Plantae","Chlorophyta","","","","Colonella","green algae"
"Plantae","Chlorophyta","","","","Schizosporis","green algae"
"Plantae","Chlorophyta","","","","Yuknessia","green algae"
"Plantae","Chlorophyta","","Marsupiomonadales","Marsupiomonadaceae","Marsupiomonas","green algae"
"Plantae","Chlorophyta","","Marsupiomonadales","Resultomonadaceae","Resultomonas","green algae"
"Plantae","Chlorophyta","Chlorophyceae","","","Crassikamaena","green algae"
"Plantae","Chlorophyta","Chlorophyceae","","","Cribrokamaena","green algae"
"Plantae","Chlorophyta","Chlorophyceae","","","Jenufa","green algae"
"Plantae","Chlorophyta","Chlorophyceae","","","Nylandera","green algae"
"Plantae","Chlorophyta","Chlorophyceae","","","Palambages","green algae"
"Plantae","Chlorophyta","Chlorophyceae","","Donezellidae","Berestovia","green algae"
"Plantae","Chlorophyta","Chlorophyceae","Chaetopeltidales","Chaetopeltidaceae","Chaetopeltis","green algae"
"Plantae","Chlorophyta","Chlorophyceae","Chaetopeltidales","Chaetopeltidaceae","Dicranochaete","green algae"
"Plantae","Chlorophyta","Chlorophyceae","Chaetopeltidales","Chaetopeltidaceae","Hormotilopsis","green algae"
"Plantae","Chlorophyta","Chlorophyceae","Chaetopeltidales","Chaetopeltidaceae","Koshicola","green algae"
"Plantae","Chlorophyta","Chlorophyceae","Chaetopeltidales","Chaetopeltidaceae","Planophila","green algae"
"Plantae","Chlorophyta","Chlorophyceae","Chaetopeltidales","Chaetopeltidaceae","Pseudulvella","green algae"
"Plantae","Chlorophyta","Chlorophyceae","Chaetophorales","Aphanochaetaceae","Aphanochaete","green algae"
"Plantae","Chlorophyta","Chlorophyceae","Chaetophorales","Aphanochaetaceae","Thamniochaete","green algae"
"Plantae","Chlorophyta","Chlorophyceae","Chaetophorales","Chaetophoraceae","Acroblaste","green algae"
"Plantae","Chlorophyta","Chlorophyceae","Chaetophorales","Chaetophoraceae","Chaetophoropsis","green algae"
"Plantae","Chlorophyta","Chlorophyceae","Chaetophorales","Chaetophoraceae","Chamaetrichon","green algae"
"Plantae","Chlorophyta","Chlorophyceae","Chaetophorales","Chaetophoraceae","Chlorotylium","green algae"
"Plantae","Chlorophyta","Chlorophyceae","Chaetophorales","Chaetophoraceae","Draparnaldia","green algae"
"Plantae","Chlorophyta","Chlorophyceae","Chaetophorales","Chaetophoraceae","Draparnaldiopsis","green algae"
"Plantae","Chlorophyta","Chlorophyceae","Chaetophorales","Chaetophoraceae","Ectochaete","green algae"
"Plantae","Chlorophyta","Chlorophyceae","Chaetophorales","Chaetophoraceae","Endoderma","green algae"
"Plantae","Chlorophyta","Chlorophyceae","Chaetophorales","Chaetophoraceae","Endophyton","green algae"
"Plantae","Chlorophyta","Chlorophyceae","Chaetophorales","Chaetophoraceae","Fritschiella","green algae"
"Plantae","Chlorophyta","Chlorophyceae","Chaetophorales","Chaetophoraceae","Gongrosira","green algae"
"Plantae","Chlorophyta","Chlorophyceae","Chaetophorales","Chaetophoraceae","Herposteiron","green algae"
"Plantae","Chlorophyta","Chlorophyceae","Chaetophorales","Chaetophoraceae","Lochmiopsis","green algae"
"Plantae","Chlorophyta","Chlorophyceae","Chaetophorales","Chaetophoraceae","Myxonema","green algae"
"Plantae","Chlorophyta","Chlorophyceae","Chaetophorales","Chaetophoraceae","Pilinella","green algae"
"Plantae","Chlorophyta","Chlorophyceae","Chaetophorales","Chaetophoraceae","Pleurococcus","green algae"
"Plantae","Chlorophyta","Chlorophyceae","Chaetophorales","Chaetophoraceae","Protoderma","green algae"
"Plantae","Chlorophyta","Chlorophyceae","Chaetophorales","Chaetophoraceae","Sporocladopsis","green algae"
"Plantae","Chlorophyta","Chlorophyceae","Chaetophorales","Chaetophoraceae","Stigeoclonium","green algae"
"Plantae","Chlorophyta","Chlorophyceae","Chaetophorales","Chaetophoraceae","Trichosarcina","green algae"
"Plantae","Chlorophyta","Chlorophyceae","Chaetophorales","Chaetophoraceae","Uronema","green algae"
"Plantae","Chlorophyta","Chlorophyceae","Chaetophorales","Schizomeridaceae","Schizomeris","green algae"
"Plantae","Chlorophyta","Chlorophyceae","Chlamydomonadales","","Ecballocystis","green algae"
"Plantae","Chlorophyta","Chlorophyceae","Chlamydomonadales","","Ettlia","green algae"
"Plantae","Chlorophyta","Chlorophyceae","Chlamydomonadales","","Ostravamonas","green algae"
"Plantae","Chlorophyta","Chlorophyceae","Chlamydomonadales","","Tetraflagellochloris","green algae"
"Plantae","Chlorophyta","Chlorophyceae","Chlamydomonadales","Actinochloridaceae","Actinochloris","green algae"
"Plantae","Chlorophyta","Chlorophyceae","Chlamydomonadales","Actinochloridaceae","Deasonia","green algae"
"Plantae","Chlorophyta","Chlorophyceae","Chlamydomonadales","Characiosiphonaceae","Lobocharacium","green algae"
"Plantae","Chlorophyta","Chlorophyceae","Chlamydomonadales","Chlorochytriaceae","Chlorochytrium","green algae"
"Plantae","Chlorophyta","Chlorophyceae","Chlamydomonadales","Chlorochytriaceae","Rhodochytrium","green algae"
"Plantae","Chlorophyta","Chlorophyceae","Chlamydomonadales","Chlorococcaceae","Axilococcus","green algae"
"Plantae","Chlorophyta","Chlorophyceae","Chlamydomonadales","Chlorococcaceae","Chlorococcum","green algae"
"Plantae","Chlorophyta","Chlorophyceae","Chlamydomonadales","Chlorococcaceae","Dictyochloris","green algae"
"Plantae","Chlorophyta","Chlorophyceae","Chlamydomonadales","Chlorococcaceae","Eubrownia","green algae"
"Plantae","Chlorophyta","Chlorophyceae","Chlamydomonadales","Chlorococcaceae","Fasciculochloris","green algae"
"Plantae","Chlorophyta","Chlorophyceae","Chlamydomonadales","Chlorococcaceae","Heterotetracystis","green algae"
"Plantae","Chlorophyta","Chlorophyceae","Chlamydomonadales","Chlorococcaceae","Lautosphaeria","green algae"
"Plantae","Chlorophyta","Chlorophyceae","Chlamydomonadales","Chlorococcaceae","Nautococcus","green algae"
"Plantae","Chlorophyta","Chlorophyceae","Chlamydomonadales","Chlorococcaceae","Neospongiococcum","green algae"
"Plantae","Chlorophyta","Chlorophyceae","Chlamydomonadales","Chlorococcaceae","Oophila","green algae"
"Plantae","Chlorophyta","Chlorophyceae","Chlamydomonadales","Chlorococcaceae","Palmodictyon","green algae"
"Plantae","Chlorophyta","Chlorophyceae","Chlamydomonadales","Chlorococcaceae","Pseudospongiococcum","green algae"
"Plantae","Chlorophyta","Chlorophyceae","Chlamydomonadales","Chlorococcaceae","Pseudotrochiscia","green algae"
"Plantae","Chlorophyta","Chlorophyceae","Chlamydomonadales","Chlorococcaceae","Spongiochloris","green algae"
"Plantae","Chlorophyta","Chlorophyceae","Chlamydomonadales","Chlorococcaceae","Spongiococcum","green algae"
"Plantae","Chlorophyta","Chlorophyceae","Chlamydomonadales","Chlorococcaceae","Tetracystis","green algae"
"Plantae","Chlorophyta","Chlorophyceae","Chlamydomonadales","Chlorosarcinaceae","Chlorosarcina","green algae"
"Plantae","Chlorophyta","Chlorophyceae","Chlamydomonadales","Chlorosarcinaceae","Chlorosarcinopsis","green algae"
"Plantae","Chlorophyta","Chlorophyceae","Chlamydomonadales","Chlorosarcinaceae","Desmotetra","green algae"
"Plantae","Chlorophyta","Chlorophyceae","Chlamydomonadales","Chlorosarcinaceae","Pseudotetracystis","green algae"
"Plantae","Chlorophyta","Chlorophyceae","Chlamydomonadales","Coccomyxaceae","Choricystis","green algae"
"Plantae","Chlorophyta","Chlorophyceae","Chlamydomonadales","Coccomyxaceae","Coccomyxa","green algae"
"Plantae","Chlorophyta","Chlorophyceae","Chlamydomonadales","Coccomyxaceae","Dactylothece","green algae"
"Plantae","Chlorophyta","Chlorophyceae","Chlamydomonadales","Coccomyxaceae","Dispora","green algae"
"Plantae","Chlorophyta","Chlorophyceae","Chlamydomonadales","Coccomyxaceae","Ourococcus","green algae"
"Plantae","Chlorophyta","Chlorophyceae","Chlamydomonadales","Coccomyxaceae","Palmogloea","green algae"
"Plantae","Chlorophyta","Chlorophyceae","Chlamydomonadales","Cylindrocapsaceae","Cylindrocapsa","green algae"
"Plantae","Chlorophyta","Chlorophyceae","Chlamydomonadales","Protosiphonaceae","Protosiphon","green algae"
"Plantae","Chlorophyta","Chlorophyceae","Chlamydomonadales","Rhopalosolenaceae","Hydrianum","green algae"
"Plantae","Chlorophyta","Chlorophyceae","Chlamydomonadales","Scotiellocystoidaceae","Graesiella","green algae"
"Plantae","Chlorophyta","Chlorophyceae","Chlamydomonadales","Scotiellocystoidaceae","Muriellopsis","green algae"
"Plantae","Chlorophyta","Chlorophyceae","Chlamydomonadales","Scotiellocystoidaceae","Mychonastes","green algae"
"Plantae","Chlorophyta","Chlorophyceae","Chlamydomonadales","Sphaeropleaceae","Ankyra","green algae"
"Plantae","Chlorophyta","Chlorophyceae","Chlamydomonadales","Sphaeropleaceae","Atractomorpha","green algae"
"Plantae","Chlorophyta","Chlorophyceae","Chlamydomonadales","Sphaeropleaceae","Characiopodium","green algae"
"Plantae","Chlorophyta","Chlorophyceae","Chlamydomonadales","Sphaeropleaceae","Flintia","green algae"
"Plantae","Chlorophyta","Chlorophyceae","Chlamydomonadales","Sphaeropleaceae","Parallela","green algae"
"Plantae","Chlorophyta","Chlorophyceae","Chlamydomonadales","Sphaeropleaceae","Sphaeroplea","green algae"
"Plantae","Chlorophyta","Chlorophyceae","Chlamydomonadales","Treubariaceae","Treubaria","green algae"
"Plantae","Chlorophyta","Chlorophyceae","Dunaliellales","Asteromonadaceae","Asteromonas","green algae"
"Plantae","Chlorophyta","Chlorophyceae","Oedogoniales","Oedogoniaceae","Bulbochaete","green algae"
"Plantae","Chlorophyta","Chlorophyceae","Oedogoniales","Oedogoniaceae","Oedocladium","green algae"
"Plantae","Chlorophyta","Chlorophyceae","Oedogoniales","Oedogoniaceae","Oedogonium","green algae"
"Plantae","Chlorophyta","Chlorophyceae","Receptaculitales","Receptaculitaceae","Calathella","green algae"
"Plantae","Chlorophyta","Chlorophyceae","Receptaculitales","Receptaculitaceae","Calathium","green algae"
"Plantae","Chlorophyta","Chlorophyceae","Receptaculitales","Receptaculitaceae","Epimastopora","green algae"
"Plantae","Chlorophyta","Chlorophyceae","Receptaculitales","Receptaculitaceae","Ischadites","green algae"
"Plantae","Chlorophyta","Chlorophyceae","Receptaculitales","Receptaculitaceae","Koninckopora","green algae"
"Plantae","Chlorophyta","Chlorophyceae","Receptaculitales","Receptaculitaceae","Leptopoterion","green algae"
"Plantae","Chlorophyta","Chlorophyceae","Receptaculitales","Receptaculitaceae","Pseudoepimastopora","green algae"
"Plantae","Chlorophyta","Chlorophyceae","Receptaculitales","Receptaculitaceae","Receptaculites","green algae"
"Plantae","Chlorophyta","Chlorophyceae","Receptaculitales","Receptaculitaceae","Selenoides","green algae"
"Plantae","Chlorophyta","Chlorophyceae","Receptaculitales","Receptaculitaceae","Sphaerospongia","green algae"
"Plantae","Chlorophyta","Chlorophyceae","Sphaeropleales","Bracteacoccaceae","Bracteacoccus","green algae"
"Plantae","Chlorophyta","Chlorophyceae","Sphaeropleales","Bracteamorphaceae","Bracteamorpha","green algae"
"Plantae","Chlorophyta","Chlorophyceae","Sphaeropleales","Characiaceae","Characiellopsis","green algae"
"Plantae","Chlorophyta","Chlorophyceae","Sphaeropleales","Characiaceae","Characium","green algae"
"Plantae","Chlorophyta","Chlorophyceae","Sphaeropleales","Characiaceae","Deuterocharacium","green algae"
"Plantae","Chlorophyta","Chlorophyceae","Sphaeropleales","Characiaceae","Pseudocharacium","green algae"
"Plantae","Chlorophyta","Chlorophyceae","Sphaeropleales","Characiaceae","Pseudoschroederia","green algae"
"Plantae","Chlorophyta","Chlorophyceae","Sphaeropleales","Characiaceae","Schroederia","green algae"
"Plantae","Chlorophyta","Chlorophyceae","Sphaeropleales","Dictyococcaceae","Dictyococcus","green algae"
"Plantae","Chlorophyta","Chlorophyceae","Sphaeropleales","Hydrodictyaceae","Euastropsis","green algae"
"Plantae","Chlorophyta","Chlorophyceae","Sphaeropleales","Hydrodictyaceae","Hydrodictyon","green algae"
"Plantae","Chlorophyta","Chlorophyceae","Sphaeropleales","Hydrodictyaceae","Monactinus","green algae"
"Plantae","Chlorophyta","Chlorophyceae","Sphaeropleales","Hydrodictyaceae","Pediastrum","green algae"
"Plantae","Chlorophyta","Chlorophyceae","Sphaeropleales","Hydrodictyaceae","Pseudopediastrum","green algae"
"Plantae","Chlorophyta","Chlorophyceae","Sphaeropleales","Hydrodictyaceae","Sorastrum","green algae"
"Plantae","Chlorophyta","Chlorophyceae","Sphaeropleales","Hydrodictyaceae","Stauridium","green algae"
"Plantae","Chlorophyta","Chlorophyceae","Sphaeropleales","Hydrodictyaceae","Tetraedron","green algae"
"Plantae","Chlorophyta","Chlorophyceae","Sphaeropleales","Hydrodictyaceae","Tetraëdron","green algae"
"Plantae","Chlorophyta","Chlorophyceae","Sphaeropleales","Microsporaceae","Microspora","green algae"
"Plantae","Chlorophyta","Chlorophyceae","Sphaeropleales","Neochloridaceae","Golenkinia","green algae"
"Plantae","Chlorophyta","Chlorophyceae","Sphaeropleales","Neochloridaceae","Neochloris","green algae"
"Plantae","Chlorophyta","Chlorophyceae","Sphaeropleales","Neochloridaceae","Planktosphaeria","green algae"
"Plantae","Chlorophyta","Chlorophyceae","Sphaeropleales","Pseudomuriellaceae","Pseudomuriella","green algae"
"Plantae","Chlorophyta","Chlorophyceae","Sphaeropleales","Radiococcaceae","Coenochloris","green algae"
"Plantae","Chlorophyta","Chlorophyceae","Sphaeropleales","Radiococcaceae","Coenocystis","green algae"
"Plantae","Chlorophyta","Chlorophyceae","Sphaeropleales","Radiococcaceae","Gloeocystis","green algae"
"Plantae","Chlorophyta","Chlorophyceae","Sphaeropleales","Radiococcaceae","Neocystis","green algae"
"Plantae","Chlorophyta","Chlorophyceae","Sphaeropleales","Radiococcaceae","Radiococcus","green algae"
"Plantae","Chlorophyta","Chlorophyceae","Sphaeropleales","Rotundellaceae","Rotundella","green algae"
"Plantae","Chlorophyta","Chlorophyceae","Sphaeropleales","Scenedesmaceae","Asterarcys","green algae"
"Plantae","Chlorophyta","Chlorophyceae","Sphaeropleales","Scenedesmaceae","Chodatodesmus","green algae"
"Plantae","Chlorophyta","Chlorophyceae","Sphaeropleales","Scenedesmaceae","Coelastrella","green algae"
"Plantae","Chlorophyta","Chlorophyceae","Sphaeropleales","Scenedesmaceae","Coelastrum","green algae"
"Plantae","Chlorophyta","Chlorophyceae","Sphaeropleales","Scenedesmaceae","Comasiella","green algae"
"Plantae","Chlorophyta","Chlorophyceae","Sphaeropleales","Scenedesmaceae","Crucigenia","green algae"
"Plantae","Chlorophyta","Chlorophyceae","Sphaeropleales","Scenedesmaceae","Desmodesmus","green algae"
"Plantae","Chlorophyta","Chlorophyceae","Sphaeropleales","Scenedesmaceae","Enallax","green algae"
"Plantae","Chlorophyta","Chlorophyceae","Sphaeropleales","Scenedesmaceae","Flechtneria","green algae"
"Plantae","Chlorophyta","Chlorophyceae","Sphaeropleales","Scenedesmaceae","Hariotina","green algae"
"Plantae","Chlorophyta","Chlorophyceae","Sphaeropleales","Scenedesmaceae","Neodesmus","green algae"
"Plantae","Chlorophyta","Chlorophyceae","Sphaeropleales","Scenedesmaceae","Scenedesmus","green algae"
"Plantae","Chlorophyta","Chlorophyceae","Sphaeropleales","Scenedesmaceae","Schroederiella","green algae"
"Plantae","Chlorophyta","Chlorophyceae","Sphaeropleales","Scenedesmaceae","Tetradesmus","green algae"
"Plantae","Chlorophyta","Chlorophyceae","Sphaeropleales","Scenedesmaceae","Tetrallantos","green algae"
"Plantae","Chlorophyta","Chlorophyceae","Sphaeropleales","Scenedesmaceae","Tetranephris","green algae"
"Plantae","Chlorophyta","Chlorophyceae","Sphaeropleales","Scenedesmaceae","Verrucodesmus","green algae"
"Plantae","Chlorophyta","Chlorophyceae","Sphaeropleales","Schizochlamydaceae","Schizochlamys","green algae"
"Plantae","Chlorophyta","Chlorophyceae","Sphaeropleales","Selenastraceae","Ankistrodesmus","green algae"
"Plantae","Chlorophyta","Chlorophyceae","Sphaeropleales","Selenastraceae","Chlorolobion","green algae"
"Plantae","Chlorophyta","Chlorophyceae","Sphaeropleales","Selenastraceae","Kirchneriella","green algae"
"Plantae","Chlorophyta","Chlorophyceae","Sphaeropleales","Selenastraceae","Messastrum","green algae"
"Plantae","Chlorophyta","Chlorophyceae","Sphaeropleales","Selenastraceae","Monoraphidium","green algae"
"Plantae","Chlorophyta","Chlorophyceae","Sphaeropleales","Selenastraceae","Quadrigula","green algae"
"Plantae","Chlorophyta","Chlorophyceae","Sphaeropleales","Selenastraceae","Raphidocelis","green algae"
"Plantae","Chlorophyta","Chlorophyceae","Sphaeropleales","Selenastraceae","Selenastrum","green algae"
"Plantae","Chlorophyta","Chlorophyceae","Tetrasporales","Characiochloridaceae","Characiochloris","green algae"
"Plantae","Chlorophyta","Chlorophyceae","Tetrasporales","Characiochloridaceae","Chlamydopodium","green algae"
"Plantae","Chlorophyta","Chlorophyceae","Tetrasporales","Characiochloridaceae","Physocytium","green algae"
"Plantae","Chlorophyta","Chlorophyceae","Tetrasporales","Palmellaceae","Bromicolla","green algae"
"Plantae","Chlorophyta","Chlorophyceae","Tetrasporales","Palmellaceae","Cyanoptyche","green algae"
"Plantae","Chlorophyta","Chlorophyceae","Tetrasporales","Palmellaceae","Palmella","green algae"
"Plantae","Chlorophyta","Chlorophyceae","Tetrasporales","Palmellaceae","Urococcus","green algae"
"Plantae","Chlorophyta","Chlorophyceae","Tetrasporales","Palmellopsidaceae","Asterococcus","green algae"
"Plantae","Chlorophyta","Chlorophyceae","Tetrasporales","Palmellopsidaceae","Palmellopsis","green algae"
"Plantae","Chlorophyta","Chlorophyceae","Tetrasporales","Palmellopsidaceae","Pseudotetraspora","green algae"
"Plantae","Chlorophyta","Chlorophyceae","Tetrasporales","Palmellopsidaceae","Tetrasporidium","green algae"
"Plantae","Chlorophyta","Chlorophyceae","Tetrasporales","Tetrasporaceae","Octosporiella","green algae"
"Plantae","Chlorophyta","Chlorophyceae","Tetrasporales","Tetrasporaceae","Paulschulzia","green algae"
"Plantae","Chlorophyta","Chlorophyceae","Tetrasporales","Tetrasporaceae","Tetraspora","green algae"
"Plantae","Chlorophyta","Chlorophyceae","Volvocales","Chlamydomonadaceae","Brachiomonas","green algae"
"Plantae","Chlorophyta","Chlorophyceae","Volvocales","Chlamydomonadaceae","Carteria","green algae"
"Plantae","Chlorophyta","Chlorophyceae","Volvocales","Chlamydomonadaceae","Chlainomonas","green algae"
"Plantae","Chlorophyta","Chlorophyceae","Volvocales","Chlamydomonadaceae","Chlamydomonas","green algae"
"Plantae","Chlorophyta","Chlorophyceae","Volvocales","Chlamydomonadaceae","Chloromonas","green algae"
"Plantae","Chlorophyta","Chlorophyceae","Volvocales","Chlamydomonadaceae","Dangeardinia","green algae"
"Plantae","Chlorophyta","Chlorophyceae","Volvocales","Chlamydomonadaceae","Diplostauron","green algae"
"Plantae","Chlorophyta","Chlorophyceae","Volvocales","Chlamydomonadaceae","Halosarcinochlamys","green algae"
"Plantae","Chlorophyta","Chlorophyceae","Volvocales","Chlamydomonadaceae","Heterochlamydomonas","green algae"
"Plantae","Chlorophyta","Chlorophyceae","Volvocales","Chlamydomonadaceae","Lobochlamys","green algae"
"Plantae","Chlorophyta","Chlorophyceae","Volvocales","Chlamydomonadaceae","Microglena","green algae"
"Plantae","Chlorophyta","Chlorophyceae","Volvocales","Chlamydomonadaceae","Oogamochlamys","green algae"
"Plantae","Chlorophyta","Chlorophyceae","Volvocales","Chlamydomonadaceae","Sanguina","green algae"
"Plantae","Chlorophyta","Chlorophyceae","Volvocales","Chlamydomonadaceae","Vitreochlamys","green algae"
"Plantae","Chlorophyta","Chlorophyceae","Volvocales","Dunaliellaceae","Dunaliella","green algae"
"Plantae","Chlorophyta","Chlorophyceae","Volvocales","Dunaliellaceae","Hafniomonas","green algae"
"Plantae","Chlorophyta","Chlorophyceae","Volvocales","Dunaliellaceae","Polytomella","green algae"
"Plantae","Chlorophyta","Chlorophyceae","Volvocales","Dunaliellaceae","Spermatozopsis","green algae"
"Plantae","Chlorophyta","Chlorophyceae","Volvocales","Goniaceae","Astrephomene","green algae"
"Plantae","Chlorophyta","Chlorophyceae","Volvocales","Goniaceae","Gonium","green algae"
"Plantae","Chlorophyta","Chlorophyceae","Volvocales","Haematococcaceae","Balticola","green algae"
"Plantae","Chlorophyta","Chlorophyceae","Volvocales","Haematococcaceae","Chlorogonium","green algae"
"Plantae","Chlorophyta","Chlorophyceae","Volvocales","Haematococcaceae","Haematococcus","green algae"
"Plantae","Chlorophyta","Chlorophyceae","Volvocales","Phacotaceae","Phacotus","green algae"
"Plantae","Chlorophyta","Chlorophyceae","Volvocales","Phacotaceae","Pteromonas","green algae"
"Plantae","Chlorophyta","Chlorophyceae","Volvocales","Phacotaceae","Wislouchiella","green algae"
"Plantae","Chlorophyta","Chlorophyceae","Volvocales","Spondylomoraceae","Pascherina","green algae"
"Plantae","Chlorophyta","Chlorophyceae","Volvocales","Spondylomoraceae","Spondylomorum","green algae"
"Plantae","Chlorophyta","Chlorophyceae","Volvocales","Volvocaceae","Eudorina","green algae"
"Plantae","Chlorophyta","Chlorophyceae","Volvocales","Volvocaceae","Hemiflagellochloris","green algae"
"Plantae","Chlorophyta","Chlorophyceae","Volvocales","Volvocaceae","Pandorina","green algae"
"Plantae","Chlorophyta","Chlorophyceae","Volvocales","Volvocaceae","Platymonas","green algae"
"Plantae","Chlorophyta","Chlorophyceae","Volvocales","Volvocaceae","Pleodorina","green algae"
"Plantae","Chlorophyta","Chlorophyceae","Volvocales","Volvocaceae","Volvox","green algae"
"Plantae","Chlorophyta","Chlorophyceae","Volvocales","Volvocaceae","Volvulina","green algae"
"Plantae","Chlorophyta","Chlorophyceae","Volvocales","Volvocaceae","Yamagishiella","green algae"
"Plantae","Chlorophyta","Chloropicophyceae","Chloropicales","Chloropicaceae","Chloroparvula","green algae"
"Plantae","Chlorophyta","Chloropicophyceae","Chloropicales","Chloropicaceae","Chloropicon","green algae"
"Plantae","Chlorophyta","Mamiellophyceae","Dolichomastigales","Crustomastigaceae","Crustomastix","green algae"
"Plantae","Chlorophyta","Mamiellophyceae","Dolichomastigales","Dolichomastigaceae","Dolichomastix","green algae"
"Plantae","Chlorophyta","Mamiellophyceae","Mamiellales","Bathycoccaceae","Bathycoccus","green algae"
"Plantae","Chlorophyta","Mamiellophyceae","Mamiellales","Bathycoccaceae","Ostreococcus","green algae"
"Plantae","Chlorophyta","Mamiellophyceae","Mamiellales","Mamiellaceae","Mamiella","green algae"
"Plantae","Chlorophyta","Mamiellophyceae","Mamiellales","Mamiellaceae","Mantoniella","green algae"
"Plantae","Chlorophyta","Mamiellophyceae","Mamiellales","Mamiellaceae","Micromonas","green algae"
"Plantae","Chlorophyta","Mamiellophyceae","Mamiellales","Monomastigaceae","Monomastix","green algae"
"Plantae","Chlorophyta","Nephroselmidophyceae","Nephroselmidales","Nephroselmidaceae","Nephroselmis","green algae"
"Plantae","Chlorophyta","Palmophyllophyceae","Palmophyllales","Palmophyllaceae","Palmophyllum","green algae"
"Plantae","Chlorophyta","Palmophyllophyceae","Palmophyllales","Palmophyllaceae","Verdigellas","green algae"
"Plantae","Chlorophyta","Pedinophyceae","Pedinomonadales","Pedinomonadaceae","Pedinomonas","green algae"
"Plantae","Chlorophyta","Picocystophyceae","Picocystales","Picocystaceae","Picocystis","green algae"
"Plantae","Chlorophyta","Pleurastrophyceae","Pleurastrales","Pleurastraceae","Pleurastrum","green algae"
"Plantae","Chlorophyta","Prasinophyceae","Chlorodendrales","Chlorodendraceae","Prasinocladus","green algae"
"Plantae","Chlorophyta","Prasinophyceae","Chlorodendrales","Chlorodendraceae","Scherffelia","green algae"
"Plantae","Chlorophyta","Prasinophyceae","Chlorodendrales","Chlorodendraceae","Tetraselmis","green algae"
"Plantae","Chlorophyta","Prasinophyceae","Chlorodendrales","Halosphaeraceae","Pachysphaera","green algae"
"Plantae","Chlorophyta","Prasinophyceae","Halosphaerales","Pterospermataceae","Hexasterias","green algae"
"Plantae","Chlorophyta","Prasinophyceae","Halosphaerales","Pterospermataceae","Muraticavea","green algae"
"Plantae","Chlorophyta","Prasinophyceae","Halosphaerales","Pterospermataceae","Pterosperma","green algae"
"Plantae","Chlorophyta","Prasinophyceae","Halosphaerales","Pterospermataceae","Pterospermella","green algae"
"Plantae","Chlorophyta","Prasinophyceae","Prasinococcales","Prasinococcaceae","Prasinococcus","green algae"
"Plantae","Chlorophyta","Prasinophyceae","Prasinococcales","Prasinococcaceae","Prasinoderma","green algae"
"Plantae","Chlorophyta","Prasinophyceae","Pseudoscourfieldiales","Pycnococcaceae","Crassosphaera","green algae"
"Plantae","Chlorophyta","Prasinophyceae","Pseudoscourfieldiales","Pycnococcaceae","Cymatiosphaera","green algae"
"Plantae","Chlorophyta","Prasinophyceae","Pseudoscourfieldiales","Pycnococcaceae","Dictyotidium","green algae"
"Plantae","Chlorophyta","Prasinophyceae","Pseudoscourfieldiales","Pycnococcaceae","Melikeriopalla","green algae"
"Plantae","Chlorophyta","Prasinophyceae","Pseudoscourfieldiales","Pycnococcaceae","Pseudoscourfieldia","green algae"
"Plantae","Chlorophyta","Prasinophyceae","Pseudoscourfieldiales","Pycnococcaceae","Pycnococcus","green algae"
"Plantae","Chlorophyta","Prasinophyceae","Pyramimonadales","Polyblepharidaceae","Stephanoptera","green algae"
"Plantae","Chlorophyta","Prasinophyceae","Pyramimonadales","Pyramimonadaceae","Cymbomonas","green algae"
"Plantae","Chlorophyta","Prasinophyceae","Pyramimonadales","Pyramimonadaceae","Halosphaera","green algae"
"Plantae","Chlorophyta","Prasinophyceae","Pyramimonadales","Pyramimonadaceae","Prasinopapilla","green algae"
"Plantae","Chlorophyta","Prasinophyceae","Pyramimonadales","Pyramimonadaceae","Pyramimonas","green algae"
"Plantae","Chlorophyta","Prasinophyceae","Pyramimonadales","Pyramimonadaceae","Tasmanites","green algae"
"Plantae","Chlorophyta","Trebouxiophyceae","","","Chloropyrula","green algae"
"Plantae","Chlorophyta","Trebouxiophyceae","","","Desertella","green algae"
"Plantae","Chlorophyta","Trebouxiophyceae","","","Heveochlorella","green algae"
"Plantae","Chlorophyta","Trebouxiophyceae","","","Xerochlorella","green algae"
"Plantae","Chlorophyta","Trebouxiophyceae","","Watanabeaceae","Viridiella","green algae"
"Plantae","Chlorophyta","Trebouxiophyceae","Chlorellales","","Picochlorum","green algae"
"Plantae","Chlorophyta","Trebouxiophyceae","Chlorellales","Chlorellaceae","Actinastrum","green algae"
"Plantae","Chlorophyta","Trebouxiophyceae","Chlorellales","Chlorellaceae","Apatococcus","green algae"
"Plantae","Chlorophyta","Trebouxiophyceae","Chlorellales","Chlorellaceae","Auxenochlorella","green algae"
"Plantae","Chlorophyta","Trebouxiophyceae","Chlorellales","Chlorellaceae","Ava","green algae"
"Plantae","Chlorophyta","Trebouxiophyceae","Chlorellales","Chlorellaceae","Chlorella","green algae"
"Plantae","Chlorophyta","Trebouxiophyceae","Chlorellales","Chlorellaceae","Closteriopsis","green algae"
"Plantae","Chlorophyta","Trebouxiophyceae","Chlorellales","Chlorellaceae","Dicloster","green algae"
"Plantae","Chlorophyta","Trebouxiophyceae","Chlorellales","Chlorellaceae","Dictyosphaerium","green algae"
"Plantae","Chlorophyta","Trebouxiophyceae","Chlorellales","Chlorellaceae","Didymogenes","green algae"
"Plantae","Chlorophyta","Trebouxiophyceae","Chlorellales","Chlorellaceae","Edaphochlorella","green algae"
"Plantae","Chlorophyta","Trebouxiophyceae","Chlorellales","Chlorellaceae","Geminella","green algae"
"Plantae","Chlorophyta","Trebouxiophyceae","Chlorellales","Chlorellaceae","Gloeotila","green algae"
"Plantae","Chlorophyta","Trebouxiophyceae","Chlorellales","Chlorellaceae","Helicosporidium","green algae"
"Plantae","Chlorophyta","Trebouxiophyceae","Chlorellales","Chlorellaceae","Kermatia","green algae"
"Plantae","Chlorophyta","Trebouxiophyceae","Chlorellales","Chlorellaceae","Leptochlorella","green algae"
"Plantae","Chlorophyta","Trebouxiophyceae","Chlorellales","Chlorellaceae","Marasphaerium","green algae"
"Plantae","Chlorophyta","Trebouxiophyceae","Chlorellales","Chlorellaceae","Marvania","green algae"
"Plantae","Chlorophyta","Trebouxiophyceae","Chlorellales","Chlorellaceae","Micractinium","green algae"
"Plantae","Chlorophyta","Trebouxiophyceae","Chlorellales","Chlorellaceae","Mucidosphaerium","green algae"
"Plantae","Chlorophyta","Trebouxiophyceae","Chlorellales","Chlorellaceae","Muriella","green algae"
"Plantae","Chlorophyta","Trebouxiophyceae","Chlorellales","Chlorellaceae","Nannochloris","green algae"
"Plantae","Chlorophyta","Trebouxiophyceae","Chlorellales","Chlorellaceae","Parachlorella","green algae"
"Plantae","Chlorophyta","Trebouxiophyceae","Chlorellales","Chlorellaceae","Podohedra","green algae"
"Plantae","Chlorophyta","Trebouxiophyceae","Chlorellales","Chlorellaceae","Prototheca","green algae"
"Plantae","Chlorophyta","Trebouxiophyceae","Chlorellales","Chlorellaceae","Raphidonema","green algae"
"Plantae","Chlorophyta","Trebouxiophyceae","Chlorellales","Koliellaceae","Koliella","green algae"
"Plantae","Chlorophyta","Trebouxiophyceae","Chlorellales","Koliellaceae","Pseudochlorella","green algae"
"Plantae","Chlorophyta","Trebouxiophyceae","Chlorellales","Leptosiraceae","Leptosira","green algae"
"Plantae","Chlorophyta","Trebouxiophyceae","Chlorellales","Leptosiraceae","Pseudopleurococcus","green algae"
"Plantae","Chlorophyta","Trebouxiophyceae","Microthamniales","Microthamniaceae","Fusochloris","green algae"
"Plantae","Chlorophyta","Trebouxiophyceae","Microthamniales","Microthamniaceae","Microthamnion","green algae"
"Plantae","Chlorophyta","Trebouxiophyceae","Oocystales","Oocystaceae","Chloroidium","green algae"
"Plantae","Chlorophyta","Trebouxiophyceae","Oocystales","Oocystaceae","Dactylococcus","green algae"
"Plantae","Chlorophyta","Trebouxiophyceae","Oocystales","Oocystaceae","Echinocoleum","green algae"
"Plantae","Chlorophyta","Trebouxiophyceae","Oocystales","Oocystaceae","Franceia","green algae"
"Plantae","Chlorophyta","Trebouxiophyceae","Oocystales","Oocystaceae","Glochiococcus","green algae"
"Plantae","Chlorophyta","Trebouxiophyceae","Oocystales","Oocystaceae","Gloeotaenium","green algae"
"Plantae","Chlorophyta","Trebouxiophyceae","Oocystales","Oocystaceae","Hemichloris","green algae"
"Plantae","Chlorophyta","Trebouxiophyceae","Oocystales","Oocystaceae","Jaagichlorella","green algae"
"Plantae","Chlorophyta","Trebouxiophyceae","Oocystales","Oocystaceae","Lagerheimia","green algae"
"Plantae","Chlorophyta","Trebouxiophyceae","Oocystales","Oocystaceae","Makinoella","green algae"
"Plantae","Chlorophyta","Trebouxiophyceae","Oocystales","Oocystaceae","Neglectella","green algae"
"Plantae","Chlorophyta","Trebouxiophyceae","Oocystales","Oocystaceae","Nephrochlamys","green algae"
"Plantae","Chlorophyta","Trebouxiophyceae","Oocystales","Oocystaceae","Oocystella","green algae"
"Plantae","Chlorophyta","Trebouxiophyceae","Oocystales","Oocystaceae","Oocystis","green algae"
"Plantae","Chlorophyta","Trebouxiophyceae","Oocystales","Oocystaceae","Oonephris","green algae"
"Plantae","Chlorophyta","Trebouxiophyceae","Oocystales","Oocystaceae","Pachycladella","green algae"
"Plantae","Chlorophyta","Trebouxiophyceae","Oocystales","Oocystaceae","Planctonema","green algae"
"Plantae","Chlorophyta","Trebouxiophyceae","Oocystales","Oocystaceae","Pseudochlorococcum","green algae"
"Plantae","Chlorophyta","Trebouxiophyceae","Oocystales","Oocystaceae","Pseudococcomyxa","green algae"
"Plantae","Chlorophyta","Trebouxiophyceae","Oocystales","Oocystaceae","Quadricoccus","green algae"
"Plantae","Chlorophyta","Trebouxiophyceae","Oocystales","Oocystaceae","Trochiscia","green algae"
"Plantae","Chlorophyta","Trebouxiophyceae","Prasiolales","","Elliptochloris","green algae"
"Plantae","Chlorophyta","Trebouxiophyceae","Prasiolales","Prasiolaceae","Desmococcus","green algae"
"Plantae","Chlorophyta","Trebouxiophyceae","Prasiolales","Prasiolaceae","Diplosphaera","green algae"
"Plantae","Chlorophyta","Trebouxiophyceae","Prasiolales","Prasiolaceae","Hormidium","green algae"
"Plantae","Chlorophyta","Trebouxiophyceae","Prasiolales","Prasiolaceae","Prasiola","green algae"
"Plantae","Chlorophyta","Trebouxiophyceae","Prasiolales","Prasiolaceae","Prasiolopsis","green algae"
"Plantae","Chlorophyta","Trebouxiophyceae","Prasiolales","Prasiolaceae","Rosenvingiella","green algae"
"Plantae","Chlorophyta","Trebouxiophyceae","Prasiolales","Prasiolaceae","Schizogonium","green algae"
"Plantae","Chlorophyta","Trebouxiophyceae","Prasiolales","Prasiolaceae","Stichococcus","green algae"
"Plantae","Chlorophyta","Trebouxiophyceae","Trebouxiales","Botryococcaceae","Botryococcus","green algae"
"Plantae","Chlorophyta","Trebouxiophyceae","Trebouxiales","Trebouxiaceae","Asterochloris","green algae"
"Plantae","Chlorophyta","Trebouxiophyceae","Trebouxiales","Trebouxiaceae","Dictyochloropsis","green algae"
"Plantae","Chlorophyta","Trebouxiophyceae","Trebouxiales","Trebouxiaceae","Heterochlorella","green algae"
"Plantae","Chlorophyta","Trebouxiophyceae","Trebouxiales","Trebouxiaceae","Lobosphaera","green algae"
"Plantae","Chlorophyta","Trebouxiophyceae","Trebouxiales","Trebouxiaceae","Myrmecia","green algae"
"Plantae","Chlorophyta","Trebouxiophyceae","Trebouxiales","Trebouxiaceae","Symbiochloris","green algae"
"Plantae","Chlorophyta","Trebouxiophyceae","Trebouxiales","Trebouxiaceae","Trebouxia","green algae"
"Plantae","Chlorophyta","Trebouxiophyceae","Trebouxiales","Trebouxiaceae","Vulcanochloris","green algae"
"Plantae","Chlorophyta","Trebouxiophyceae","Trebouxiales","Trebouxiaceae","Watanabea","green algae"
"Plantae","Chlorophyta","Trebouxiophyceae","Trebouxiales","Trebouxiaceae","Xylochloris","green algae"
"Plantae","Chlorophyta","Ulvophyceae","","","Desmochloris","green algae"
"Plantae","Chlorophyta","Ulvophyceae","Bryopsidales","","Earltonella","green algae"
"Plantae","Chlorophyta","Ulvophyceae","Bryopsidales","","Smithsoniella","green algae"
"Plantae","Chlorophyta","Ulvophyceae","Bryopsidales","","Thalassocystis","green algae"
"Plantae","Chlorophyta","Ulvophyceae","Bryopsidales","Bryopsidaceae","Bryopsis","green algae"
"Plantae","Chlorophyta","Ulvophyceae","Bryopsidales","Bryopsidaceae","Pseudobryopsis","green algae"
"Plantae","Chlorophyta","Ulvophyceae","Bryopsidales","Bryopsidaceae","Pseudoderbesia","green algae"
"Plantae","Chlorophyta","Ulvophyceae","Bryopsidales","Bryopsidaceae","Trichosolen","green algae"
"Plantae","Chlorophyta","Ulvophyceae","Bryopsidales","Caulerpaceae","Caulerpa","green algae"
"Plantae","Chlorophyta","Ulvophyceae","Bryopsidales","Caulerpaceae","Caulerpella","green algae"
"Plantae","Chlorophyta","Ulvophyceae","Bryopsidales","Caulerpaceae","Phyllerpa","green algae"
"Plantae","Chlorophyta","Ulvophyceae","Bryopsidales","Codiaceae","Arabicodium","green algae"
"Plantae","Chlorophyta","Ulvophyceae","Bryopsidales","Codiaceae","Codium","green algae"
"Plantae","Chlorophyta","Ulvophyceae","Bryopsidales","Codiaceae","Dimorphosiphon","green algae"
"Plantae","Chlorophyta","Ulvophyceae","Bryopsidales","Codiaceae","Eugonophyllum","green algae"
"Plantae","Chlorophyta","Ulvophyceae","Bryopsidales","Codiaceae","Litanaia","green algae"
"Plantae","Chlorophyta","Ulvophyceae","Bryopsidales","Codiaceae","Lithocodium","green algae"
"Plantae","Chlorophyta","Ulvophyceae","Bryopsidales","Derbesiaceae","Derbesia","green algae"
"Plantae","Chlorophyta","Ulvophyceae","Bryopsidales","Dichotomosiphonaceae","Avrainvillea","green algae"
"Plantae","Chlorophyta","Ulvophyceae","Bryopsidales","Dichotomosiphonaceae","Cladocephalus","green algae"
"Plantae","Chlorophyta","Ulvophyceae","Bryopsidales","Dichotomosiphonaceae","Dichotomosiphon","green algae"
"Plantae","Chlorophyta","Ulvophyceae","Bryopsidales","Halimedaceae","Halimeda","green algae"
"Plantae","Chlorophyta","Ulvophyceae","Bryopsidales","Halimedaceae","Johnson-sea","green algae"
"Plantae","Chlorophyta","Ulvophyceae","Bryopsidales","Ostreobiaceae","Ostreobium","green algae"
"Plantae","Chlorophyta","Ulvophyceae","Bryopsidales","Pseudocodiaceae","Pseudocodium","green algae"
"Plantae","Chlorophyta","Ulvophyceae","Bryopsidales","Rhipiliaceae","Rhipilia","green algae"
"Plantae","Chlorophyta","Ulvophyceae","Bryopsidales","Rhipiliaceae","Rhipiliopsis","green algae"
"Plantae","Chlorophyta","Ulvophyceae","Bryopsidales","Udoteaceae","Boodleopsis","green algae"
"Plantae","Chlorophyta","Ulvophyceae","Bryopsidales","Udoteaceae","Chlorodesmis","green algae"
"Plantae","Chlorophyta","Ulvophyceae","Bryopsidales","Udoteaceae","Corallocephalus","green algae"
"Plantae","Chlorophyta","Ulvophyceae","Bryopsidales","Udoteaceae","Penicillus","green algae"
"Plantae","Chlorophyta","Ulvophyceae","Bryopsidales","Udoteaceae","Poropsis","green algae"
"Plantae","Chlorophyta","Ulvophyceae","Bryopsidales","Udoteaceae","Pseudochlorodesmis","green algae"
"Plantae","Chlorophyta","Ulvophyceae","Bryopsidales","Udoteaceae","Rhipidosiphon","green algae"
"Plantae","Chlorophyta","Ulvophyceae","Bryopsidales","Udoteaceae","Rhipocephalus","green algae"
"Plantae","Chlorophyta","Ulvophyceae","Bryopsidales","Udoteaceae","Siphonogramen","green algae"
"Plantae","Chlorophyta","Ulvophyceae","Bryopsidales","Udoteaceae","Udotea","green algae"
"Plantae","Chlorophyta","Ulvophyceae","Cladophorales","Anadyomenaceae","Anadyomene","green algae"
"Plantae","Chlorophyta","Ulvophyceae","Cladophorales","Anadyomenaceae","Microdictyon","green algae"
"Plantae","Chlorophyta","Ulvophyceae","Cladophorales","Anadyomenaceae","Rhipidiphyllon","green algae"
"Plantae","Chlorophyta","Ulvophyceae","Cladophorales","Anadyomenaceae","Willeella","green algae"
"Plantae","Chlorophyta","Ulvophyceae","Cladophorales","Cladophoraceae","Aegagropila","green algae"
"Plantae","Chlorophyta","Ulvophyceae","Cladophorales","Cladophoraceae","Arnoldiella","green algae"
"Plantae","Chlorophyta","Ulvophyceae","Cladophorales","Cladophoraceae","Basicladia","green algae"
"Plantae","Chlorophyta","Ulvophyceae","Cladophorales","Cladophoraceae","Chaetomorpha","green algae"
"Plantae","Chlorophyta","Ulvophyceae","Cladophorales","Cladophoraceae","Cladophora","green algae"
"Plantae","Chlorophyta","Ulvophyceae","Cladophorales","Cladophoraceae","Cladophorella","green algae"
"Plantae","Chlorophyta","Ulvophyceae","Cladophorales","Cladophoraceae","Conferva","green algae"
"Plantae","Chlorophyta","Ulvophyceae","Cladophorales","Cladophoraceae","Hormiscia","green algae"
"Plantae","Chlorophyta","Ulvophyceae","Cladophorales","Cladophoraceae","Hormotrichum","green algae"
"Plantae","Chlorophyta","Ulvophyceae","Cladophorales","Cladophoraceae","Lychaete","green algae"
"Plantae","Chlorophyta","Ulvophyceae","Cladophorales","Cladophoraceae","Pithophora","green algae"
"Plantae","Chlorophyta","Ulvophyceae","Cladophorales","Cladophoraceae","Pseudorhizoclonium","green algae"
"Plantae","Chlorophyta","Ulvophyceae","Cladophorales","Cladophoraceae","Rhizoclonium","green algae"
"Plantae","Chlorophyta","Ulvophyceae","Cladophorales","Cladophoraceae","Wittrockiella","green algae"
"Plantae","Chlorophyta","Ulvophyceae","Cyclocrinales","Cyclocrinaceae","Mastopora","green algae"
"Plantae","Chlorophyta","Ulvophyceae","Cyclocrinales","Cyclocrinaceae","Nidulites","green algae"
"Plantae","Chlorophyta","Ulvophyceae","Cyclocrinales","Pasceolaceae","Pasceolus","green algae"
"Plantae","Chlorophyta","Ulvophyceae","Dasycladales","","Fasciella","green algae"
"Plantae","Chlorophyta","Ulvophyceae","Dasycladales","Beresellaceae","Beresella","green algae"
"Plantae","Chlorophyta","Ulvophyceae","Dasycladales","Dasycladaceae","Acicularia","green algae"
"Plantae","Chlorophyta","Ulvophyceae","Dasycladales","Dasycladaceae","Archaeobatophora","green algae"
"Plantae","Chlorophyta","Ulvophyceae","Dasycladales","Dasycladaceae","Batophora","green algae"
"Plantae","Chlorophyta","Ulvophyceae","Dasycladales","Dasycladaceae","Bornetella","green algae"
"Plantae","Chlorophyta","Ulvophyceae","Dasycladales","Dasycladaceae","Chlorocladus","green algae"
"Plantae","Chlorophyta","Ulvophyceae","Dasycladales","Dasycladaceae","Coelosporella","green algae"
"Plantae","Chlorophyta","Ulvophyceae","Dasycladales","Dasycladaceae","Cyclocrinites","green algae"
"Plantae","Chlorophyta","Ulvophyceae","Dasycladales","Dasycladaceae","Cymopolia","green algae"
"Plantae","Chlorophyta","Ulvophyceae","Dasycladales","Dasycladaceae","Dactylopora","green algae"
"Plantae","Chlorophyta","Ulvophyceae","Dasycladales","Dasycladaceae","Dasycladacea","green algae"
"Plantae","Chlorophyta","Ulvophyceae","Dasycladales","Dasycladaceae","Dasycladus","green algae"
"Plantae","Chlorophyta","Ulvophyceae","Dasycladales","Dasycladaceae","Kamaena","green algae"
"Plantae","Chlorophyta","Ulvophyceae","Dasycladales","Dasycladaceae","Kantia","green algae"
"Plantae","Chlorophyta","Ulvophyceae","Dasycladales","Dasycladaceae","Linoporella","green algae"
"Plantae","Chlorophyta","Ulvophyceae","Dasycladales","Dasycladaceae","Macroporella","green algae"
"Plantae","Chlorophyta","Ulvophyceae","Dasycladales","Dasycladaceae","Mizzia","green algae"
"Plantae","Chlorophyta","Ulvophyceae","Dasycladales","Dasycladaceae","Neomeris","green algae"
"Plantae","Chlorophyta","Ulvophyceae","Dasycladales","Dasycladaceae","Orthriosiphonoides","green algae"
"Plantae","Chlorophyta","Ulvophyceae","Dasycladales","Dasycladaceae","Palaeodasycladus","green algae"
"Plantae","Chlorophyta","Ulvophyceae","Dasycladales","Dasycladaceae","Pseudovermiporella","green algae"
"Plantae","Chlorophyta","Ulvophyceae","Dasycladales","Dasycladaceae","Rhabdoporella","green algae"
"Plantae","Chlorophyta","Ulvophyceae","Dasycladales","Dasycladaceae","Salpingoporella","green algae"
"Plantae","Chlorophyta","Ulvophyceae","Dasycladales","Dasycladaceae","Vermiporella","green algae"
"Plantae","Chlorophyta","Ulvophyceae","Dasycladales","Diploporaceae","Diplopora","green algae"
"Plantae","Chlorophyta","Ulvophyceae","Dasycladales","Polyphysaceae","Acetabularia","green algae"
"Plantae","Chlorophyta","Ulvophyceae","Dasycladales","Polyphysaceae","Parvocaulis","green algae"
"Plantae","Chlorophyta","Ulvophyceae","Dasycladales","Seletonellaceae","Dasyporella","green algae"
"Plantae","Chlorophyta","Ulvophyceae","Dasycladales","Seletonellaceae","Medusaegraptus","green algae"
"Plantae","Chlorophyta","Ulvophyceae","Dasycladales","Triploporellaceae","Dissocladella","green algae"
"Plantae","Chlorophyta","Ulvophyceae","Dasycladales","Triploporellaceae","Griphoporella","green algae"
"Plantae","Chlorophyta","Ulvophyceae","Dasycladales","Triploporellaceae","Gyroporella","green algae"
"Plantae","Chlorophyta","Ulvophyceae","Oltmannsiellopsidales","Oltmannsiellopsidaceae","Halochlorococcum","green algae"
"Plantae","Chlorophyta","Ulvophyceae","Oltmannsiellopsidales","Oltmannsiellopsidaceae","Oltmannsiellopsis","green algae"
"Plantae","Chlorophyta","Ulvophyceae","Scotinosphaerales","Scotinosphaeraceae","Scotinosphaera","green algae"
"Plantae","Chlorophyta","Ulvophyceae","Siphonocladales","","Issinella","green algae"
"Plantae","Chlorophyta","Ulvophyceae","Siphonocladales","Boodleaceae","Boodlea","green algae"
"Plantae","Chlorophyta","Ulvophyceae","Siphonocladales","Boodleaceae","Cladophoropsis","green algae"
"Plantae","Chlorophyta","Ulvophyceae","Siphonocladales","Boodleaceae","Phyllodictyon","green algae"
"Plantae","Chlorophyta","Ulvophyceae","Siphonocladales","Boodleaceae","Struvea","green algae"
"Plantae","Chlorophyta","Ulvophyceae","Siphonocladales","Boodleaceae","Symbiomonas","green algae"
"Plantae","Chlorophyta","Ulvophyceae","Siphonocladales","Siphonocladaceae","Boergesenia","green algae"
"Plantae","Chlorophyta","Ulvophyceae","Siphonocladales","Siphonocladaceae","Chamaedoris","green algae"
"Plantae","Chlorophyta","Ulvophyceae","Siphonocladales","Siphonocladaceae","Dictyosphaeria","green algae"
"Plantae","Chlorophyta","Ulvophyceae","Siphonocladales","Siphonocladaceae","Ernodesmis","green algae"
"Plantae","Chlorophyta","Ulvophyceae","Siphonocladales","Siphonocladaceae","Siphonocladus","green algae"
"Plantae","Chlorophyta","Ulvophyceae","Siphonocladales","Siphonocladaceae","Struveopsis","green algae"
"Plantae","Chlorophyta","Ulvophyceae","Siphonocladales","Valoniaceae","Valonia","green algae"
"Plantae","Chlorophyta","Ulvophyceae","Siphonocladales","Valoniaceae","Valoniopsis","green algae"
"Plantae","Chlorophyta","Ulvophyceae","Trentepohliales","Chroolepidaceae","Bulbotrichia","green algae"
"Plantae","Chlorophyta","Ulvophyceae","Trentepohliales","Trentepohliaceae","Cephaleuros","green algae"
"Plantae","Chlorophyta","Ulvophyceae","Trentepohliales","Trentepohliaceae","Friedaea","green algae"
"Plantae","Chlorophyta","Ulvophyceae","Trentepohliales","Trentepohliaceae","Mycoidea","green algae"
"Plantae","Chlorophyta","Ulvophyceae","Trentepohliales","Trentepohliaceae","Phycopeltis","green algae"
"Plantae","Chlorophyta","Ulvophyceae","Trentepohliales","Trentepohliaceae","Physolinum","green algae"
"Plantae","Chlorophyta","Ulvophyceae","Trentepohliales","Trentepohliaceae","Printzina","green algae"
"Plantae","Chlorophyta","Ulvophyceae","Trentepohliales","Trentepohliaceae","Trentepohlia","green algae"
"Plantae","Chlorophyta","Ulvophyceae","Ulotrichales","Collinsiellaceae","Collinsiella","green algae"
"Plantae","Chlorophyta","Ulvophyceae","Ulotrichales","Gomontiaceae","Gomontia","green algae"
"Plantae","Chlorophyta","Ulvophyceae","Ulotrichales","Tupiellaceae","Vischerioclonium","green algae"
"Plantae","Chlorophyta","Ulvophyceae","Ulotrichales","Ulotrichaceae","Acrosiphonia","green algae"
"Plantae","Chlorophyta","Ulvophyceae","Ulotrichales","Ulotrichaceae","Binuclearia","green algae"
"Plantae","Chlorophyta","Ulvophyceae","Ulotrichales","Ulotrichaceae","Capsosiphon","green algae"
"Plantae","Chlorophyta","Ulvophyceae","Ulotrichales","Ulotrichaceae","Chlorhormidium","green algae"
"Plantae","Chlorophyta","Ulvophyceae","Ulotrichales","Ulotrichaceae","Chlorothrix","green algae"
"Plantae","Chlorophyta","Ulvophyceae","Ulotrichales","Ulotrichaceae","Codiolum","green algae"
"Plantae","Chlorophyta","Ulvophyceae","Ulotrichales","Ulotrichaceae","Geminellopsis","green algae"
"Plantae","Chlorophyta","Ulvophyceae","Ulotrichales","Ulotrichaceae","Ignatius","green algae"
"Plantae","Chlorophyta","Ulvophyceae","Ulotrichales","Ulotrichaceae","Pseudoschizomeris","green algae"
"Plantae","Chlorophyta","Ulvophyceae","Ulotrichales","Ulotrichaceae","Pseudothrix","green algae"
"Plantae","Chlorophyta","Ulvophyceae","Ulotrichales","Ulotrichaceae","Spongomorpha","green algae"
"Plantae","Chlorophyta","Ulvophyceae","Ulotrichales","Ulotrichaceae","Ulothrix","green algae"
"Plantae","Chlorophyta","Ulvophyceae","Ulotrichales","Ulotrichaceae","Urospora","green algae"
"Plantae","Chlorophyta","Ulvophyceae","Ulvales","","Halofilum","green algae"
"Plantae","Chlorophyta","Ulvophyceae","Ulvales","","Paulbroadya","green algae"
"Plantae","Chlorophyta","Ulvophyceae","Ulvales","Bolbocoleonaceae","Bolbocoleon","green algae"
"Plantae","Chlorophyta","Ulvophyceae","Ulvales","Cloniophoraceae","Cloniophora","green algae"
"Plantae","Chlorophyta","Ulvophyceae","Ulvales","Gayraliaceae","Gayralia","green algae"
"Plantae","Chlorophyta","Ulvophyceae","Ulvales","Gayraliaceae","Protomonostroma","green algae"
"Plantae","Chlorophyta","Ulvophyceae","Ulvales","Kornmanniaceae","Blidingia","green algae"
"Plantae","Chlorophyta","Ulvophyceae","Ulvales","Kornmanniaceae","Dilabifilum","green algae"
"Plantae","Chlorophyta","Ulvophyceae","Ulvales","Kornmanniaceae","Kornmannia","green algae"
"Plantae","Chlorophyta","Ulvophyceae","Ulvales","Kornmanniaceae","Pseudendoclonium","green algae"
"Plantae","Chlorophyta","Ulvophyceae","Ulvales","Kornmanniaceae","Tellamia","green algae"
"Plantae","Chlorophyta","Ulvophyceae","Ulvales","Monostromataceae","Monostroma","green algae"
"Plantae","Chlorophyta","Ulvophyceae","Ulvales","Phaeophilaceae","Phaeophila","green algae"
"Plantae","Chlorophyta","Ulvophyceae","Ulvales","Ulvaceae","Chloropelta","green algae"
"Plantae","Chlorophyta","Ulvophyceae","Ulvales","Ulvaceae","Lola","green algae"
"Plantae","Chlorophyta","Ulvophyceae","Ulvales","Ulvaceae","Ochlochaete","green algae"
"Plantae","Chlorophyta","Ulvophyceae","Ulvales","Ulvaceae","Percursaria","green algae"
"Plantae","Chlorophyta","Ulvophyceae","Ulvales","Ulvaceae","Ruthnielsenia","green algae"
"Plantae","Chlorophyta","Ulvophyceae","Ulvales","Ulvaceae","Solenia","green algae"
"Plantae","Chlorophyta","Ulvophyceae","Ulvales","Ulvaceae","Ulva","green algae"
"Plantae","Chlorophyta","Ulvophyceae","Ulvales","Ulvaceae","Ulvaria","green algae"
"Plantae","Chlorophyta","Ulvophyceae","Ulvales","Ulvaceae","Umbraulva","green algae"
"Plantae","Chlorophyta","Ulvophyceae","Ulvales","Ulvellaceae","Entocladia","green algae"
"Plantae","Chlorophyta","Ulvophyceae","Ulvales","Ulvellaceae","Epicladia","green algae"
"Plantae","Chlorophyta","Ulvophyceae","Ulvales","Ulvellaceae","Pringsheimia","green algae"
"Plantae","Chlorophyta","Ulvophyceae","Ulvales","Ulvellaceae","Ulvella","green algae"
"Plantae","Marchantiophyta","Haplomitriopsida","Calobryales","Haplomitriaceae","Haplomitrium","bryophyte"
"Plantae","Marchantiophyta","Haplomitriopsida","Treubiales","Treubiaceae","Apotreubia","bryophyte"
"Plantae","Marchantiophyta","Haplomitriopsida","Treubiales","Treubiaceae","Treubia","bryophyte"
"Plantae","Marchantiophyta","Jungermanniopsida","","","Discites","bryophyte"
"Plantae","Marchantiophyta","Jungermanniopsida","","","Thallites","bryophyte"
"Plantae","Marchantiophyta","Jungermanniopsida","Fossombroniales","Allisoniaceae","Allisonia","bryophyte"
"Plantae","Marchantiophyta","Jungermanniopsida","Fossombroniales","Calyculariaceae","Calycularia","bryophyte"
"Plantae","Marchantiophyta","Jungermanniopsida","Fossombroniales","Fossombroniaceae","Austrofossombronia","bryophyte"
"Plantae","Marchantiophyta","Jungermanniopsida","Fossombroniales","Fossombroniaceae","Fossombronia","bryophyte"
"Plantae","Marchantiophyta","Jungermanniopsida","Fossombroniales","Makinoaceae","Makinoa","bryophyte"
"Plantae","Marchantiophyta","Jungermanniopsida","Fossombroniales","Petalophyllaceae","Petalophyllum","bryophyte"
"Plantae","Marchantiophyta","Jungermanniopsida","Jungermanniales","","Schizolepidella","bryophyte"
"Plantae","Marchantiophyta","Jungermanniopsida","Jungermanniales","Acrobolbaceae","Acrobolbus","bryophyte"
"Plantae","Marchantiophyta","Jungermanniopsida","Jungermanniales","Acrobolbaceae","Austrolophozia","bryophyte"
"Plantae","Marchantiophyta","Jungermanniopsida","Jungermanniales","Acrobolbaceae","Conoscyphus","bryophyte"
"Plantae","Marchantiophyta","Jungermanniopsida","Jungermanniales","Acrobolbaceae","Goebelobryum","bryophyte"
"Plantae","Marchantiophyta","Jungermanniopsida","Jungermanniales","Acrobolbaceae","Lethocolea","bryophyte"
"Plantae","Marchantiophyta","Jungermanniopsida","Jungermanniales","Acrobolbaceae","Saccogynidium","bryophyte"
"Plantae","Marchantiophyta","Jungermanniopsida","Jungermanniales","Adelanthaceae","Adelanthus","bryophyte"
"Plantae","Marchantiophyta","Jungermanniopsida","Jungermanniales","Adelanthaceae","Cuspidatula","bryophyte"
"Plantae","Marchantiophyta","Jungermanniopsida","Jungermanniales","Adelanthaceae","Denotarisia","bryophyte"
"Plantae","Marchantiophyta","Jungermanniopsida","Jungermanniales","Adelanthaceae","Jamesoniella","bryophyte"
"Plantae","Marchantiophyta","Jungermanniopsida","Jungermanniales","Adelanthaceae","Nothostrepta","bryophyte"
"Plantae","Marchantiophyta","Jungermanniopsida","Jungermanniales","Adelanthaceae","Pseudomarsupidium","bryophyte"
"Plantae","Marchantiophyta","Jungermanniopsida","Jungermanniales","Adelanthaceae","Syzygiella","bryophyte"
"Plantae","Marchantiophyta","Jungermanniopsida","Jungermanniales","Adelanthaceae","Wettsteinia","bryophyte"
"Plantae","Marchantiophyta","Jungermanniopsida","Jungermanniales","Anastrophyllaceae","Anastrepta","bryophyte"
"Plantae","Marchantiophyta","Jungermanniopsida","Jungermanniales","Anastrophyllaceae","Anastrophyllum","bryophyte"
"Plantae","Marchantiophyta","Jungermanniopsida","Jungermanniales","Anastrophyllaceae","Barbilophozia","bryophyte"
"Plantae","Marchantiophyta","Jungermanniopsida","Jungermanniales","Anastrophyllaceae","Biantheridion","bryophyte"
"Plantae","Marchantiophyta","Jungermanniopsida","Jungermanniales","Anastrophyllaceae","Chandonanthus","bryophyte"
"Plantae","Marchantiophyta","Jungermanniopsida","Jungermanniales","Anastrophyllaceae","Crossocalyx","bryophyte"
"Plantae","Marchantiophyta","Jungermanniopsida","Jungermanniales","Anastrophyllaceae","Gymnocolea","bryophyte"
"Plantae","Marchantiophyta","Jungermanniopsida","Jungermanniales","Anastrophyllaceae","Isopaches","bryophyte"
"Plantae","Marchantiophyta","Jungermanniopsida","Jungermanniales","Anastrophyllaceae","Neoorthocaulis","bryophyte"
"Plantae","Marchantiophyta","Jungermanniopsida","Jungermanniales","Anastrophyllaceae","Orthocaulis","bryophyte"
"Plantae","Marchantiophyta","Jungermanniopsida","Jungermanniales","Anastrophyllaceae","Plicanthus","bryophyte"
"Plantae","Marchantiophyta","Jungermanniopsida","Jungermanniales","Anastrophyllaceae","Schljakovia","bryophyte"
"Plantae","Marchantiophyta","Jungermanniopsida","Jungermanniales","Anastrophyllaceae","Schljakovianthus","bryophyte"
"Plantae","Marchantiophyta","Jungermanniopsida","Jungermanniales","Anastrophyllaceae","Sphenolobopsis","bryophyte"
"Plantae","Marchantiophyta","Jungermanniopsida","Jungermanniales","Anastrophyllaceae","Sphenolobus","bryophyte"
"Plantae","Marchantiophyta","Jungermanniopsida","Jungermanniales","Anastrophyllaceae","Tetralophozia","bryophyte"
"Plantae","Marchantiophyta","Jungermanniopsida","Jungermanniales","Antheliaceae","Anthelia","bryophyte"
"Plantae","Marchantiophyta","Jungermanniopsida","Jungermanniales","Arnelliaceae","Arnellia","bryophyte"
"Plantae","Marchantiophyta","Jungermanniopsida","Jungermanniales","Balantiopsidaceae","Acroscyphella","bryophyte"
"Plantae","Marchantiophyta","Jungermanniopsida","Jungermanniales","Balantiopsidaceae","Balantiopsis","bryophyte"
"Plantae","Marchantiophyta","Jungermanniopsida","Jungermanniales","Balantiopsidaceae","Isotachis","bryophyte"
"Plantae","Marchantiophyta","Jungermanniopsida","Jungermanniales","Balantiopsidaceae","Neesioscyphus","bryophyte"
"Plantae","Marchantiophyta","Jungermanniopsida","Jungermanniales","Balantiopsidaceae","Ruizanthus","bryophyte"
"Plantae","Marchantiophyta","Jungermanniopsida","Jungermanniales","Blepharidophyllaceae","Blepharidophyllum","bryophyte"
"Plantae","Marchantiophyta","Jungermanniopsida","Jungermanniales","Blepharidophyllaceae","Clandarium","bryophyte"
"Plantae","Marchantiophyta","Jungermanniopsida","Jungermanniales","Blepharostomataceae","Blepharostoma","bryophyte"
"Plantae","Marchantiophyta","Jungermanniopsida","Jungermanniales","Brevianthaceae","Brevianthus","bryophyte"
"Plantae","Marchantiophyta","Jungermanniopsida","Jungermanniales","Brevianthaceae","Tetracymbaliella","bryophyte"
"Plantae","Marchantiophyta","Jungermanniopsida","Jungermanniales","Calypogeiaceae","Asperifolia","bryophyte"
"Plantae","Marchantiophyta","Jungermanniopsida","Jungermanniales","Calypogeiaceae","Calypogeia","bryophyte"
"Plantae","Marchantiophyta","Jungermanniopsida","Jungermanniales","Calypogeiaceae","Metacalypogeia","bryophyte"
"Plantae","Marchantiophyta","Jungermanniopsida","Jungermanniales","Calypogeiaceae","Mnioloma","bryophyte"
"Plantae","Marchantiophyta","Jungermanniopsida","Jungermanniales","Cephaloziaceae","Alobiella","bryophyte"
"Plantae","Marchantiophyta","Jungermanniopsida","Jungermanniales","Cephaloziaceae","Alobiellopsis","bryophyte"
"Plantae","Marchantiophyta","Jungermanniopsida","Jungermanniales","Cephaloziaceae","Cephalozia","bryophyte"
"Plantae","Marchantiophyta","Jungermanniopsida","Jungermanniales","Cephaloziaceae","Fuscocephaloziopsis","bryophyte"
"Plantae","Marchantiophyta","Jungermanniopsida","Jungermanniales","Cephaloziaceae","Nowellia","bryophyte"
"Plantae","Marchantiophyta","Jungermanniopsida","Jungermanniales","Cephaloziaceae","Odontoschisma","bryophyte"
"Plantae","Marchantiophyta","Jungermanniopsida","Jungermanniales","Cephaloziaceae","Schiffneria","bryophyte"
"Plantae","Marchantiophyta","Jungermanniopsida","Jungermanniales","Cephaloziaceae","Trigonanthus","bryophyte"
"Plantae","Marchantiophyta","Jungermanniopsida","Jungermanniales","Cephaloziellaceae","Allisoniella","bryophyte"
"Plantae","Marchantiophyta","Jungermanniopsida","Jungermanniales","Cephaloziellaceae","Amphicephalozia","bryophyte"
"Plantae","Marchantiophyta","Jungermanniopsida","Jungermanniales","Cephaloziellaceae","Cephalomitrion","bryophyte"
"Plantae","Marchantiophyta","Jungermanniopsida","Jungermanniales","Cephaloziellaceae","Cephaloziella","bryophyte"
"Plantae","Marchantiophyta","Jungermanniopsida","Jungermanniales","Cephaloziellaceae","Cephaloziopsis","bryophyte"
"Plantae","Marchantiophyta","Jungermanniopsida","Jungermanniales","Cephaloziellaceae","Chaetophyllopsis","bryophyte"
"Plantae","Marchantiophyta","Jungermanniopsida","Jungermanniales","Cephaloziellaceae","Chonecolea","bryophyte"
"Plantae","Marchantiophyta","Jungermanniopsida","Jungermanniales","Cephaloziellaceae","Cylindrocolea","bryophyte"
"Plantae","Marchantiophyta","Jungermanniopsida","Jungermanniales","Cephaloziellaceae","Gottschelia","bryophyte"
"Plantae","Marchantiophyta","Jungermanniopsida","Jungermanniales","Cephaloziellaceae","Gymnocoleopsis","bryophyte"
"Plantae","Marchantiophyta","Jungermanniopsida","Jungermanniales","Cephaloziellaceae","Herzogobryum","bryophyte"
"Plantae","Marchantiophyta","Jungermanniopsida","Jungermanniales","Cephaloziellaceae","Kymatocalyx","bryophyte"
"Plantae","Marchantiophyta","Jungermanniopsida","Jungermanniales","Cephaloziellaceae","Lophonardia","bryophyte"
"Plantae","Marchantiophyta","Jungermanniopsida","Jungermanniales","Cephaloziellaceae","Nothogymnomitrion","bryophyte"
"Plantae","Marchantiophyta","Jungermanniopsida","Jungermanniales","Cephaloziellaceae","Oleolophozia","bryophyte"
"Plantae","Marchantiophyta","Jungermanniopsida","Jungermanniales","Cephaloziellaceae","Phycolepidozia","bryophyte"
"Plantae","Marchantiophyta","Jungermanniopsida","Jungermanniales","Cephaloziellaceae","Protolophozia","bryophyte"
"Plantae","Marchantiophyta","Jungermanniopsida","Jungermanniales","Diettertiaceae","Diettertia","bryophyte"
"Plantae","Marchantiophyta","Jungermanniopsida","Jungermanniales","Endogemmaceae","Endogemma","bryophyte"
"Plantae","Marchantiophyta","Jungermanniopsida","Jungermanniales","Geocalycaceae","Conoscyphys","bryophyte"
"Plantae","Marchantiophyta","Jungermanniopsida","Jungermanniales","Geocalycaceae","Geocalyx","bryophyte"
"Plantae","Marchantiophyta","Jungermanniopsida","Jungermanniales","Grolleaceae","Grollea","bryophyte"
"Plantae","Marchantiophyta","Jungermanniopsida","Jungermanniales","Gymnomitriaceae","Acrolophozia","bryophyte"
"Plantae","Marchantiophyta","Jungermanniopsida","Jungermanniales","Gymnomitriaceae","Gymnomitrion","bryophyte"
"Plantae","Marchantiophyta","Jungermanniopsida","Jungermanniales","Gymnomitriaceae","Marsupella","bryophyte"
"Plantae","Marchantiophyta","Jungermanniopsida","Jungermanniales","Gymnomitriaceae","Nardia","bryophyte"
"Plantae","Marchantiophyta","Jungermanniopsida","Jungermanniales","Gymnomitriaceae","Prasanthus","bryophyte"
"Plantae","Marchantiophyta","Jungermanniopsida","Jungermanniales","Gyrothyraceae","Gyrothyra","bryophyte"
"Plantae","Marchantiophyta","Jungermanniopsida","Jungermanniales","Harpanthaceae","Harpanthus","bryophyte"
"Plantae","Marchantiophyta","Jungermanniopsida","Jungermanniales","Herbertaceae","Herberta","bryophyte"
"Plantae","Marchantiophyta","Jungermanniopsida","Jungermanniales","Herbertaceae","Herbertus","bryophyte"
"Plantae","Marchantiophyta","Jungermanniopsida","Jungermanniales","Herbertaceae","Schisma","bryophyte"
"Plantae","Marchantiophyta","Jungermanniopsida","Jungermanniales","Herbertaceae","Triandrophyllum","bryophyte"
"Plantae","Marchantiophyta","Jungermanniopsida","Jungermanniales","Hygrobiellaceae","Hygrobiella","bryophyte"
"Plantae","Marchantiophyta","Jungermanniopsida","Jungermanniales","Jackiellaceae","Jackiella","bryophyte"
"Plantae","Marchantiophyta","Jungermanniopsida","Jungermanniales","Jungermanniaceae","Apothomanthus","bryophyte"
"Plantae","Marchantiophyta","Jungermanniopsida","Jungermanniales","Jungermanniaceae","Delavayella","bryophyte"
"Plantae","Marchantiophyta","Jungermanniopsida","Jungermanniales","Jungermanniaceae","Eremonotus","bryophyte"
"Plantae","Marchantiophyta","Jungermanniopsida","Jungermanniales","Jungermanniaceae","Eucalyx","bryophyte"
"Plantae","Marchantiophyta","Jungermanniopsida","Jungermanniales","Jungermanniaceae","Jungermannia","bryophyte"
"Plantae","Marchantiophyta","Jungermanniopsida","Jungermanniales","Jungermanniaceae","Jungermannites","bryophyte"
"Plantae","Marchantiophyta","Jungermanniopsida","Jungermanniales","Jungermanniaceae","Liochlaena","bryophyte"
"Plantae","Marchantiophyta","Jungermanniopsida","Jungermanniales","Jungermanniaceae","Mesoptychia","bryophyte"
"Plantae","Marchantiophyta","Jungermanniopsida","Jungermanniales","Lepicoleaceae","Lepicolea","bryophyte"
"Plantae","Marchantiophyta","Jungermanniopsida","Jungermanniales","Lepidoziaceae","Acromastigum","bryophyte"
"Plantae","Marchantiophyta","Jungermanniopsida","Jungermanniales","Lepidoziaceae","Amazoopsis","bryophyte"
"Plantae","Marchantiophyta","Jungermanniopsida","Jungermanniales","Lepidoziaceae","Bazzania","bryophyte"
"Plantae","Marchantiophyta","Jungermanniopsida","Jungermanniales","Lepidoziaceae","Ceramanus","bryophyte"
"Plantae","Marchantiophyta","Jungermanniopsida","Jungermanniales","Lepidoziaceae","Dendrolembidium","bryophyte"
"Plantae","Marchantiophyta","Jungermanniopsida","Jungermanniales","Lepidoziaceae","Drucella","bryophyte"
"Plantae","Marchantiophyta","Jungermanniopsida","Jungermanniales","Lepidoziaceae","Hyalolepidozia","bryophyte"
"Plantae","Marchantiophyta","Jungermanniopsida","Jungermanniales","Lepidoziaceae","Hygrolembidium","bryophyte"
"Plantae","Marchantiophyta","Jungermanniopsida","Jungermanniales","Lepidoziaceae","Isolembidium","bryophyte"
"Plantae","Marchantiophyta","Jungermanniopsida","Jungermanniales","Lepidoziaceae","Kurzia","bryophyte"
"Plantae","Marchantiophyta","Jungermanniopsida","Jungermanniales","Lepidoziaceae","Lembidium","bryophyte"
"Plantae","Marchantiophyta","Jungermanniopsida","Jungermanniales","Lepidoziaceae","Lepidozia","bryophyte"
"Plantae","Marchantiophyta","Jungermanniopsida","Jungermanniales","Lepidoziaceae","Mastigobryum","bryophyte"
"Plantae","Marchantiophyta","Jungermanniopsida","Jungermanniales","Lepidoziaceae","Mastigopelma","bryophyte"
"Plantae","Marchantiophyta","Jungermanniopsida","Jungermanniales","Lepidoziaceae","Megalembidium","bryophyte"
"Plantae","Marchantiophyta","Jungermanniopsida","Jungermanniales","Lepidoziaceae","Micropterygium","bryophyte"
"Plantae","Marchantiophyta","Jungermanniopsida","Jungermanniales","Lepidoziaceae","Mytilopsis","bryophyte"
"Plantae","Marchantiophyta","Jungermanniopsida","Jungermanniales","Lepidoziaceae","Neogrollea","bryophyte"
"Plantae","Marchantiophyta","Jungermanniopsida","Jungermanniales","Lepidoziaceae","Neolepidozia","bryophyte"
"Plantae","Marchantiophyta","Jungermanniopsida","Jungermanniales","Lepidoziaceae","Odontoseries","bryophyte"
"Plantae","Marchantiophyta","Jungermanniopsida","Jungermanniales","Lepidoziaceae","Paracromastigum","bryophyte"
"Plantae","Marchantiophyta","Jungermanniopsida","Jungermanniales","Lepidoziaceae","Protocephalozia","bryophyte"
"Plantae","Marchantiophyta","Jungermanniopsida","Jungermanniales","Lepidoziaceae","Pseudocephalozia","bryophyte"
"Plantae","Marchantiophyta","Jungermanniopsida","Jungermanniales","Lepidoziaceae","Psiloclada","bryophyte"
"Plantae","Marchantiophyta","Jungermanniopsida","Jungermanniales","Lepidoziaceae","Pteropsiella","bryophyte"
"Plantae","Marchantiophyta","Jungermanniopsida","Jungermanniales","Lepidoziaceae","Telaranea","bryophyte"
"Plantae","Marchantiophyta","Jungermanniopsida","Jungermanniales","Lepidoziaceae","Tricholepidozia","bryophyte"
"Plantae","Marchantiophyta","Jungermanniopsida","Jungermanniales","Lepidoziaceae","Zoopsidella","bryophyte"
"Plantae","Marchantiophyta","Jungermanniopsida","Jungermanniales","Lepidoziaceae","Zoopsis","bryophyte"
"Plantae","Marchantiophyta","Jungermanniopsida","Jungermanniales","Lophocoleaceae","Chiloscyphus","bryophyte"
"Plantae","Marchantiophyta","Jungermanniopsida","Jungermanniales","Lophocoleaceae","Clasmatocolea","bryophyte"
"Plantae","Marchantiophyta","Jungermanniopsida","Jungermanniales","Lophocoleaceae","Cryptolophocolea","bryophyte"
"Plantae","Marchantiophyta","Jungermanniopsida","Jungermanniales","Lophocoleaceae","Evansianthus","bryophyte"
"Plantae","Marchantiophyta","Jungermanniopsida","Jungermanniales","Lophocoleaceae","Hepatostolonophora","bryophyte"
"Plantae","Marchantiophyta","Jungermanniopsida","Jungermanniales","Lophocoleaceae","Heteroscyphus","bryophyte"
"Plantae","Marchantiophyta","Jungermanniopsida","Jungermanniales","Lophocoleaceae","Lamellocolea","bryophyte"
"Plantae","Marchantiophyta","Jungermanniopsida","Jungermanniales","Lophocoleaceae","Leptophyllopsis","bryophyte"
"Plantae","Marchantiophyta","Jungermanniopsida","Jungermanniales","Lophocoleaceae","Leptoscyphus","bryophyte"
"Plantae","Marchantiophyta","Jungermanniopsida","Jungermanniales","Lophocoleaceae","Lophocolea","bryophyte"
"Plantae","Marchantiophyta","Jungermanniopsida","Jungermanniales","Lophocoleaceae","Pachyglossa","bryophyte"
"Plantae","Marchantiophyta","Jungermanniopsida","Jungermanniales","Lophocoleaceae","Perdusenia","bryophyte"
"Plantae","Marchantiophyta","Jungermanniopsida","Jungermanniales","Lophocoleaceae","Pigafettoa","bryophyte"
"Plantae","Marchantiophyta","Jungermanniopsida","Jungermanniales","Lophocoleaceae","Ramudaria","bryophyte"
"Plantae","Marchantiophyta","Jungermanniopsida","Jungermanniales","Lophocoleaceae","Stolonivector","bryophyte"
"Plantae","Marchantiophyta","Jungermanniopsida","Jungermanniales","Lophoziaceae","Andrewsianthus","bryophyte"
"Plantae","Marchantiophyta","Jungermanniopsida","Jungermanniales","Lophoziaceae","Heterogemma","bryophyte"
"Plantae","Marchantiophyta","Jungermanniopsida","Jungermanniales","Lophoziaceae","Lophozia","bryophyte"
"Plantae","Marchantiophyta","Jungermanniopsida","Jungermanniales","Lophoziaceae","Lophoziopsis","bryophyte"
"Plantae","Marchantiophyta","Jungermanniopsida","Jungermanniales","Lophoziaceae","Trilophozia","bryophyte"
"Plantae","Marchantiophyta","Jungermanniopsida","Jungermanniales","Lophoziaceae","Tritomaria","bryophyte"
"Plantae","Marchantiophyta","Jungermanniopsida","Jungermanniales","Mastigophoraceae","Dendromastigophora","bryophyte"
"Plantae","Marchantiophyta","Jungermanniopsida","Jungermanniales","Mastigophoraceae","Mastigophora","bryophyte"
"Plantae","Marchantiophyta","Jungermanniopsida","Jungermanniales","Myliaceae","Mylia","bryophyte"
"Plantae","Marchantiophyta","Jungermanniopsida","Jungermanniales","Notoscyphaceae","Notoscyphus","bryophyte"
"Plantae","Marchantiophyta","Jungermanniopsida","Jungermanniales","Obtusifoliaceae","Konstantinovia","bryophyte"
"Plantae","Marchantiophyta","Jungermanniopsida","Jungermanniales","Obtusifoliaceae","Obtusifolium","bryophyte"
"Plantae","Marchantiophyta","Jungermanniopsida","Jungermanniales","Plagiochilaceae","Chiastocaulon","bryophyte"
"Plantae","Marchantiophyta","Jungermanniopsida","Jungermanniales","Plagiochilaceae","Dinckleria","bryophyte"
"Plantae","Marchantiophyta","Jungermanniopsida","Jungermanniales","Plagiochilaceae","Pedinophyllopsis","bryophyte"
"Plantae","Marchantiophyta","Jungermanniopsida","Jungermanniales","Plagiochilaceae","Pedinophyllum","bryophyte"
"Plantae","Marchantiophyta","Jungermanniopsida","Jungermanniales","Plagiochilaceae","Plagiochila","bryophyte"
"Plantae","Marchantiophyta","Jungermanniopsida","Jungermanniales","Plagiochilaceae","Plagiochilion","bryophyte"
"Plantae","Marchantiophyta","Jungermanniopsida","Jungermanniales","Plagiochilaceae","Pseudolophocolea","bryophyte"
"Plantae","Marchantiophyta","Jungermanniopsida","Jungermanniales","Pseudolepicoleaceae","Archeophylla","bryophyte"
"Plantae","Marchantiophyta","Jungermanniopsida","Jungermanniales","Pseudolepicoleaceae","Isophyllaria","bryophyte"
"Plantae","Marchantiophyta","Jungermanniopsida","Jungermanniales","Pseudolepicoleaceae","Pseudolepicolea","bryophyte"
"Plantae","Marchantiophyta","Jungermanniopsida","Jungermanniales","Pseudolepicoleaceae","Temnoma","bryophyte"
"Plantae","Marchantiophyta","Jungermanniopsida","Jungermanniales","Saccogynaceae","Saccogyna","bryophyte"
"Plantae","Marchantiophyta","Jungermanniopsida","Jungermanniales","Scapaniaceae","Diplophyllum","bryophyte"
"Plantae","Marchantiophyta","Jungermanniopsida","Jungermanniales","Scapaniaceae","Douinia","bryophyte"
"Plantae","Marchantiophyta","Jungermanniopsida","Jungermanniales","Scapaniaceae","Macrodiplophyllum","bryophyte"
"Plantae","Marchantiophyta","Jungermanniopsida","Jungermanniales","Scapaniaceae","Protochilopsis","bryophyte"
"Plantae","Marchantiophyta","Jungermanniopsida","Jungermanniales","Scapaniaceae","Saccobasis","bryophyte"
"Plantae","Marchantiophyta","Jungermanniopsida","Jungermanniales","Scapaniaceae","Scapania","bryophyte"
"Plantae","Marchantiophyta","Jungermanniopsida","Jungermanniales","Scapaniaceae","Schistochilopsis","bryophyte"
"Plantae","Marchantiophyta","Jungermanniopsida","Jungermanniales","Schistochilaceae","Schistochila","bryophyte"
"Plantae","Marchantiophyta","Jungermanniopsida","Jungermanniales","Solenostomataceae","Arctoscyphus","bryophyte"
"Plantae","Marchantiophyta","Jungermanniopsida","Jungermanniales","Solenostomataceae","Cryptocolea","bryophyte"
"Plantae","Marchantiophyta","Jungermanniopsida","Jungermanniales","Solenostomataceae","Plectocolea","bryophyte"
"Plantae","Marchantiophyta","Jungermanniopsida","Jungermanniales","Solenostomataceae","Solenostoma","bryophyte"
"Plantae","Marchantiophyta","Jungermanniopsida","Jungermanniales","Southbyaceae","Gongylanthus","bryophyte"
"Plantae","Marchantiophyta","Jungermanniopsida","Jungermanniales","Southbyaceae","Southbya","bryophyte"
"Plantae","Marchantiophyta","Jungermanniopsida","Jungermanniales","Stephaniellaceae","Stephaniella","bryophyte"
"Plantae","Marchantiophyta","Jungermanniopsida","Jungermanniales","Trichocoleaceae","Eotrichocolea","bryophyte"
"Plantae","Marchantiophyta","Jungermanniopsida","Jungermanniales","Trichocoleaceae","Leiomitra","bryophyte"
"Plantae","Marchantiophyta","Jungermanniopsida","Jungermanniales","Trichocoleaceae","Trichocolea","bryophyte"
"Plantae","Marchantiophyta","Jungermanniopsida","Jungermanniales","Trichotemnomataceae","Trichotemnoma","bryophyte"
"Plantae","Marchantiophyta","Jungermanniopsida","Metzgeriales","","Metzgeriothallus","bryophyte"
"Plantae","Marchantiophyta","Jungermanniopsida","Metzgeriales","Aneuraceae","Afroriccardia","bryophyte"
"Plantae","Marchantiophyta","Jungermanniopsida","Metzgeriales","Aneuraceae","Aneura","bryophyte"
"Plantae","Marchantiophyta","Jungermanniopsida","Metzgeriales","Aneuraceae","Lobatiriccardia","bryophyte"
"Plantae","Marchantiophyta","Jungermanniopsida","Metzgeriales","Aneuraceae","Riccardia","bryophyte"
"Plantae","Marchantiophyta","Jungermanniopsida","Metzgeriales","Aneuraceae","Verdoornia","bryophyte"
"Plantae","Marchantiophyta","Jungermanniopsida","Metzgeriales","Metzgeriaceae","Metzgeria","bryophyte"
"Plantae","Marchantiophyta","Jungermanniopsida","Pallaviciniales","Hymenophytaceae","Hymenophyton","bryophyte"
"Plantae","Marchantiophyta","Jungermanniopsida","Pallaviciniales","Moerckiaceae","Moerckia","bryophyte"
"Plantae","Marchantiophyta","Jungermanniopsida","Pallaviciniales","Pallaviciniaceae","Jensenia","bryophyte"
"Plantae","Marchantiophyta","Jungermanniopsida","Pallaviciniales","Pallaviciniaceae","Pallavicinia","bryophyte"
"Plantae","Marchantiophyta","Jungermanniopsida","Pallaviciniales","Pallaviciniaceae","Pallavicinius","bryophyte"
"Plantae","Marchantiophyta","Jungermanniopsida","Pallaviciniales","Pallaviciniaceae","Podomitrium","bryophyte"
"Plantae","Marchantiophyta","Jungermanniopsida","Pallaviciniales","Pallaviciniaceae","Symphyogyna","bryophyte"
"Plantae","Marchantiophyta","Jungermanniopsida","Pallaviciniales","Pallaviciniaceae","Xenothallus","bryophyte"
"Plantae","Marchantiophyta","Jungermanniopsida","Pallaviciniales","Phyllothalliaceae","Phyllothallia","bryophyte"
"Plantae","Marchantiophyta","Jungermanniopsida","Pallaviciniales","Pseudomoerckiaceae","Pseudomoerckia","bryophyte"
"Plantae","Marchantiophyta","Jungermanniopsida","Pelliales","Noterocladaceae","Noteroclada","bryophyte"
"Plantae","Marchantiophyta","Jungermanniopsida","Pelliales","Pelliaceae","Apopellia","bryophyte"
"Plantae","Marchantiophyta","Jungermanniopsida","Pelliales","Pelliaceae","Pellia","bryophyte"
"Plantae","Marchantiophyta","Jungermanniopsida","Pleuroziales","Pleuroziaceae","Pleurozia","bryophyte"
"Plantae","Marchantiophyta","Jungermanniopsida","Porellales","Frullaniaceae","Frullania","bryophyte"
"Plantae","Marchantiophyta","Jungermanniopsida","Porellales","Goebeliellaceae","Goebeliella","bryophyte"
"Plantae","Marchantiophyta","Jungermanniopsida","Porellales","Jubulaceae","Jubula","bryophyte"
"Plantae","Marchantiophyta","Jungermanniopsida","Porellales","Jubulaceae","Nipponolejeunea","bryophyte"
"Plantae","Marchantiophyta","Jungermanniopsida","Porellales","Lejeuneaceae","Acanthocoleus","bryophyte"
"Plantae","Marchantiophyta","Jungermanniopsida","Porellales","Lejeuneaceae","Acrolejeunea","bryophyte"
"Plantae","Marchantiophyta","Jungermanniopsida","Porellales","Lejeuneaceae","Anoplolejeunea","bryophyte"
"Plantae","Marchantiophyta","Jungermanniopsida","Porellales","Lejeuneaceae","Aphanolejeunea","bryophyte"
"Plantae","Marchantiophyta","Jungermanniopsida","Porellales","Lejeuneaceae","Archilejeunea","bryophyte"
"Plantae","Marchantiophyta","Jungermanniopsida","Porellales","Lejeuneaceae","Blepharolejeunea","bryophyte"
"Plantae","Marchantiophyta","Jungermanniopsida","Porellales","Lejeuneaceae","Brachiolejeunea","bryophyte"
"Plantae","Marchantiophyta","Jungermanniopsida","Porellales","Lejeuneaceae","Bromeliophila","bryophyte"
"Plantae","Marchantiophyta","Jungermanniopsida","Porellales","Lejeuneaceae","Bryopteris","bryophyte"
"Plantae","Marchantiophyta","Jungermanniopsida","Porellales","Lejeuneaceae","Calatholejeunea","bryophyte"
"Plantae","Marchantiophyta","Jungermanniopsida","Porellales","Lejeuneaceae","Capillolejeunea","bryophyte"
"Plantae","Marchantiophyta","Jungermanniopsida","Porellales","Lejeuneaceae","Caudalejeunea","bryophyte"
"Plantae","Marchantiophyta","Jungermanniopsida","Porellales","Lejeuneaceae","Ceratolejeunea","bryophyte"
"Plantae","Marchantiophyta","Jungermanniopsida","Porellales","Lejeuneaceae","Cheilolejeunea","bryophyte"
"Plantae","Marchantiophyta","Jungermanniopsida","Porellales","Lejeuneaceae","Cololejeunea","bryophyte"
"Plantae","Marchantiophyta","Jungermanniopsida","Porellales","Lejeuneaceae","Colura","bryophyte"
"Plantae","Marchantiophyta","Jungermanniopsida","Porellales","Lejeuneaceae","Crossotolejeunea","bryophyte"
"Plantae","Marchantiophyta","Jungermanniopsida","Porellales","Lejeuneaceae","Cyclolejeunea","bryophyte"
"Plantae","Marchantiophyta","Jungermanniopsida","Porellales","Lejeuneaceae","Dibrachiella","bryophyte"
"Plantae","Marchantiophyta","Jungermanniopsida","Porellales","Lejeuneaceae","Dicranolejeunea","bryophyte"
"Plantae","Marchantiophyta","Jungermanniopsida","Porellales","Lejeuneaceae","Diplasiolejeunea","bryophyte"
"Plantae","Marchantiophyta","Jungermanniopsida","Porellales","Lejeuneaceae","Drepanolejeunea","bryophyte"
"Plantae","Marchantiophyta","Jungermanniopsida","Porellales","Lejeuneaceae","Echinolejeunea","bryophyte"
"Plantae","Marchantiophyta","Jungermanniopsida","Porellales","Lejeuneaceae","Eulejeunea","bryophyte"
"Plantae","Marchantiophyta","Jungermanniopsida","Porellales","Lejeuneaceae","Frullanoides","bryophyte"
"Plantae","Marchantiophyta","Jungermanniopsida","Porellales","Lejeuneaceae","Fulfordianthus","bryophyte"
"Plantae","Marchantiophyta","Jungermanniopsida","Porellales","Lejeuneaceae","Gradsteinianthus","bryophyte"
"Plantae","Marchantiophyta","Jungermanniopsida","Porellales","Lejeuneaceae","Haplolejeunea","bryophyte"
"Plantae","Marchantiophyta","Jungermanniopsida","Porellales","Lejeuneaceae","Harpalejeunea","bryophyte"
"Plantae","Marchantiophyta","Jungermanniopsida","Porellales","Lejeuneaceae","Hygrolejeunea","bryophyte"
"Plantae","Marchantiophyta","Jungermanniopsida","Porellales","Lejeuneaceae","Kingiolejeunea","bryophyte"
"Plantae","Marchantiophyta","Jungermanniopsida","Porellales","Lejeuneaceae","Leiolejeunea","bryophyte"
"Plantae","Marchantiophyta","Jungermanniopsida","Porellales","Lejeuneaceae","Lejeunea","bryophyte"
"Plantae","Marchantiophyta","Jungermanniopsida","Porellales","Lejeuneaceae","Lepidolejeunea","bryophyte"
"Plantae","Marchantiophyta","Jungermanniopsida","Porellales","Lejeuneaceae","Leptocolea","bryophyte"
"Plantae","Marchantiophyta","Jungermanniopsida","Porellales","Lejeuneaceae","Leptolejeunea","bryophyte"
"Plantae","Marchantiophyta","Jungermanniopsida","Porellales","Lejeuneaceae","Leucolejeunea","bryophyte"
"Plantae","Marchantiophyta","Jungermanniopsida","Porellales","Lejeuneaceae","Lindigianthus","bryophyte"
"Plantae","Marchantiophyta","Jungermanniopsida","Porellales","Lejeuneaceae","Lopholejeunea","bryophyte"
"Plantae","Marchantiophyta","Jungermanniopsida","Porellales","Lejeuneaceae","Luteolejeunea","bryophyte"
"Plantae","Marchantiophyta","Jungermanniopsida","Porellales","Lejeuneaceae","Macrocolura","bryophyte"
"Plantae","Marchantiophyta","Jungermanniopsida","Porellales","Lejeuneaceae","Marchesinia","bryophyte"
"Plantae","Marchantiophyta","Jungermanniopsida","Porellales","Lejeuneaceae","Mastigolejeunea","bryophyte"
"Plantae","Marchantiophyta","Jungermanniopsida","Porellales","Lejeuneaceae","Metalejeunea","bryophyte"
"Plantae","Marchantiophyta","Jungermanniopsida","Porellales","Lejeuneaceae","Microlejeunea","bryophyte"
"Plantae","Marchantiophyta","Jungermanniopsida","Porellales","Lejeuneaceae","Myriocoleopsis","bryophyte"
"Plantae","Marchantiophyta","Jungermanniopsida","Porellales","Lejeuneaceae","Neurolejeunea","bryophyte"
"Plantae","Marchantiophyta","Jungermanniopsida","Porellales","Lejeuneaceae","Odontolejeunea","bryophyte"
"Plantae","Marchantiophyta","Jungermanniopsida","Porellales","Lejeuneaceae","Otigoniolejeunea","bryophyte"
"Plantae","Marchantiophyta","Jungermanniopsida","Porellales","Lejeuneaceae","Otolejeunea","bryophyte"
"Plantae","Marchantiophyta","Jungermanniopsida","Porellales","Lejeuneaceae","Phaeolejeunea","bryophyte"
"Plantae","Marchantiophyta","Jungermanniopsida","Porellales","Lejeuneaceae","Pictolejeunea","bryophyte"
"Plantae","Marchantiophyta","Jungermanniopsida","Porellales","Lejeuneaceae","Prionolejeunea","bryophyte"
"Plantae","Marchantiophyta","Jungermanniopsida","Porellales","Lejeuneaceae","Ptychanthus","bryophyte"
"Plantae","Marchantiophyta","Jungermanniopsida","Porellales","Lejeuneaceae","Ptychocoleus","bryophyte"
"Plantae","Marchantiophyta","Jungermanniopsida","Porellales","Lejeuneaceae","Pycnolejeunea","bryophyte"
"Plantae","Marchantiophyta","Jungermanniopsida","Porellales","Lejeuneaceae","Rectolejeunea","bryophyte"
"Plantae","Marchantiophyta","Jungermanniopsida","Porellales","Lejeuneaceae","Schiffneriolejeunea","bryophyte"
"Plantae","Marchantiophyta","Jungermanniopsida","Porellales","Lejeuneaceae","Schusterolejeunea","bryophyte"
"Plantae","Marchantiophyta","Jungermanniopsida","Porellales","Lejeuneaceae","Siphonolejeunea","bryophyte"
"Plantae","Marchantiophyta","Jungermanniopsida","Porellales","Lejeuneaceae","Spruceanthus","bryophyte"
"Plantae","Marchantiophyta","Jungermanniopsida","Porellales","Lejeuneaceae","Stictolejeunea","bryophyte"
"Plantae","Marchantiophyta","Jungermanniopsida","Porellales","Lejeuneaceae","Strepsilejeunea","bryophyte"
"Plantae","Marchantiophyta","Jungermanniopsida","Porellales","Lejeuneaceae","Symbiezidium","bryophyte"
"Plantae","Marchantiophyta","Jungermanniopsida","Porellales","Lejeuneaceae","Taxilejeunea","bryophyte"
"Plantae","Marchantiophyta","Jungermanniopsida","Porellales","Lejeuneaceae","Thysananthus","bryophyte"
"Plantae","Marchantiophyta","Jungermanniopsida","Porellales","Lejeuneaceae","Thysanolejeunea","bryophyte"
"Plantae","Marchantiophyta","Jungermanniopsida","Porellales","Lejeuneaceae","Trachylejeunea","bryophyte"
"Plantae","Marchantiophyta","Jungermanniopsida","Porellales","Lejeuneaceae","Tuyamaella","bryophyte"
"Plantae","Marchantiophyta","Jungermanniopsida","Porellales","Lejeuneaceae","Tuzibeanthus","bryophyte"
"Plantae","Marchantiophyta","Jungermanniopsida","Porellales","Lejeuneaceae","Verdoornianthus","bryophyte"
"Plantae","Marchantiophyta","Jungermanniopsida","Porellales","Lejeuneaceae","Vitalianthus","bryophyte"
"Plantae","Marchantiophyta","Jungermanniopsida","Porellales","Lejeuneaceae","Xylolejeunea","bryophyte"
"Plantae","Marchantiophyta","Jungermanniopsida","Porellales","Lepidolaenaceae","Gackstroemia","bryophyte"
"Plantae","Marchantiophyta","Jungermanniopsida","Porellales","Lepidolaenaceae","Lepidogyna","bryophyte"
"Plantae","Marchantiophyta","Jungermanniopsida","Porellales","Lepidolaenaceae","Lepidolaena","bryophyte"
"Plantae","Marchantiophyta","Jungermanniopsida","Porellales","Porellaceae","Porella","bryophyte"
"Plantae","Marchantiophyta","Jungermanniopsida","Porellales","Radulaceae","Hepaticites","bryophyte"
"Plantae","Marchantiophyta","Jungermanniopsida","Porellales","Radulaceae","Martinellia","bryophyte"
"Plantae","Marchantiophyta","Jungermanniopsida","Porellales","Radulaceae","Radula","bryophyte"
"Plantae","Marchantiophyta","Jungermanniopsida","Ptilidiales","Herzogianthaceae","Herzogianthus","bryophyte"
"Plantae","Marchantiophyta","Jungermanniopsida","Ptilidiales","Neotrichocoleaceae","Neotrichocolea","bryophyte"
"Plantae","Marchantiophyta","Jungermanniopsida","Ptilidiales","Neotrichocoleaceae","Trichocoleopsis","bryophyte"
"Plantae","Marchantiophyta","Jungermanniopsida","Ptilidiales","Ptilidiaceae","Ptilidium","bryophyte"
"Plantae","Marchantiophyta","Marchantiopsida","Blasiales","Blasiaceae","Blasia","bryophyte"
"Plantae","Marchantiophyta","Marchantiopsida","Blasiales","Blasiaceae","Cavicularia","bryophyte"
"Plantae","Marchantiophyta","Marchantiopsida","Lunulariales","Lunulariaceae","Lunularia","bryophyte"
"Plantae","Marchantiophyta","Marchantiopsida","Marchantiales","Aytoniaceae","Asterella","bryophyte"
"Plantae","Marchantiophyta","Marchantiopsida","Marchantiales","Aytoniaceae","Asterellopsis","bryophyte"
"Plantae","Marchantiophyta","Marchantiopsida","Marchantiales","Aytoniaceae","Cryptomitrium","bryophyte"
"Plantae","Marchantiophyta","Marchantiopsida","Marchantiales","Aytoniaceae","Fimbraria","bryophyte"
"Plantae","Marchantiophyta","Marchantiopsida","Marchantiales","Aytoniaceae","Mannia","bryophyte"
"Plantae","Marchantiophyta","Marchantiopsida","Marchantiales","Aytoniaceae","Plagiochasma","bryophyte"
"Plantae","Marchantiophyta","Marchantiopsida","Marchantiales","Aytoniaceae","Reboulia","bryophyte"
"Plantae","Marchantiophyta","Marchantiopsida","Marchantiales","Aytoniaceae","Ruppina","bryophyte"
"Plantae","Marchantiophyta","Marchantiopsida","Marchantiales","Cleveaceae","Athalamia","bryophyte"
"Plantae","Marchantiophyta","Marchantiopsida","Marchantiales","Cleveaceae","Clevea","bryophyte"
"Plantae","Marchantiophyta","Marchantiopsida","Marchantiales","Cleveaceae","Peltolepis","bryophyte"
"Plantae","Marchantiophyta","Marchantiopsida","Marchantiales","Cleveaceae","Sauteria","bryophyte"
"Plantae","Marchantiophyta","Marchantiopsida","Marchantiales","Conocephalaceae","Conocephalum","bryophyte"
"Plantae","Marchantiophyta","Marchantiopsida","Marchantiales","Conocephalaceae","Sandea","bryophyte"
"Plantae","Marchantiophyta","Marchantiopsida","Marchantiales","Corsiniaceae","Corsinia","bryophyte"
"Plantae","Marchantiophyta","Marchantiopsida","Marchantiales","Corsiniaceae","Cronisia","bryophyte"
"Plantae","Marchantiophyta","Marchantiopsida","Marchantiales","Corsiniaceae","Exormotheca","bryophyte"
"Plantae","Marchantiophyta","Marchantiopsida","Marchantiales","Cyathodiaceae","Cyathodium","bryophyte"
"Plantae","Marchantiophyta","Marchantiopsida","Marchantiales","Dumortieraceae","Dumortiera","bryophyte"
"Plantae","Marchantiophyta","Marchantiopsida","Marchantiales","Marchantiaceae","Marchantia","bryophyte"
"Plantae","Marchantiophyta","Marchantiopsida","Marchantiales","Marchantiaceae","Marchantiolites","bryophyte"
"Plantae","Marchantiophyta","Marchantiopsida","Marchantiales","Marchantiaceae","Marchantites","bryophyte"
"Plantae","Marchantiophyta","Marchantiopsida","Marchantiales","Monocleaceae","Monoclea","bryophyte"
"Plantae","Marchantiophyta","Marchantiopsida","Marchantiales","Monosoleniaceae","Monosolenium","bryophyte"
"Plantae","Marchantiophyta","Marchantiopsida","Marchantiales","Ricciaceae","Oxymitra","bryophyte"
"Plantae","Marchantiophyta","Marchantiopsida","Marchantiales","Ricciaceae","Riccia","bryophyte"
"Plantae","Marchantiophyta","Marchantiopsida","Marchantiales","Ricciaceae","Ricciaesporites","bryophyte"
"Plantae","Marchantiophyta","Marchantiopsida","Marchantiales","Ricciaceae","Ricciisporites","bryophyte"
"Plantae","Marchantiophyta","Marchantiopsida","Marchantiales","Ricciaceae","Ricciocarpos","bryophyte"
"Plantae","Marchantiophyta","Marchantiopsida","Marchantiales","Ricciaceae","Ricciopsis","bryophyte"
"Plantae","Marchantiophyta","Marchantiopsida","Marchantiales","Ricciaceae","Rouseisporites","bryophyte"
"Plantae","Marchantiophyta","Marchantiopsida","Marchantiales","Ricciaceae","Zlivisporis","bryophyte"
"Plantae","Marchantiophyta","Marchantiopsida","Marchantiales","Targioniaceae","Targionia","bryophyte"
"Plantae","Marchantiophyta","Marchantiopsida","Marchantiales","Wiesnerellaceae","Wiesnerella","bryophyte"
"Plantae","Marchantiophyta","Marchantiopsida","Naiaditales","Naiaditaceae","Naiadita","bryophyte"
"Plantae","Marchantiophyta","Marchantiopsida","Neohodgsoniales","Neohodgsoniaceae","Neohodgsonia","bryophyte"
"Plantae","Marchantiophyta","Marchantiopsida","Sphaerocarpales","","Aequitriradites","bryophyte"
"Plantae","Marchantiophyta","Marchantiopsida","Sphaerocarpales","Monocarpaceae","Monocarpus","bryophyte"
"Plantae","Marchantiophyta","Marchantiopsida","Sphaerocarpales","Riellaceae","Riella","bryophyte"
"Plantae","Marchantiophyta","Marchantiopsida","Sphaerocarpales","Sphaerocarpaceae","Coptospora","bryophyte"
"Plantae","Marchantiophyta","Marchantiopsida","Sphaerocarpales","Sphaerocarpaceae","Geothallus","bryophyte"
"Plantae","Marchantiophyta","Marchantiopsida","Sphaerocarpales","Sphaerocarpaceae","Sphaerocarpos","bryophyte"
"Plantae","Rhodophyta","","","","Callymenia","red algae"
"Plantae","Rhodophyta","","","","Chenilleophycus","red algae"
"Plantae","Rhodophyta","","","","Manitobia","red algae"
"Plantae","Rhodophyta","","","Cambrinaceae","Kordephyton","red algae"
"Plantae","Rhodophyta","","","Chabakoviaceae","Angulocellularia","red algae"
"Plantae","Rhodophyta","","Archaeolithophyllales","Palaoaplysinaceae","Palaeoaplysina","red algae"
"Plantae","Rhodophyta","Bangiophyceae","Bangiales","Bangiaceae","Bangia","red algae"
"Plantae","Rhodophyta","Bangiophyceae","Bangiales","Bangiaceae","Boreophyllum","red algae"
"Plantae","Rhodophyta","Bangiophyceae","Bangiales","Bangiaceae","Clymene","red algae"
"Plantae","Rhodophyta","Bangiophyceae","Bangiales","Bangiaceae","Fuscifolium","red algae"
"Plantae","Rhodophyta","Bangiophyceae","Bangiales","Bangiaceae","Neoporphyra","red algae"
"Plantae","Rhodophyta","Bangiophyceae","Bangiales","Bangiaceae","Neopyropia","red algae"
"Plantae","Rhodophyta","Bangiophyceae","Bangiales","Bangiaceae","Phycocalidia","red algae"
"Plantae","Rhodophyta","Bangiophyceae","Bangiales","Bangiaceae","Porphyra","red algae"
"Plantae","Rhodophyta","Bangiophyceae","Bangiales","Bangiaceae","Porphyrella","red algae"
"Plantae","Rhodophyta","Bangiophyceae","Bangiales","Bangiaceae","Pseudobangia","red algae"
"Plantae","Rhodophyta","Bangiophyceae","Bangiales","Bangiaceae","Pyropia","red algae"
"Plantae","Rhodophyta","Bangiophyceae","Bangiales","Bangiaceae","Wildemania","red algae"
"Plantae","Rhodophyta","Compsopogonophyceae","Compsopogonales","Boldiaceae","Boldia","red algae"
"Plantae","Rhodophyta","Compsopogonophyceae","Compsopogonales","Compsopogonaceae","Compsopogon","red algae"
"Plantae","Rhodophyta","Compsopogonophyceae","Erythropeltidales","","Madagascaria","red algae"
"Plantae","Rhodophyta","Compsopogonophyceae","Erythropeltidales","Erythrotrichiaceae","Erythrocladia","red algae"
"Plantae","Rhodophyta","Compsopogonophyceae","Erythropeltidales","Erythrotrichiaceae","Erythropeltis","red algae"
"Plantae","Rhodophyta","Compsopogonophyceae","Erythropeltidales","Erythrotrichiaceae","Erythrotrichia","red algae"
"Plantae","Rhodophyta","Compsopogonophyceae","Erythropeltidales","Erythrotrichiaceae","Porphyropsis","red algae"
"Plantae","Rhodophyta","Compsopogonophyceae","Erythropeltidales","Erythrotrichiaceae","Porphyrostromium","red algae"
"Plantae","Rhodophyta","Compsopogonophyceae","Erythropeltidales","Erythrotrichiaceae","Smithora","red algae"
"Plantae","Rhodophyta","Compsopogonophyceae","Rhodochaetales","Rhodochaetaceae","Rhodochaete","red algae"
"Plantae","Rhodophyta","Cyanidiophyceae","Cyanidiales","Cyanidiaceae","Cyanidioschyzon","red algae"
"Plantae","Rhodophyta","Cyanidiophyceae","Cyanidiales","Galdieriaceae","Galdieria","red algae"
"Plantae","Rhodophyta","Florideophyceae","","","Donezella","red algae"
"Plantae","Rhodophyta","Florideophyceae","","","Enigma","red algae"
"Plantae","Rhodophyta","Florideophyceae","","","Lobocolax","red algae"
"Plantae","Rhodophyta","Florideophyceae","","","Masloviporidium","red algae"
"Plantae","Rhodophyta","Florideophyceae","","","Roseolithon","red algae"
"Plantae","Rhodophyta","Florideophyceae","Acrochaetiales","Acrochaetiaceae","Acrochaetiac","red algae"
"Plantae","Rhodophyta","Florideophyceae","Acrochaetiales","Acrochaetiaceae","Acrochaetium","red algae"
"Plantae","Rhodophyta","Florideophyceae","Acrochaetiales","Acrochaetiaceae","Audouinella","red algae"
"Plantae","Rhodophyta","Florideophyceae","Acrochaetiales","Rhodochortonaceae","Rhodochorton","red algae"
"Plantae","Rhodophyta","Florideophyceae","Acrosymphytales","Acrosymphytaceae","Acrosymphyton","red algae"
"Plantae","Rhodophyta","Florideophyceae","Acrosymphytales","Schimmelmanniaceae","Schimmelmannia","red algae"
"Plantae","Rhodophyta","Florideophyceae","Ahnfeltiales","Ahnfeltiaceae","Ahnfeltia","red algae"
"Plantae","Rhodophyta","Florideophyceae","Balbianiales","Balbianiaceae","Balbiania","red algae"
"Plantae","Rhodophyta","Florideophyceae","Balbianiales","Balbianiaceae","Rhododraparnaldia","red algae"
"Plantae","Rhodophyta","Florideophyceae","Balliales","Balliaceae","Ballia","red algae"
"Plantae","Rhodophyta","Florideophyceae","Batrachospermales","Batrachospermaceae","Batrachospermum","red algae"
"Plantae","Rhodophyta","Florideophyceae","Batrachospermales","Batrachospermaceae","Kumanoa","red algae"
"Plantae","Rhodophyta","Florideophyceae","Batrachospermales","Batrachospermaceae","Lympha","red algae"
"Plantae","Rhodophyta","Florideophyceae","Batrachospermales","Batrachospermaceae","Montagnia","red algae"
"Plantae","Rhodophyta","Florideophyceae","Batrachospermales","Batrachospermaceae","Nothocladus","red algae"
"Plantae","Rhodophyta","Florideophyceae","Batrachospermales","Batrachospermaceae","Paludicola","red algae"
"Plantae","Rhodophyta","Florideophyceae","Batrachospermales","Batrachospermaceae","Pseudochantransia","red algae"
"Plantae","Rhodophyta","Florideophyceae","Batrachospermales","Batrachospermaceae","Sheathia","red algae"
"Plantae","Rhodophyta","Florideophyceae","Batrachospermales","Batrachospermaceae","Sirodotia","red algae"
"Plantae","Rhodophyta","Florideophyceae","Batrachospermales","Batrachospermaceae","Tuomeya","red algae"
"Plantae","Rhodophyta","Florideophyceae","Batrachospermales","Batrachospermaceae","Virescentia","red algae"
"Plantae","Rhodophyta","Florideophyceae","Batrachospermales","Batrachospermaceae","Volatus","red algae"
"Plantae","Rhodophyta","Florideophyceae","Batrachospermales","Lemaneaceae","Lemanea","red algae"
"Plantae","Rhodophyta","Florideophyceae","Batrachospermales","Lemaneaceae","Paralemanea","red algae"
"Plantae","Rhodophyta","Florideophyceae","Batrachospermales","Lemaneaceae","Sacheria","red algae"
"Plantae","Rhodophyta","Florideophyceae","Bonnemaisoniales","Bonnemaisoniaceae","Asparagopsis","red algae"
"Plantae","Rhodophyta","Florideophyceae","Bonnemaisoniales","Bonnemaisoniaceae","Bonnemaisonia","red algae"
"Plantae","Rhodophyta","Florideophyceae","Bonnemaisoniales","Bonnemaisoniaceae","Leptophyllis","red algae"
"Plantae","Rhodophyta","Florideophyceae","Bonnemaisoniales","Bonnemaisoniaceae","Pleuroblepharidella","red algae"
"Plantae","Rhodophyta","Florideophyceae","Bonnemaisoniales","Bonnemaisoniaceae","Ptilonia","red algae"
"Plantae","Rhodophyta","Florideophyceae","Bonnemaisoniales","Naccariaceae","Liagorothamnion","red algae"
"Plantae","Rhodophyta","Florideophyceae","Bonnemaisoniales","Naccariaceae","Naccaria","red algae"
"Plantae","Rhodophyta","Florideophyceae","Bonnemaisoniales","Naccariaceae","Reticulocaulis","red algae"
"Plantae","Rhodophyta","Florideophyceae","Ceramiales","Callithamniaceae","Aglaothamnion","red algae"
"Plantae","Rhodophyta","Florideophyceae","Ceramiales","Callithamniaceae","Callithamnion","red algae"
"Plantae","Rhodophyta","Florideophyceae","Ceramiales","Callithamniaceae","Crouania","red algae"
"Plantae","Rhodophyta","Florideophyceae","Ceramiales","Callithamniaceae","Crouanophycus","red algae"
"Plantae","Rhodophyta","Florideophyceae","Ceramiales","Callithamniaceae","Diapse","red algae"
"Plantae","Rhodophyta","Florideophyceae","Ceramiales","Callithamniaceae","Euptilocladia","red algae"
"Plantae","Rhodophyta","Florideophyceae","Ceramiales","Callithamniaceae","Gaillona","red algae"
"Plantae","Rhodophyta","Florideophyceae","Ceramiales","Callithamniaceae","Gulsonia","red algae"
"Plantae","Rhodophyta","Florideophyceae","Ceramiales","Callithamniaceae","Heteroptilon","red algae"
"Plantae","Rhodophyta","Florideophyceae","Ceramiales","Callithamniaceae","Nwynea","red algae"
"Plantae","Rhodophyta","Florideophyceae","Ceramiales","Callithamniaceae","Psilothallia","red algae"
"Plantae","Rhodophyta","Florideophyceae","Ceramiales","Callithamniaceae","Ptilocladia","red algae"
"Plantae","Rhodophyta","Florideophyceae","Ceramiales","Callithamniaceae","Seirospora","red algae"
"Plantae","Rhodophyta","Florideophyceae","Ceramiales","Ceramiaceae","Acrothamnion","red algae"
"Plantae","Rhodophyta","Florideophyceae","Ceramiales","Ceramiaceae","Antithamnion","red algae"
"Plantae","Rhodophyta","Florideophyceae","Ceramiales","Ceramiaceae","Antithamnionella","red algae"
"Plantae","Rhodophyta","Florideophyceae","Ceramiales","Ceramiaceae","Ardreanema","red algae"
"Plantae","Rhodophyta","Florideophyceae","Ceramiales","Ceramiaceae","Balliella","red algae"
"Plantae","Rhodophyta","Florideophyceae","Ceramiales","Ceramiaceae","Boreothamnion","red algae"
"Plantae","Rhodophyta","Florideophyceae","Ceramiales","Ceramiaceae","Bornetia","red algae"
"Plantae","Rhodophyta","Florideophyceae","Ceramiales","Ceramiaceae","Calliclavula","red algae"
"Plantae","Rhodophyta","Florideophyceae","Ceramiales","Ceramiaceae","Callidictyon","red algae"
"Plantae","Rhodophyta","Florideophyceae","Ceramiales","Ceramiaceae","Callithamniella","red algae"
"Plantae","Rhodophyta","Florideophyceae","Ceramiales","Ceramiaceae","Campylaephora","red algae"
"Plantae","Rhodophyta","Florideophyceae","Ceramiales","Ceramiaceae","Centroceras","red algae"
"Plantae","Rhodophyta","Florideophyceae","Ceramiales","Ceramiaceae","Ceramium","red algae"
"Plantae","Rhodophyta","Florideophyceae","Ceramiales","Ceramiaceae","Chaetoceras","red algae"
"Plantae","Rhodophyta","Florideophyceae","Ceramiales","Ceramiaceae","Corallophila","red algae"
"Plantae","Rhodophyta","Florideophyceae","Ceramiales","Ceramiaceae","Delesseriopsis","red algae"
"Plantae","Rhodophyta","Florideophyceae","Ceramiales","Ceramiaceae","Gayliella","red algae"
"Plantae","Rhodophyta","Florideophyceae","Ceramiales","Ceramiaceae","Gymnothamnion","red algae"
"Plantae","Rhodophyta","Florideophyceae","Ceramiales","Ceramiaceae","Herpochondria","red algae"
"Plantae","Rhodophyta","Florideophyceae","Ceramiales","Ceramiaceae","Hollenbergia","red algae"
"Plantae","Rhodophyta","Florideophyceae","Ceramiales","Ceramiaceae","Irtugovia","red algae"
"Plantae","Rhodophyta","Florideophyceae","Ceramiales","Ceramiaceae","Macrothamnion","red algae"
"Plantae","Rhodophyta","Florideophyceae","Ceramiales","Ceramiaceae","Microcladia","red algae"
"Plantae","Rhodophyta","Florideophyceae","Ceramiales","Ceramiaceae","Muellerena","red algae"
"Plantae","Rhodophyta","Florideophyceae","Ceramiales","Ceramiaceae","Ossiella","red algae"
"Plantae","Rhodophyta","Florideophyceae","Ceramiales","Ceramiaceae","Perikladosporon","red algae"
"Plantae","Rhodophyta","Florideophyceae","Ceramiales","Ceramiaceae","Platythamnion","red algae"
"Plantae","Rhodophyta","Florideophyceae","Ceramiales","Ceramiaceae","Pterothamnion","red algae"
"Plantae","Rhodophyta","Florideophyceae","Ceramiales","Ceramiaceae","Scagelia","red algae"
"Plantae","Rhodophyta","Florideophyceae","Ceramiales","Dasyaceae","Colacodasya","red algae"
"Plantae","Rhodophyta","Florideophyceae","Ceramiales","Dasyaceae","Dasya","red algae"
"Plantae","Rhodophyta","Florideophyceae","Ceramiales","Dasyaceae","Dasysiphonia","red algae"
"Plantae","Rhodophyta","Florideophyceae","Ceramiales","Dasyaceae","Dictyurus","red algae"
"Plantae","Rhodophyta","Florideophyceae","Ceramiales","Dasyaceae","Eupogodon","red algae"
"Plantae","Rhodophyta","Florideophyceae","Ceramiales","Dasyaceae","Halydictyon","red algae"
"Plantae","Rhodophyta","Florideophyceae","Ceramiales","Dasyaceae","Heterosiphonia","red algae"
"Plantae","Rhodophyta","Florideophyceae","Ceramiales","Dasyaceae","Rhodoptilum","red algae"
"Plantae","Rhodophyta","Florideophyceae","Ceramiales","Dasyaceae","Thuretia","red algae"
"Plantae","Rhodophyta","Florideophyceae","Ceramiales","Delesseriaceae","Acrosorium","red algae"
"Plantae","Rhodophyta","Florideophyceae","Ceramiales","Delesseriaceae","Anisocladella","red algae"
"Plantae","Rhodophyta","Florideophyceae","Ceramiales","Delesseriaceae","Apoglossum","red algae"
"Plantae","Rhodophyta","Florideophyceae","Ceramiales","Delesseriaceae","Arachnophyllum","red algae"
"Plantae","Rhodophyta","Florideophyceae","Ceramiales","Delesseriaceae","Augophyllum","red algae"
"Plantae","Rhodophyta","Florideophyceae","Ceramiales","Delesseriaceae","Botryoglossum","red algae"
"Plantae","Rhodophyta","Florideophyceae","Ceramiales","Delesseriaceae","Branchioglossum","red algae"
"Plantae","Rhodophyta","Florideophyceae","Ceramiales","Delesseriaceae","Caloglossa","red algae"
"Plantae","Rhodophyta","Florideophyceae","Ceramiales","Delesseriaceae","Calonitophyllum","red algae"
"Plantae","Rhodophyta","Florideophyceae","Ceramiales","Delesseriaceae","Congregatocarpus","red algae"
"Plantae","Rhodophyta","Florideophyceae","Ceramiales","Delesseriaceae","Cryptopleura","red algae"
"Plantae","Rhodophyta","Florideophyceae","Ceramiales","Delesseriaceae","Cumathamnion","red algae"
"Plantae","Rhodophyta","Florideophyceae","Ceramiales","Delesseriaceae","Delesseria","red algae"
"Plantae","Rhodophyta","Florideophyceae","Ceramiales","Delesseriaceae","Erythroglossum","red algae"
"Plantae","Rhodophyta","Florideophyceae","Ceramiales","Delesseriaceae","Gonimophyllum","red algae"
"Plantae","Rhodophyta","Florideophyceae","Ceramiales","Delesseriaceae","Grinnellia","red algae"
"Plantae","Rhodophyta","Florideophyceae","Ceramiales","Delesseriaceae","Haraldiophyllum","red algae"
"Plantae","Rhodophyta","Florideophyceae","Ceramiales","Delesseriaceae","Heterodoxia","red algae"
"Plantae","Rhodophyta","Florideophyceae","Ceramiales","Delesseriaceae","Hideophyllum","red algae"
"Plantae","Rhodophyta","Florideophyceae","Ceramiales","Delesseriaceae","Holmesia","red algae"
"Plantae","Rhodophyta","Florideophyceae","Ceramiales","Delesseriaceae","Hydrolapatha","red algae"
"Plantae","Rhodophyta","Florideophyceae","Ceramiales","Delesseriaceae","Hymenena","red algae"
"Plantae","Rhodophyta","Florideophyceae","Ceramiales","Delesseriaceae","Hypoglossum","red algae"
"Plantae","Rhodophyta","Florideophyceae","Ceramiales","Delesseriaceae","Laingia","red algae"
"Plantae","Rhodophyta","Florideophyceae","Ceramiales","Delesseriaceae","Loranthophycus","red algae"
"Plantae","Rhodophyta","Florideophyceae","Ceramiales","Delesseriaceae","Marionella","red algae"
"Plantae","Rhodophyta","Florideophyceae","Ceramiales","Delesseriaceae","Martensia","red algae"
"Plantae","Rhodophyta","Florideophyceae","Ceramiales","Delesseriaceae","Membranoptera","red algae"
"Plantae","Rhodophyta","Florideophyceae","Ceramiales","Delesseriaceae","Mikamiella","red algae"
"Plantae","Rhodophyta","Florideophyceae","Ceramiales","Delesseriaceae","Myriogramme","red algae"
"Plantae","Rhodophyta","Florideophyceae","Ceramiales","Delesseriaceae","Neoharaldiophyllum","red algae"
"Plantae","Rhodophyta","Florideophyceae","Ceramiales","Delesseriaceae","Neohypophyllum","red algae"
"Plantae","Rhodophyta","Florideophyceae","Ceramiales","Delesseriaceae","Neuroglossum","red algae"
"Plantae","Rhodophyta","Florideophyceae","Ceramiales","Delesseriaceae","Nienburgia","red algae"
"Plantae","Rhodophyta","Florideophyceae","Ceramiales","Delesseriaceae","Nitophyllum","red algae"
"Plantae","Rhodophyta","Florideophyceae","Ceramiales","Delesseriaceae","Pantoneura","red algae"
"Plantae","Rhodophyta","Florideophyceae","Ceramiales","Delesseriaceae","Papenfussia","red algae"
"Plantae","Rhodophyta","Florideophyceae","Ceramiales","Delesseriaceae","Phrix","red algae"
"Plantae","Rhodophyta","Florideophyceae","Ceramiales","Delesseriaceae","Phycodrina","red algae"
"Plantae","Rhodophyta","Florideophyceae","Ceramiales","Delesseriaceae","Phycodrys","red algae"
"Plantae","Rhodophyta","Florideophyceae","Ceramiales","Delesseriaceae","Polycoryne","red algae"
"Plantae","Rhodophyta","Florideophyceae","Ceramiales","Delesseriaceae","Polyneura","red algae"
"Plantae","Rhodophyta","Florideophyceae","Ceramiales","Delesseriaceae","Polyneurella","red algae"
"Plantae","Rhodophyta","Florideophyceae","Ceramiales","Delesseriaceae","Polyneuropsis","red algae"
"Plantae","Rhodophyta","Florideophyceae","Ceramiales","Delesseriaceae","Radicilingua","red algae"
"Plantae","Rhodophyta","Florideophyceae","Ceramiales","Delesseriaceae","Sorella","red algae"
"Plantae","Rhodophyta","Florideophyceae","Ceramiales","Delesseriaceae","Taenioma","red algae"
"Plantae","Rhodophyta","Florideophyceae","Ceramiales","Delesseriaceae","Tokidadendron","red algae"
"Plantae","Rhodophyta","Florideophyceae","Ceramiales","Delesseriaceae","Valeriemaya","red algae"
"Plantae","Rhodophyta","Florideophyceae","Ceramiales","Delesseriaceae","Yendonia","red algae"
"Plantae","Rhodophyta","Florideophyceae","Ceramiales","Delesseriaceae","Zinovaea","red algae"
"Plantae","Rhodophyta","Florideophyceae","Ceramiales","Rhodomelaceae","Acanthophora","red algae"
"Plantae","Rhodophyta","Florideophyceae","Ceramiales","Rhodomelaceae","Alsidium","red algae"
"Plantae","Rhodophyta","Florideophyceae","Ceramiales","Rhodomelaceae","Amansia","red algae"
"Plantae","Rhodophyta","Florideophyceae","Ceramiales","Rhodomelaceae","Amplisiphonia","red algae"
"Plantae","Rhodophyta","Florideophyceae","Ceramiales","Rhodomelaceae","Benzaitenia","red algae"
"Plantae","Rhodophyta","Florideophyceae","Ceramiales","Rhodomelaceae","Beringiella","red algae"
"Plantae","Rhodophyta","Florideophyceae","Ceramiales","Rhodomelaceae","Bostrychia","red algae"
"Plantae","Rhodophyta","Florideophyceae","Ceramiales","Rhodomelaceae","Bosworthia","red algae"
"Plantae","Rhodophyta","Florideophyceae","Ceramiales","Rhodomelaceae","Brongniartella","red algae"
"Plantae","Rhodophyta","Florideophyceae","Ceramiales","Rhodomelaceae","Bryocladia","red algae"
"Plantae","Rhodophyta","Florideophyceae","Ceramiales","Rhodomelaceae","Chondria","red algae"
"Plantae","Rhodophyta","Florideophyceae","Ceramiales","Rhodomelaceae","Chondrophycus","red algae"
"Plantae","Rhodophyta","Florideophyceae","Ceramiales","Rhodomelaceae","Cladhymenia","red algae"
"Plantae","Rhodophyta","Florideophyceae","Ceramiales","Rhodomelaceae","Dalyia","red algae"
"Plantae","Rhodophyta","Florideophyceae","Ceramiales","Rhodomelaceae","Dictyomenia","red algae"
"Plantae","Rhodophyta","Florideophyceae","Ceramiales","Rhodomelaceae","Digenea","red algae"
"Plantae","Rhodophyta","Florideophyceae","Ceramiales","Rhodomelaceae","Enantiocladia","red algae"
"Plantae","Rhodophyta","Florideophyceae","Ceramiales","Rhodomelaceae","Endosiphonia","red algae"
"Plantae","Rhodophyta","Florideophyceae","Ceramiales","Rhodomelaceae","Erythrocystis","red algae"
"Plantae","Rhodophyta","Florideophyceae","Ceramiales","Rhodomelaceae","Eutrichosiphonia","red algae"
"Plantae","Rhodophyta","Florideophyceae","Ceramiales","Rhodomelaceae","Exophyllum","red algae"
"Plantae","Rhodophyta","Florideophyceae","Ceramiales","Rhodomelaceae","Fernandosiphonia","red algae"
"Plantae","Rhodophyta","Florideophyceae","Ceramiales","Rhodomelaceae","Fimbriaria","red algae"
"Plantae","Rhodophyta","Florideophyceae","Ceramiales","Rhodomelaceae","Fucoides","red algae"
"Plantae","Rhodophyta","Florideophyceae","Ceramiales","Rhodomelaceae","Halopithys","red algae"
"Plantae","Rhodophyta","Florideophyceae","Ceramiales","Rhodomelaceae","Harveyella","red algae"
"Plantae","Rhodophyta","Florideophyceae","Ceramiales","Rhodomelaceae","Hawaiia","red algae"
"Plantae","Rhodophyta","Florideophyceae","Ceramiales","Rhodomelaceae","Herposiphonia","red algae"
"Plantae","Rhodophyta","Florideophyceae","Ceramiales","Rhodomelaceae","Janczewskia","red algae"
"Plantae","Rhodophyta","Florideophyceae","Ceramiales","Rhodomelaceae","Jantinella","red algae"
"Plantae","Rhodophyta","Florideophyceae","Ceramiales","Rhodomelaceae","Kapraunia","red algae"
"Plantae","Rhodophyta","Florideophyceae","Ceramiales","Rhodomelaceae","Laurencia","red algae"
"Plantae","Rhodophyta","Florideophyceae","Ceramiales","Rhodomelaceae","Laurenciella","red algae"
"Plantae","Rhodophyta","Florideophyceae","Ceramiales","Rhodomelaceae","Leachiella","red algae"
"Plantae","Rhodophyta","Florideophyceae","Ceramiales","Rhodomelaceae","Lenormandia","red algae"
"Plantae","Rhodophyta","Florideophyceae","Ceramiales","Rhodomelaceae","Leptosiphonia","red algae"
"Plantae","Rhodophyta","Florideophyceae","Ceramiales","Rhodomelaceae","Lophocladia","red algae"
"Plantae","Rhodophyta","Florideophyceae","Ceramiales","Rhodomelaceae","Lophosiphonia","red algae"
"Plantae","Rhodophyta","Florideophyceae","Ceramiales","Rhodomelaceae","Lophothalia","red algae"
"Plantae","Rhodophyta","Florideophyceae","Ceramiales","Rhodomelaceae","Melanamansia","red algae"
"Plantae","Rhodophyta","Florideophyceae","Ceramiales","Rhodomelaceae","Melanothamnus","red algae"
"Plantae","Rhodophyta","Florideophyceae","Ceramiales","Rhodomelaceae","Meridiocolax","red algae"
"Plantae","Rhodophyta","Florideophyceae","Ceramiales","Rhodomelaceae","Micropeuce","red algae"
"Plantae","Rhodophyta","Florideophyceae","Ceramiales","Rhodomelaceae","Murrayella","red algae"
"Plantae","Rhodophyta","Florideophyceae","Ceramiales","Rhodomelaceae","Neochondria","red algae"
"Plantae","Rhodophyta","Florideophyceae","Ceramiales","Rhodomelaceae","Neorhodomela","red algae"
"Plantae","Rhodophyta","Florideophyceae","Ceramiales","Rhodomelaceae","Neosiphonia","red algae"
"Plantae","Rhodophyta","Florideophyceae","Ceramiales","Rhodomelaceae","Odonthalia","red algae"
"Plantae","Rhodophyta","Florideophyceae","Ceramiales","Rhodomelaceae","Osmundaria","red algae"
"Plantae","Rhodophyta","Florideophyceae","Ceramiales","Rhodomelaceae","Osmundea","red algae"
"Plantae","Rhodophyta","Florideophyceae","Ceramiales","Rhodomelaceae","Palisada","red algae"
"Plantae","Rhodophyta","Florideophyceae","Ceramiales","Rhodomelaceae","Picconiella","red algae"
"Plantae","Rhodophyta","Florideophyceae","Ceramiales","Rhodomelaceae","Pollexfenia","red algae"
"Plantae","Rhodophyta","Florideophyceae","Ceramiales","Rhodomelaceae","Polyostea","red algae"
"Plantae","Rhodophyta","Florideophyceae","Ceramiales","Rhodomelaceae","Polysiphonia","red algae"
"Plantae","Rhodophyta","Florideophyceae","Ceramiales","Rhodomelaceae","Polyzonia","red algae"
"Plantae","Rhodophyta","Florideophyceae","Ceramiales","Rhodomelaceae","Pterochondria","red algae"
"Plantae","Rhodophyta","Florideophyceae","Ceramiales","Rhodomelaceae","Pterosiphonia","red algae"
"Plantae","Rhodophyta","Florideophyceae","Ceramiales","Rhodomelaceae","Pterosiphoniella","red algae"
"Plantae","Rhodophyta","Florideophyceae","Ceramiales","Rhodomelaceae","Rhodolachne","red algae"
"Plantae","Rhodophyta","Florideophyceae","Ceramiales","Rhodomelaceae","Rhodomela","red algae"
"Plantae","Rhodophyta","Florideophyceae","Ceramiales","Rhodomelaceae","Rytiphlaea","red algae"
"Plantae","Rhodophyta","Florideophyceae","Ceramiales","Rhodomelaceae","Savoiea","red algae"
"Plantae","Rhodophyta","Florideophyceae","Ceramiales","Rhodomelaceae","Schizochlaenion","red algae"
"Plantae","Rhodophyta","Florideophyceae","Ceramiales","Rhodomelaceae","Spirocladia","red algae"
"Plantae","Rhodophyta","Florideophyceae","Ceramiales","Rhodomelaceae","Streblocladia","red algae"
"Plantae","Rhodophyta","Florideophyceae","Ceramiales","Rhodomelaceae","Stromatocarpus","red algae"
"Plantae","Rhodophyta","Florideophyceae","Ceramiales","Rhodomelaceae","Symphyocladia","red algae"
"Plantae","Rhodophyta","Florideophyceae","Ceramiales","Rhodomelaceae","Symphyocladiella","red algae"
"Plantae","Rhodophyta","Florideophyceae","Ceramiales","Rhodomelaceae","Tayloriella","red algae"
"Plantae","Rhodophyta","Florideophyceae","Ceramiales","Rhodomelaceae","Tolypiocladia","red algae"
"Plantae","Rhodophyta","Florideophyceae","Ceramiales","Rhodomelaceae","Ululania","red algae"
"Plantae","Rhodophyta","Florideophyceae","Ceramiales","Rhodomelaceae","Veleroa","red algae"
"Plantae","Rhodophyta","Florideophyceae","Ceramiales","Rhodomelaceae","Vertebrata","red algae"
"Plantae","Rhodophyta","Florideophyceae","Ceramiales","Rhodomelaceae","Vidalia","red algae"
"Plantae","Rhodophyta","Florideophyceae","Ceramiales","Rhodomelaceae","Wahpia","red algae"
"Plantae","Rhodophyta","Florideophyceae","Ceramiales","Rhodomelaceae","Waldoia","red algae"
"Plantae","Rhodophyta","Florideophyceae","Ceramiales","Rhodomelaceae","Wilsonosiphonia","red algae"
"Plantae","Rhodophyta","Florideophyceae","Ceramiales","Rhodomelaceae","Womersleyella","red algae"
"Plantae","Rhodophyta","Florideophyceae","Ceramiales","Rhodomelaceae","Wrightiella","red algae"
"Plantae","Rhodophyta","Florideophyceae","Ceramiales","Rhodomelaceae","Yuzurua","red algae"
"Plantae","Rhodophyta","Florideophyceae","Ceramiales","Sarcomeniaceae","Cottoniella","red algae"
"Plantae","Rhodophyta","Florideophyceae","Ceramiales","Sarcomeniaceae","Dotyella","red algae"
"Plantae","Rhodophyta","Florideophyceae","Ceramiales","Sarcomeniaceae","Malaconema","red algae"
"Plantae","Rhodophyta","Florideophyceae","Ceramiales","Sarcomeniaceae","Platysiphonia","red algae"
"Plantae","Rhodophyta","Florideophyceae","Ceramiales","Spyridiaceae","Spyridia","red algae"
"Plantae","Rhodophyta","Florideophyceae","Ceramiales","Wrangeliaceae","Anisoschizus","red algae"
"Plantae","Rhodophyta","Florideophyceae","Ceramiales","Wrangeliaceae","Anotrichium","red algae"
"Plantae","Rhodophyta","Florideophyceae","Ceramiales","Wrangeliaceae","Compsothamnion","red algae"
"Plantae","Rhodophyta","Florideophyceae","Ceramiales","Wrangeliaceae","Dasyptilon","red algae"
"Plantae","Rhodophyta","Florideophyceae","Ceramiales","Wrangeliaceae","Grallatoria","red algae"
"Plantae","Rhodophyta","Florideophyceae","Ceramiales","Wrangeliaceae","Griffithsia","red algae"
"Plantae","Rhodophyta","Florideophyceae","Ceramiales","Wrangeliaceae","Haloplegma","red algae"
"Plantae","Rhodophyta","Florideophyceae","Ceramiales","Wrangeliaceae","Involucrana","red algae"
"Plantae","Rhodophyta","Florideophyceae","Ceramiales","Wrangeliaceae","Lejolisia","red algae"
"Plantae","Rhodophyta","Florideophyceae","Ceramiales","Wrangeliaceae","Medeiothamnion","red algae"
"Plantae","Rhodophyta","Florideophyceae","Ceramiales","Wrangeliaceae","Monosporus","red algae"
"Plantae","Rhodophyta","Florideophyceae","Ceramiales","Wrangeliaceae","Neomonospora","red algae"
"Plantae","Rhodophyta","Florideophyceae","Ceramiales","Wrangeliaceae","Neoptilota","red algae"
"Plantae","Rhodophyta","Florideophyceae","Ceramiales","Wrangeliaceae","Pleonosporium","red algae"
"Plantae","Rhodophyta","Florideophyceae","Ceramiales","Wrangeliaceae","Plumaria","red algae"
"Plantae","Rhodophyta","Florideophyceae","Ceramiales","Wrangeliaceae","Ptilota","red algae"
"Plantae","Rhodophyta","Florideophyceae","Ceramiales","Wrangeliaceae","Ptilothamnion","red algae"
"Plantae","Rhodophyta","Florideophyceae","Ceramiales","Wrangeliaceae","Ptilothamnionopsis","red algae"
"Plantae","Rhodophyta","Florideophyceae","Ceramiales","Wrangeliaceae","Spermothamnion","red algae"
"Plantae","Rhodophyta","Florideophyceae","Ceramiales","Wrangeliaceae","Spongoclonium","red algae"
"Plantae","Rhodophyta","Florideophyceae","Ceramiales","Wrangeliaceae","Tiffaniella","red algae"
"Plantae","Rhodophyta","Florideophyceae","Ceramiales","Wrangeliaceae","Tokidaea","red algae"
"Plantae","Rhodophyta","Florideophyceae","Ceramiales","Wrangeliaceae","Wrangelia","red algae"
"Plantae","Rhodophyta","Florideophyceae","Colaconematales","Colaconemataceae","Colaconema","red algae"
"Plantae","Rhodophyta","Florideophyceae","Corallinales","","Halysis","red algae"
"Plantae","Rhodophyta","Florideophyceae","Corallinales","Archaeolithophyllaceae","Archaeolithophyllum","red algae"
"Plantae","Rhodophyta","Florideophyceae","Corallinales","Archaeolithophyllaceae","Principia","red algae"
"Plantae","Rhodophyta","Florideophyceae","Corallinales","Corallinaceae","Arthrocardia","red algae"
"Plantae","Rhodophyta","Florideophyceae","Corallinales","Corallinaceae","Bossiella","red algae"
"Plantae","Rhodophyta","Florideophyceae","Corallinales","Corallinaceae","Calliarthron","red algae"
"Plantae","Rhodophyta","Florideophyceae","Corallinales","Corallinaceae","Chamberlainium","red algae"
"Plantae","Rhodophyta","Florideophyceae","Corallinales","Corallinaceae","Chiharaea","red algae"
"Plantae","Rhodophyta","Florideophyceae","Corallinales","Corallinaceae","Corallina","red algae"
"Plantae","Rhodophyta","Florideophyceae","Corallinales","Corallinaceae","Corallinac","red algae"
"Plantae","Rhodophyta","Florideophyceae","Corallinales","Corallinaceae","Crusticorallina","red algae"
"Plantae","Rhodophyta","Florideophyceae","Corallinales","Corallinaceae","Heteroderma","red algae"
"Plantae","Rhodophyta","Florideophyceae","Corallinales","Corallinaceae","Jania","red algae"
"Plantae","Rhodophyta","Florideophyceae","Corallinales","Corallinaceae","Johansenia","red algae"
"Plantae","Rhodophyta","Florideophyceae","Corallinales","Corallinaceae","Pachyarthron","red algae"
"Plantae","Rhodophyta","Florideophyceae","Corallinales","Corallinaceae","Paleohyperamum","red algae"
"Plantae","Rhodophyta","Florideophyceae","Corallinales","Corallinaceae","Pneophyllum","red algae"
"Plantae","Rhodophyta","Florideophyceae","Corallinales","Corallinaceae","Pseudolithophyllum","red algae"
"Plantae","Rhodophyta","Florideophyceae","Corallinales","Corallinaceae","Serraticardia","red algae"
"Plantae","Rhodophyta","Florideophyceae","Corallinales","Corallinaceae","Yamadaia","red algae"
"Plantae","Rhodophyta","Florideophyceae","Corallinales","Craticulaceae","Craticula","red algae"
"Plantae","Rhodophyta","Florideophyceae","Corallinales","Hapalidiaceae","Choreonema","red algae"
"Plantae","Rhodophyta","Florideophyceae","Corallinales","Hapalidiaceae","Lithothamnion","red algae"
"Plantae","Rhodophyta","Florideophyceae","Corallinales","Hapalidiaceae","Melobesia","red algae"
"Plantae","Rhodophyta","Florideophyceae","Corallinales","Hapalidiaceae","Phymatolithon","red algae"
"Plantae","Rhodophyta","Florideophyceae","Corallinales","Hydrolithaceae","Fosliella","red algae"
"Plantae","Rhodophyta","Florideophyceae","Corallinales","Hydrolithaceae","Hydrolithon","red algae"
"Plantae","Rhodophyta","Florideophyceae","Corallinales","Lithophyllaceae","Amphiroa","red algae"
"Plantae","Rhodophyta","Florideophyceae","Corallinales","Lithophyllaceae","Goniolithon","red algae"
"Plantae","Rhodophyta","Florideophyceae","Corallinales","Lithophyllaceae","Lithophyllum","red algae"
"Plantae","Rhodophyta","Florideophyceae","Corallinales","Lithophyllaceae","Lithothamnium","red algae"
"Plantae","Rhodophyta","Florideophyceae","Corallinales","Lithophyllaceae","Lithothrix","red algae"
"Plantae","Rhodophyta","Florideophyceae","Corallinales","Lithophyllaceae","Tenarea","red algae"
"Plantae","Rhodophyta","Florideophyceae","Corallinales","Lithophyllaceae","Titanoderma","red algae"
"Plantae","Rhodophyta","Florideophyceae","Corallinales","Mastophoraceae","Lithoporella","red algae"
"Plantae","Rhodophyta","Florideophyceae","Corallinales","Mastophoraceae","Mastophora","red algae"
"Plantae","Rhodophyta","Florideophyceae","Corallinales","Mastophoraceae","Metamastophora","red algae"
"Plantae","Rhodophyta","Florideophyceae","Corallinales","Mesophyllumaceae","Clathromorphum","red algae"
"Plantae","Rhodophyta","Florideophyceae","Corallinales","Mesophyllumaceae","Kvaleya","red algae"
"Plantae","Rhodophyta","Florideophyceae","Corallinales","Mesophyllumaceae","Leptophytum","red algae"
"Plantae","Rhodophyta","Florideophyceae","Corallinales","Mesophyllumaceae","Mesophyllum","red algae"
"Plantae","Rhodophyta","Florideophyceae","Corallinales","Porolithaceae","Dawsoniolithon","red algae"
"Plantae","Rhodophyta","Florideophyceae","Corallinales","Porolithaceae","Harveylithon","red algae"
"Plantae","Rhodophyta","Florideophyceae","Corallinales","Porolithaceae","Metagoniolithon","red algae"
"Plantae","Rhodophyta","Florideophyceae","Corallinales","Porolithaceae","Porolithon","red algae"
"Plantae","Rhodophyta","Florideophyceae","Corallinales","Spongitaceae","Neogoniolithon","red algae"
"Plantae","Rhodophyta","Florideophyceae","Corallinales","Spongitaceae","Spongites","red algae"
"Plantae","Rhodophyta","Florideophyceae","Corallinales","Sporolithaceae","Archaeolithothamnion","red algae"
"Plantae","Rhodophyta","Florideophyceae","Corallinales","Sporolithaceae","Sporolithon","red algae"
"Plantae","Rhodophyta","Florideophyceae","Gelidiales","Gelidiaceae","Gelidiorariphycus","red algae"
"Plantae","Rhodophyta","Florideophyceae","Gelidiales","Gelidiaceae","Gelidium","red algae"
"Plantae","Rhodophyta","Florideophyceae","Gelidiales","Gelidiellaceae","Gelidiella","red algae"
"Plantae","Rhodophyta","Florideophyceae","Gelidiales","Gelidiellaceae","Parviphycus","red algae"
"Plantae","Rhodophyta","Florideophyceae","Gelidiales","Pterocladiaceae","Pterocladia","red algae"
"Plantae","Rhodophyta","Florideophyceae","Gelidiales","Pterocladiaceae","Pterocladiella","red algae"
"Plantae","Rhodophyta","Florideophyceae","Gigartinales","","Chondrides","red algae"
"Plantae","Rhodophyta","Florideophyceae","Gigartinales","Areschougiaceae","Anatheca","red algae"
"Plantae","Rhodophyta","Florideophyceae","Gigartinales","Areschougiaceae","Areschougia","red algae"
"Plantae","Rhodophyta","Florideophyceae","Gigartinales","Areschougiaceae","Meristiella","red algae"
"Plantae","Rhodophyta","Florideophyceae","Gigartinales","Areschougiaceae","Reticulobotrys","red algae"
"Plantae","Rhodophyta","Florideophyceae","Gigartinales","Areschougiaceae","Rhabdonia","red algae"
"Plantae","Rhodophyta","Florideophyceae","Gigartinales","Blinksiaceae","Blinksia","red algae"
"Plantae","Rhodophyta","Florideophyceae","Gigartinales","Calosiphoniaceae","Schmitzia","red algae"
"Plantae","Rhodophyta","Florideophyceae","Gigartinales","Catenellopsidaceae","Catenellopsis","red algae"
"Plantae","Rhodophyta","Florideophyceae","Gigartinales","Caulacanthaceae","Catenella","red algae"
"Plantae","Rhodophyta","Florideophyceae","Gigartinales","Caulacanthaceae","Caulacanthus","red algae"
"Plantae","Rhodophyta","Florideophyceae","Gigartinales","Caulacanthaceae","Heringia","red algae"
"Plantae","Rhodophyta","Florideophyceae","Gigartinales","Caulacanthaceae","Taylorophycus","red algae"
"Plantae","Rhodophyta","Florideophyceae","Gigartinales","Cruoriaceae","Cruoria","red algae"
"Plantae","Rhodophyta","Florideophyceae","Gigartinales","Cruoriaceae","Cruoriopsis","red algae"
"Plantae","Rhodophyta","Florideophyceae","Gigartinales","Cubiculosporaceae","Cubiculosporum","red algae"
"Plantae","Rhodophyta","Florideophyceae","Gigartinales","Cystocloniaceae","Calliblepharis","red algae"
"Plantae","Rhodophyta","Florideophyceae","Gigartinales","Cystocloniaceae","Craspedocarpus","red algae"
"Plantae","Rhodophyta","Florideophyceae","Gigartinales","Cystocloniaceae","Cystoclonium","red algae"
"Plantae","Rhodophyta","Florideophyceae","Gigartinales","Cystocloniaceae","Fimbrifolium","red algae"
"Plantae","Rhodophyta","Florideophyceae","Gigartinales","Cystocloniaceae","Hypnea","red algae"
"Plantae","Rhodophyta","Florideophyceae","Gigartinales","Cystocloniaceae","Hypneocolax","red algae"
"Plantae","Rhodophyta","Florideophyceae","Gigartinales","Cystocloniaceae","Rhodophyllis","red algae"
"Plantae","Rhodophyta","Florideophyceae","Gigartinales","Dicranemataceae","Dicranema","red algae"
"Plantae","Rhodophyta","Florideophyceae","Gigartinales","Dicranemataceae","Tenaciphyllum","red algae"
"Plantae","Rhodophyta","Florideophyceae","Gigartinales","Dicranemataceae","Tylotus","red algae"
"Plantae","Rhodophyta","Florideophyceae","Gigartinales","Dumontiaceae","Acrocymphyton","red algae"
"Plantae","Rhodophyta","Florideophyceae","Gigartinales","Dumontiaceae","Constantinea","red algae"
"Plantae","Rhodophyta","Florideophyceae","Gigartinales","Dumontiaceae","Cryptosiphonia","red algae"
"Plantae","Rhodophyta","Florideophyceae","Gigartinales","Dumontiaceae","Dilsea","red algae"
"Plantae","Rhodophyta","Florideophyceae","Gigartinales","Dumontiaceae","Dudresnaya","red algae"
"Plantae","Rhodophyta","Florideophyceae","Gigartinales","Dumontiaceae","Dumontia","red algae"
"Plantae","Rhodophyta","Florideophyceae","Gigartinales","Dumontiaceae","Farlowia","red algae"
"Plantae","Rhodophyta","Florideophyceae","Gigartinales","Dumontiaceae","Gibsmithia","red algae"
"Plantae","Rhodophyta","Florideophyceae","Gigartinales","Dumontiaceae","Leptocladia","red algae"
"Plantae","Rhodophyta","Florideophyceae","Gigartinales","Dumontiaceae","Neodilsea","red algae"
"Plantae","Rhodophyta","Florideophyceae","Gigartinales","Dumontiaceae","Orculifilum","red algae"
"Plantae","Rhodophyta","Florideophyceae","Gigartinales","Dumontiaceae","Pikea","red algae"
"Plantae","Rhodophyta","Florideophyceae","Gigartinales","Dumontiaceae","Rhodopeltis","red algae"
"Plantae","Rhodophyta","Florideophyceae","Gigartinales","Dumontiaceae","Waernia","red algae"
"Plantae","Rhodophyta","Florideophyceae","Gigartinales","Dumontiaceae","Weeksia","red algae"
"Plantae","Rhodophyta","Florideophyceae","Gigartinales","Endocladiaceae","Endocladia","red algae"
"Plantae","Rhodophyta","Florideophyceae","Gigartinales","Endocladiaceae","Gloiopeltis","red algae"
"Plantae","Rhodophyta","Florideophyceae","Gigartinales","Etheliaceae","Ethelia","red algae"
"Plantae","Rhodophyta","Florideophyceae","Gigartinales","Furcellariaceae","Furcellaria","red algae"
"Plantae","Rhodophyta","Florideophyceae","Gigartinales","Furcellariaceae","Halarachnion","red algae"
"Plantae","Rhodophyta","Florideophyceae","Gigartinales","Furcellariaceae","Opuntiella","red algae"
"Plantae","Rhodophyta","Florideophyceae","Gigartinales","Furcellariaceae","Peyssonneliopsis","red algae"
"Plantae","Rhodophyta","Florideophyceae","Gigartinales","Furcellariaceae","Turnerella","red algae"
"Plantae","Rhodophyta","Florideophyceae","Gigartinales","Gigartinaceae","Chondracanthus","red algae"
"Plantae","Rhodophyta","Florideophyceae","Gigartinales","Gigartinaceae","Chondrus","red algae"
"Plantae","Rhodophyta","Florideophyceae","Gigartinales","Gigartinaceae","Gigartina","red algae"
"Plantae","Rhodophyta","Florideophyceae","Gigartinales","Gigartinaceae","Iridaea","red algae"
"Plantae","Rhodophyta","Florideophyceae","Gigartinales","Gigartinaceae","Mazzaella","red algae"
"Plantae","Rhodophyta","Florideophyceae","Gigartinales","Gigartinaceae","Rhodoglossum","red algae"
"Plantae","Rhodophyta","Florideophyceae","Gigartinales","Gigartinaceae","Sarcothalia","red algae"
"Plantae","Rhodophyta","Florideophyceae","Gigartinales","Gloiosiphoniaceae","Gloiosiphonia","red algae"
"Plantae","Rhodophyta","Florideophyceae","Gigartinales","Gloiosiphoniaceae","Peleophycus","red algae"
"Plantae","Rhodophyta","Florideophyceae","Gigartinales","Kallymeniaceae","Callocolax","red algae"
"Plantae","Rhodophyta","Florideophyceae","Gigartinales","Kallymeniaceae","Callophyllis","red algae"
"Plantae","Rhodophyta","Florideophyceae","Gigartinales","Kallymeniaceae","Cirrulicarpus","red algae"
"Plantae","Rhodophyta","Florideophyceae","Gigartinales","Kallymeniaceae","Commanderella","red algae"
"Plantae","Rhodophyta","Florideophyceae","Gigartinales","Kallymeniaceae","Croisettea","red algae"
"Plantae","Rhodophyta","Florideophyceae","Gigartinales","Kallymeniaceae","Erythrophyllum","red algae"
"Plantae","Rhodophyta","Florideophyceae","Gigartinales","Kallymeniaceae","Euthora","red algae"
"Plantae","Rhodophyta","Florideophyceae","Gigartinales","Kallymeniaceae","Hommersandia","red algae"
"Plantae","Rhodophyta","Florideophyceae","Gigartinales","Kallymeniaceae","Kallymenia","red algae"
"Plantae","Rhodophyta","Florideophyceae","Gigartinales","Kallymeniaceae","Kallymeniopsis","red algae"
"Plantae","Rhodophyta","Florideophyceae","Gigartinales","Kallymeniaceae","Meredithia","red algae"
"Plantae","Rhodophyta","Florideophyceae","Gigartinales","Kallymeniaceae","Psaromenia","red algae"
"Plantae","Rhodophyta","Florideophyceae","Gigartinales","Kallymeniaceae","Pugetia","red algae"
"Plantae","Rhodophyta","Florideophyceae","Gigartinales","Kallymeniaceae","Salishia","red algae"
"Plantae","Rhodophyta","Florideophyceae","Gigartinales","Kallymeniaceae","Velatocarpus","red algae"
"Plantae","Rhodophyta","Florideophyceae","Gigartinales","Mychodeaceae","Mychodea","red algae"
"Plantae","Rhodophyta","Florideophyceae","Gigartinales","Phyllophoraceae","Ahnfeltiopsis","red algae"
"Plantae","Rhodophyta","Florideophyceae","Gigartinales","Phyllophoraceae","Asterfilopsis","red algae"
"Plantae","Rhodophyta","Florideophyceae","Gigartinales","Phyllophoraceae","Besa","red algae"
"Plantae","Rhodophyta","Florideophyceae","Gigartinales","Phyllophoraceae","Coccotylus","red algae"
"Plantae","Rhodophyta","Florideophyceae","Gigartinales","Phyllophoraceae","Erythrodermis","red algae"
"Plantae","Rhodophyta","Florideophyceae","Gigartinales","Phyllophoraceae","Fredericqia","red algae"
"Plantae","Rhodophyta","Florideophyceae","Gigartinales","Phyllophoraceae","Gymnogongrus","red algae"
"Plantae","Rhodophyta","Florideophyceae","Gigartinales","Phyllophoraceae","Lukinia","red algae"
"Plantae","Rhodophyta","Florideophyceae","Gigartinales","Phyllophoraceae","Mammillaria","red algae"
"Plantae","Rhodophyta","Florideophyceae","Gigartinales","Phyllophoraceae","Mastocarpus","red algae"
"Plantae","Rhodophyta","Florideophyceae","Gigartinales","Phyllophoraceae","Ozophora","red algae"
"Plantae","Rhodophyta","Florideophyceae","Gigartinales","Phyllophoraceae","Petrocelis","red algae"
"Plantae","Rhodophyta","Florideophyceae","Gigartinales","Phyllophoraceae","Petroglossum","red algae"
"Plantae","Rhodophyta","Florideophyceae","Gigartinales","Phyllophoraceae","Phyllophora","red algae"
"Plantae","Rhodophyta","Florideophyceae","Gigartinales","Phyllophoraceae","Stenogramma","red algae"
"Plantae","Rhodophyta","Florideophyceae","Gigartinales","Phyllophoraceae","Stenogramme","red algae"
"Plantae","Rhodophyta","Florideophyceae","Gigartinales","Polyidaceae","Polyides","red algae"
"Plantae","Rhodophyta","Florideophyceae","Gigartinales","Rhizophyllidaceae","Chondrococcus","red algae"
"Plantae","Rhodophyta","Florideophyceae","Gigartinales","Rhizophyllidaceae","Contarinia","red algae"
"Plantae","Rhodophyta","Florideophyceae","Gigartinales","Rhizophyllidaceae","Ochtodes","red algae"
"Plantae","Rhodophyta","Florideophyceae","Gigartinales","Rhizophyllidaceae","Portieria","red algae"
"Plantae","Rhodophyta","Florideophyceae","Gigartinales","Rissoellaceae","Rissoella","red algae"
"Plantae","Rhodophyta","Florideophyceae","Gigartinales","Sarcodiaceae","Sarcodia","red algae"
"Plantae","Rhodophyta","Florideophyceae","Gigartinales","Solieriaceae","Agardhiella","red algae"
"Plantae","Rhodophyta","Florideophyceae","Gigartinales","Solieriaceae","Eucheuma","red algae"
"Plantae","Rhodophyta","Florideophyceae","Gigartinales","Solieriaceae","Eucheumatopsis","red algae"
"Plantae","Rhodophyta","Florideophyceae","Gigartinales","Solieriaceae","Gardneriella","red algae"
"Plantae","Rhodophyta","Florideophyceae","Gigartinales","Solieriaceae","Kappaphycus","red algae"
"Plantae","Rhodophyta","Florideophyceae","Gigartinales","Solieriaceae","Meristotheca","red algae"
"Plantae","Rhodophyta","Florideophyceae","Gigartinales","Solieriaceae","Neoagardhiella","red algae"
"Plantae","Rhodophyta","Florideophyceae","Gigartinales","Solieriaceae","Sarcodiotheca","red algae"
"Plantae","Rhodophyta","Florideophyceae","Gigartinales","Solieriaceae","Sarconema","red algae"
"Plantae","Rhodophyta","Florideophyceae","Gigartinales","Solieriaceae","Solieria","red algae"
"Plantae","Rhodophyta","Florideophyceae","Gigartinales","Solieriaceae","Tacanoosca","red algae"
"Plantae","Rhodophyta","Florideophyceae","Gigartinales","Solieriaceae","Tepoztequiella","red algae"
"Plantae","Rhodophyta","Florideophyceae","Gigartinales","Solieriaceae","Wurdemannia","red algae"
"Plantae","Rhodophyta","Florideophyceae","Gigartinales","Sphaerococcaceae","Sphaerococcites","red algae"
"Plantae","Rhodophyta","Florideophyceae","Gigartinales","Sphaerococcaceae","Sphaerococcus","red algae"
"Plantae","Rhodophyta","Florideophyceae","Gigartinales","Tichocarpaceae","Tichocarpus","red algae"
"Plantae","Rhodophyta","Florideophyceae","Gracilariales","Gracilariaceae","Crassiphycus","red algae"
"Plantae","Rhodophyta","Florideophyceae","Gracilariales","Gracilariaceae","Gracilaria","red algae"
"Plantae","Rhodophyta","Florideophyceae","Gracilariales","Gracilariaceae","Gracilariophila","red algae"
"Plantae","Rhodophyta","Florideophyceae","Gracilariales","Gracilariaceae","Gracilariopsis","red algae"
"Plantae","Rhodophyta","Florideophyceae","Gracilariales","Gracilariaceae","Hydropuntia","red algae"
"Plantae","Rhodophyta","Florideophyceae","Gracilariales","Gracilariaceae","Melanthalia","red algae"
"Plantae","Rhodophyta","Florideophyceae","Gracilariales","Pterocladiophilaceae","Gelidiocolax","red algae"
"Plantae","Rhodophyta","Florideophyceae","Gracilariales","Pterocladiophilaceae","Holmsella","red algae"
"Plantae","Rhodophyta","Florideophyceae","Halymeniales","Halymeniaceae","Aeodes","red algae"
"Plantae","Rhodophyta","Florideophyceae","Halymeniales","Halymeniaceae","Amalthea","red algae"
"Plantae","Rhodophyta","Florideophyceae","Halymeniales","Halymeniaceae","Carpopeltis","red algae"
"Plantae","Rhodophyta","Florideophyceae","Halymeniales","Halymeniaceae","Codiophyllum","red algae"
"Plantae","Rhodophyta","Florideophyceae","Halymeniales","Halymeniaceae","Cryptonemia","red algae"
"Plantae","Rhodophyta","Florideophyceae","Halymeniales","Halymeniaceae","Grateloupia","red algae"
"Plantae","Rhodophyta","Florideophyceae","Halymeniales","Halymeniaceae","Halymenia","red algae"
"Plantae","Rhodophyta","Florideophyceae","Halymeniales","Halymeniaceae","Howella","red algae"
"Plantae","Rhodophyta","Florideophyceae","Halymeniales","Halymeniaceae","Isabbottia","red algae"
"Plantae","Rhodophyta","Florideophyceae","Halymeniales","Halymeniaceae","Neoabbottiella","red algae"
"Plantae","Rhodophyta","Florideophyceae","Halymeniales","Halymeniaceae","Norrissia","red algae"
"Plantae","Rhodophyta","Florideophyceae","Halymeniales","Halymeniaceae","Phyllymenia","red algae"
"Plantae","Rhodophyta","Florideophyceae","Halymeniales","Halymeniaceae","Polyopes","red algae"
"Plantae","Rhodophyta","Florideophyceae","Halymeniales","Halymeniaceae","Prionitis","red algae"
"Plantae","Rhodophyta","Florideophyceae","Hildenbrandiales","Hildenbrandiaceae","Hildenbrandia","red algae"
"Plantae","Rhodophyta","Florideophyceae","Nemaliales","Galaxauraceae","Actinotrichia","red algae"
"Plantae","Rhodophyta","Florideophyceae","Nemaliales","Galaxauraceae","Dichotomaria","red algae"
"Plantae","Rhodophyta","Florideophyceae","Nemaliales","Galaxauraceae","Galaxaura","red algae"
"Plantae","Rhodophyta","Florideophyceae","Nemaliales","Galaxauraceae","Tricleocarpa","red algae"
"Plantae","Rhodophyta","Florideophyceae","Nemaliales","Liagoraceae","Akalaphycus","red algae"
"Plantae","Rhodophyta","Florideophyceae","Nemaliales","Liagoraceae","Cumagloia","red algae"
"Plantae","Rhodophyta","Florideophyceae","Nemaliales","Liagoraceae","Dermonema","red algae"
"Plantae","Rhodophyta","Florideophyceae","Nemaliales","Liagoraceae","Dotyophycus","red algae"
"Plantae","Rhodophyta","Florideophyceae","Nemaliales","Liagoraceae","Ganonema","red algae"
"Plantae","Rhodophyta","Florideophyceae","Nemaliales","Liagoraceae","Helminthocladia","red algae"
"Plantae","Rhodophyta","Florideophyceae","Nemaliales","Liagoraceae","Helminthora","red algae"
"Plantae","Rhodophyta","Florideophyceae","Nemaliales","Liagoraceae","Izziella","red algae"
"Plantae","Rhodophyta","Florideophyceae","Nemaliales","Liagoraceae","Liagora","red algae"
"Plantae","Rhodophyta","Florideophyceae","Nemaliales","Liagoraceae","Otohimella","red algae"
"Plantae","Rhodophyta","Florideophyceae","Nemaliales","Liagoraceae","Stenopeltis","red algae"
"Plantae","Rhodophyta","Florideophyceae","Nemaliales","Liagoraceae","Titanophycus","red algae"
"Plantae","Rhodophyta","Florideophyceae","Nemaliales","Liagoraceae","Trichogloea","red algae"
"Plantae","Rhodophyta","Florideophyceae","Nemaliales","Liagoraceae","Trichogloeopsis","red algae"
"Plantae","Rhodophyta","Florideophyceae","Nemaliales","Liagoraceae","Yamadaella","red algae"
"Plantae","Rhodophyta","Florideophyceae","Nemaliales","Nemaliaceae","Nemalion","red algae"
"Plantae","Rhodophyta","Florideophyceae","Nemaliales","Scinaiaceae","Gloiophloea","red algae"
"Plantae","Rhodophyta","Florideophyceae","Nemaliales","Scinaiaceae","Pseudogloiophloea","red algae"
"Plantae","Rhodophyta","Florideophyceae","Nemaliales","Scinaiaceae","Scinaia","red algae"
"Plantae","Rhodophyta","Florideophyceae","Nemastomatales","Nemastomataceae","Nemastoma","red algae"
"Plantae","Rhodophyta","Florideophyceae","Nemastomatales","Nemastomataceae","Predaea","red algae"
"Plantae","Rhodophyta","Florideophyceae","Nemastomatales","Schizymeniaceae","Platoma","red algae"
"Plantae","Rhodophyta","Florideophyceae","Nemastomatales","Schizymeniaceae","Schizymenia","red algae"
"Plantae","Rhodophyta","Florideophyceae","Nemastomatales","Schizymeniaceae","Titanophora","red algae"
"Plantae","Rhodophyta","Florideophyceae","Nemastomatales","Schizymeniaceae","Wetherbeella","red algae"
"Plantae","Rhodophyta","Florideophyceae","Palmariales","Meiodiscaceae","Kallymenicola","red algae"
"Plantae","Rhodophyta","Florideophyceae","Palmariales","Meiodiscaceae","Torngatum","red algae"
"Plantae","Rhodophyta","Florideophyceae","Palmariales","Palmariaceae","Devaleraea","red algae"
"Plantae","Rhodophyta","Florideophyceae","Palmariales","Palmariaceae","Halosaccion","red algae"
"Plantae","Rhodophyta","Florideophyceae","Palmariales","Palmariaceae","Neohalosacciocolax","red algae"
"Plantae","Rhodophyta","Florideophyceae","Palmariales","Palmariaceae","Palmaria","red algae"
"Plantae","Rhodophyta","Florideophyceae","Palmariales","Rhodophysemataceae","Coriophyllum","red algae"
"Plantae","Rhodophyta","Florideophyceae","Palmariales","Rhodophysemataceae","Rhodophysema","red algae"
"Plantae","Rhodophyta","Florideophyceae","Palmariales","Rhodothamniellaceae","Rhodothamniella","red algae"
"Plantae","Rhodophyta","Florideophyceae","Peyssonneliales","Peyssonneliaceae","Agissea","red algae"
"Plantae","Rhodophyta","Florideophyceae","Peyssonneliales","Peyssonneliaceae","Cruoriella","red algae"
"Plantae","Rhodophyta","Florideophyceae","Peyssonneliales","Peyssonneliaceae","Metapeyssonnelia","red algae"
"Plantae","Rhodophyta","Florideophyceae","Peyssonneliales","Peyssonneliaceae","Olokunia","red algae"
"Plantae","Rhodophyta","Florideophyceae","Peyssonneliales","Peyssonneliaceae","Peyssonnelia","red algae"
"Plantae","Rhodophyta","Florideophyceae","Peyssonneliales","Peyssonneliaceae","Pulvinia","red algae"
"Plantae","Rhodophyta","Florideophyceae","Peyssonneliales","Peyssonneliaceae","Ramicrusta","red algae"
"Plantae","Rhodophyta","Florideophyceae","Peyssonneliales","Peyssonneliaceae","Riquetophycus","red algae"
"Plantae","Rhodophyta","Florideophyceae","Peyssonneliales","Peyssonneliaceae","Sonderophycus","red algae"
"Plantae","Rhodophyta","Florideophyceae","Pihiellales","Pihiellaceae","Pihiella","red algae"
"Plantae","Rhodophyta","Florideophyceae","Plocamiales","Plocamiaceae","Plocamiocolax","red algae"
"Plantae","Rhodophyta","Florideophyceae","Plocamiales","Plocamiaceae","Plocamium","red algae"
"Plantae","Rhodophyta","Florideophyceae","Rhodachlyales","Rhodachlyaceae","Rhodachlya","red algae"
"Plantae","Rhodophyta","Florideophyceae","Rhodogorgonales","Rhodogorgonaceae","Renouxia","red algae"
"Plantae","Rhodophyta","Florideophyceae","Rhodymeniales","Champiaceae","Champia","red algae"
"Plantae","Rhodophyta","Florideophyceae","Rhodymeniales","Champiaceae","Chylocladia","red algae"
"Plantae","Rhodophyta","Florideophyceae","Rhodymeniales","Champiaceae","Coelothrix","red algae"
"Plantae","Rhodophyta","Florideophyceae","Rhodymeniales","Champiaceae","Gastroclonium","red algae"
"Plantae","Rhodophyta","Florideophyceae","Rhodymeniales","Champiaceae","Neogastroclonium","red algae"
"Plantae","Rhodophyta","Florideophyceae","Rhodymeniales","Faucheaceae","Fauchea","red algae"
"Plantae","Rhodophyta","Florideophyceae","Rhodymeniales","Faucheaceae","Faucheocolax","red algae"
"Plantae","Rhodophyta","Florideophyceae","Rhodymeniales","Faucheaceae","Gloiocladia","red algae"
"Plantae","Rhodophyta","Florideophyceae","Rhodymeniales","Faucheaceae","Leptofauchea","red algae"
"Plantae","Rhodophyta","Florideophyceae","Rhodymeniales","Fryeellaceae","Fryeella","red algae"
"Plantae","Rhodophyta","Florideophyceae","Rhodymeniales","Fryeellaceae","Minium","red algae"
"Plantae","Rhodophyta","Florideophyceae","Rhodymeniales","Hymenocladiaceae","Asteromenia","red algae"
"Plantae","Rhodophyta","Florideophyceae","Rhodymeniales","Lomentariaceae","Binghamia","red algae"
"Plantae","Rhodophyta","Florideophyceae","Rhodymeniales","Lomentariaceae","Ceratodictyon","red algae"
"Plantae","Rhodophyta","Florideophyceae","Rhodymeniales","Lomentariaceae","Fushitsunagia","red algae"
"Plantae","Rhodophyta","Florideophyceae","Rhodymeniales","Lomentariaceae","Hooperia","red algae"
"Plantae","Rhodophyta","Florideophyceae","Rhodymeniales","Lomentariaceae","Lomentaria","red algae"
"Plantae","Rhodophyta","Florideophyceae","Rhodymeniales","Lomentariaceae","Yendoa","red algae"
"Plantae","Rhodophyta","Florideophyceae","Rhodymeniales","Rhodymeniaceae","Agardhinula","red algae"
"Plantae","Rhodophyta","Florideophyceae","Rhodymeniales","Rhodymeniaceae","Botryocladia","red algae"
"Plantae","Rhodophyta","Florideophyceae","Rhodymeniales","Rhodymeniaceae","Chamaebotrys","red algae"
"Plantae","Rhodophyta","Florideophyceae","Rhodymeniales","Rhodymeniaceae","Chrysymenia","red algae"
"Plantae","Rhodophyta","Florideophyceae","Rhodymeniales","Rhodymeniaceae","Coelarthrum","red algae"
"Plantae","Rhodophyta","Florideophyceae","Rhodymeniales","Rhodymeniaceae","Cordylecladia","red algae"
"Plantae","Rhodophyta","Florideophyceae","Rhodymeniales","Rhodymeniaceae","Cresia","red algae"
"Plantae","Rhodophyta","Florideophyceae","Rhodymeniales","Rhodymeniaceae","Cryptarachne","red algae"
"Plantae","Rhodophyta","Florideophyceae","Rhodymeniales","Rhodymeniaceae","Dendrymenia","red algae"
"Plantae","Rhodophyta","Florideophyceae","Rhodymeniales","Rhodymeniaceae","Drouetia","red algae"
"Plantae","Rhodophyta","Florideophyceae","Rhodymeniales","Rhodymeniaceae","Halichrysis","red algae"
"Plantae","Rhodophyta","Florideophyceae","Rhodymeniales","Rhodymeniaceae","Halopeltis","red algae"
"Plantae","Rhodophyta","Florideophyceae","Rhodymeniales","Rhodymeniaceae","Irvinea","red algae"
"Plantae","Rhodophyta","Florideophyceae","Rhodymeniales","Rhodymeniaceae","Maripelta","red algae"
"Plantae","Rhodophyta","Florideophyceae","Rhodymeniales","Rhodymeniaceae","Microphyllum","red algae"
"Plantae","Rhodophyta","Florideophyceae","Rhodymeniales","Rhodymeniaceae","Rhodymenia","red algae"
"Plantae","Rhodophyta","Florideophyceae","Rhodymeniales","Rhodymeniaceae","Rhodymeniocolax","red algae"
"Plantae","Rhodophyta","Florideophyceae","Rhodymeniales","Rhodymeniaceae","Sciadophycus","red algae"
"Plantae","Rhodophyta","Florideophyceae","Rhodymeniales","Rhodymeniaceae","Sparlingia","red algae"
"Plantae","Rhodophyta","Florideophyceae","Sebdeniales","Sebdeniaceae","Sebdenia","red algae"
"Plantae","Rhodophyta","Florideophyceae","Thoreales","Thoreaceae","Nemalionopsis","red algae"
"Plantae","Rhodophyta","Florideophyceae","Thoreales","Thoreaceae","Thorea","red algae"
"Plantae","Rhodophyta","Porphyridiophyceae","Porphyridiales","Porphyridiaceae","Erythrolobus","red algae"
"Plantae","Rhodophyta","Porphyridiophyceae","Porphyridiales","Porphyridiaceae","Flintiella","red algae"
"Plantae","Rhodophyta","Porphyridiophyceae","Porphyridiales","Porphyridiaceae","Porphyridium","red algae"
"Plantae","Rhodophyta","Rhodellophyceae","Glaucosphaerales","Glaucosphaeraceae","Glaucosphaera","red algae"
"Plantae","Rhodophyta","Rhodellophyceae","Glaucosphaerales","Glaucosphaeraceae","Rhodella","red algae"
"Plantae","Rhodophyta","Rhodophyceae","","Gymnocodiaceae","Gymnocodium","red algae"
"Plantae","Rhodophyta","Rhodophyceae","","Gymnocodiaceae","Permocalculus","red algae"
"Plantae","Rhodophyta","Rhodophyceae","","Ungdarellaceae","Aoujgalia","red algae"
"Plantae","Rhodophyta","Rhodophyceae","","Ungdarellaceae","Epistacheoides","red algae"
"Plantae","Rhodophyta","Rhodophyceae","","Ungdarellaceae","Fourstonella","red algae"
"Plantae","Rhodophyta","Rhodophyceae","","Ungdarellaceae","Stacheia","red algae"
"Plantae","Rhodophyta","Rhodophyceae","","Ungdarellaceae","Stacheoides","red algae"
"Plantae","Rhodophyta","Rhodophyceae","","Ungdarellaceae","Ungdarella","red algae"
"Plantae","Rhodophyta","Stylonematophyceae","Stylonematales","Stylonemataceae","Bangiopsis","red algae"
"Plantae","Rhodophyta","Stylonematophyceae","Stylonematales","Stylonemataceae","Chroodactylon","red algae"
"Plantae","Rhodophyta","Stylonematophyceae","Stylonematales","Stylonemataceae","Chroothece","red algae"
"Plantae","Rhodophyta","Stylonematophyceae","Stylonematales","Stylonemataceae","Empselium","red algae"
"Plantae","Rhodophyta","Stylonematophyceae","Stylonematales","Stylonemataceae","Goniotrichopsis","red algae"
"Plantae","Rhodophyta","Stylonematophyceae","Stylonematales","Stylonemataceae","Stylonema","red algae"
"Plantae","Rhodophyta","Stylonematophyceae","Stylonematales","Stylonemataceae","Tsunamia","red algae"
"Plantae","Rhodophyta","Stylonematophyceae","Stylonematales","Stylonemataceae","Viator","red algae"
